# Blender 4.4.3
# www.blender.org
mtllib Link2_l.mtl
o Link2_l
v -0.038806 0.044590 0.008062
v -0.039249 0.043688 -0.006563
v -0.038847 0.039920 0.009456
v -0.039992 0.031010 -0.000577
v -0.037350 0.031017 -0.014726
v -0.034305 0.031021 0.020762
v -0.033421 0.031040 0.010387
v -0.033166 0.031069 -0.011300
v -0.034248 0.044962 -0.018061
v -0.035764 0.043621 0.017518
v -0.033140 0.037426 -0.022650
v -0.025287 0.031017 0.024210
v -0.029342 0.044938 0.004331
v -0.029716 0.045054 0.015958
v -0.026410 0.044901 -0.012668
v -0.035297 0.031284 -0.000002
v -0.034867 0.002769 0.083824
v -0.034615 -0.005620 0.084419
v -0.035040 0.001804 0.102131
v -0.027558 0.011865 0.064001
v -0.029391 0.006286 0.064052
v -0.034992 0.003494 0.064013
v -0.029928 0.001364 0.064004
v -0.034157 -0.007408 0.064005
v -0.035041 0.001108 0.074873
v -0.029477 -0.005720 0.064008
v -0.033721 0.008564 0.121757
v -0.033914 0.000091 0.114810
v -0.031990 -0.000036 0.123196
v -0.035432 0.040998 0.000437
v -0.034319 0.006087 0.107939
v -0.034462 -0.005421 0.108278
v -0.033325 -0.010719 0.120652
v -0.033045 0.011373 0.103000
v -0.033000 0.003531 0.079004
v -0.029130 -0.013188 0.123320
v -0.032317 -0.013432 0.102106
v -0.026920 0.033829 0.030308
v -0.030738 0.040844 -0.017011
v -0.029385 0.041065 0.000243
v -0.028124 -0.010370 0.064000
v -0.032456 -0.013044 0.064000
v -0.033281 0.041004 0.010238
v -0.031316 0.030997 -0.024887
v -0.027208 0.043418 -0.029322
v -0.030126 0.031504 0.017816
v -0.030782 0.016841 0.063263
v -0.029993 0.000297 0.108274
v -0.028841 -0.019934 0.120983
v -0.026744 -0.019481 0.123020
v -0.028667 0.020418 0.121501
v -0.029775 0.018411 0.100763
v -0.028969 0.010726 0.122125
v -0.030969 -0.016304 0.064000
v -0.029202 -0.018973 0.103000
v -0.026459 -0.014135 0.064000
v -0.029853 0.001489 0.118541
v -0.021801 0.044972 -0.019491
v -0.029103 -0.007274 0.120539
v -0.024795 0.044986 0.030991
v -0.023465 -0.018723 0.063997
v -0.028579 -0.020154 0.064000
v -0.024796 0.041010 0.025288
v -0.023878 0.018152 0.063092
v -0.025262 0.031504 -0.024225
v -0.022850 0.041001 -0.027289
v -0.029990 -0.000448 0.080334
v -0.029095 0.007297 0.120090
v -0.023304 -0.024210 0.122711
v -0.023769 0.025911 0.119244
v -0.028272 -0.020629 0.103000
v -0.025369 -0.024030 0.115070
v -0.025032 0.031006 0.035560
v -0.023987 0.041111 0.016803
v -0.019835 0.044986 -0.032972
v -0.026398 0.014264 0.120257
v -0.024964 -0.024537 0.063983
v -0.022606 -0.026710 0.102861
v -0.026427 -0.014191 0.120162
v -0.020992 0.044998 0.021565
v -0.020310 0.039552 0.028671
v -0.016808 0.027133 0.123220
v -0.008610 0.031015 0.046501
v -0.020695 0.022927 0.119970
v -0.026053 0.023817 0.064013
v -0.020850 0.021592 0.063037
v -0.025002 0.042078 0.036467
v -0.025010 0.027055 0.102681
v -0.025003 0.029023 0.063430
v -0.019153 0.031019 -0.035181
v -0.019062 0.031504 -0.029354
v -0.021441 0.020983 0.116394
v -0.024813 0.043045 0.037749
v -0.024121 0.044125 0.037749
v -0.024898 0.042780 0.099965
v -0.022006 -0.020410 0.119037
v -0.024350 0.043315 0.102720
v -0.014967 0.026004 0.064000
v -0.011419 0.031006 0.059765
v -0.014364 0.026322 0.063967
v -0.022853 0.042085 0.102998
v -0.010736 0.028143 0.063569
v -0.010001 0.033749 0.057546
v -0.023089 0.044821 0.037030
v -0.019551 -0.029019 0.120661
v -0.016058 0.032104 0.103089
v -0.022965 0.044801 0.101137
v -0.015798 -0.031232 0.100662
v -0.015420 0.044182 -0.024978
v -0.019852 -0.022463 0.064000
v 0.017960 0.045004 0.036691
v -0.013257 -0.028448 0.121709
v -0.021998 0.045002 0.100325
v -0.017482 -0.030386 0.063986
v 0.022983 0.043000 0.102832
v -0.020486 0.021918 0.116684
v -0.000876 0.037068 0.103005
v 0.022000 0.042004 0.103000
v 0.024795 0.043122 0.102615
v 0.020359 0.044946 0.099859
v 0.013929 0.045006 0.091800
v -0.014318 0.026133 0.120509
v -0.016685 -0.024928 0.064003
v -0.018035 0.023978 0.064000
v -0.009325 0.043928 -0.038637
v -0.011994 0.034129 -0.038041
v -0.013948 -0.026311 0.120134
v -0.011856 0.031504 0.032931
v -0.018792 0.041170 0.029623
v -0.011687 0.031064 -0.032991
v -0.010729 0.042857 0.027427
v -0.013830 0.045002 0.092319
v -0.009117 0.044995 0.074836
v -0.011810 0.044970 0.058196
v -0.009997 0.045005 0.043631
v -0.014711 0.045004 0.042302
v -0.010005 0.045005 0.040007
v -0.011656 0.045000 -0.026968
v -0.011630 -0.033032 0.112999
v -0.012709 -0.032262 0.121765
v -0.010534 0.033361 0.121409
v -0.010482 0.033399 0.105015
v -0.000197 -0.033148 0.123104
v -0.012916 -0.026997 0.064000
v -0.011657 -0.032998 0.085003
v -0.011662 -0.032996 0.103000
v -0.010629 -0.033498 0.075083
v -0.003979 0.031007 0.034776
v -0.011882 0.041004 -0.032802
v -0.013609 0.044972 0.042001
v -0.007848 0.028955 0.075095
v -0.009908 0.028321 0.120134
v -0.007216 -0.029240 0.110739
v 0.003286 0.044990 -0.029164
v -0.006979 -0.029298 0.081470
v -0.006611 -0.029415 0.064252
v -0.007335 -0.032487 0.107854
v -0.007081 -0.034402 0.063997
v -0.009984 0.041004 0.033540
v -0.004023 0.031504 -0.034768
v 0.000367 0.041009 -0.035978
v 0.011439 -0.033025 0.112848
v -0.007959 -0.034079 0.085000
v -0.007959 -0.034079 0.103000
v 0.011662 -0.032996 0.103000
v -0.006915 -0.032996 0.080320
v 0.011541 -0.033006 0.075012
v -0.010005 0.042668 0.071350
v -0.002803 -0.034901 0.120930
v -0.000288 0.035403 0.116486
v 0.001052 -0.035252 0.114823
v -0.002413 0.031014 -0.039956
v 0.000391 0.031894 0.123247
v -0.008286 0.037562 0.072443
v -0.000075 -0.030431 0.120779
v -0.008456 0.041004 0.048013
v -0.004023 0.041004 0.034768
v -0.003704 0.033613 0.047957
v 0.000132 -0.034995 0.103000
v 0.000264 -0.034995 0.085000
v 0.000264 -0.034995 0.075000
v 0.002564 0.034795 0.105538
v -0.000046 0.041006 -0.029710
v -0.000008 0.041056 -0.035023
v -0.000336 0.030106 0.089595
v 0.000140 0.030162 0.116872
v 0.007407 0.042584 0.073005
v 0.002935 0.031474 0.073009
v 0.008453 0.041004 0.048008
v 0.004023 0.041004 0.034768
v 0.008048 0.031050 0.046932
v 0.000284 -0.029971 0.064000
v 0.000283 -0.029993 0.116356
v 0.005731 0.042430 -0.039640
v 0.004057 0.031006 0.034769
v 0.004023 0.031504 -0.034768
v 0.008465 -0.029207 0.121187
v 0.016104 0.044978 -0.036026
v 0.010340 0.033443 0.104405
v 0.007732 -0.034331 0.064001
v 0.010409 -0.033413 0.121027
v 0.011598 -0.033020 0.084214
v 0.008473 -0.033955 0.085000
v 0.008473 -0.033955 0.075000
v 0.008473 -0.033955 0.103000
v 0.007733 -0.029191 0.064031
v 0.007152 -0.029260 0.110897
v 0.006750 -0.029218 0.080325
v 0.006848 0.029206 0.075942
v 0.009712 0.028401 0.119547
v 0.018683 0.041000 -0.029769
v 0.014677 0.044520 -0.025122
v 0.013611 -0.030190 0.122969
v 0.014019 -0.027202 0.121954
v 0.012467 0.029794 0.123404
v 0.010460 0.033405 0.121008
v 0.014182 0.026215 0.120746
v 0.011856 0.031504 0.032931
v 0.009988 0.041005 0.033544
v 0.018951 0.031034 -0.029427
v 0.011856 0.031504 -0.032931
v 0.013246 0.031008 -0.037872
v 0.009984 0.029415 0.072603
v -0.001178 -0.032775 0.078772
v 0.010013 0.042946 0.070856
v 0.014479 -0.026047 0.120201
v 0.012107 0.044910 0.064514
v 0.014536 -0.026222 0.064000
v 0.010006 0.032614 0.057241
v 0.017816 -0.030122 0.121000
v 0.023990 -0.023441 0.123020
v 0.011034 0.028461 0.063491
v 0.025000 0.030993 0.060737
v 0.010001 0.045006 0.042088
v 0.010015 0.045005 0.028734
v 0.014039 0.045002 0.041817
v 0.011857 0.041726 0.026980
v 0.018441 0.040352 0.029858
v 0.017751 0.030166 0.105088
v 0.017816 0.030130 0.121000
v 0.014760 0.026107 0.063983
v 0.016193 -0.030984 0.064000
v 0.016209 -0.031017 0.103000
v 0.025017 0.031006 0.034279
v 0.025152 0.031044 0.024337
v 0.025000 0.026727 0.063457
v 0.021702 0.031017 -0.033683
v 0.021518 0.027826 0.103449
v 0.020915 0.021653 0.115375
v 0.023978 0.020082 0.122600
v 0.022450 -0.020332 0.120081
v 0.014778 -0.026104 0.064000
v 0.016907 -0.030642 0.064000
v 0.020347 -0.022042 0.116797
v 0.017864 -0.024097 0.064000
v 0.021922 -0.027386 0.064009
v 0.020891 0.021780 0.063457
v 0.017721 -0.029982 0.103000
v 0.020478 0.044887 -0.020858
v 0.025678 0.041014 0.024186
v 0.022841 -0.026533 0.120352
v 0.029214 0.019255 0.121838
v 0.022753 0.044869 0.018327
v 0.022999 -0.026365 0.103304
v 0.024611 0.025263 0.119946
v 0.020609 -0.021789 0.064000
v 0.022285 0.044966 0.060623
v 0.022801 0.044863 0.098252
v 0.029273 0.045006 0.015560
v 0.022934 0.044868 0.036273
v 0.029506 0.044813 -0.026627
v 0.028598 0.031004 -0.020112
v 0.025262 0.031504 -0.024225
v 0.021329 -0.021084 0.116436
v 0.023183 -0.019037 0.064000
v 0.027559 -0.021686 0.064007
v 0.030577 0.017158 0.063169
v 0.028374 -0.020787 0.120087
v 0.025312 -0.016093 0.064000
v 0.025474 0.015835 0.063998
v 0.026401 -0.014252 0.120281
v 0.026416 0.014213 0.120271
v 0.031901 -0.007313 0.123168
v 0.026329 0.044823 -0.012887
v 0.030355 0.041012 -0.017792
v 0.023755 0.044009 0.100000
v 0.025005 0.027300 0.101271
v 0.027556 0.042770 0.010189
v 0.024121 0.044125 0.037749
v 0.025917 0.043661 0.031765
v 0.024477 0.043351 0.100000
v 0.024813 0.043045 0.037749
v 0.025000 0.042014 0.100660
v 0.028622 -0.020116 0.105675
v 0.026437 0.023097 0.100798
v 0.025000 0.042004 0.037749
v 0.028922 -0.009373 0.121133
v 0.030126 0.031504 0.017816
v 0.033363 0.031048 0.010586
v 0.030126 0.031504 -0.017816
v 0.027854 -0.011197 0.063981
v 0.030737 -0.016738 0.064000
v 0.033502 0.041004 0.010788
v 0.029689 0.036754 -0.026519
v 0.026460 0.014142 0.064000
v 0.027991 0.010798 0.064000
v 0.029114 0.007233 0.120363
v 0.029582 0.005114 0.064003
v 0.031835 0.031255 0.023805
v 0.032556 -0.012901 0.063999
v 0.031399 0.007338 0.123422
v 0.033037 0.011413 0.064000
v 0.035136 0.002889 0.064013
v 0.032748 -0.012452 0.120884
v 0.037653 0.044930 -0.013330
v 0.029091 -0.007326 0.120134
v 0.029484 -0.005580 0.063999
v 0.029498 0.041038 -0.000044
v 0.034957 0.040930 -0.003263
v 0.029737 -0.002114 0.120134
v 0.033032 0.011446 0.120966
v 0.037729 0.043595 0.013149
v 0.029970 0.000210 0.117704
v 0.029991 0.000181 0.080197
v 0.029990 0.000454 0.107918
v 0.035668 -0.000135 0.120828
v 0.035252 0.001199 0.114089
v 0.033941 0.036754 -0.021150
v 0.033398 0.031504 -0.010466
v 0.037843 0.031022 -0.012920
v 0.034527 -0.004827 0.081173
v 0.034466 -0.005636 0.106635
v 0.033882 0.008069 0.105575
v 0.035005 0.002500 0.103336
v 0.033000 0.003993 0.080378
v 0.034785 0.004284 0.083617
v 0.033000 -0.001050 0.082098
v 0.035028 0.002359 0.074754
v 0.034951 0.031379 0.000374
v 0.039821 0.031019 0.003840
v 0.039795 0.043724 0.003973
v -0.030024 0.003176 0.129886
v -0.029098 -0.007819 0.121101
v -0.029728 -0.002788 0.136000
v -0.028272 0.010565 0.121100
v -0.004006 -0.002035 0.136000
v -0.029440 0.006834 0.135966
v -0.021387 0.022214 0.136000
v -0.028087 -0.010161 0.136000
v -0.004493 -0.000169 0.121100
v -0.026146 -0.014693 0.121100
v -0.003170 0.003470 0.121100
v -0.024472 -0.009867 0.136000
v -0.004006 -0.002035 0.121100
v -0.026311 -0.014333 0.136000
v -0.024067 0.017913 0.121100
v -0.001718 -0.004149 0.136000
v -0.024867 -0.010436 0.129906
v -0.019680 -0.022679 0.136001
v -0.023833 -0.018311 0.129941
v -0.003971 -0.002077 0.136000
v -0.019302 0.023298 0.135999
v -0.019166 0.023290 0.128252
v -0.019977 -0.022369 0.121100
v -0.002782 -0.003526 0.121100
v -0.004179 -0.001371 0.136000
v -0.004493 -0.000169 0.136000
v -0.003789 0.002664 0.136000
v -0.016988 0.024732 0.121200
v -0.012707 0.027182 0.121100
v -0.017591 0.024290 0.130534
v -0.011235 0.027407 0.135999
v -0.013962 -0.026708 0.121200
v -0.011111 -0.027877 0.136004
v -0.000857 -0.004321 0.121100
v -0.000823 0.031591 0.136000
v -0.005287 0.029632 0.121100
v 0.003251 -0.029816 0.121200
v -0.004190 -0.029911 0.121305
v 0.001535 0.004452 0.136000
v -0.003132 0.029855 0.136000
v -0.002782 -0.003526 0.136000
v 0.002892 -0.029878 0.136002
v -0.003889 -0.029725 0.130772
v 0.008091 -0.028881 0.121100
v 0.004161 -0.001714 0.136000
v 0.004221 0.029920 0.121101
v 0.001130 0.004321 0.121100
v 0.002038 -0.004278 0.136000
v 0.002700 -0.003297 0.121100
v -0.039840 0.067583 0.136000
v 0.008849 -0.028600 0.136000
v 0.009479 -0.024824 0.136000
v 0.005720 0.029399 0.136000
v 0.003937 0.029735 0.130683
v 0.023253 -0.019034 0.121100
v 0.011491 0.027742 0.121100
v 0.003186 0.003190 0.121100
v 0.021534 0.019029 0.121100
v 0.004161 0.001730 0.121100
v 0.004265 0.001209 0.136000
v 0.004504 0.000008 0.121100
v 0.029095 -0.007725 0.121100
v 0.028208 0.010232 0.121100
v 0.023394 0.018793 0.121101
v 0.021395 -0.022198 0.136000
v 0.010378 0.023882 0.136000
v 0.010155 0.025394 0.135522
v 0.012717 -0.027165 0.121200
v 0.013894 0.026470 0.136000
v 0.011816 -0.027328 0.135856
v 0.025046 0.010300 0.135999
v 0.016060 0.025350 0.121200
v 0.016996 -0.024716 0.121200
v 0.019263 -0.023313 0.135996
v 0.019994 0.022378 0.121200
v 0.015332 -0.021307 0.130243
v 0.018962 -0.023161 0.130861
v 0.024075 -0.017897 0.136000
v 0.024334 0.018325 0.135997
v 0.024346 0.017884 0.129243
v 0.025049 -0.010220 0.135813
v 0.028266 -0.009843 0.136000
v 0.029692 0.005393 0.136001
v 0.026683 -0.013712 0.121200
v 0.029750 0.003022 0.121200
v 0.029805 -0.003936 0.130723
v -0.029397 -0.005958 0.115500
v -0.004493 0.000176 0.115500
v -0.029992 -0.000454 0.115500
v -0.029567 0.005066 0.115500
v -0.029992 -0.000454 0.052200
v -0.029397 -0.005958 0.052200
v -0.029567 0.005066 0.052200
v -0.021878 -0.004743 0.052200
v -0.003974 0.002111 0.115500
v -0.028134 0.010413 0.115500
v -0.028328 0.009968 0.064000
v -0.028334 0.009967 0.052200
v -0.027800 -0.011259 0.115500
v -0.004120 -0.001791 0.115500
v -0.027800 -0.011259 0.052200
v -0.025454 -0.008379 0.051177
v -0.025743 0.015406 0.115500
v -0.025743 0.015406 0.064000
v -0.025256 -0.016176 0.115500
v -0.025256 -0.016176 0.052200
v -0.022475 0.019875 0.115500
v -0.022475 0.019875 0.064000
v -0.004011 0.002055 0.064000
v -0.019770 -0.005840 0.049200
v -0.021852 -0.020542 0.115500
v -0.021852 -0.020542 0.052200
v -0.020429 -0.008313 0.052200
v -0.002668 0.003629 0.115500
v -0.018442 0.023667 0.115500
v -0.018442 0.023667 0.064000
v -0.002668 0.003629 0.064000
v -0.002931 -0.003403 0.115500
v -0.017704 -0.024208 0.115500
v -0.017704 -0.024208 0.052200
v -0.012953 -0.027050 0.052200
v -0.005003 -0.029502 0.052200
v -0.007761 -0.028970 0.052200
v -0.000766 -0.010397 0.052200
v -0.009735 0.003284 0.052200
v -0.009197 -0.004467 0.052200
v -0.005099 -0.008592 0.052200
v -0.013780 0.026654 0.115500
v -0.013780 0.026654 0.064000
v -0.012953 -0.027050 0.115500
v -0.000833 0.004430 0.115500
v -0.008649 0.028733 0.115500
v -0.008649 0.028733 0.064000
v -0.000833 0.004430 0.064000
v -0.000834 -0.004460 0.115500
v -0.007750 -0.028973 0.115500
v -0.004493 0.000176 0.064000
v -0.010120 -0.001881 0.064000
v -0.004120 -0.001791 0.064000
v -0.005841 -0.008241 0.064000
v -0.003224 0.029834 0.115500
v -0.003224 0.029834 0.064000
v -0.002304 -0.029903 0.115500
v -0.005983 -0.029388 0.064000
v -0.002931 -0.003403 0.064000
v -0.004908 -0.029077 0.064000
v -0.002304 -0.029903 0.064000
v -0.001161 -0.004339 0.064000
v 0.003232 -0.029818 0.064000
v -0.000732 -0.010234 0.064000
v 0.002312 0.029919 0.115500
v 0.002312 0.029919 0.064000
v 0.000063 -0.004492 0.115500
v 0.003232 -0.029818 0.115500
v 0.000063 -0.004492 0.064000
v 0.001941 -0.004054 0.064000
v 0.013788 -0.026638 0.064000
v 0.008657 -0.028717 0.064000
v 0.001169 0.004355 0.115500
v 0.001169 0.004355 0.064000
v 0.008657 -0.028717 0.115500
v 0.001941 -0.004054 0.115500
v 0.003258 0.003163 0.115500
v 0.012961 0.027066 0.115500
v 0.007714 0.029000 0.115500
v 0.003494 0.002900 0.064000
v 0.007769 0.028986 0.064000
v 0.012961 0.027066 0.064000
v 0.013788 -0.026638 0.115500
v 0.018450 -0.023651 0.115500
v 0.003464 -0.002869 0.115500
v 0.003464 -0.002869 0.064000
v 0.018450 -0.023651 0.064000
v 0.021860 0.020558 0.115500
v 0.017712 0.024224 0.115500
v 0.017712 0.024224 0.064000
v 0.021860 0.020558 0.064000
v 0.022483 -0.019859 0.115500
v 0.025751 -0.015390 0.115500
v 0.004343 -0.001218 0.115500
v 0.004351 -0.001157 0.064000
v 0.025751 -0.015390 0.064000
v 0.022483 -0.019859 0.064000
v 0.004439 0.000770 0.115500
v 0.027808 0.011275 0.115500
v 0.025264 0.016192 0.115500
v 0.004439 0.000770 0.064000
v 0.027808 0.011275 0.064000
v 0.025264 0.016192 0.064000
v 0.030000 0.000470 0.115500
v 0.029575 -0.005050 0.115500
v 0.028142 -0.010397 0.115500
v 0.028142 -0.010397 0.064000
v 0.030000 0.000470 0.064000
v 0.029575 -0.005050 0.064000
v 0.029405 0.005974 0.115500
v 0.029405 0.005974 0.064000
v -0.002843 -0.004223 0.121100
v -0.002816 0.004257 0.121100
v -0.030624 0.001671 0.121094
v -0.030533 -0.000258 0.115506
v -0.027576 -0.011537 0.115500
v -0.027576 -0.011537 0.121100
v -0.005203 0.001776 0.115500
v -0.023512 0.019820 0.115502
v -0.021569 0.022209 0.121097
v -0.020809 -0.022561 0.115503
v -0.019667 -0.023621 0.121098
v -0.010868 0.028292 0.115500
v -0.001810 -0.030342 0.121099
v -0.002386 0.030291 0.121100
v 0.001306 -0.030797 0.115509
v -0.000048 0.029995 0.118435
v 0.000299 0.030273 0.115504
v 0.000086 0.022414 0.117979
v 0.009456 -0.028357 0.121100
v 0.003787 -0.001161 0.121100
v 0.010164 0.028114 0.121100
v 0.003322 0.002918 0.121100
v 0.020681 0.022729 0.115501
v 0.003894 0.001757 0.115500
v 0.021244 -0.021635 0.121084
v 0.022082 -0.021255 0.115504
v 0.020342 0.022422 0.121089
v 0.026928 0.012597 0.121100
v 0.027970 0.011608 0.115500
v 0.027922 -0.011781 0.121100
v 0.028884 -0.007730 0.115500
v 0.029865 0.002597 0.121100
v 0.030022 -0.000751 0.115505
v 0.029936 0.000829 0.118603
v 0.022410 -0.000266 0.118317
v 0.050954 -0.000897 0.082710
v 0.050967 0.006978 0.116889
v 0.051518 -0.000245 0.122905
v 0.049285 0.014917 0.122684
v 0.050776 -0.008382 0.122918
v 0.050153 -0.009276 0.075713
v 0.050405 0.004053 0.078642
v 0.038516 -0.002838 0.079509
v 0.037536 0.001033 0.081777
v 0.050593 -0.000911 0.077473
v 0.050093 -0.007736 0.056202
v 0.049614 0.011660 0.088597
v 0.044952 0.001956 0.078202
v 0.050027 -0.001502 0.041046
v 0.049470 0.008294 0.039826
v 0.049337 -0.015209 0.055295
v 0.038944 0.030124 0.122393
v 0.049199 -0.020657 0.035069
v 0.048357 -0.017987 0.086892
v 0.048612 0.015373 0.079265
v 0.048556 0.015194 0.056198
v 0.047904 0.012593 0.121503
v 0.048694 -0.005774 0.121504
v 0.049304 -0.000996 0.108000
v 0.047625 -0.014250 0.107998
v 0.049478 -0.001002 0.120000
v 0.042536 -0.000996 0.120000
v 0.049427 0.001065 0.107999
v 0.042536 0.001004 0.108000
v 0.049708 0.001025 0.119999
v 0.042536 0.001004 0.120000
v 0.035343 0.014606 0.120000
v 0.042536 -0.000996 0.108000
v 0.035036 0.004195 0.108000
v 0.047342 -0.024273 0.055683
v 0.048990 -0.000996 0.093000
v 0.048608 -0.007793 0.106000
v 0.049268 -0.000996 0.106000
v 0.042536 -0.000996 0.093000
v 0.042536 -0.000996 0.106000
v 0.049032 0.001004 0.093000
v 0.042536 0.001004 0.106000
v 0.049351 0.001005 0.106000
v 0.047331 -0.014611 0.119999
v 0.048202 -0.010921 0.093000
v 0.042536 0.001004 0.093000
v 0.035036 0.004195 0.093000
v 0.046337 0.017835 0.108001
v 0.040933 -0.000057 0.085156
v 0.048751 -0.002410 0.083888
v 0.048320 -0.001011 0.090999
v 0.042536 0.001004 0.091000
v 0.049276 0.001026 0.090983
v 0.036244 0.010723 0.121500
v 0.046383 0.017180 0.093000
v 0.046455 0.017428 0.106003
v 0.047123 0.020539 0.101294
v 0.047952 -0.010584 0.091000
v 0.048434 0.005156 0.081572
v 0.047033 0.014982 0.120000
v 0.034535 0.001655 0.084357
v 0.033415 -0.019380 0.120000
v 0.022192 -0.007627 0.046681
v 0.034536 -0.004127 0.082089
v 0.048376 -0.007423 0.074031
v 0.032180 -0.013976 0.093000
v 0.046460 -0.015675 0.121504
v 0.037991 -0.001849 0.121500
v 0.043920 -0.026998 0.122780
v 0.030694 -0.017393 0.091000
v 0.048342 0.017001 0.036755
v 0.046534 0.022777 0.072386
v 0.046969 0.022673 0.056193
v 0.027437 -0.022172 0.106000
v 0.048343 -0.003375 0.076128
v 0.034547 0.005391 0.078682
v 0.034543 -0.003748 0.076479
v 0.047034 -0.000246 0.074000
v 0.048798 0.000201 0.074077
v 0.046379 0.016996 0.091006
v 0.046658 0.014470 0.074000
v 0.035086 0.000470 0.074000
v 0.028797 -0.021973 0.072000
v 0.042619 -0.000996 0.072000
v 0.048514 -0.001107 0.072000
v 0.048009 0.020316 0.034858
v 0.046965 -0.029214 0.029607
v 0.045567 -0.021496 0.074000
v 0.048111 -0.000996 0.050000
v 0.048050 -0.008021 0.050000
v 0.031589 -0.016795 0.074000
v 0.041268 0.001004 0.065268
v 0.042689 0.001004 0.071998
v 0.048453 0.001016 0.072000
v 0.048145 0.001008 0.050000
v 0.035036 0.032010 0.072003
v 0.041268 -0.000996 0.065268
v 0.047625 -0.012544 0.072000
v 0.044873 -0.021072 0.106000
v 0.035272 -0.000996 0.050000
v 0.046918 -0.019827 0.048000
v 0.048031 0.000254 0.045576
v 0.047899 -0.000989 0.043407
v 0.047895 0.001000 0.043320
v 0.032797 -0.012405 0.048000
v 0.035272 -0.000996 0.048000
v 0.048095 -0.000996 0.048000
v 0.047795 -0.012889 0.041346
v 0.025358 -0.000996 0.048707
v 0.032346 -0.015406 0.050000
v 0.046780 -0.019511 0.050000
v 0.030055 0.001004 0.063945
v 0.035045 0.001004 0.050000
v 0.046809 0.014001 0.047953
v 0.048023 0.001004 0.048000
v 0.035041 0.001006 0.048000
v 0.046641 0.015246 0.071997
v 0.010484 -0.015180 0.046706
v 0.010418 -0.021628 0.042476
v 0.047495 0.007556 0.042494
v 0.025074 0.001004 0.048711
v 0.043472 -0.028177 0.101684
v 0.045326 -0.025622 0.088584
v 0.014477 0.012773 0.046710
v 0.045875 0.019138 0.050001
v 0.045152 -0.022562 0.072000
v 0.046783 -0.020909 0.037360
v 0.017288 -0.020767 0.044144
v 0.009122 -0.017090 0.048048
v 0.045664 0.023799 0.098412
v 0.047241 0.025013 0.035022
v 0.045331 0.024233 0.035018
v 0.046772 0.014004 0.040765
v 0.022488 0.014002 0.046580
v 0.025001 0.007398 0.047811
v 0.045062 0.037005 0.035106
v 0.044990 0.030013 0.056190
v 0.044909 0.030506 0.035023
v 0.046797 -0.029921 0.022107
v 0.026386 -0.025562 0.034874
v 0.044688 -0.022004 0.090999
v 0.044343 -0.022386 0.093000
v 0.045258 0.022219 0.048000
v 0.046585 0.015004 0.046566
v 0.044648 -0.037354 -0.002237
v 0.047485 -0.030284 -0.003730
v 0.043600 0.030010 0.077957
v 0.045845 0.020668 0.037609
v 0.046641 0.015004 0.040400
v 0.046608 0.015004 0.043477
v 0.008648 0.014999 0.048695
v 0.043767 -0.033742 0.045390
v 0.019050 -0.023768 0.041321
v 0.043703 -0.029987 0.077789
v 0.039635 -0.029294 0.121505
v 0.034467 -0.017444 0.121500
v 0.044480 -0.031869 0.028286
v -0.000966 0.019836 0.046268
v 0.045485 -0.026877 0.032001
v 0.027306 -0.026589 0.036709
v 0.043954 -0.032432 -0.016652
v 0.042230 0.028593 0.074002
v 0.041118 0.028277 0.120000
v 0.011714 0.021435 0.042163
v 0.041755 0.030100 0.121406
v 0.045852 0.032013 0.036022
v 0.044167 0.032013 0.045470
v 0.042765 0.032013 0.077738
v 0.017210 0.023497 0.041849
v 0.004646 0.018875 0.048097
v 0.042529 -0.030987 -0.009022
v 0.043547 -0.030020 0.004394
v 0.041503 -0.027102 0.120000
v 0.043875 0.028506 0.047982
v 0.044450 0.028504 0.036835
v 0.020959 -0.029042 0.048000
v 0.036475 -0.029424 0.023322
v 0.042216 0.029004 0.072000
v 0.043606 0.029004 0.050000
v 0.038036 0.029004 0.050000
v 0.041382 -0.033668 0.047998
v 0.032994 0.030017 0.036687
v 0.039543 -0.030106 -0.026449
v 0.041056 -0.034285 0.049999
v 0.043858 -0.032529 0.021445
v 0.041648 -0.038242 -0.004861
v 0.041075 -0.038271 0.011113
v 0.044459 -0.032053 -0.003666
v 0.038539 0.030083 0.074002
v 0.014081 0.028503 0.043387
v 0.028559 0.028379 0.035483
v 0.042395 -0.038524 0.023573
v 0.040571 0.030072 0.091000
v 0.040124 0.030512 0.093000
v 0.039441 -0.032149 0.019874
v 0.040524 0.028504 0.108023
v 0.038036 0.030254 0.038000
v 0.038049 0.030002 0.046566
v -0.033686 0.028503 0.046566
v 0.001185 0.028504 0.045479
v 0.040245 -0.043202 -0.005445
v 0.035043 0.031568 0.048000
v 0.038737 -0.035878 0.092089
v 0.041498 0.032013 0.097098
v 0.037327 -0.036860 0.071998
v 0.039819 -0.030726 0.093000
v 0.039719 -0.030987 -0.017671
v 0.040641 0.030507 0.093000
v 0.040342 0.032013 0.097964
v 0.036036 0.028504 0.108000
v 0.038148 0.030504 0.048996
v 0.037037 -0.039609 -0.017693
v 0.041371 -0.027228 0.108000
v 0.039291 -0.030517 0.106000
v 0.035036 0.032013 0.121474
v 0.020345 -0.029413 0.091000
v 0.035070 0.032013 0.049965
v 0.040328 -0.032192 -0.018607
v 0.037991 -0.001849 0.120000
v 0.011495 -0.048261 0.108000
v 0.017133 -0.046660 0.108000
v 0.032731 -0.038378 0.107999
v 0.034748 -0.004798 0.108000
v 0.031572 -0.015747 0.108000
v 0.027437 -0.022172 0.108000
v 0.039464 0.030513 0.106000
v 0.035154 0.001590 0.106000
v 0.035046 0.031885 0.106000
v 0.031572 -0.015747 0.106000
v 0.034225 -0.008582 0.106000
v 0.035135 -0.003255 0.093000
v 0.035135 -0.003255 0.091000
v 0.033666 -0.010560 0.091000
v 0.035135 -0.003255 0.072000
v 0.038056 -0.035133 0.110355
v 0.040084 -0.041405 0.022742
v 0.038036 0.029004 0.072000
v 0.035702 -0.038430 0.073999
v 0.034237 -0.038491 0.090999
v 0.025912 0.025526 0.035041
v 0.032129 -0.029987 -0.028925
v 0.038048 0.030504 0.072015
v 0.035066 0.031194 0.074001
v 0.023594 -0.025952 0.093000
v 0.039806 0.031824 0.108183
v 0.034616 -0.000996 0.063921
v 0.036036 0.028504 0.120000
v 0.037510 -0.041630 0.015002
v 0.037089 -0.044082 0.022705
v 0.030036 0.001004 0.050710
v 0.035086 0.030038 0.108000
v 0.036204 0.030019 0.119658
v 0.030894 -0.040670 0.122683
v 0.035055 0.032013 0.092994
v 0.035019 0.032000 0.091000
v 0.032306 -0.038220 -0.029974
v 0.035141 -0.041027 0.048000
v 0.034683 -0.039289 0.100661
v 0.031746 -0.047165 -0.016642
v 0.032994 -0.039095 0.093000
v 0.034683 -0.044966 -0.001991
v 0.034152 -0.031987 -0.028911
v 0.033873 -0.047633 -0.000635
v -0.037964 0.030004 0.046566
v 0.012806 0.030037 0.041609
v -0.005303 0.030004 0.044590
v 0.031429 -0.039416 0.106000
v 0.027341 -0.041899 0.119997
v 0.029109 -0.045032 0.050000
v 0.032399 -0.045006 0.052948
v 0.024460 -0.042774 0.121509
v 0.027675 -0.037120 -0.032213
v 0.026517 -0.030466 0.034516
v 0.025817 -0.030487 0.037496
v 0.030019 -0.000996 0.050705
v 0.018086 -0.030020 0.050000
v 0.024266 -0.032177 -0.037395
v 0.011501 -0.034524 0.105999
v 0.016682 -0.030128 -0.044636
v 0.030341 -0.046484 -0.015820
v 0.029868 -0.046842 0.045386
v 0.025437 -0.045468 0.071999
v 0.017612 -0.030324 0.074000
v 0.027554 -0.045616 0.048000
v 0.028675 -0.047049 0.009482
v 0.026040 -0.032403 -0.039129
v 0.021868 -0.048392 -0.025257
v 0.028322 -0.044271 0.098316
v 0.023367 -0.044585 -0.026625
v 0.027875 -0.048902 0.018920
v 0.022252 -0.030825 0.120000
v 0.023211 -0.047393 -0.015287
v 0.024100 -0.042686 -0.032900
v -0.029962 0.001004 0.050711
v -0.029964 -0.000996 0.050711
v 0.025204 -0.045208 0.074000
v 0.018972 -0.047846 0.122911
v 0.024222 -0.046489 0.098318
v 0.017576 -0.029987 -0.039499
v 0.016018 -0.032177 -0.041568
v 0.024432 -0.048153 0.060506
v 0.020913 -0.047497 0.048000
v 0.020701 -0.046276 0.093000
v 0.025922 -0.047778 0.007685
v 0.012134 -0.022736 0.043741
v 0.018544 -0.032911 0.121500
v 0.024390 -0.049864 0.015137
v 0.020788 -0.050501 -0.012342
v 0.011972 -0.034313 0.108001
v 0.024306 -0.049522 -0.011589
v 0.005693 -0.038179 0.120000
v 0.021071 -0.049533 0.017210
v 0.019030 -0.049533 -0.019058
v 0.024243 0.030289 0.036472
v 0.018191 -0.030487 0.039527
v 0.019425 -0.046619 0.091000
v 0.017560 -0.030487 0.041977
v 0.012134 -0.048576 0.106031
v 0.015674 -0.038615 -0.040948
v 0.012937 -0.039979 -0.038495
v 0.016924 -0.048740 0.022614
v 0.018634 -0.048874 0.090757
v 0.014722 -0.050846 0.025229
v 0.020202 -0.049780 0.045384
v 0.005604 -0.035359 0.072000
v 0.007397 -0.032404 -0.043701
v 0.010845 -0.033340 0.093000
v 0.010813 -0.049048 0.050000
v 0.006697 -0.051216 -0.011376
v -0.025797 -0.023867 0.048703
v -0.034461 -0.000996 0.048711
v -0.033421 0.001005 0.048711
v 0.020635 -0.049039 -0.004233
v 0.017868 -0.049089 0.007203
v 0.004571 -0.048606 0.123054
v 0.014149 -0.049447 0.122778
v 0.005084 -0.048470 0.121500
v 0.013189 -0.050571 0.060506
v 0.012334 -0.048729 0.048000
v 0.009866 -0.048996 0.074000
v 0.006957 -0.047803 -0.026788
v 0.012524 -0.050313 0.090758
v 0.009302 -0.030487 0.042512
v 0.006062 -0.047102 -0.035228
v 0.009115 -0.048982 0.072000
v 0.008935 -0.030487 0.044621
v -0.002593 -0.035714 0.091000
v 0.011106 -0.045004 -0.033169
v 0.005892 -0.049248 0.119999
v 0.002862 -0.046578 -0.030478
v -0.000745 -0.038587 0.121500
v 0.004461 -0.034850 0.050000
v -0.000116 -0.035750 0.048000
v -0.000466 -0.035798 0.074000
v 0.009103 -0.050700 0.109890
v 0.006768 -0.051165 0.045383
v -0.007642 -0.049103 -0.019425
v -0.008915 -0.049198 0.019743
v 0.004115 -0.049391 0.091000
v 0.007037 -0.051027 -0.017904
v 0.004527 -0.029987 -0.043239
v 0.005576 -0.030362 -0.047633
v -0.002115 -0.040798 -0.042621
v 0.004326 0.030498 0.043313
v 0.001230 -0.029968 0.043499
v 0.001489 -0.051262 0.122732
v 0.008188 -0.050879 0.106070
v 0.005903 -0.051170 0.105614
v 0.000003 -0.038942 -0.041347
v -0.019564 -0.052947 0.093000
v -0.001101 0.024034 0.045928
v 0.009047 -0.032983 0.111865
v 0.009298 -0.048643 0.111654
v 0.007065 -0.032979 0.103437
v -0.000912 -0.049362 0.048000
v 0.009981 -0.034676 0.108680
v 0.005238 -0.051205 0.109873
v -0.000200 -0.030445 0.045496
v -0.001339 -0.049522 0.093000
v 0.006026 -0.049128 0.103798
v 0.005486 -0.034986 0.105658
v 0.004688 -0.049280 0.112227
v 0.003685 -0.033271 0.111538
v 0.005640 -0.034996 0.109883
v -0.008370 -0.034866 0.093000
v -0.000889 -0.051314 0.046355
v -0.000022 -0.051424 0.090759
v 0.002621 -0.035565 0.105990
v 0.004572 -0.051275 0.107572
v -0.005867 -0.048577 -0.025856
v -0.001938 -0.049275 0.026724
v 0.002900 -0.049376 0.105992
v -0.005499 -0.032407 -0.044131
v -0.004000 -0.023627 0.046663
v -0.010735 -0.029864 -0.042532
v -0.004994 0.024036 0.043426
v -0.004944 0.030493 0.043290
v -0.014253 -0.049775 -0.025203
v -0.010172 -0.049007 0.072001
v 0.002320 -0.049393 0.108307
v -0.007146 -0.049168 0.106000
v -0.007293 -0.034527 0.108000
v -0.003306 -0.023990 0.043335
v -0.014467 -0.032950 0.050000
v -0.013620 -0.045240 -0.032129
v -0.015615 -0.051100 -0.010383
v -0.010059 -0.047945 0.121509
v -0.009787 -0.030475 0.042436
v -0.027061 -0.049533 0.000172
v -0.002426 -0.049364 0.080952
v -0.008415 -0.049048 0.084980
v -0.003577 -0.049317 0.077220
v -0.007078 -0.048952 0.108000
v -0.006633 -0.049103 0.119999
v -0.016052 -0.048549 0.050001
v -0.011468 0.028504 0.043823
v -0.015164 -0.046633 -0.033012
v -0.003058 -0.051375 0.121011
v -0.005999 -0.050952 0.121011
v -0.005982 -0.051206 0.082133
v -0.005549 -0.051219 0.077667
v -0.012023 -0.050934 0.034313
v -0.009798 -0.030375 0.044539
v -0.008802 -0.048913 0.074010
v -0.013122 -0.032431 0.072000
v -0.014158 -0.034988 0.120000
v -0.018076 -0.046628 0.108000
v -0.010638 -0.033591 0.106000
v -0.004953 -0.032983 0.083865
v -0.002233 -0.032952 0.080057
v -0.005538 -0.033160 0.082359
v -0.004940 -0.032983 0.076193
v -0.012630 -0.048658 0.048000
v -0.017834 -0.039550 -0.037094
v -0.030357 -0.024381 0.049999
v -0.012865 0.030513 0.041583
v -0.014059 -0.047838 0.091000
v -0.021502 0.023091 0.048233
v -0.022276 -0.032141 -0.039165
v -0.018841 -0.048555 0.020444
v -0.016872 -0.048582 -0.020616
v -0.011353 -0.050180 0.122404
v -0.010780 -0.032945 0.083193
v -0.007434 -0.049070 0.075601
v -0.009824 -0.032995 0.076181
v -0.016195 -0.037411 -0.041723
v -0.024418 -0.026416 0.047997
v -0.034858 -0.000317 0.046712
v -0.012567 -0.050313 0.090758
v -0.009695 -0.050814 0.080982
v -0.010072 -0.050732 0.078876
v -0.009961 -0.035036 0.080114
v -0.028076 0.025251 0.046136
v -0.028396 -0.025110 0.046303
v -0.005934 -0.049435 0.074074
v -0.013283 -0.048057 0.093000
v -0.027028 -0.046417 -0.019616
v -0.016987 -0.030863 0.091000
v -0.020375 -0.028431 0.074000
v -0.020279 -0.046764 0.074000
v -0.008493 -0.049176 0.074018
v -0.015609 -0.027270 0.040570
v -0.012560 -0.049838 0.121011
v -0.024703 -0.042167 0.122984
v -0.024129 -0.042320 0.121500
v -0.021589 -0.030952 0.121500
v -0.019818 -0.045525 0.120000
v -0.011396 -0.048603 0.079291
v -0.018476 -0.029994 0.108000
v -0.021840 -0.027298 0.106000
v -0.021841 -0.045227 0.106000
v -0.022833 -0.030634 -0.042107
v -0.018678 -0.048874 0.090757
v -0.022831 -0.048953 0.056204
v -0.020668 0.028705 0.038557
v -0.020758 0.030829 0.038203
v -0.022290 -0.049923 0.028267
v -0.025727 -0.030667 -0.035360
v -0.022018 -0.050771 -0.006384
v -0.021265 -0.030139 0.040194
v -0.021038 -0.047435 0.048000
v -0.027059 -0.043514 0.092999
v -0.028661 0.030179 0.041749
v -0.023763 -0.025999 0.093000
v -0.026485 -0.022838 0.091000
v -0.028709 -0.042656 0.090999
v -0.030320 -0.042689 0.074000
v -0.027463 -0.044414 0.072000
v -0.023763 -0.025999 0.072000
v -0.020499 -0.047137 0.122546
v -0.029314 -0.040363 -0.027619
v -0.027935 -0.025363 0.120000
v -0.031696 -0.038230 0.120000
v -0.030980 -0.039542 0.108000
v -0.027815 -0.021169 0.108000
v -0.037039 -0.034377 0.105999
v -0.044341 -0.028802 0.048000
v -0.043626 -0.029774 0.045647
v -0.024265 -0.046489 0.098318
v -0.024858 -0.029632 0.035928
v -0.044812 -0.027561 0.046012
v -0.025983 -0.048266 -0.007674
v -0.034036 -0.046594 -0.013352
v -0.025779 -0.031803 0.035454
v -0.031923 -0.043176 -0.025282
v -0.025593 -0.047795 0.009629
v -0.028664 -0.049697 -0.004120
v -0.027759 -0.045472 0.047999
v -0.043235 -0.031375 0.039944
v -0.044297 0.030543 0.043848
v -0.030226 -0.037870 -0.032536
v -0.030335 -0.044514 -0.017698
v -0.039041 -0.030186 -0.026917
v -0.030530 -0.048379 0.012975
v -0.025627 0.031763 0.035187
v -0.029675 -0.044587 0.050000
v -0.028904 -0.042707 0.117875
v -0.031110 -0.015967 0.093000
v -0.039903 -0.030968 0.093000
v -0.039888 -0.031255 0.091000
v -0.031110 -0.015967 0.074000
v -0.039463 -0.033246 0.074000
v -0.034974 -0.038858 0.072000
v -0.041312 -0.031085 0.072000
v -0.031110 -0.015967 0.072000
v -0.026470 0.029735 0.035020
v -0.030367 -0.044640 0.075629
v -0.029539 -0.046322 0.017357
v -0.033839 -0.046226 0.023554
v -0.032878 -0.018503 0.121500
v -0.039142 -0.028983 0.121505
v -0.042754 -0.025437 0.120001
v -0.042178 -0.026637 0.108001
v -0.033978 -0.010792 0.106000
v -0.043529 0.032209 0.035092
v -0.046831 0.023521 0.053905
v -0.031391 0.019988 0.051790
v -0.041186 -0.030844 0.122810
v -0.039229 -0.029989 0.019798
v -0.044763 -0.029988 0.034096
v -0.046015 -0.028706 0.048516
v -0.036274 0.011872 0.054637
v -0.035319 0.025981 0.050285
v -0.032656 -0.042948 0.047989
v -0.032836 -0.046419 -0.007822
v -0.033959 -0.044896 0.005793
v -0.037486 -0.029987 -0.021608
v -0.038835 -0.032270 -0.020903
v -0.037390 -0.032073 -0.025135
v -0.048007 -0.013071 0.093000
v -0.042464 -0.000996 0.093000
v -0.033991 -0.008201 0.091000
v -0.047113 -0.016394 0.091000
v -0.044896 -0.023098 0.074000
v -0.045516 0.000004 0.074000
v -0.047536 -0.012676 0.074001
v -0.047331 -0.015393 0.072000
v -0.033484 -0.042253 0.079410
v -0.035728 0.001001 0.057987
v -0.034543 0.001004 0.063921
v -0.029973 -0.000996 0.063945
v -0.035190 -0.001041 0.056121
v -0.043331 -0.031992 0.033596
v -0.040319 -0.031987 0.017494
v -0.034928 -0.006320 0.108000
v -0.047903 -0.013121 0.106000
v -0.048015 -0.010839 0.121505
v -0.037819 -0.007180 0.120000
v -0.036622 -0.045842 0.000011
v -0.034943 -0.038183 0.113444
v -0.036146 -0.040264 0.075627
v -0.044406 -0.030121 -0.016073
v -0.046379 0.030319 0.035095
v -0.037133 -0.044081 0.022705
v -0.035224 -0.040772 0.050000
v -0.039266 -0.038151 -0.013987
v -0.034177 -0.022840 0.050418
v -0.035941 -0.007862 0.053592
v -0.037887 -0.042613 -0.002879
v -0.034968 -0.004147 0.093000
v -0.034968 -0.004147 0.074000
v -0.034968 -0.004147 0.072000
v -0.035116 -0.041143 0.047990
v -0.042464 -0.000996 0.108000
v -0.049347 -0.000996 0.108000
v -0.048447 -0.010320 0.108000
v -0.042464 -0.000996 0.106000
v -0.037922 0.029482 0.047916
v -0.038382 -0.037930 0.075626
v -0.038938 -0.035074 0.098309
v -0.038923 -0.036804 0.050000
v -0.042532 0.000999 0.084739
v -0.036953 -0.001013 0.084766
v -0.034464 0.000788 0.084617
v -0.034466 -0.004193 0.082437
v -0.048756 0.001980 0.084263
v -0.034464 0.003510 0.083205
v -0.048681 -0.004469 0.082447
v -0.048581 0.004001 0.082332
v -0.034464 0.004610 0.080000
v -0.048461 0.004560 0.079329
v -0.034470 -0.004207 0.077326
v -0.034458 0.002616 0.075909
v -0.048582 -0.002961 0.076076
v -0.048799 0.000499 0.074469
v -0.041414 0.013917 0.058930
v -0.039732 -0.041753 0.022707
v -0.035163 0.028540 0.120000
v -0.039219 0.029823 0.121516
v -0.034778 0.020465 0.121500
v -0.045552 0.018798 0.121503
v -0.038430 -0.000971 0.121500
v -0.036085 0.011178 0.120000
v -0.047492 0.013928 0.120000
v -0.041266 0.028332 0.119998
v -0.048421 -0.009615 0.120000
v -0.035964 0.028504 0.108000
v -0.034964 0.032013 0.108000
v -0.035964 0.030004 0.108000
v -0.038951 0.030856 0.107250
v -0.034984 0.031796 0.106000
v -0.034964 0.004195 0.106000
v -0.043710 0.022932 0.105996
v -0.049385 0.001004 0.106000
v -0.047570 0.013351 0.106000
v -0.042464 0.001004 0.106000
v -0.039362 0.031261 0.091500
v -0.040693 0.029987 0.093000
v -0.034963 0.032013 0.093000
v -0.034963 0.032013 0.091000
v -0.042464 0.001004 0.093000
v -0.046033 0.018412 0.093000
v -0.049214 0.001024 0.093000
v -0.041165 0.029874 0.090996
v -0.042464 -0.000996 0.091000
v -0.042464 0.001004 0.091000
v -0.048958 0.001004 0.091000
v -0.048549 0.006416 0.091000
v -0.046924 0.014375 0.091000
v -0.034963 0.032013 0.072000
v -0.038025 0.030518 0.072545
v -0.034963 0.032013 0.074000
v -0.042069 0.030505 0.073999
v -0.038964 0.030254 0.074000
v -0.037964 0.029004 0.072000
v -0.042464 0.000004 0.072000
v -0.042454 0.028990 0.071998
v -0.048594 0.001007 0.072000
v -0.046545 0.015163 0.072000
v -0.042913 0.031638 0.048500
v -0.038004 0.030504 0.050006
v -0.034964 0.032013 0.049000
v -0.037964 0.029004 0.050000
v -0.043469 0.028983 0.049556
v -0.042464 0.001004 0.108000
v -0.044238 -0.027845 0.049998
v -0.038333 -0.037879 0.047997
v -0.041455 -0.035851 -0.018823
v -0.041586 -0.001015 0.063617
v -0.045720 0.019142 0.059944
v -0.036106 0.030011 0.119818
v -0.039613 0.032423 0.121749
v -0.041423 0.027797 0.107998
v -0.040060 0.011881 0.060911
v -0.050792 -0.000582 0.083005
v -0.036435 0.002571 0.078719
v -0.036449 -0.000452 0.082841
v -0.050625 0.002511 0.079918
v -0.050724 -0.001265 0.077418
v -0.041333 -0.038975 -0.002070
v -0.042931 -0.005038 0.061271
v -0.048716 0.016655 0.122926
v -0.041704 -0.032771 0.050000
v -0.046245 -0.020947 0.059188
v -0.041567 -0.038934 0.030272
v -0.048768 0.004375 0.121506
v -0.049771 0.001087 0.119999
v -0.042464 0.001004 0.120000
v -0.042464 -0.000996 0.120000
v -0.042170 -0.035352 0.054057
v -0.041863 -0.041475 -0.002679
v -0.040150 -0.035494 0.048000
v -0.044970 -0.031987 -0.002137
v -0.044684 -0.025928 0.106266
v -0.041916 0.029566 0.074000
v -0.048923 -0.001512 0.067430
v -0.042590 -0.031987 -0.011009
v -0.040385 0.032013 0.097964
v -0.041530 0.032013 0.097419
v -0.044308 -0.027537 0.091048
v -0.044113 -0.036326 0.021051
v -0.042013 -0.036058 0.018074
v -0.042570 -0.029987 -0.009022
v -0.044244 0.032013 0.044970
v -0.044091 0.031992 0.060807
v -0.043634 0.027611 0.104682
v -0.047379 0.010671 0.064296
v -0.048488 0.001011 0.066397
v -0.045724 0.023966 0.094878
v -0.044848 -0.037075 -0.002619
v -0.044142 -0.032833 0.012048
v -0.045774 -0.031584 -0.008791
v -0.043483 -0.029987 0.001303
v -0.043483 -0.031987 0.001303
v -0.046567 0.015881 0.074003
v -0.049331 -0.014578 0.122721
v -0.043736 0.030013 0.077742
v -0.044812 -0.030222 -0.009935
v -0.049851 0.001066 0.107998
v -0.049498 -0.000996 0.120000
v -0.046909 0.015348 0.108000
v -0.049311 -0.000996 0.106000
v -0.049033 -0.000996 0.093000
v -0.048982 -0.000988 0.090932
v -0.048522 -0.000996 0.072000
v -0.045553 -0.030947 0.041318
v -0.047618 -0.022715 0.056076
v -0.050128 -0.008507 0.063699
v -0.050124 0.008884 0.064131
v -0.047302 0.020598 0.069509
v -0.047605 -0.019848 0.094879
v -0.046712 -0.031924 0.008062
v -0.046589 -0.030493 0.000008
v -0.050720 0.009148 0.122613
v -0.051521 -0.000172 0.122852
v -0.049516 -0.013581 0.087720
v -0.049740 0.009435 0.073619
v -0.051068 -0.006223 0.114310
v -0.050847 0.005920 0.101990
v -0.051175 -0.001957 0.101990
v 0.045294 0.031730 0.037711
v 0.044084 0.031396 0.035008
v 0.046797 0.021238 0.034959
v 0.044512 0.030205 -0.019037
v 0.045176 0.043355 -0.003765
v 0.047443 0.030164 0.009313
v 0.033787 0.027933 0.035252
v 0.045499 0.039137 0.013888
v 0.045959 0.033471 0.029479
v 0.042014 0.038799 -0.020821
v 0.044849 0.036951 0.030276
v 0.036587 0.029796 0.023070
v 0.041145 0.030027 0.011016
v 0.041418 0.030013 -0.013604
v 0.043470 0.040280 0.030275
v 0.042054 0.035398 0.066974
v 0.043049 0.032013 0.074330
v 0.029671 0.027169 0.031659
v 0.044544 0.031424 0.029911
v 0.044076 0.039997 -0.003486
v 0.045606 0.032097 -0.002518
v 0.044484 0.025542 0.035597
v 0.041324 0.048657 -0.007002
v 0.042626 0.032013 0.003282
v 0.038772 0.031969 0.018335
v 0.039284 0.032009 -0.018943
v 0.044514 0.030075 0.028029
v 0.041678 0.032166 -0.019331
v 0.039354 0.038483 0.075625
v 0.042277 0.043786 0.022710
v 0.041887 0.032013 0.076673
v 0.043885 0.030813 0.049366
v 0.040536 0.030813 0.078323
v 0.042251 0.042254 0.012430
v 0.042160 0.034895 0.045229
v 0.031821 0.029991 0.030510
v 0.039991 0.047418 -0.006826
v 0.040611 0.034050 0.090742
v 0.039529 0.048552 0.013181
v 0.039850 0.032195 0.087011
v 0.037361 0.041047 0.075626
v 0.039894 0.034401 0.070953
v 0.040248 0.030813 0.099464
v 0.039666 0.045683 0.012599
v 0.039317 0.046224 0.030273
v 0.035055 0.039174 0.085229
v 0.040777 0.032504 0.072007
v 0.040798 0.032013 0.107899
v 0.035056 0.043379 0.075626
v 0.033836 0.045363 -0.025093
v 0.039739 0.032013 0.108590
v 0.037917 0.034550 0.121974
v 0.034923 0.032504 0.073007
v 0.034923 0.032504 0.071007
v 0.037921 0.037833 0.070968
v 0.034992 0.041777 0.073008
v 0.039800 0.032013 0.121156
v 0.039302 0.030813 0.120982
v 0.037717 0.030813 0.120964
v 0.034709 0.038446 0.115466
v 0.038290 0.032511 0.103064
v 0.034930 0.034023 0.086255
v 0.036454 0.025451 0.053606
v 0.037995 0.030240 0.059691
v 0.036457 0.025467 0.059560
v 0.035116 0.047443 0.045389
v 0.037748 0.032446 0.118004
v 0.037936 0.028954 0.053484
v 0.034889 0.052442 -0.006587
v 0.035825 0.043398 0.052975
v 0.032573 0.032082 -0.032263
v 0.033734 0.050630 0.022707
v 0.036013 0.033708 0.117862
v 0.035760 0.035247 0.108026
v 0.034925 0.036180 0.104211
v 0.031175 0.030191 -0.036542
v 0.025292 0.043636 0.120009
v 0.025255 0.044821 0.122636
v 0.028509 0.046962 -0.032068
v 0.020074 0.032612 0.120007
v 0.032785 0.039328 -0.032877
v 0.034787 0.047510 0.026699
v 0.019116 0.032608 0.118007
v 0.033754 0.049596 0.008503
v 0.035802 0.042226 0.060219
v 0.025661 0.030009 -0.035283
v 0.029835 0.044256 0.098312
v 0.029557 0.046995 0.075627
v 0.031630 0.043883 0.071006
v 0.034697 0.025793 0.115277
v 0.033937 0.036953 0.111281
v 0.031343 0.048206 0.035662
v 0.024264 0.051223 -0.028857
v 0.034923 0.022013 0.108007
v 0.033423 0.022013 0.108007
v 0.034923 0.022013 0.071007
v 0.033423 0.022013 0.071007
v 0.029523 0.028604 0.071007
v 0.025415 0.046866 0.071007
v 0.025805 0.054289 -0.004012
v 0.027525 0.052431 0.022706
v 0.024755 0.032013 -0.034859
v 0.028673 0.050336 0.045388
v 0.028472 0.048737 -0.025340
v 0.029565 0.051605 -0.005121
v 0.027112 0.041698 0.118006
v 0.033301 0.038587 0.104506
v 0.033423 0.024705 0.104507
v 0.033423 0.024706 0.103007
v 0.033423 0.040471 0.087007
v 0.033422 0.038475 0.103007
v 0.033423 0.024704 0.087007
v 0.025551 0.032504 0.087007
v 0.025494 0.032646 0.085007
v 0.033423 0.024704 0.085007
v 0.033421 0.042743 0.073006
v 0.033423 0.040945 0.085007
v 0.033423 0.024704 0.073007
v 0.025480 0.032647 0.073007
v 0.025167 0.040874 -0.035941
v 0.026178 0.050665 0.023260
v 0.025712 0.045485 0.087007
v 0.021983 0.048069 0.070915
v 0.023759 0.053371 0.019729
v 0.025194 0.051584 -0.015281
v 0.025002 0.046845 0.098313
v 0.025924 0.045605 0.085010
v 0.025356 0.045501 0.073007
v 0.022378 0.043663 -0.039244
v 0.023294 0.050846 0.058136
v 0.025733 0.043831 0.102744
v 0.021807 0.047807 0.073008
v 0.014392 0.030066 -0.045404
v 0.025480 0.043798 0.104507
v 0.025480 0.032504 0.103007
v 0.020000 0.047529 0.087008
v 0.016425 0.032053 -0.042705
v 0.023773 0.053052 0.024278
v 0.026630 0.045472 0.020436
v 0.020338 0.051805 0.018378
v 0.013234 0.049046 -0.035765
v 0.020854 0.046004 0.103006
v 0.025479 0.045504 0.085461
v 0.015650 0.047179 0.118007
v 0.021304 0.045708 0.104507
v 0.016703 0.050316 0.089728
v 0.018476 0.048420 0.113542
v 0.020433 0.051459 0.025997
v 0.014185 0.041451 -0.041283
v 0.008826 0.052997 -0.032304
v 0.020550 0.045017 0.025347
v 0.017891 0.045006 0.019864
v 0.022480 0.045504 0.071007
v 0.011557 0.037976 -0.045653
v 0.018565 0.053878 0.022277
v 0.000878 0.051275 0.123185
v 0.012044 0.052918 -0.004227
v 0.004235 0.054881 -0.011844
v 0.001207 0.055041 0.005853
v 0.014357 0.052337 0.060506
v -0.025283 0.045531 0.087010
v -0.023924 0.045503 0.085007
v -0.015788 0.048501 0.085007
v -0.005273 0.050103 0.085007
v 0.009250 0.049925 0.085010
v -0.024052 0.045503 0.071007
v -0.028269 0.045520 0.073007
v 0.005803 0.050723 0.073008
v 0.017263 0.049191 0.071007
v 0.009790 0.050371 0.071007
v -0.022132 0.045504 0.103007
v -0.013343 0.048059 0.103007
v 0.008726 0.032013 -0.041862
v -0.021857 0.045504 0.104507
v -0.025520 0.045504 0.085155
v 0.006528 0.052248 -0.024192
v 0.012514 0.048251 0.104508
v 0.013960 0.052159 0.025040
v 0.010868 0.050127 0.121589
v 0.018244 0.051865 0.022055
v 0.007706 0.049466 -0.040218
v 0.013982 0.048035 0.103007
v 0.000651 0.049900 0.103046
v 0.004535 0.054588 0.022704
v 0.004614 0.053910 0.044270
v 0.002753 0.052380 0.083156
v 0.006536 0.051458 0.099883
v -0.004929 0.037693 0.120007
v 0.009747 0.049578 0.087008
v 0.000938 0.052716 0.023125
v 0.000393 0.030013 -0.044137
v 0.002946 0.051933 0.044559
v -0.002795 0.030530 -0.047880
v -0.002924 0.037903 0.118007
v 0.004173 0.049277 0.118007
v 0.000222 0.041019 -0.043971
v -0.008010 0.049701 0.120010
v -0.009669 0.052976 -0.005938
v -0.002876 0.047594 -0.042339
v -0.000686 0.050371 0.087010
v 0.001723 0.054140 0.040321
v -0.000250 0.032021 -0.045466
v -0.003519 0.052557 0.077871
v -0.008933 0.053844 -0.027394
v 0.001745 0.049621 0.104507
v 0.000683 0.052110 0.039577
v -0.002834 0.050820 0.071002
v -0.013716 0.032004 -0.041375
v -0.007199 0.030013 -0.042077
v -0.008889 0.050781 -0.032531
v 0.001489 0.048016 0.043997
v -0.005867 0.053821 0.044265
v -0.003011 0.055003 0.042595
v -0.005922 0.049275 0.118006
v -0.010513 0.054634 0.015140
v -0.007842 0.051658 0.091154
v -0.003761 0.052095 0.039631
v -0.016500 0.054782 -0.005210
v -0.013004 0.048489 0.104510
v -0.017153 0.050527 -0.035046
v -0.009380 0.037114 -0.045972
v -0.009120 0.050558 0.121928
v -0.013094 0.032082 -0.043910
v -0.013371 0.049940 0.073008
v -0.024025 0.052359 -0.007348
v -0.011311 0.042917 -0.041489
v -0.014419 0.042202 -0.043216
v -0.014079 0.048441 0.095206
v -0.010140 0.049307 0.090471
v -0.014930 0.048533 0.088051
v -0.012227 0.051151 0.089875
v -0.006968 0.050615 0.070975
v -0.013700 0.053331 0.042605
v -0.017571 0.052037 0.022088
v -0.014845 0.049718 0.070988
v -0.012617 0.045017 0.094903
v -0.016501 0.045059 0.089026
v -0.017278 0.046542 0.118006
v -0.024001 0.030379 -0.040991
v -0.018672 0.032504 0.120007
v -0.018672 0.032504 0.118007
v -0.015167 0.050290 0.094644
v -0.016394 0.048549 0.122903
v -0.020610 0.051404 0.025936
v -0.021747 0.053307 0.024943
v -0.019690 0.051443 0.060506
v -0.016673 0.050308 0.090566
v -0.022397 0.046083 -0.034255
v -0.023253 0.030013 -0.035922
v -0.019646 0.051867 0.018430
v -0.024559 0.053653 -0.017164
v -0.020752 0.053757 0.019273
v -0.028894 0.040225 -0.033770
v -0.027898 0.044381 -0.034859
v -0.025523 0.050101 -0.023949
v -0.022265 0.037466 -0.041065
v -0.024096 0.047232 0.073741
v -0.022368 0.046385 0.120408
v -0.026420 0.045135 0.019962
v -0.019152 0.045019 0.025640
v -0.023912 0.047887 0.066421
v -0.024272 0.047808 0.090750
v -0.028184 0.040912 0.120018
v -0.037475 0.032509 0.121668
v -0.037701 0.032364 0.117993
v -0.033986 0.036313 0.117996
v -0.026324 0.042233 0.117985
v -0.029392 0.049167 0.033985
v -0.026429 0.050570 0.024363
v -0.026789 0.050280 0.052946
v -0.030954 0.051378 0.026923
v -0.027047 0.043116 0.102605
v -0.027552 0.032013 -0.036080
v -0.033603 0.050752 -0.003839
v -0.032622 0.036619 -0.034034
v -0.025157 0.053020 0.021786
v -0.032860 0.030075 -0.034686
v -0.026975 0.043586 0.123014
v -0.029119 0.045529 0.071006
v -0.035365 0.049801 -0.019887
v -0.025514 0.045712 0.085008
v -0.028328 0.047589 0.075627
v -0.036168 0.046121 -0.025084
v -0.035047 0.047281 -0.019519
v -0.034964 0.032504 0.071007
v -0.036385 0.032011 -0.023629
v -0.025568 0.045810 0.087008
v -0.025720 0.032453 0.071007
v -0.025527 0.032645 0.073007
v -0.025592 0.032504 0.104507
v -0.029204 0.041436 0.104507
v -0.025592 0.032504 0.103007
v -0.033464 0.038316 0.103007
v -0.033464 0.024706 0.087007
v -0.033464 0.024705 0.085007
v -0.033464 0.040981 0.085007
v -0.033464 0.042522 0.073007
v -0.033464 0.024865 0.104507
v -0.033464 0.024704 0.103007
v -0.033463 0.040565 0.087007
v -0.033464 0.024704 0.073007
v -0.035927 0.032103 -0.028610
v -0.031274 0.046102 0.075627
v -0.035088 0.052214 -0.003334
v -0.038703 0.048434 -0.005568
v -0.035307 0.030013 -0.024071
v -0.033887 0.039729 0.111923
v -0.035636 0.050390 0.018002
v -0.034019 0.044272 0.075626
v -0.035727 0.047294 0.024777
v -0.031783 0.030004 0.030184
v -0.031640 0.032013 0.031252
v -0.027622 0.031670 0.034806
v -0.033998 0.042417 0.071005
v -0.036104 0.040059 0.090745
v -0.033932 0.037114 0.110464
v -0.045548 0.030032 0.034980
v -0.035855 0.040507 0.070982
v -0.033464 0.022013 0.108007
v -0.034964 0.036282 0.107447
v -0.033464 0.022013 0.071007
v -0.034964 0.022013 0.071007
v -0.034964 0.022021 0.107988
v -0.041430 0.033830 0.035978
v -0.035803 0.042009 0.061828
v -0.035948 0.026924 0.116875
v -0.036000 0.033412 0.111365
v -0.041495 0.048405 -0.005912
v -0.034966 0.036697 0.103590
v -0.038198 0.032678 0.103424
v -0.034981 0.035460 0.086514
v -0.034964 0.032504 0.073007
v -0.035006 0.039604 0.085049
v -0.035048 0.041646 0.073010
v -0.040890 0.031959 0.072880
v -0.040461 0.033403 0.070993
v -0.039329 0.043802 0.045389
v -0.041274 0.047544 0.009123
v -0.038205 0.047262 0.030272
v -0.040743 0.040964 -0.016222
v -0.040535 0.044653 0.013235
v -0.039001 0.037842 0.061966
v -0.039864 0.032013 0.016178
v -0.039800 0.032013 0.122050
v -0.036381 0.025451 0.062406
v -0.036382 0.025463 0.068372
v -0.037864 0.038300 0.068820
v -0.038212 0.036135 0.100920
v -0.037864 0.028954 0.068493
v -0.037867 0.028934 0.062555
v -0.037864 0.039542 0.061914
v -0.040848 0.030066 -0.024501
v -0.040277 0.030013 0.014595
v -0.042188 0.041136 0.018735
v -0.041955 0.037120 -0.021302
v -0.040795 0.038808 0.062239
v -0.039345 0.032013 0.120982
v -0.039345 0.030813 0.120982
v -0.037758 0.030813 0.120964
v -0.039801 0.030861 0.088070
v -0.041977 0.034145 0.075624
v -0.041390 0.032013 0.098641
v -0.044035 0.032012 0.032108
v -0.043178 0.030013 -0.005464
v -0.043601 0.032012 -0.000727
v -0.044047 0.032055 -0.011250
v -0.043128 0.030813 0.045318
v -0.040291 0.030813 0.099464
v -0.043273 0.035509 0.030121
v -0.040291 0.032013 0.099464
v -0.043360 0.032013 0.057123
v -0.044960 0.032013 0.035011
v -0.045704 0.032017 -0.003551
v -0.043921 0.041699 0.019928
v -0.044160 0.030813 0.046067
v -0.046030 0.031987 0.036094
v -0.047344 0.030098 -0.006925
v -0.045687 0.039554 -0.007922
v -0.044263 0.037257 0.007168
v -0.046163 0.034710 0.023285
v -0.046485 0.039413 -0.002412
vn -0.9994 0.0174 0.0292
vn -0.9959 0.0790 0.0436
vn -0.9826 -0.0290 -0.1835
vn -0.9532 -0.1636 0.2541
vn 0.0068 -1.0000 -0.0013
vn 0.0067 -1.0000 -0.0013
vn -0.9158 0.1114 -0.3859
vn 0.0113 -0.9999 0.0017
vn -0.9317 -0.0145 0.3629
vn -0.9114 0.1078 -0.3971
vn 0.0003 -1.0000 -0.0019
vn -0.9439 0.1020 0.3141
vn -0.3472 0.9366 -0.0472
vn -0.0335 0.9994 0.0084
vn -0.0412 0.9991 -0.0112
vn 0.0083 1.0000 -0.0008
vn -0.1883 0.9690 0.1598
vn 0.1141 0.9935 0.0027
vn -0.9995 -0.0308 -0.0111
vn 0.0136 -0.0136 -0.9998
vn 0.0021 0.0094 -1.0000
vn -0.9969 -0.0763 -0.0213
vn 0.0003 0.0008 -1.0000
vn -0.0021 -0.0007 -1.0000
vn -0.9631 -0.1573 0.2186
vn 0.9839 0.0217 -0.1772
vn 0.9827 0.0053 0.1852
vn -0.9988 -0.0149 0.0459
vn -0.9960 -0.0063 0.0889
vn -0.9790 0.2040 0.0015
vn -0.9283 -0.0540 -0.3680
vn -0.5817 -0.1189 0.8047
vn -0.9972 -0.0738 0.0070
vn -0.9779 0.2067 -0.0312
vn -0.9643 -0.2647 0.0084
vn -0.8453 0.5227 0.1110
vn -0.9690 -0.2467 -0.0166
vn -0.9836 0.1798 0.0128
vn 0.2949 -0.9548 -0.0368
vn -0.9963 -0.0843 -0.0149
vn -0.9721 0.2345 -0.0000
vn -0.9610 -0.2766 0.0027
vn -0.7982 0.0619 0.5992
vn 0.0115 -0.9999 0.0119
vn 0.9618 -0.0873 0.2595
vn -0.0005 0.0008 -1.0000
vn -0.0001 0.0017 -1.0000
vn -0.9573 -0.2890 0.0006
vn 0.9766 -0.0169 -0.2143
vn -0.8580 -0.0663 -0.5094
vn -0.8163 0.2081 -0.5388
vn 0.3935 0.8901 -0.2301
vn 0.9144 -0.0188 -0.4044
vn -0.9538 0.3001 -0.0130
vn 0.0947 -0.0856 -0.9918
vn -0.9973 0.0145 0.0715
vn -0.8005 -0.5991 -0.0156
vn -0.9936 0.0156 0.1117
vn -0.9109 0.3170 0.2641
vn -0.8993 -0.4371 0.0151
vn -0.6252 -0.2718 0.7316
vn -0.6360 -0.2837 0.7176
vn -0.9194 0.3926 0.0256
vn -0.9061 0.4230 0.0066
vn -0.9060 0.4232 0.0075
vn -0.1380 0.1363 0.9810
vn -0.8721 -0.4893 0.0060
vn -0.9098 -0.4151 -0.0009
vn -0.8711 -0.4911 -0.0087
vn -0.0000 -0.0000 -1.0000
vn 0.0301 -0.7258 0.6873
vn -0.9722 0.0681 0.2241
vn 0.4108 -0.9053 -0.1080
vn 0.0005 0.9999 0.0107
vn 0.0074 -1.0000 0.0063
vn 0.8834 0.1961 0.4256
vn -0.7762 0.1099 0.6208
vn -0.0005 -0.0003 -1.0000
vn -0.0002 0.0005 -1.0000
vn -0.8497 -0.5273 0.0024
vn 0.8666 -0.1019 -0.4886
vn -0.1074 0.0673 0.9919
vn 0.8838 0.4246 -0.1964
vn -0.2118 0.9745 0.0737
vn 0.0030 -0.1447 -0.9895
vn 0.9117 -0.2215 0.3460
vn 0.5960 -0.7923 -0.1303
vn 0.7980 0.0258 -0.6021
vn 0.8479 0.0942 0.5217
vn 0.7933 -0.0050 0.6088
vn 0.9979 0.0635 0.0108
vn 0.9965 0.0801 -0.0229
vn 0.9937 0.1122 -0.0029
vn 0.9997 -0.0264 0.0008
vn 0.9942 -0.1073 -0.0011
vn 0.9942 0.1079 -0.0036
vn -0.6921 0.1036 0.7143
vn 0.9941 -0.1085 -0.0011
vn 0.9917 -0.1287 -0.0029
vn 0.9425 -0.1954 0.2712
vn -0.8684 0.3644 -0.3363
vn -0.5670 -0.4574 0.6851
vn -0.7510 0.6599 -0.0237
vn -0.8718 -0.4899 0.0009
vn -0.7755 -0.6311 -0.0181
vn -0.8696 -0.4886 0.0714
vn 0.9602 0.2794 0.0013
vn -0.7806 0.3886 0.4895
vn -0.5594 -0.8265 -0.0631
vn 0.0069 -1.0000 -0.0034
vn 0.0346 -0.9994 -0.0085
vn 0.7076 -0.7051 -0.0465
vn 0.9500 -0.3122 0.0006
vn 0.9679 -0.1872 0.1674
vn -0.0000 -1.0000 -0.0009
vn -0.3538 0.8711 -0.3406
vn 0.4680 -0.8285 0.3075
vn 0.9326 -0.3609 -0.0038
vn 0.8058 -0.3237 0.4960
vn -0.7316 -0.6817 0.0063
vn -0.7714 -0.6363 -0.0017
vn -0.7318 -0.6813 -0.0160
vn -0.0013 0.0028 -1.0000
vn 0.9326 0.3610 -0.0036
vn 0.7723 0.2675 0.5762
vn 0.0044 1.0000 0.0030
vn -0.0007 1.0000 0.0010
vn 0.6126 0.0550 -0.7885
vn 0.9146 0.4043 -0.0001
vn -0.7538 0.0147 -0.6570
vn -0.1812 0.0689 0.9810
vn 0.0011 -1.0000 -0.0010
vn 0.5659 0.8244 0.0100
vn 0.7927 -0.5739 -0.2056
vn -0.8277 0.5612 -0.0013
vn 0.9059 0.3027 -0.2961
vn 0.8315 -0.5435 0.1150
vn 0.8375 0.5465 -0.0000
vn 0.8633 -0.5047 0.0037
vn -0.0260 0.0067 -0.9996
vn -0.9448 -0.0241 0.3267
vn -0.9812 0.1833 0.0602
vn -0.9800 0.1989 0.0098
vn -0.8740 0.4856 -0.0171
vn -0.4604 0.1167 -0.8800
vn 0.4710 -0.8101 0.3491
vn -0.5086 0.7930 -0.3354
vn 0.0561 0.9961 0.0678
vn 0.6350 0.0864 0.7676
vn 0.8033 -0.5956 -0.0051
vn -0.8105 0.5188 -0.2718
vn -0.9381 0.3194 0.1342
vn -1.0000 0.0072 0.0002
vn -1.0000 0.0040 0.0014
vn -1.0000 0.0026 0.0016
vn -0.9813 0.1924 -0.0005
vn 0.8147 0.5798 -0.0038
vn 0.4640 0.5206 -0.7167
vn -0.7037 0.7105 0.0021
vn -0.8422 0.5391 0.0038
vn 0.0216 -0.1157 -0.9930
vn 0.1255 -0.9896 -0.0706
vn 0.0159 -0.1342 -0.9908
vn -0.6407 -0.7198 0.2670
vn 0.0824 0.3150 0.9455
vn -0.0032 -0.2073 -0.9783
vn 0.0008 -1.0000 -0.0005
vn 0.1317 0.5814 0.8029
vn -0.0383 -0.7291 -0.6833
vn -0.8134 0.1046 0.5723
vn -0.4743 0.8661 0.1576
vn -0.6595 -0.7515 0.0158
vn -0.1075 0.1780 -0.9781
vn -0.6999 0.7116 -0.0613
vn 0.1103 -0.2728 0.9557
vn -0.5585 0.8295 0.0013
vn -0.7283 0.6853 0.0060
vn -0.5559 -0.8311 -0.0123
vn -0.2535 -0.6262 -0.7373
vn 0.1411 0.9898 0.0216
vn 0.1198 -0.7819 0.6118
vn 0.0026 0.0018 -1.0000
vn 0.7506 -0.6607 0.0008
vn 0.8309 -0.5429 0.1220
vn -0.0005 1.0000 0.0010
vn 0.0873 -0.0143 0.9961
vn -0.2029 0.9792 0.0007
vn -0.1130 -0.9936 0.0048
vn 0.6650 0.6535 0.3617
vn -0.5518 -0.8339 0.0061
vn -0.6159 -0.7878 -0.0067
vn 0.0032 0.7276 0.6860
vn 0.0024 0.0024 -1.0000
vn -0.4582 0.6553 0.6006
vn 0.6662 0.5622 -0.4901
vn 0.6327 -0.7280 0.2640
vn -0.0004 1.0000 -0.0002
vn 0.7191 0.6949 0.0022
vn -0.0366 -0.0158 0.9992
vn 0.0021 0.0106 0.9999
vn -0.0000 0.0012 1.0000
vn 0.0004 0.2212 0.9752
vn -0.0012 0.1674 0.9859
vn 0.0116 0.8264 0.5629
vn 0.0130 0.8434 0.5371
vn 0.0040 0.9696 0.2446
vn -0.0001 1.0000 -0.0000
vn 0.4098 -0.8643 0.2916
vn 0.6551 -0.7452 0.1245
vn -0.7355 -0.6522 0.1835
vn -0.8271 0.5103 0.2356
vn -0.0575 0.2855 -0.9566
vn 0.5014 -0.7593 0.4148
vn 0.6997 -0.7144 -0.0004
vn -0.6449 -0.0589 -0.7620
vn 0.2468 -0.8766 0.4132
vn 0.0029 0.0026 -1.0000
vn -0.4621 0.1165 -0.8791
vn -0.3891 0.0500 -0.9198
vn 0.3274 -0.7484 0.5769
vn 0.6464 -0.7630 0.0002
vn 0.5511 -0.8344 -0.0070
vn 0.4655 -0.8848 -0.0199
vn 0.5656 -0.8247 -0.0032
vn 0.6143 0.7890 -0.0054
vn 0.5916 0.8062 -0.0090
vn 0.0455 -0.9989 0.0115
vn 0.5373 0.1229 -0.8344
vn 0.5851 -0.0740 -0.8076
vn 0.4891 0.0531 -0.8706
vn 0.2495 -0.7617 0.5980
vn 0.4413 -0.0190 0.8971
vn 0.1300 -0.9915 0.0006
vn 0.5081 0.4826 -0.7134
vn 0.0001 -1.0000 0.0001
vn 0.0020 -1.0000 0.0012
vn -0.0006 -1.0000 -0.0025
vn 0.0001 -1.0000 0.0004
vn -0.0000 -1.0000 0.0003
vn -0.0001 -1.0000 -0.0004
vn 0.7422 -0.5038 -0.4420
vn -0.1242 0.9781 0.1670
vn -0.4387 -0.8984 0.0171
vn -0.4317 -0.9017 0.0261
vn -0.3981 -0.6048 0.6898
vn -0.4906 0.8714 0.0005
vn -0.4619 0.6430 0.6109
vn -0.2916 0.9314 0.2179
vn -0.0585 -0.1075 0.9925
vn 0.2775 0.5341 -0.7986
vn 0.0008 0.0029 -1.0000
vn 0.3671 -0.7973 -0.4790
vn -0.1940 0.7619 0.6180
vn 0.3215 -0.9184 0.2308
vn -0.1214 -0.2718 0.9547
vn 0.3646 0.6260 0.6893
vn 0.4811 0.8766 -0.0019
vn -0.3923 -0.9198 -0.0000
vn -0.4009 -0.9161 -0.0027
vn -0.3913 -0.9202 -0.0021
vn -0.4170 -0.9089 0.0026
vn -0.0006 -1.0000 0.0004
vn 0.1151 0.9661 -0.2312
vn -0.2414 0.9588 -0.1498
vn 0.4491 -0.0082 0.8934
vn 0.0660 0.9885 0.1357
vn 0.4483 -0.8939 -0.0034
vn 0.3196 -0.9475 -0.0133
vn 0.4449 -0.8955 0.0077
vn 0.7603 0.5264 0.3807
vn 0.0148 0.9985 -0.0532
vn 0.0003 1.0000 -0.0026
vn 0.3729 0.9279 -0.0045
vn 0.3581 0.9337 0.0013
vn -0.5892 0.5486 -0.5932
vn 0.4006 0.9162 0.0014
vn 0.0017 0.0017 -1.0000
vn -0.3598 -0.9322 -0.0392
vn 0.1160 -0.9466 -0.3010
vn 0.4059 -0.0214 -0.9137
vn 0.2281 -0.8618 0.4532
vn -0.2998 0.9211 0.2485
vn -0.0092 1.0000 -0.0000
vn 0.0049 -1.0000 0.0036
vn 0.2291 0.0173 -0.9732
vn 0.2247 0.0202 0.9742
vn 0.2510 -0.0135 0.9679
vn 0.1212 -0.9926 -0.0040
vn -0.0004 -0.9944 -0.1057
vn -0.2807 -0.9598 -0.0000
vn -0.0000 -0.0000 1.0000
vn -0.0000 -1.0000 -0.0030
vn -0.0729 -0.9831 0.1680
vn 0.0557 -0.9969 0.0561
vn 0.0224 -0.9966 0.0797
vn 0.9780 -0.1364 -0.1580
vn 0.5493 0.8326 0.0703
vn -0.2528 -0.9660 0.0538
vn -0.1250 -0.6937 0.7093
vn -0.1947 0.9809 0.0017
vn -0.1655 -0.9850 -0.0480
vn -0.2660 -0.2449 -0.9323
vn -0.1979 -0.0058 -0.9802
vn -0.1048 0.3736 0.9216
vn 0.0028 -0.9999 0.0109
vn 0.9267 -0.3205 0.1961
vn 0.9787 -0.1955 -0.0627
vn 0.0574 0.0457 -0.9973
vn 0.3923 -0.6855 0.6133
vn 0.1495 0.9887 0.0109
vn 0.9433 0.2790 -0.1800
vn 1.0000 0.0009 0.0010
vn 1.0000 -0.0000 0.0003
vn -0.9387 0.3301 0.0991
vn 0.9904 -0.0355 0.1335
vn 1.0000 0.0088 -0.0022
vn 0.9878 0.1341 -0.0797
vn -0.0000 1.0000 -0.0000
vn 0.2017 0.0001 -0.9794
vn -0.1668 0.9860 0.0063
vn 0.9701 -0.0250 -0.2413
vn 0.8991 0.2220 -0.3772
vn -0.2112 -0.1431 0.9669
vn 0.4276 -0.7534 0.4994
vn -0.1126 -0.9936 -0.0000
vn -0.1107 -0.9939 -0.0008
vn 0.0005 0.0044 -1.0000
vn -0.1358 -0.9900 0.0372
vn 0.0038 -0.0279 0.9996
vn 0.9997 0.0106 0.0213
vn -0.1010 0.6683 0.7370
vn -0.1469 -0.8135 0.5628
vn 0.0003 -1.0000 -0.0003
vn -0.8646 0.3539 -0.3566
vn -0.1028 0.9913 -0.0818
vn 0.1527 -0.9883 -0.0006
vn 0.1742 -0.9847 -0.0048
vn 0.2584 -0.9348 0.2438
vn 0.0232 0.9896 -0.1418
vn -0.0618 0.2995 -0.9521
vn -0.1138 -0.2978 -0.9478
vn 0.0412 -0.0169 -0.9990
vn 0.0003 -0.0074 1.0000
vn 0.0021 -1.0000 0.0015
vn 0.0892 0.9960 -0.0013
vn 0.6878 -0.2048 0.6964
vn 0.2206 -0.9747 -0.0369
vn 0.0246 0.9946 0.1005
vn 0.0996 0.9950 0.0004
vn 0.0801 0.9968 -0.0051
vn -0.0009 -1.0000 -0.0012
vn 0.1407 -0.2490 0.9582
vn -0.0594 0.0699 -0.9958
vn -0.0009 -0.0008 -1.0000
vn -0.0000 -0.0001 -1.0000
vn -0.0000 0.9707 0.2404
vn -0.0000 0.0267 0.9996
vn -0.0092 0.3740 -0.9274
vn 0.0339 0.7684 -0.6391
vn -0.0322 0.0541 -0.9980
vn -0.0344 0.9972 -0.0660
vn 0.0353 0.3733 0.9271
vn 0.2173 0.8545 0.4717
vn 0.0425 0.8885 0.4569
vn -0.0047 -0.6511 -0.7590
vn 0.0002 0.0003 -1.0000
vn 0.0048 -0.9984 -0.0570
vn 0.7480 -0.4396 0.4973
vn 0.9952 0.0768 -0.0602
vn 0.9888 0.1178 0.0917
vn 0.0014 1.0000 0.0063
vn 0.0888 -0.8246 0.5587
vn -0.0010 -1.0000 -0.0015
vn -0.0280 -0.5869 -0.8092
vn -0.0001 0.0008 -1.0000
vn 0.0028 -0.0220 0.9998
vn 0.1238 -0.9923 -0.0000
vn 0.1257 -0.9921 0.0009
vn 0.1257 -0.9917 0.0254
vn 0.0036 0.0060 -1.0000
vn -0.1040 0.9946 0.0027
vn -0.1167 0.9932 0.0004
vn 0.6253 -0.1328 0.7690
vn -0.1041 0.9946 -0.0046
vn -0.1167 -0.9932 0.0041
vn -0.1791 -0.9838 -0.0064
vn -0.2452 -0.9331 0.2632
vn -0.7496 0.4379 -0.4963
vn 0.0031 -0.1383 0.9904
vn -0.0003 -1.0000 -0.0004
vn 0.1102 -0.9859 0.1261
vn 0.0251 0.9987 0.0453
vn -0.4063 -0.9006 -0.1544
vn 0.1379 -0.6080 0.7819
vn -0.0611 0.3283 0.9426
vn 0.0913 0.5853 0.8056
vn -0.0300 0.8859 0.4629
vn 0.1698 0.9854 -0.0105
vn 0.1824 0.9832 0.0010
vn -0.3586 0.9031 0.2361
vn -0.1193 -0.6282 0.7689
vn 0.2058 -0.9784 -0.0204
vn -0.4001 -0.9032 -0.1555
vn 0.0339 -0.9981 0.0523
vn -0.2293 -0.0008 -0.9734
vn -0.0002 1.0000 0.0001
vn -0.2010 0.0237 -0.9793
vn -0.0580 0.9673 0.2471
vn -0.1134 -0.9661 0.2319
vn -0.2282 0.0361 0.9729
vn 0.8691 0.3753 0.3223
vn -0.0002 -1.0000 0.0037
vn 0.1316 -0.0665 -0.9891
vn -0.0516 0.0204 -0.9985
vn 0.6184 0.7859 -0.0026
vn -0.1871 0.7123 -0.6765
vn 0.5113 0.8592 -0.0177
vn -0.0008 -1.0000 0.0036
vn -0.1425 0.9897 0.0131
vn -0.1739 -0.9146 -0.3651
vn 0.0626 -0.1097 0.9920
vn -0.0220 -0.4567 0.8893
vn -0.4086 0.9127 0.0066
vn 0.4055 -0.9138 0.0230
vn -0.3501 0.4134 0.8406
vn -0.0063 -1.0000 -0.0047
vn -0.4000 0.9163 -0.0190
vn 0.4105 -0.9119 -0.0071
vn -0.0186 -0.9998 -0.0014
vn -0.3875 0.9219 -0.0033
vn -0.6248 -0.0986 -0.7745
vn -0.4405 -0.8977 0.0049
vn -0.2823 -0.9585 -0.0391
vn -0.1702 -0.9240 -0.3423
vn 0.2880 -0.9576 -0.0000
vn 0.2868 -0.9580 0.0002
vn 0.2955 -0.9552 0.0127
vn -0.2034 -0.8569 0.4736
vn 0.9524 0.2875 0.1011
vn -0.9828 0.0201 0.1835
vn 0.3127 -0.6984 0.6438
vn 0.3592 -0.5581 0.7480
vn -0.4575 0.8876 0.0538
vn -0.9372 -0.3411 -0.0724
vn -1.0000 0.0021 -0.0010
vn -1.0000 -0.0002 0.0007
vn 0.0403 -0.8292 -0.5575
vn -1.0000 0.0021 0.0006
vn -0.5835 0.8101 0.0582
vn -1.0000 0.0055 -0.0010
vn 0.0009 1.0000 -0.0001
vn -0.8921 -0.3450 -0.2919
vn -0.1400 -0.9791 -0.1474
vn -0.4009 -0.0197 -0.9159
vn -0.0002 1.0000 0.0003
vn 0.4060 -0.9138 0.0078
vn 0.4045 0.9146 -0.0008
vn 0.4067 0.9136 0.0004
vn 0.2833 0.6346 0.7190
vn -0.5745 -0.8185 -0.0043
vn -0.5364 -0.8435 0.0264
vn -0.0040 -0.0014 -1.0000
vn -0.0024 0.0060 -1.0000
vn 0.4074 -0.9132 0.0065
vn 0.3992 -0.9169 -0.0002
vn 0.3991 -0.9168 0.0099
vn 0.3909 -0.9204 -0.0038
vn 0.4016 -0.9158 -0.0009
vn 0.3678 -0.9298 -0.0153
vn 0.0001 -1.0000 0.0036
vn -0.3199 -0.0842 0.9437
vn -0.5369 0.1090 -0.8366
vn -0.1163 0.9658 -0.2316
vn -0.4417 0.0189 0.8970
vn -0.1462 -0.9736 0.1754
vn -0.0001 -1.0000 -0.0038
vn -0.0341 -0.2561 -0.9660
vn -0.0686 -0.5364 -0.8412
vn -0.0030 -1.0000 -0.0005
vn 0.0029 1.0000 0.0040
vn 0.4386 0.1514 -0.8858
vn 0.3342 -0.0241 -0.9422
vn 0.4091 0.8641 -0.2933
vn -0.3577 0.8202 0.4465
vn 0.3108 0.7234 -0.6166
vn -0.0010 -1.0000 -0.0012
vn 0.7322 0.6697 0.1240
vn -0.5361 -0.8430 0.0440
vn -0.5632 -0.8263 -0.0042
vn -0.5402 0.7609 0.3596
vn -0.5151 -0.6563 0.5513
vn -0.5650 0.8251 -0.0031
vn -0.4382 0.8986 -0.0229
vn 0.0010 -0.0016 -1.0000
vn 0.0014 0.0007 -1.0000
vn -0.5451 0.8384 -0.0070
vn 0.0086 1.0000 0.0006
vn -0.0540 0.0447 -0.9975
vn -0.5768 -0.8169 -0.0017
vn 0.5592 0.6128 -0.5583
vn 0.5646 -0.8253 -0.0009
vn 0.4327 -0.9015 0.0062
vn 0.5646 -0.8253 -0.0094
vn -0.2610 -0.8644 0.4296
vn -0.0979 -0.9664 -0.2377
vn 0.5373 -0.6566 0.5293
vn 0.3478 0.4288 0.8338
vn 0.5445 -0.8387 0.0028
vn -0.0578 0.3280 0.9429
vn 0.1598 0.1082 0.9812
vn -0.3463 0.9331 -0.0973
vn 0.5651 -0.8250 0.0060
vn 0.5804 -0.8143 -0.0094
vn 0.5655 -0.8248 -0.0029
vn -0.0856 0.9959 0.0307
vn 0.5823 0.8130 -0.0005
vn 0.5198 0.5922 0.6157
vn 0.5369 0.8431 0.0304
vn 0.0012 -0.0014 -1.0000
vn -0.6436 0.7653 0.0005
vn 0.0046 1.0000 0.0007
vn 0.0357 0.9994 0.0023
vn -0.0271 0.9995 -0.0144
vn 0.0271 0.9996 -0.0033
vn 0.0287 0.9995 0.0154
vn 0.0102 0.9999 0.0031
vn -0.1439 -0.8582 -0.4928
vn -0.0006 -1.0000 0.0035
vn -0.6179 0.0206 -0.7860
vn -0.4194 0.7958 0.4369
vn -0.6365 0.0094 0.7713
vn 0.0155 -0.0426 -0.9990
vn 0.8443 -0.3224 -0.4281
vn 0.0225 0.6281 0.7778
vn -0.6982 0.7159 -0.0000
vn -0.2151 0.5298 0.8204
vn -0.0067 0.0319 0.9995
vn 0.0011 -0.0010 -1.0000
vn 0.0011 -0.0014 -1.0000
vn -0.7303 0.6831 0.0008
vn -0.0213 0.0176 -0.9996
vn -0.0024 -0.0437 -0.9990
vn -0.4264 0.4468 0.7865
vn -0.8103 0.5860 -0.0058
vn -0.7919 -0.6106 -0.0011
vn -0.1131 -0.1761 -0.9779
vn 0.1421 0.0265 0.9895
vn -0.8018 0.5976 -0.0040
vn -0.4486 -0.1615 0.8790
vn -0.0042 -1.0000 0.0012
vn -0.8028 -0.5962 -0.0037
vn 0.0033 0.0306 -0.9995
vn -0.8503 -0.4569 0.2612
vn 0.2138 0.9371 0.2760
vn 0.1665 0.9860 0.0004
vn 0.0014 -0.0098 1.0000
vn -0.7565 0.6069 -0.2435
vn 0.0091 1.0000 0.0014
vn -0.4424 -0.7859 0.4319
vn -0.4288 -0.8493 0.3078
vn 0.6652 0.7467 0.0015
vn 0.7087 0.7042 -0.0430
vn 0.5280 -0.0164 0.8491
vn 0.1241 -0.0824 0.9888
vn -0.6330 -0.7531 -0.1794
vn 0.5260 0.8505 0.0047
vn 0.4641 0.8830 0.0708
vn 0.5996 0.7777 0.1887
vn 0.0012 -0.0008 -1.0000
vn 0.7110 -0.7032 -0.0012
vn 0.6740 0.7388 -0.0000
vn 0.8422 0.5391 0.0060
vn 0.6739 0.7386 -0.0175
vn 0.9948 0.0045 0.1019
vn 0.7421 -0.6702 0.0063
vn 0.7466 -0.6650 -0.0181
vn 0.7204 -0.6936 -0.0002
vn 0.8241 0.5275 0.2064
vn 0.6884 0.7252 -0.0164
vn 0.5875 0.8092 -0.0008
vn 0.5374 0.0887 0.8387
vn 0.6604 -0.6161 0.4293
vn 0.9842 0.1769 0.0001
vn 0.9651 0.1735 0.1960
vn -0.6530 0.4445 -0.6132
vn 0.9833 0.1821 -0.0000
vn 1.0000 0.0003 -0.0001
vn 1.0000 0.0001 -0.0000
vn 1.0000 -0.0000 -0.0000
vn 1.0000 0.0013 0.0006
vn 0.9893 -0.0426 0.1398
vn -0.3804 0.8966 -0.2269
vn -0.7958 0.0327 -0.6047
vn -0.7539 -0.3228 0.5722
vn -0.7964 0.0177 0.6045
vn -0.7133 -0.0882 0.6953
vn -0.0004 -0.0037 -1.0000
vn -0.0002 -0.0014 -1.0000
vn -0.8875 0.4608 0.0021
vn -0.2958 -0.8447 0.4462
vn -0.6789 0.3384 0.6516
vn 0.6157 0.1161 -0.7794
vn 0.5742 0.0020 -0.8187
vn -0.0060 -1.0000 -0.0039
vn 0.9464 0.3230 -0.0050
vn -0.8642 -0.5032 -0.0000
vn -0.1616 0.9283 -0.3348
vn -0.9328 -0.3605 -0.0042
vn -0.9092 -0.4163 -0.0002
vn -0.9305 -0.3604 -0.0658
vn -0.0107 -0.0049 0.9999
vn 0.7928 0.6095 0.0067
vn -0.9338 -0.3578 0.0057
vn 0.8945 0.4470 0.0104
vn 0.8641 0.5031 0.0157
vn -0.1834 -0.8608 -0.4748
vn 0.8365 0.0489 0.5457
vn 0.0034 -0.0017 -1.0000
vn 0.8151 0.5794 -0.0018
vn -0.7313 -0.3897 0.5597
vn -0.1097 -0.1881 -0.9760
vn -0.0007 -0.0017 -1.0000
vn 0.0020 0.0003 -1.0000
vn 0.5329 -0.2687 0.8024
vn 0.6655 -0.4090 0.6243
vn 0.1668 0.1600 0.9729
vn 0.0734 -0.9970 0.0241
vn -0.5540 0.8165 -0.1628
vn -0.9322 0.3619 -0.0044
vn -0.7930 0.3189 0.5190
vn 0.0047 0.0019 -1.0000
vn -0.9604 0.2786 0.0019
vn -0.8245 -0.2974 -0.4813
vn 0.0020 0.9593 0.2822
vn -0.1616 -0.9567 -0.2421
vn 0.8414 -0.5404 -0.0011
vn -0.7141 0.6552 -0.2464
vn -0.2928 -0.9503 0.1053
vn -0.0177 -0.9998 0.0034
vn -0.5583 -0.8116 0.1722
vn -0.0096 1.0000 -0.0029
vn -0.9924 0.1231 -0.0031
vn -0.9889 0.1227 0.0840
vn 0.8798 -0.4753 0.0008
vn 0.9035 -0.4284 0.0111
vn 0.8857 -0.4642 -0.0064
vn 0.6106 0.2134 0.7626
vn 0.0016 0.0006 -1.0000
vn 0.8986 0.4388 0.0052
vn 0.1969 0.9729 0.1215
vn -0.9541 -0.0029 -0.2996
vn -0.9915 -0.1304 0.0012
vn -0.9929 -0.1191 -0.0050
vn -0.9952 -0.0976 -0.0046
vn -0.8012 0.0370 0.5972
vn 0.9935 -0.1135 -0.0133
vn 0.3093 -0.7020 -0.6416
vn -0.9950 0.1002 0.0005
vn -0.9956 0.0933 -0.0010
vn -0.9959 0.0908 -0.0011
vn -0.9996 0.0092 0.0280
vn 0.0487 -0.9792 -0.1969
vn 0.7839 0.0094 -0.6208
vn -0.5478 -0.0333 0.8359
vn -0.8617 -0.0660 -0.5032
vn -0.9120 0.0211 -0.4096
vn -0.6707 0.6790 0.2986
vn -0.9133 0.0210 0.4066
vn 0.0044 -1.0000 -0.0032
vn 0.7340 -0.1710 0.6573
vn 0.9193 0.3936 -0.0001
vn 0.9738 -0.2274 -0.0049
vn 0.9690 -0.2469 -0.0013
vn 0.5232 0.0031 0.8522
vn 0.6906 0.1488 0.7078
vn 0.9696 0.2446 -0.0001
vn 0.9730 -0.2306 0.0069
vn 0.9749 0.2222 -0.0163
vn 0.9785 0.2061 0.0089
vn 0.9804 0.1971 0.0013
vn 0.9963 -0.0792 -0.0325
vn 0.8707 -0.1588 -0.4655
vn 0.0518 0.2574 -0.9649
vn -0.2105 -0.9565 0.2020
vn 0.9449 0.1057 0.3099
vn 0.8892 0.2688 0.3703
vn 0.9980 -0.0632 0.0070
vn 0.9803 0.1967 -0.0159
vn 0.9707 0.2391 0.0216
vn 0.9717 0.2362 -0.0008
vn 0.9808 0.1950 0.0067
vn -0.9881 0.0169 -0.1531
vn -0.1758 0.9837 0.0365
vn -0.9883 0.0548 0.1422
vn -0.9509 -0.0726 0.3008
vn 0.7475 -0.3012 -0.5920
vn 0.8468 0.1127 -0.5198
vn 0.7467 -0.3250 -0.5804
vn -0.0162 -0.9996 0.0233
vn 0.0135 -0.9998 0.0172
vn 0.9035 -0.0003 -0.4286
vn 0.8430 0.0591 0.5347
vn 0.1793 0.9823 0.0541
vn 0.9862 -0.1611 -0.0375
vn 0.9978 -0.0660 0.0003
vn 0.9968 -0.0390 -0.0694
vn -0.0457 -0.9982 -0.0395
vn -0.9940 -0.0384 -0.1027
vn 0.9996 -0.0247 -0.0134
vn -0.0804 -0.9967 0.0093
vn 0.1720 0.9840 0.0473
vn 0.9212 -0.1206 0.3699
vn 0.9756 -0.0003 0.2196
vn 0.9925 0.0100 -0.1222
vn 0.9931 0.0032 -0.1172
vn -0.9974 -0.0689 -0.0189
vn -0.9862 0.0443 -0.1594
vn -0.0001 0.0035 1.0000
vn -0.9965 0.0301 0.0776
vn -0.0018 -0.0013 1.0000
vn -0.9793 0.2006 -0.0267
vn -0.9756 -0.2172 0.0321
vn -0.0001 0.0001 -1.0000
vn -0.9201 -0.3916 0.0009
vn -0.9189 -0.3946 -0.0006
vn -0.8850 0.4633 0.0467
vn -0.8679 0.4966 0.0127
vn 0.0808 -0.9929 0.0874
vn -0.0000 0.0001 1.0000
vn -0.7799 -0.6197 0.0879
vn -0.8464 -0.5326 0.0035
vn -0.0000 -0.0014 -1.0000
vn -0.4545 0.8742 -0.1706
vn -0.7299 0.6834 -0.0136
vn -0.7784 -0.6256 -0.0524
vn -0.7248 -0.6890 0.0001
vn -0.0000 -0.0001 1.0000
vn 0.4961 -0.8679 -0.0243
vn -0.5412 0.8409 0.0048
vn 0.0001 -0.0000 1.0000
vn -0.6253 0.7663 -0.1476
vn -0.5849 -0.8111 -0.0052
vn -0.5257 0.8506 -0.0101
vn 0.4753 -0.8798 -0.0109
vn 0.4612 -0.8872 -0.0139
vn -0.4967 0.8679 -0.0000
vn -0.0002 0.0002 1.0000
vn -0.5183 -0.8546 0.0323
vn -0.4552 0.8898 0.0315
vn -0.3728 0.9276 0.0228
vn -0.3134 0.9491 -0.0309
vn -0.0131 -0.0726 -0.9973
vn -0.3113 -0.9502 -0.0151
vn -0.0055 -0.0307 -0.9995
vn -0.0001 -0.0000 1.0000
vn 0.5994 -0.7970 -0.0748
vn 0.0002 0.0001 1.0000
vn -0.1398 -0.9783 0.1527
vn -0.2299 -0.9729 0.0264
vn -0.0112 -0.0485 -0.9988
vn 0.9705 -0.2410 -0.0000
vn 0.9676 0.2525 -0.0000
vn 0.9396 -0.3416 0.0206
vn 0.7730 0.6344 -0.0000
vn 0.7729 0.6345 -0.0000
vn -0.0302 0.9995 -0.0106
vn 0.3817 0.9243 -0.0000
vn 0.5056 0.8626 0.0193
vn -0.0385 -0.9990 0.0208
vn 0.0343 0.9994 -0.0095
vn 0.0127 -0.9999 -0.0039
vn 0.3181 -0.9473 -0.0380
vn 0.1942 -0.9810 0.0033
vn -0.2763 0.9597 0.0510
vn 0.0003 -0.0000 1.0000
vn -0.0001 -0.0002 -1.0000
vn 0.0514 0.9976 0.0458
vn 0.0321 0.9993 0.0202
vn -0.4818 -0.8760 0.0208
vn -0.7701 0.6378 0.0078
vn 0.8355 0.5476 0.0462
vn -0.8315 -0.5556 -0.0000
vn 0.1896 -0.9819 0.0005
vn -0.8328 -0.5534 -0.0136
vn -0.8772 0.4789 0.0352
vn -0.9992 0.0354 -0.0189
vn 0.0004 -0.0004 -1.0000
vn -0.0000 0.0001 -1.0000
vn -0.9808 -0.1951 -0.0000
vn 0.1196 0.9926 0.0227
vn 0.2229 0.3238 0.9195
vn -0.3177 -0.9482 -0.0012
vn 0.2869 0.9579 -0.0103
vn 0.0501 -0.0772 -0.9958
vn 0.2097 -0.9777 0.0078
vn 0.3478 -0.9376 -0.0000
vn 0.3285 0.9441 0.0276
vn 0.0521 -0.0087 0.9986
vn 0.3947 -0.9187 0.0141
vn 0.0105 -0.0475 0.9988
vn 0.4639 0.8859 0.0008
vn 0.0271 -0.0474 -0.9985
vn 0.4718 -0.8815 0.0192
vn 0.4967 -0.8679 -0.0000
vn -0.4635 0.8860 -0.0130
vn 0.0706 0.0934 -0.9931
vn 0.0430 0.0496 -0.9978
vn -0.6074 -0.7939 -0.0288
vn 0.6028 0.7979 0.0001
vn -0.4549 -0.8905 0.0004
vn 0.6324 0.7561 -0.1686
vn 0.6720 -0.7403 -0.0176
vn -0.4735 -0.8494 0.2330
vn 0.0028 -0.0017 -1.0000
vn 0.6084 0.7927 0.0386
vn 0.0002 0.0003 1.0000
vn 0.6183 -0.7837 -0.0595
vn 0.7539 0.6557 -0.0416
vn 0.7254 0.6883 -0.0079
vn 0.0806 -0.0090 0.9967
vn 0.7476 -0.6641 0.0094
vn -0.0004 -0.0000 1.0000
vn -0.0570 -0.0091 0.9983
vn 0.0044 0.0319 -0.9995
vn -0.8487 0.5288 0.0065
vn 0.8406 -0.5416 -0.0102
vn -0.0621 0.0345 0.9975
vn 0.1446 -0.0747 -0.9867
vn -0.0001 0.0002 1.0000
vn 0.8707 0.4896 -0.0471
vn 0.8793 0.4753 -0.0295
vn 0.8735 -0.4857 0.0336
vn 0.9234 0.3826 0.0323
vn 0.9275 -0.3738 -0.0015
vn 0.9775 0.2087 -0.0296
vn 0.9718 -0.2348 0.0207
vn 0.9788 -0.0917 0.1830
vn 0.0838 0.0041 -0.9965
vn 0.9969 -0.0603 -0.0498
vn 0.9999 0.0109 0.0022
vn -0.9970 0.0769 -0.0000
vn -0.9942 -0.1076 -0.0000
vn -0.9659 0.2588 0.0014
vn -0.9695 0.2451 -0.0000
vn -0.9698 0.2438 0.0005
vn -0.9575 -0.2884 -0.0000
vn -0.0512 0.3168 -0.9471
vn -0.3021 -0.0910 -0.9489
vn -0.9019 0.4319 -0.0003
vn -0.9032 0.4293 -0.0000
vn -0.8882 -0.4595 -0.0000
vn -0.2554 -0.1321 -0.9578
vn -0.8072 0.5903 -0.0000
vn -0.4917 0.6475 -0.5822
vn -0.7886 -0.6149 -0.0000
vn 0.1995 -0.1225 -0.9722
vn 0.1348 -0.7789 -0.6125
vn -0.6850 0.7285 -0.0000
vn -0.6622 -0.7493 -0.0000
vn 0.8243 0.3345 0.4567
vn -0.5395 0.8420 -0.0000
vn -0.5133 -0.8582 -0.0000
vn -0.3756 0.9268 -0.0000
vn -0.3468 -0.9379 -0.0000
vn 0.3094 0.9509 -0.0002
vn 0.3375 0.9390 -0.0659
vn 0.9956 0.0691 0.0627
vn 0.5111 -0.7934 -0.3306
vn 0.8283 0.5573 -0.0574
vn -0.1989 0.9800 -0.0000
vn -0.1683 -0.9857 0.0022
vn -0.2292 -0.9734 -0.0000
vn -0.1894 -0.9819 -0.0063
vn 0.7092 0.7046 0.0236
vn -0.1385 -0.9904 -0.0000
vn 0.2783 -0.9600 0.0323
vn 0.3847 0.9230 -0.0033
vn 0.9763 -0.2165 -0.0001
vn 0.9763 -0.2164 0.0001
vn 0.9659 -0.2588 -0.0000
vn 0.9826 0.1859 -0.0000
vn 0.9686 -0.2485 -0.0004
vn 0.8046 0.5938 -0.0000
vn 0.7580 -0.6523 0.0002
vn 0.7608 -0.6490 -0.0000
vn -0.0154 0.9999 -0.0000
vn 0.4673 0.8841 -0.0000
vn 0.4502 0.8929 -0.0007
vn 0.3999 -0.9166 -0.0000
vn 0.3634 0.9315 -0.0140
vn 0.0154 -0.9999 -0.0000
vn 0.1240 0.9923 0.0016
vn 0.0350 0.9994 -0.0000
vn -0.0374 -0.9993 -0.0000
vn -0.2271 0.9739 -0.0000
vn -0.4955 -0.8686 -0.0000
vn -0.5305 -0.8477 0.0019
vn -0.6139 0.7894 -0.0000
vn 0.1678 0.9858 -0.0000
vn 0.1686 0.9857 -0.0001
vn 0.1989 -0.9800 -0.0000
vn -0.8880 0.4598 -0.0000
vn -0.8829 0.4696 0.0004
vn -0.8967 -0.4427 -0.0018
vn -0.9140 -0.4058 -0.0000
vn -0.9990 0.0458 -0.0001
vn -0.9988 0.0485 -0.0000
vn 0.3459 0.9383 0.0001
vn 0.3468 0.9379 -0.0000
vn 0.3756 -0.9268 -0.0000
vn 0.5133 0.8582 -0.0000
vn 0.5395 -0.8420 -0.0000
vn 0.6622 0.7493 -0.0000
vn 0.6850 -0.7285 -0.0000
vn 0.7886 0.6149 -0.0000
vn 0.8072 -0.5903 -0.0000
vn 0.8882 0.4595 -0.0000
vn 0.9019 -0.4319 -0.0000
vn 0.9575 0.2884 -0.0000
vn 0.9942 0.1076 -0.0000
vn 0.9970 -0.0769 -0.0000
vn -0.0002 -0.0000 1.0000
vn -0.9648 -0.2530 0.0716
vn -0.9744 -0.2249 -0.0000
vn -0.0001 0.0004 1.0000
vn -0.0003 0.0004 -1.0000
vn -0.0002 -0.0001 -1.0000
vn -0.9362 0.3273 -0.1282
vn -0.9055 0.3992 0.1440
vn -0.8523 -0.5231 -0.0000
vn -0.8348 -0.5464 0.0670
vn 0.0001 -0.0002 -1.0000
vn -0.0001 -0.0000 -1.0000
vn -0.5495 0.8201 -0.1593
vn -0.4393 -0.8948 -0.0798
vn -0.3486 -0.9262 0.1434
vn -0.0001 -0.0001 1.0000
vn -0.0001 -0.0001 -1.0000
vn -0.0002 0.0001 -1.0000
vn -0.3758 0.8921 0.2509
vn 0.9204 -0.0029 -0.3910
vn 0.7908 0.5540 0.2601
vn -0.1973 -0.9799 -0.0302
vn 0.0009 -0.0003 -1.0000
vn -0.1003 0.9754 -0.1962
vn 0.0003 0.0001 -1.0000
vn -0.1742 0.9820 0.0725
vn 0.9929 0.0105 0.1186
vn 0.3639 -0.8991 0.2433
vn -0.4121 0.8921 -0.1855
vn -0.2102 -0.9634 -0.1663
vn -0.0004 0.0001 -1.0000
vn 0.0001 -0.0000 -1.0000
vn -0.6878 -0.7215 0.0794
vn -0.2597 -0.9580 -0.1216
vn 0.1708 -0.9698 0.1742
vn 0.0012 0.0003 1.0000
vn -0.5298 0.8459 -0.0612
vn 0.0001 -0.0001 -1.0000
vn -0.0001 -0.0003 -1.0000
vn 0.1703 0.9822 0.0786
vn 0.1687 0.9823 0.0815
vn 0.0010 -0.0003 1.0000
vn -0.0004 0.0009 1.0000
vn -0.0005 -0.0012 1.0000
vn -0.9906 -0.1128 -0.0777
vn -0.9842 -0.1484 -0.0961
vn 0.0002 -0.0004 -1.0000
vn 0.0003 0.0007 -1.0000
vn 0.4348 0.8992 -0.0481
vn 0.4953 -0.8686 0.0152
vn 0.4083 -0.8891 -0.2071
vn 0.4867 0.8701 0.0774
vn 0.8247 -0.5590 0.0858
vn 0.8279 0.5550 0.0808
vn 0.8350 0.5472 0.0587
vn 0.0962 -0.8110 0.5770
vn -0.1350 0.8485 -0.5117
vn 0.1115 -0.8839 0.4541
vn 0.8805 -0.4429 -0.1690
vn 0.9516 0.2795 0.1277
vn 0.9853 -0.1331 0.1074
vn 0.9856 -0.1608 0.0531
vn 0.9843 0.1560 -0.0821
vn 0.9849 0.1635 -0.0563
vn 0.9979 0.0636 -0.0150
vn 0.9855 0.1464 0.0854
vn 0.9963 -0.0856 -0.0115
vn 0.9958 -0.0908 -0.0125
vn 0.9955 0.0926 -0.0217
vn 0.1341 0.5260 -0.8399
vn 0.0991 0.6322 -0.7684
vn -0.0380 -0.6370 -0.7699
vn 0.1952 -0.2117 0.9576
vn 0.9987 -0.0510 -0.0071
vn 0.9766 0.2150 -0.0111
vn 0.0095 -0.2289 0.9734
vn 0.1569 0.0580 0.9859
vn 0.3006 -0.8658 0.4001
vn 0.9984 0.0548 -0.0164
vn 0.9989 0.0424 -0.0194
vn 0.9995 -0.0262 -0.0151
vn 0.9945 -0.0953 -0.0435
vn 0.9950 -0.0993 -0.0109
vn 0.9905 0.1356 -0.0249
vn -0.0087 0.0133 0.9999
vn 0.9990 -0.0448 0.0053
vn 0.9770 -0.2129 -0.0089
vn 0.9828 -0.1844 0.0143
vn 0.9729 0.2308 -0.0127
vn 0.9888 0.1488 -0.0076
vn 0.9917 0.1273 -0.0185
vn -0.1079 -0.0047 -0.9941
vn 0.9681 0.2505 -0.0043
vn -0.9920 0.1257 0.0145
vn -0.0009 -1.0000 -0.0005
vn -0.0089 1.0000 0.0035
vn -0.0029 1.0000 -0.0000
vn -0.0000 -1.0000 -0.0000
vn 0.0001 0.0003 1.0000
vn 0.9767 -0.2144 0.0114
vn 0.9758 -0.2126 0.0506
vn -0.9951 0.0966 0.0213
vn -0.0002 1.0000 -0.0000
vn -0.2791 -0.0995 0.9551
vn -0.9876 0.1559 -0.0195
vn -0.9968 0.0791 0.0121
vn -0.9832 -0.1811 0.0225
vn -0.2583 -0.9507 0.1715
vn -0.0036 0.9841 -0.1777
vn -0.0003 -0.0000 1.0000
vn -0.9866 -0.1616 0.0242
vn -0.9848 -0.1736 0.0088
vn -0.0000 0.0002 -1.0000
vn 0.9470 0.3211 -0.0113
vn -0.9970 0.0383 -0.0680
vn -0.3868 0.8312 0.3994
vn -0.9820 -0.1883 0.0121
vn 0.0362 0.5303 0.8470
vn -0.2520 0.2982 -0.9206
vn -0.0362 -0.5646 0.8246
vn 0.0505 -0.8910 0.4512
vn -0.9959 0.0903 -0.0081
vn -0.6571 0.1483 0.7391
vn -0.0003 0.0001 1.0000
vn -0.0004 -0.0001 1.0000
vn 0.9379 -0.3456 0.0292
vn 0.9917 0.1288 0.0010
vn 0.9624 0.2715 0.0014
vn 0.9565 0.2907 0.0239
vn 0.9782 0.2076 -0.0040
vn -0.3785 0.4233 -0.8232
vn -0.0998 0.8312 0.5470
vn 0.0252 -0.9974 -0.0674
vn -0.9319 -0.1729 0.3189
vn 0.9782 0.2076 0.0085
vn -0.1655 0.5062 0.8464
vn 0.9916 0.1245 -0.0341
vn -0.4127 -0.4129 -0.8119
vn -0.9839 -0.1785 0.0104
vn -0.9884 -0.1481 0.0351
vn -0.0026 0.0010 -1.0000
vn -0.0083 -0.1388 0.9903
vn 0.9922 0.1197 0.0352
vn 0.9606 -0.2752 0.0382
vn 0.1270 0.8302 -0.5428
vn -0.0327 0.0046 0.9995
vn -0.9806 0.1957 0.0120
vn -0.9998 0.0087 0.0183
vn -0.0188 -0.9998 -0.0047
vn -0.0038 0.0036 1.0000
vn -0.0022 1.0000 0.0005
vn -0.0014 1.0000 -0.0004
vn 0.0002 0.0002 -1.0000
vn -0.9970 0.0774 -0.0033
vn -0.9979 0.0586 0.0272
vn -0.9982 0.0006 0.0605
vn -0.9943 0.0266 -0.1034
vn 0.2257 -0.1682 0.9596
vn -0.9963 0.0623 0.0584
vn 0.9986 -0.0317 -0.0427
vn -0.0000 1.0000 0.0004
vn -0.0000 -1.0000 -0.0016
vn -0.0056 0.0046 1.0000
vn -0.9939 0.1099 0.0034
vn -0.0000 1.0000 0.0002
vn -0.0003 1.0000 -0.0001
vn -0.9954 -0.0929 0.0252
vn 0.0001 0.9553 -0.2956
vn -0.0000 -0.0037 -1.0000
vn -0.0010 -0.0003 -1.0000
vn -0.9919 -0.1263 0.0139
vn 0.1118 0.9454 0.3060
vn -0.9952 -0.0935 0.0291
vn -0.2249 0.3457 -0.9110
vn -0.1688 0.5613 -0.8102
vn -0.1708 0.5416 -0.8231
vn -0.9967 -0.0667 -0.0464
vn -0.8645 0.2434 0.4398
vn 0.2278 0.1353 0.9643
vn 0.9043 -0.4268 0.0046
vn 0.9323 -0.3563 0.0624
vn -0.0007 -0.0021 1.0000
vn -0.2237 -0.3498 -0.9097
vn -0.9922 -0.1242 0.0126
vn -0.9701 0.2395 -0.0386
vn -0.9921 0.1253 -0.0002
vn 0.1974 -0.4562 0.8677
vn 0.2000 -0.4692 0.8602
vn 0.9080 0.4188 0.0139
vn 0.9866 0.1603 0.0304
vn -0.0113 0.0331 -0.9994
vn -0.9939 -0.1100 0.0050
vn 0.2204 0.2591 0.9404
vn 0.2238 0.2758 0.9348
vn 0.9821 0.1780 0.0624
vn 0.9647 0.2601 0.0411
vn 0.0018 0.0009 -1.0000
vn 0.0283 0.0121 -0.9995
vn 0.1500 0.9840 -0.0961
vn 0.0926 0.9503 -0.2972
vn -0.9607 0.2746 -0.0415
vn -0.9620 0.2706 -0.0351
vn -0.9477 0.3190 0.0064
vn 0.9652 0.2602 0.0243
vn 0.9318 -0.3605 0.0423
vn -0.9823 -0.1855 0.0248
vn -0.0086 0.0041 -1.0000
vn 0.9298 -0.3668 0.0299
vn -0.0000 -1.0000 -0.0004
vn 0.9403 0.3350 0.0601
vn -0.9874 -0.1547 -0.0327
vn -0.9841 -0.1776 -0.0104
vn -0.0003 -1.0000 -0.0000
vn -0.9838 -0.1793 -0.0075
vn 0.0326 0.8123 0.5823
vn 0.8609 -0.5080 0.0287
vn 0.1732 -0.6189 0.7661
vn 0.9026 -0.4289 0.0377
vn 0.9270 -0.3706 0.0568
vn -0.3702 0.1856 0.9102
vn -0.0004 0.0003 1.0000
vn -0.9770 0.2130 -0.0093
vn 0.1727 -0.6494 0.7405
vn 0.9310 0.3646 0.0168
vn -0.1929 -0.4755 -0.8583
vn 0.9056 -0.4213 0.0487
vn -0.1916 -0.5019 -0.8434
vn 0.9805 -0.1966 -0.0012
vn -0.1895 0.6105 -0.7690
vn 0.8993 -0.3988 -0.1795
vn -0.9538 -0.2991 0.0288
vn -0.9128 -0.4060 -0.0437
vn 0.0001 -0.0001 1.0000
vn -0.1749 -0.6058 -0.7762
vn -0.9858 -0.1648 -0.0311
vn 0.9005 0.4335 0.0343
vn 0.8947 0.4460 0.0268
vn -0.9843 -0.1664 -0.0586
vn 0.9675 0.1847 0.1725
vn 0.9514 0.2998 0.0704
vn 0.1750 0.5900 0.7882
vn 0.1749 0.5953 0.7843
vn -0.0702 0.9953 -0.0664
vn -0.9062 0.4228 -0.0095
vn -0.9759 -0.2149 -0.0388
vn -0.9822 -0.1811 -0.0507
vn 0.0403 0.9991 -0.0130
vn 0.8983 -0.4374 0.0418
vn 0.0042 -0.0020 -1.0000
vn 0.0093 0.9508 -0.3098
vn -0.9727 -0.2237 -0.0614
vn -0.9518 -0.3061 -0.0210
vn 0.0464 0.9988 -0.0141
vn 0.9191 0.3895 0.0587
vn -0.9255 0.3702 -0.0803
vn -0.1379 -0.0085 -0.9904
vn 0.8730 0.3828 -0.3022
vn -0.9323 0.3612 -0.0189
vn -0.9969 0.0245 -0.0743
vn 0.1043 -0.8834 0.4569
vn -0.9172 0.3924 -0.0687
vn -0.2321 0.9686 0.0887
vn 0.8939 -0.4451 0.0534
vn -0.9077 0.4184 -0.0317
vn -0.0005 0.0001 -1.0000
vn 0.0002 -0.0001 1.0000
vn 0.0056 -0.9996 0.0259
vn 0.8683 -0.4932 0.0535
vn -0.0649 -0.4020 0.9133
vn -0.9125 -0.4054 -0.0538
vn 0.0012 0.0001 -1.0000
vn -0.9051 -0.4249 0.0131
vn 0.0719 0.4569 -0.8866
vn -0.1741 -0.9839 -0.0411
vn -0.9162 0.3984 -0.0421
vn 0.0681 0.9965 0.0491
vn -0.8775 -0.4783 0.0345
vn -0.0430 0.9990 -0.0148
vn -0.0138 0.6583 0.7526
vn -0.0000 -1.0000 0.0005
vn -0.0000 -1.0000 0.0002
vn 0.8332 -0.5099 -0.2142
vn -0.3090 -0.8929 0.3274
vn -0.0021 -0.0000 -1.0000
vn 0.8212 -0.5684 0.0510
vn 0.8351 -0.5462 0.0650
vn -0.8685 0.3217 0.3770
vn 0.8876 0.4580 0.0495
vn 0.9190 0.3896 0.0602
vn -0.8735 0.4780 -0.0921
vn -0.8789 0.4768 -0.0124
vn -0.3111 0.9450 0.1011
vn -0.9971 0.0180 -0.0734
vn -0.9965 0.0416 -0.0726
vn -0.6864 -0.7198 0.1040
vn -0.0051 -0.0048 1.0000
vn -0.9139 0.3570 -0.1933
vn -0.0462 0.9987 -0.0222
vn -0.9122 0.2816 0.2978
vn 0.8389 -0.5403 0.0656
vn 0.0004 -0.0000 1.0000
vn -0.9009 0.4341 0.0053
vn -0.8601 0.5083 -0.0431
vn -0.3188 -0.2098 0.9243
vn -0.0004 0.0012 1.0000
vn 0.3764 0.9024 -0.2096
vn 0.7873 -0.6153 0.0408
vn -0.8961 0.4166 0.1534
vn -1.0000 -0.0000 -0.0000
vn 0.0005 0.0001 -1.0000
vn -0.3182 -0.9136 0.2532
vn -0.0311 0.2342 -0.9717
vn 0.0001 -0.0006 -1.0000
vn -0.0003 0.0001 -1.0000
vn -0.9799 0.0347 0.1966
vn -0.9784 -0.0000 0.2066
vn -0.7715 -0.5847 0.2507
vn 0.8193 -0.5708 0.0539
vn 0.8898 0.4555 0.0264
vn 0.7730 -0.6328 0.0447
vn 0.7988 -0.6013 0.0166
vn -0.0000 -0.0011 1.0000
vn 0.0001 -1.0000 -0.0000
vn -0.8443 0.5352 -0.0277
vn -0.8618 0.5021 -0.0725
vn 0.0016 0.0419 -0.9991
vn -0.8069 -0.5173 -0.2852
vn -0.0175 0.9948 0.1002
vn -0.0003 1.0000 -0.0000
vn -0.2550 -0.9658 -0.0473
vn 0.0981 0.9952 0.0072
vn -0.3740 -0.9264 0.0441
vn -0.3042 -0.9510 0.0549
vn 0.7691 -0.6358 0.0656
vn 0.4198 0.8424 0.3378
vn -0.1654 -0.6761 -0.7180
vn -0.0009 0.0002 -1.0000
vn -0.8811 -0.4708 -0.0447
vn 0.0144 0.9997 0.0192
vn -0.1985 -0.0000 0.9801
vn -0.1129 -0.2689 0.9565
vn -0.0446 -0.9989 -0.0167
vn -0.0001 -1.0000 -0.0000
vn 0.3237 0.2377 0.9158
vn 0.0096 1.0000 0.0004
vn -0.9212 0.3801 -0.0836
vn -0.9983 -0.0242 -0.0528
vn -0.7905 0.6125 0.0022
vn -0.6990 0.7147 -0.0237
vn -0.9272 -0.3580 0.1106
vn 0.3527 0.9331 0.0697
vn 0.0514 0.9912 0.1217
vn 0.6651 -0.7450 0.0513
vn 0.0001 1.0000 -0.0003
vn -0.0019 -1.0000 -0.0042
vn -0.6632 -0.6385 0.3905
vn -0.3549 0.9342 0.0355
vn 0.7192 -0.6861 0.1096
vn -0.1463 0.9832 0.1087
vn 0.2544 0.9430 -0.2143
vn 0.3280 0.9446 -0.0122
vn 0.7541 -0.4759 -0.4526
vn 0.2520 0.8116 -0.5271
vn -0.7606 0.6450 -0.0742
vn -0.7205 0.6905 -0.0643
vn 0.7234 -0.6870 0.0688
vn 0.0085 0.1453 -0.9893
vn -0.0009 0.0002 1.0000
vn 0.7247 -0.6008 -0.3374
vn 0.7158 -0.5934 -0.3681
vn 0.6644 -0.7444 0.0663
vn -0.7743 0.6314 -0.0416
vn -0.6994 0.7143 -0.0239
vn -0.7806 0.4051 0.4760
vn 0.7085 -0.7036 0.0552
vn -0.2902 0.7002 0.6523
vn 0.5912 -0.8054 0.0411
vn 0.0090 0.0101 -0.9999
vn -0.9974 0.0714 -0.0043
vn -1.0000 0.0081 -0.0000
vn 0.4659 0.4681 0.7509
vn -0.0107 0.0011 0.9999
vn 0.3749 0.9048 -0.2022
vn -0.9866 0.1633 0.0063
vn -0.0545 0.9981 0.0294
vn 0.0012 1.0000 0.0009
vn -0.0004 1.0000 0.0088
vn -0.7473 0.6603 -0.0737
vn 0.5197 -0.8492 -0.0939
vn -0.9634 -0.1339 0.2322
vn -0.9873 -0.1589 -0.0000
vn -0.9754 0.2204 -0.0000
vn -0.9126 0.2382 0.3324
vn -0.6523 0.7419 0.1553
vn -0.7171 0.6864 -0.1208
vn 0.0001 0.0001 -1.0000
vn 0.4695 0.7288 -0.4984
vn -0.6685 0.7432 -0.0263
vn 0.4405 -0.3682 0.8188
vn 0.1721 0.6092 0.7741
vn 0.6591 -0.7491 0.0664
vn -0.5978 0.7996 -0.0575
vn 0.5285 -0.8471 0.0561
vn 0.5693 -0.8197 0.0632
vn -0.4971 0.5598 0.6630
vn -0.6767 0.5163 0.5248
vn -0.9939 0.1100 -0.0000
vn -0.8473 -0.5249 0.0804
vn -0.8525 -0.0235 -0.5223
vn -0.7814 0.0390 -0.6229
vn -0.0960 -0.9949 0.0296
vn -0.1492 -0.9879 -0.0421
vn 0.0001 1.0000 0.0008
vn -0.9800 0.1990 -0.0000
vn -0.9726 0.2110 0.0975
vn -0.9945 0.0319 -0.1000
vn -0.9920 0.0906 0.0882
vn 0.6851 -0.7248 0.0724
vn -0.7430 0.2105 0.6353
vn 0.0745 -0.9951 -0.0645
vn -0.9847 -0.0131 -0.1736
vn -1.0000 -0.0033 -0.0000
vn -0.9640 0.2657 -0.0000
vn -0.9129 0.1836 -0.3646
vn -0.9998 -0.0028 -0.0195
vn -0.9119 0.1847 -0.3665
vn -0.8499 0.2878 0.4415
vn -0.9089 -0.0511 0.4139
vn -0.9981 0.0019 -0.0612
vn -0.9999 -0.0036 0.0166
vn -0.9998 0.0007 0.0178
vn -0.9999 -0.0006 0.0148
vn -1.0000 0.0008 0.0022
vn -0.9999 0.0001 0.0138
vn 0.6551 -0.0991 0.7490
vn -0.2464 0.2280 0.9420
vn 0.0283 0.9989 -0.0368
vn -0.2093 -0.3572 0.9103
vn -1.0000 0.0003 -0.0011
vn -1.0000 0.0009 -0.0015
vn -0.7481 0.0250 -0.6632
vn -0.6903 0.7101 0.1388
vn -0.9258 0.2686 -0.2659
vn -0.9378 0.3473 -0.0000
vn 0.4709 -0.8804 0.0561
vn -0.9170 0.3988 -0.0000
vn -0.5845 0.8073 -0.0816
vn 0.1899 0.4553 0.8699
vn -0.7481 0.0285 -0.6629
vn -0.5165 0.8540 -0.0625
vn -0.4042 0.9135 -0.0458
vn 0.6775 -0.3156 -0.6643
vn -0.6201 0.3223 0.7153
vn 0.5182 0.5534 -0.6521
vn 0.4990 -0.7292 -0.4683
vn 0.5573 -0.8279 0.0635
vn -0.5585 0.6790 0.4765
vn -0.8409 0.5412 -0.0000
vn -0.8409 0.5411 -0.0000
vn 0.3495 -0.9358 0.0465
vn -0.6718 0.4780 0.5659
vn -0.5596 0.6757 0.4799
vn -0.3286 0.9445 -0.0005
vn -0.0002 0.0002 -1.0000
vn -0.1254 0.9920 0.0139
vn -0.7568 0.5426 -0.3646
vn -0.7539 0.6491 0.1015
vn 0.5437 -0.7408 -0.3943
vn 0.5218 -0.5118 -0.6824
vn -0.3972 -0.9073 0.1381
vn 0.4701 -0.8808 0.0565
vn -1.0000 0.0085 0.0014
vn -0.0000 -0.0028 1.0000
vn -0.5420 0.8393 -0.0437
vn 0.5153 -0.8540 0.0718
vn 0.4753 -0.8782 0.0530
vn 0.0228 0.9992 -0.0315
vn -0.2167 -0.8774 0.4281
vn -0.5554 -0.3274 0.7644
vn 0.3784 -0.9239 0.0559
vn 0.3535 -0.9343 0.0461
vn -0.2722 0.9612 -0.0437
vn -0.5040 0.8628 -0.0394
vn -0.2339 0.9716 -0.0358
vn -0.1836 -0.0681 -0.9807
vn 0.1760 -0.6176 0.7665
vn -0.3222 0.5597 0.7635
vn -0.0006 0.0006 1.0000
vn -0.6383 0.6572 -0.4008
vn -0.5592 0.5454 -0.6243
vn 0.2516 -0.9677 0.0144
vn 0.2193 -0.9756 -0.0061
vn 0.2677 -0.9614 -0.0637
vn -0.2076 -0.1326 -0.9692
vn 0.2269 0.1383 0.9641
vn 0.2291 -0.9727 0.0365
vn -0.6175 0.7866 -0.0000
vn -0.6115 0.7889 0.0606
vn 0.4756 -0.8787 0.0413
vn -0.9686 -0.1240 0.2154
vn -0.0001 0.0002 -1.0000
vn -0.5901 0.5758 -0.5659
vn -0.2121 0.9747 -0.0704
vn -0.4198 0.9064 -0.0468
vn -0.0021 1.0000 0.0001
vn 0.0371 0.5245 -0.8506
vn 0.4791 0.0300 0.8772
vn -0.5198 0.5370 -0.6645
vn -0.0021 -1.0000 -0.0076
vn -0.5151 0.0487 -0.8557
vn -0.4791 0.8731 -0.0904
vn -0.1096 0.2506 -0.9619
vn 0.1905 -0.2312 0.9541
vn 0.4770 -0.0048 0.8789
vn -0.4259 0.8966 -0.1217
vn 0.4419 -0.5243 -0.7279
vn -0.4196 0.5029 0.7557
vn -0.1476 0.9887 -0.0252
vn -0.7011 -0.5466 -0.4578
vn -0.0005 -0.0023 -1.0000
vn 0.3422 -0.9386 0.0432
vn -0.4684 0.8822 0.0484
vn 0.1100 -0.9939 0.0086
vn 0.1212 -0.9924 0.0195
vn 0.2430 -0.9694 0.0363
vn 0.3625 -0.9316 0.0260
vn 0.1181 0.1398 0.9831
vn 0.2389 -0.9613 -0.1370
vn 0.2685 -0.9629 0.0285
vn -0.4550 -0.0629 -0.8883
vn 0.1636 0.2406 0.9568
vn -0.3939 0.6856 0.6122
vn -0.7067 0.5022 0.4984
vn -0.3921 0.8830 0.2581
vn -0.0184 -0.9455 0.3251
vn -0.1756 -0.6073 0.7748
vn -0.2144 0.9766 -0.0164
vn 0.0506 -0.9987 -0.0010
vn 0.0331 -0.0742 0.9967
vn -0.0000 -1.0000 0.0001
vn -0.4141 0.7146 -0.5639
vn -0.3864 0.6694 0.6345
vn -0.4096 -0.0067 -0.9122
vn -0.4689 0.0994 -0.8776
vn 0.0281 0.9934 0.1114
vn -0.0000 1.0000 0.0003
vn 0.3883 -0.4057 -0.8274
vn 0.4527 -0.0134 0.8915
vn 0.1070 -0.9940 0.0215
vn 0.0397 0.1272 0.9911
vn -0.1656 0.4251 0.8899
vn -0.0006 0.0005 1.0000
vn -0.2820 0.9594 -0.0091
vn 0.1659 -0.9858 0.0254
vn 0.1415 -0.9898 0.0139
vn -0.1421 0.9895 -0.0261
vn -0.4471 -0.0962 -0.8893
vn -0.0000 0.0011 1.0000
vn -0.2398 0.9708 -0.0009
vn 0.1659 0.9861 -0.0093
vn -0.3989 0.4682 0.7885
vn -0.5436 -0.3117 0.7793
vn 0.3326 0.0183 0.9429
vn 0.2151 0.3621 0.9070
vn 0.2291 -0.9730 0.0287
vn 0.2292 -0.9733 0.0133
vn 0.0001 -0.0003 1.0000
vn -0.3181 0.0363 -0.9474
vn 0.2598 -0.7245 -0.6384
vn -0.2105 0.9774 -0.0191
vn 0.2930 -0.0124 0.9560
vn -0.0024 0.0005 -1.0000
vn -0.1837 0.9411 0.2840
vn 0.2657 -0.8081 -0.5257
vn -0.3225 0.9413 -0.0992
vn -0.1159 0.9849 0.1288
vn 0.3149 -0.9491 0.0097
vn -0.3363 0.7399 0.5826
vn -0.3232 0.7308 0.6012
vn -0.2729 0.9608 -0.0484
vn -0.2047 0.6954 -0.6888
vn -0.3340 0.9424 -0.0188
vn -0.2932 0.9210 0.2564
vn -0.2235 0.8139 0.5363
vn -0.2409 0.7953 -0.5563
vn 0.2017 -0.9793 0.0163
vn 0.0421 -0.9991 0.0009
vn 0.0671 -0.9977 0.0107
vn -0.0035 1.0000 0.0023
vn -0.1780 0.9833 -0.0374
vn 0.0489 -0.9985 -0.0264
vn 0.0083 0.9995 -0.0289
vn -0.2454 -0.4549 0.8561
vn 0.0687 -0.9976 0.0100
vn 0.2456 -0.4107 -0.8780
vn 0.1425 -0.5119 -0.8471
vn -0.2272 0.4333 0.8721
vn -0.1988 -0.0378 -0.9793
vn -0.1206 0.0112 -0.9926
vn 0.1417 -0.9891 0.0407
vn 0.0992 -0.9833 -0.1523
vn 0.1585 -0.9873 0.0084
vn 0.1265 -0.9920 -0.0009
vn 0.1324 -0.9912 0.0018
vn -0.1516 0.4822 0.8628
vn -0.0023 1.0000 0.0038
vn 0.1504 -0.6640 -0.7325
vn -0.1631 0.9844 0.0665
vn 0.0166 0.9992 -0.0351
vn 0.0145 0.9991 0.0397
vn 0.1379 -0.5377 0.8318
vn 0.1601 0.0171 0.9869
vn -0.1162 0.9704 0.2116
vn 0.9066 -0.0310 0.4208
vn 0.7982 0.0047 0.6024
vn -0.9250 0.0778 -0.3719
vn 0.3272 0.9418 -0.0765
vn 0.4199 0.8870 -0.1923
vn 0.5055 0.0208 -0.8626
vn 0.1409 -0.1690 -0.9755
vn -0.9708 0.0705 0.2293
vn -0.0655 -0.9978 -0.0114
vn 0.3835 -0.0289 -0.9231
vn 0.1294 -0.9910 0.0333
vn -0.0285 -0.9674 -0.2517
vn 0.0952 -0.0329 0.9949
vn 0.4445 0.0026 0.8958
vn 0.1840 -0.9788 -0.0898
vn -0.5530 -0.0725 0.8300
vn 0.0618 -0.9727 -0.2238
vn -0.1349 0.9907 0.0168
vn -0.0629 0.0390 0.9973
vn 0.1249 -0.0114 0.9921
vn -0.0545 0.9984 0.0133
vn -0.3942 0.0459 0.9179
vn 0.0298 0.4155 0.9091
vn -0.1949 -0.0077 0.9808
vn -0.2626 -0.0584 -0.9631
vn 0.0721 -0.9974 -0.0050
vn -0.0663 0.8354 -0.5455
vn 0.0044 0.0005 -1.0000
vn 0.0196 -0.9998 0.0009
vn 0.0195 -0.9998 0.0002
vn 0.0516 -0.9987 -0.0035
vn -0.5040 0.0131 -0.8636
vn 0.0019 0.9964 -0.0846
vn -0.5801 0.7860 -0.2136
vn -0.5110 0.4751 -0.7164
vn 0.0652 -0.9978 -0.0090
vn 0.8262 0.0198 0.5630
vn -0.0380 0.9608 0.2744
vn 0.0163 -0.1389 0.9902
vn -0.0296 0.9995 -0.0058
vn -0.0708 0.9777 -0.1978
vn -0.5741 -0.0117 -0.8187
vn -0.0708 0.9974 0.0119
vn -0.0310 0.3695 0.9287
vn 0.0904 -0.3768 0.9219
vn 0.0169 -0.9998 0.0043
vn 0.0596 -0.9981 0.0129
vn 0.9605 -0.0236 -0.2772
vn 0.9975 -0.0603 -0.0364
vn 0.0041 0.9965 -0.0841
vn -0.0324 -0.2246 0.9739
vn 0.0369 -0.4763 0.8785
vn -0.0636 0.0744 -0.9952
vn 0.0025 -0.0210 -0.9998
vn 0.0187 -0.9749 -0.2219
vn -0.0879 0.7394 0.6675
vn -0.0013 1.0000 -0.0031
vn -0.0478 0.9988 0.0064
vn 0.1687 -0.5166 0.8394
vn -0.8552 -0.0313 0.5174
vn -0.0544 0.9985 0.0042
vn 0.0206 0.9996 -0.0180
vn -0.0008 -0.0001 -1.0000
vn 0.0185 0.9227 -0.3850
vn -0.2854 -0.1650 0.9441
vn 0.1728 0.1043 -0.9794
vn 0.0827 0.8242 -0.5602
vn -0.1576 -0.6527 -0.7410
vn 0.0167 0.8139 0.5808
vn -0.0065 -0.9996 -0.0293
vn -0.0272 -0.9954 -0.0915
vn 0.0346 0.9945 0.0985
vn 0.0006 0.0004 1.0000
vn 0.0634 -0.9799 -0.1889
vn 0.0939 0.0440 -0.9946
vn 0.0052 0.9999 -0.0146
vn -0.0156 -0.9992 -0.0373
vn 0.0146 0.8430 0.5377
vn 0.0379 0.9990 -0.0220
vn -0.0207 0.9997 0.0162
vn -0.0194 0.9996 0.0185
vn -0.0327 -0.0005 0.9995
vn 0.0116 0.9998 -0.0159
vn 0.0465 0.9989 0.0109
vn 0.0186 0.9997 0.0159
vn -0.0014 0.9361 0.3516
vn -0.0000 -1.0000 -0.0001
vn -0.1280 0.1636 0.9782
vn -0.0588 -0.9285 -0.3667
vn -0.0053 -1.0000 -0.0024
vn 0.0233 -0.9997 0.0040
vn -0.1425 -0.9897 -0.0127
vn -0.0460 -0.9989 0.0065
vn -0.0358 -0.9994 -0.0006
vn -0.0327 -0.9995 -0.0018
vn -0.0322 -0.9995 -0.0018
vn -0.0121 -0.9988 0.0476
vn -0.0924 0.2997 0.9496
vn 0.1621 -0.4203 0.8928
vn 0.0005 0.0004 1.0000
vn 0.1274 0.8147 0.5657
vn 0.1151 0.7157 0.6888
vn 0.1440 0.9667 0.2116
vn -0.0007 -0.0002 -1.0000
vn 0.8135 0.0221 0.5812
vn -0.1129 0.9910 -0.0726
vn 0.9552 -0.0273 -0.2948
vn 0.8185 0.0322 -0.5736
vn -0.0460 0.9986 0.0242
vn -0.1304 -0.9055 0.4039
vn 0.5549 -0.0620 0.8296
vn 0.0600 0.9982 0.0012
vn 0.0045 0.9930 0.1178
vn 0.1409 0.7080 0.6920
vn 0.5229 -0.0100 -0.8524
vn 0.2106 -0.0222 -0.9773
vn 0.0845 0.9892 -0.1196
vn -0.9950 0.0257 -0.0965
vn -0.0314 0.9377 0.3461
vn 0.0787 0.4597 0.8846
vn 0.2835 -0.0190 0.9588
vn -0.0797 -0.8003 -0.5943
vn 0.0709 0.9945 -0.0767
vn 0.0242 0.9984 0.0518
vn 0.1828 0.5116 0.8396
vn -0.0324 -0.0831 0.9960
vn -0.1134 0.0931 0.9892
vn 0.0209 0.9920 -0.1247
vn 0.0024 0.0364 -0.9993
vn -0.7504 0.0922 0.6545
vn -0.0874 -0.9750 0.2041
vn -0.1410 -0.9900 0.0064
vn -0.2936 0.1106 -0.9495
vn -0.1415 -0.3419 -0.9290
vn 0.2223 0.5790 0.7844
vn -0.1106 -0.9937 0.0184
vn -0.1229 -0.9924 0.0089
vn -0.1046 -0.9945 0.0091
vn -0.0417 -0.9991 0.0071
vn 0.2965 0.0047 -0.9550
vn -0.0026 0.9996 0.0285
vn -0.3591 -0.2345 0.9034
vn -0.1230 -0.6345 -0.7631
vn -0.1233 0.5170 -0.8471
vn 0.2496 -0.0779 0.9652
vn 0.4659 -0.0408 -0.8839
vn 0.0450 0.9990 -0.0064
vn 0.7207 0.0824 0.6883
vn -0.1801 -0.9820 0.0577
vn 0.0408 0.9992 -0.0016
vn 0.2067 0.9784 0.0047
vn 0.1217 0.9922 0.0274
vn 0.9844 0.0069 -0.1757
vn 0.0638 0.9849 0.1610
vn 0.0201 -0.0135 -0.9997
vn 0.2870 0.5540 0.7815
vn 0.2832 0.8404 0.4621
vn 0.2953 0.7981 -0.5252
vn -0.0011 0.0020 1.0000
vn -0.0206 0.0137 0.9997
vn 0.2465 -0.1129 -0.9626
vn -0.1872 -0.9823 -0.0047
vn -0.2891 -0.9572 0.0151
vn 0.0354 0.1352 -0.9902
vn 0.1132 0.5052 -0.8555
vn -0.0002 0.0011 1.0000
vn 0.3708 0.9275 0.0479
vn -0.2091 -0.6837 -0.6991
vn 0.2657 0.7252 -0.6352
vn 0.0239 0.9981 0.0574
vn -0.8763 -0.0077 -0.4817
vn 0.3688 0.9097 -0.1910
vn 0.4621 0.8226 0.3314
vn 0.2655 0.4040 0.8754
vn -0.9881 0.0726 -0.1353
vn -0.8855 -0.0792 0.4579
vn 0.1877 0.9820 -0.0215
vn -0.1332 -0.9905 0.0344
vn 0.0354 0.1880 0.9815
vn -0.0296 -0.0854 -0.9959
vn 0.2616 0.9639 -0.0506
vn -0.2292 -0.9733 0.0153
vn -0.1456 -0.9893 0.0043
vn -0.2291 -0.9729 0.0298
vn 0.2589 0.9651 -0.0397
vn 0.3306 0.1360 -0.9339
vn 0.3854 -0.1358 -0.9127
vn 0.0349 -0.9842 -0.1736
vn -0.1908 -0.9812 0.0304
vn -0.1033 -0.9946 0.0090
vn 0.3066 0.9513 -0.0317
vn 0.3171 -0.7515 0.5786
vn -0.1124 -0.9887 -0.0988
vn 0.2005 0.9796 -0.0115
vn 0.1495 -0.8675 0.4744
vn -0.3542 0.0100 0.9351
vn -0.0000 -0.0002 -1.0000
vn 0.2279 0.8475 0.4795
vn -0.1117 -0.9935 0.0235
vn -0.0466 -0.9989 0.0074
vn 0.3132 0.9497 -0.0006
vn 0.0979 0.6008 0.7934
vn 0.0933 -0.2185 0.9714
vn -0.1035 -0.8630 -0.4945
vn 0.0025 0.9992 0.0410
vn -0.0347 0.9386 0.3433
vn 0.4609 0.8000 -0.3842
vn 0.6131 0.7257 0.3123
vn 0.5105 0.8445 0.1622
vn -0.0277 -0.1292 0.9912
vn -0.0643 0.9977 -0.0227
vn 0.0058 0.0180 -0.9998
vn -0.0385 -0.9981 0.0475
vn -0.1012 0.8353 -0.5405
vn 0.3870 0.7520 0.5335
vn -0.3151 -0.9485 0.0338
vn 0.1438 0.9892 -0.0287
vn 0.4843 0.6932 0.5337
vn -0.0218 0.9908 0.1333
vn 0.6765 0.7159 -0.1730
vn 0.0831 -0.9119 0.4020
vn 0.1055 -0.8802 0.4627
vn -0.3421 -0.9387 0.0433
vn -0.3571 -0.9336 0.0306
vn -0.0718 0.9395 -0.3350
vn 0.3978 0.2012 -0.8951
vn 0.3060 0.9323 0.1926
vn -0.0266 -0.1101 0.9936
vn -0.2449 -0.9576 -0.1518
vn -0.1083 -0.9013 0.4194
vn 0.3977 0.0318 -0.9169
vn -0.0090 -0.9996 0.0254
vn -0.4256 -0.6461 -0.6337
vn 0.1556 0.9874 -0.0277
vn 0.3328 0.9409 -0.0623
vn 0.2564 0.9653 -0.0484
vn -0.0203 0.9998 0.0018
vn -0.2204 -0.9561 -0.1931
vn 0.4542 0.4574 -0.7645
vn 0.0505 -0.9564 0.2875
vn -0.1520 -0.9881 0.0230
vn 0.0647 0.9460 0.3177
vn -0.4642 -0.4962 -0.7337
vn -0.3719 -0.7056 -0.6032
vn -0.0083 0.0261 0.9996
vn 0.2190 0.9669 0.1305
vn 0.6163 0.3701 0.6952
vn 0.4635 0.8560 -0.2292
vn 0.3758 0.9259 -0.0374
vn 0.0105 -0.0396 -0.9992
vn 0.0509 -0.9606 0.2733
vn 0.0538 0.9982 0.0280
vn -0.2361 -0.9713 0.0291
vn 0.0435 0.9720 0.2308
vn 0.5059 -0.1209 -0.8541
vn 0.2791 0.9596 -0.0356
vn 0.2801 0.9590 -0.0422
vn -0.4883 -0.8711 0.0526
vn 0.7961 0.5830 -0.1622
vn 0.6804 0.5860 -0.4400
vn 0.8068 0.5908 -0.0000
vn 0.4978 -0.1366 -0.8565
vn -0.4765 -0.8773 0.0566
vn 0.4813 0.8765 -0.0107
vn 0.5223 0.8505 -0.0618
vn -0.2648 -0.9632 0.0454
vn 0.3737 0.8413 0.3905
vn 0.2750 0.9605 -0.0426
vn -0.3570 -0.9331 0.0424
vn -0.4835 -0.8734 0.0588
vn -0.3303 -0.8884 -0.3188
vn 0.0003 0.0003 1.0000
vn 0.0003 -0.0001 1.0000
vn 0.6264 0.5681 -0.5337
vn -0.3310 -0.8900 -0.3136
vn 0.6935 0.5100 0.5088
vn 0.0234 0.9817 0.1888
vn 0.0004 -0.0226 -0.9997
vn 0.0073 0.0789 -0.9969
vn 0.0794 0.4524 0.8883
vn 0.5271 0.5068 0.6822
vn -0.4032 -0.9132 0.0597
vn 0.2106 0.3907 0.8961
vn -0.1369 -0.8441 -0.5185
vn 0.7631 -0.6463 0.0004
vn 0.2928 0.9556 -0.0326
vn 0.3841 -0.1877 0.9040
vn -0.1631 -0.2226 0.9612
vn 0.5765 0.8075 -0.1250
vn -0.5793 -0.7410 0.3396
vn -0.0173 0.9998 -0.0068
vn -0.0096 0.9960 -0.0894
vn 0.7377 -0.1700 -0.6534
vn -0.8496 0.2145 -0.4818
vn 0.6537 0.7358 0.1771
vn 0.2479 0.7477 0.6160
vn 0.4576 0.8877 -0.0512
vn 0.4507 0.8905 -0.0624
vn 0.0104 0.9991 -0.0406
vn 0.7328 -0.2356 0.6383
vn 0.1129 -0.9936 -0.0078
vn 0.6504 -0.2900 0.7021
vn 0.7991 0.4097 0.4400
vn 0.0001 0.0001 1.0000
vn -0.5624 -0.8249 0.0572
vn 0.2618 0.0988 0.9601
vn 0.2607 0.9647 -0.0379
vn 0.2112 0.3661 0.9063
vn 0.5994 0.7440 0.2953
vn -0.0008 1.0000 -0.0003
vn 0.3965 0.9077 0.1375
vn 1.0000 -0.0009 0.0007
vn 0.0086 -1.0000 -0.0000
vn 0.0026 -1.0000 -0.0058
vn 0.0106 -0.9999 0.0016
vn 0.7420 0.2916 -0.6037
vn 0.2555 0.9586 0.1260
vn 0.6227 0.4062 0.6688
vn 0.7943 0.3805 -0.4737
vn 0.9793 0.1772 0.0974
vn 0.0005 0.0002 1.0000
vn 0.7159 0.3891 0.5797
vn 0.5934 0.8022 -0.0660
vn -0.4260 -0.9044 0.0232
vn -0.4539 -0.8902 0.0391
vn 0.0044 0.0044 -1.0000
vn -0.6526 -0.7551 0.0623
vn -0.6287 -0.7749 0.0657
vn -0.0401 0.9989 -0.0258
vn -0.4512 -0.8916 -0.0371
vn -0.0036 0.0039 -1.0000
vn 0.4338 0.8993 -0.0549
vn -0.5579 -0.8276 0.0626
vn -0.5559 -0.8289 0.0623
vn 0.5648 0.8215 -0.0779
vn 0.9607 -0.1415 0.2389
vn 0.6357 0.6866 0.3527
vn -0.5469 0.1114 -0.8297
vn -0.8931 -0.2264 -0.3888
vn 0.7448 0.5944 0.3033
vn 0.9380 0.3062 -0.1622
vn 0.9506 0.3103 -0.0000
vn -0.6658 -0.2497 -0.7031
vn -0.6578 -0.7398 0.1412
vn 0.5907 0.8050 -0.0554
vn 0.5903 0.8053 -0.0554
vn 0.0004 0.0012 -1.0000
vn 0.3596 0.6913 0.6267
vn 0.3120 0.8895 0.3339
vn 0.5732 0.8182 -0.0442
vn -0.7208 -0.6905 0.0609
vn -0.7527 -0.6552 0.0641
vn 0.0005 -0.9953 0.0968
vn 0.7298 0.6803 -0.0675
vn 0.0167 0.0596 0.9981
vn 0.3263 -0.3791 0.8659
vn 0.0274 0.5719 0.8199
vn 0.0164 0.4605 0.8875
vn 1.0000 -0.0003 -0.0006
vn 0.0119 -0.5848 0.8111
vn -0.0206 0.6918 0.7218
vn 0.0128 0.9458 0.3246
vn 1.0000 -0.0003 -0.0001
vn -0.0123 0.9831 0.1828
vn 0.0194 -0.9998 0.0028
vn 1.0000 0.0001 0.0015
vn 0.0178 0.8988 -0.4380
vn -0.0653 -0.9708 -0.2308
vn 1.0000 -0.0019 -0.0007
vn -0.0493 0.7681 -0.6385
vn 0.0686 -0.2030 -0.9768
vn 0.1507 -0.4085 -0.9002
vn -0.5544 -0.8306 0.0520
vn -0.6566 -0.0746 -0.7506
vn -0.6553 -0.7525 0.0656
vn -0.6656 -0.7433 0.0668
vn 0.6983 0.7150 0.0336
vn 0.7123 0.6985 -0.0689
vn 0.7550 0.6552 -0.0266
vn 0.3951 0.1859 0.8996
vn 0.0005 -0.0015 1.0000
vn 0.9700 -0.1652 0.1781
vn 0.8782 -0.0466 -0.4761
vn 0.0004 0.0001 1.0000
vn 0.7225 0.2288 -0.6525
vn 0.0004 -0.0000 -1.0000
vn -0.2135 0.1063 0.9711
vn -0.2596 0.9604 -0.1014
vn 0.9999 0.0009 -0.0130
vn 0.9999 0.0007 -0.0103
vn 0.9484 0.0624 0.3109
vn -0.0002 -0.0003 -1.0000
vn -0.2976 0.8416 0.4508
vn -0.1686 0.9857 -0.0000
vn 0.8983 -0.0001 0.4394
vn 0.9997 0.0242 -0.0002
vn -0.1856 0.5396 -0.8212
vn 0.0008 -0.0006 -1.0000
vn -0.4388 0.8986 0.0001
vn -0.1805 0.8504 -0.4942
vn -0.0002 0.0005 1.0000
vn 1.0000 -0.0002 -0.0000
vn 1.0000 -0.0001 -0.0002
vn -0.3114 0.3106 -0.8981
vn -0.0004 0.0004 1.0000
vn 0.0003 -0.0002 -1.0000
vn -0.0782 0.6574 0.7495
vn 0.2219 0.1906 0.9563
vn -0.1151 -0.0072 0.9933
vn -0.0805 0.0234 0.9965
vn 0.4893 -0.2092 -0.8466
vn 0.0423 0.3514 -0.9353
vn -0.1126 0.8205 -0.5604
vn -0.9864 -0.0080 -0.1640
vn 0.0003 0.0004 1.0000
vn 0.6254 0.7479 0.2228
vn -0.0058 -0.0035 -1.0000
vn -0.7239 -0.4449 -0.5273
vn -0.7138 -0.4751 -0.5146
vn 0.7170 0.6942 -0.0634
vn 0.7606 -0.0128 0.6491
vn -0.1087 0.7980 -0.5928
vn 0.4159 0.4684 0.7795
vn 0.7562 0.6537 -0.0291
vn 0.9999 -0.0000 0.0120
vn 0.8436 0.5338 -0.0579
vn 0.4792 -0.0059 0.8777
vn 0.4264 0.3752 0.8230
vn 0.0340 -0.9994 0.0007
vn 0.2738 0.9618 0.0027
vn 0.1283 -0.9908 0.0425
vn 0.6865 0.0791 0.7228
vn 0.7085 0.5626 0.4260
vn 0.2413 0.3651 0.8991
vn 0.4252 0.4371 0.7926
vn 0.7725 0.6299 -0.0799
vn 0.0005 -0.8064 -0.5914
vn -0.0568 -0.7038 -0.7081
vn -0.0104 0.9925 -0.1216
vn -0.2610 0.7789 0.5703
vn 0.0725 -0.5517 0.8309
vn -0.7021 -0.6419 -0.3082
vn 0.7182 0.6934 -0.0592
vn 0.7110 0.7008 -0.0579
vn -0.7272 0.0593 -0.6838
vn 0.2194 -0.0539 0.9741
vn 0.0019 0.0013 1.0000
vn 0.1908 -0.7646 0.6156
vn -0.2718 -0.5620 -0.7812
vn -0.7206 -0.6902 0.0659
vn -0.7412 -0.6677 0.0690
vn 0.7794 -0.0736 0.6222
vn 0.0006 -0.0000 1.0000
vn -0.7736 -0.6308 0.0605
vn 0.1923 0.6913 0.6965
vn -0.6663 -0.7441 0.0478
vn -0.6528 -0.7563 0.0440
vn -0.7350 0.0235 -0.6777
vn 0.8950 0.3106 0.3200
vn 0.0006 0.0001 1.0000
vn 0.9992 0.0407 -0.0000
vn 0.9996 0.0269 0.0009
vn 0.0032 -1.0000 0.0002
vn 0.0039 -1.0000 -0.0000
vn -0.1644 -0.9218 -0.3510
vn 0.0473 0.9822 0.1819
vn 0.3458 0.8851 -0.3113
vn -0.6154 -0.7847 -0.0749
vn -0.7274 -0.6843 0.0514
vn -0.0088 -0.0055 -0.9999
vn 0.0008 -1.0000 -0.0002
vn -0.0281 -0.0522 0.9982
vn -0.2773 0.9592 0.0550
vn 0.0015 -1.0000 0.0048
vn -0.3561 0.3509 -0.8661
vn -0.8401 -0.5422 0.0165
vn 0.7340 0.6568 0.1727
vn 0.0803 0.9952 -0.0554
vn 0.5982 -0.7991 0.0596
vn 0.2269 -0.9739 0.0076
vn 0.2684 0.9590 -0.0913
vn 0.8219 0.5667 -0.0581
vn 0.4582 -0.2728 0.8459
vn 0.4274 -0.3024 0.8520
vn 0.8886 0.3206 0.3281
vn 0.5406 0.8387 -0.0659
vn -0.7603 -0.6471 0.0567
vn 0.9967 -0.0754 -0.0311
vn 0.0084 0.9998 -0.0175
vn -0.8308 -0.5552 0.0382
vn -0.8411 -0.5369 0.0648
vn -0.7855 -0.6155 0.0644
vn -0.8268 -0.5581 0.0704
vn 0.7939 0.6050 -0.0608
vn 0.7939 0.6051 -0.0608
vn 0.8601 -0.5048 -0.0744
vn -0.6491 0.7576 0.0677
vn -0.0287 0.9995 -0.0116
vn 0.8530 -0.4001 0.3352
vn 0.8664 -0.3562 0.3499
vn 0.8538 0.5169 -0.0629
vn 0.8461 0.5298 -0.0580
vn 0.9972 0.0238 -0.0716
vn 0.9966 0.0401 -0.0726
vn -0.0216 0.9998 0.0016
vn 0.0003 1.0000 -0.0006
vn 0.9079 -0.4188 -0.0166
vn -0.8701 -0.2423 -0.4291
vn -0.7381 -0.6312 -0.2385
vn -0.8592 0.5082 0.0592
vn -0.0034 1.0000 -0.0006
vn 0.8811 0.4717 -0.0332
vn 0.3941 0.1519 0.9064
vn 0.5503 -0.0053 0.8350
vn 0.8714 0.4553 0.1826
vn 0.8981 0.3678 0.2409
vn -0.8892 0.4572 0.0196
vn -0.6502 -0.0416 -0.7586
vn -0.8815 -0.4697 0.0483
vn 0.0052 1.0000 0.0009
vn -0.7881 -0.6140 0.0439
vn -0.8261 -0.5613 0.0507
vn 0.8980 0.4366 -0.0551
vn 0.8751 0.4812 -0.0517
vn -0.9050 -0.3508 -0.2404
vn 0.0004 1.0000 0.0001
vn 0.9401 -0.2636 -0.2162
vn 0.9814 -0.0000 -0.1918
vn 0.9971 0.0200 -0.0737
vn 0.0010 -0.0001 1.0000
vn 0.9462 -0.3216 -0.0360
vn -0.4792 -0.8530 0.2067
vn -0.8227 -0.5644 0.0674
vn 0.3551 0.1736 0.9186
vn 0.3907 0.2005 0.8984
vn -0.8102 -0.5469 -0.2110
vn -0.8624 0.5025 0.0615
vn -0.8924 0.4479 0.0545
vn -0.9211 0.3841 0.0642
vn 0.8881 0.4569 -0.0508
vn 0.9290 0.3635 -0.0700
vn 0.8682 0.4943 -0.0423
vn -0.1082 0.9941 0.0092
vn 0.0083 1.0000 -0.0000
vn 0.0114 0.9999 -0.0019
vn -0.0003 -0.0001 1.0000
vn 0.0001 1.0000 -0.0000
vn 0.0030 1.0000 0.0016
vn 0.9999 -0.0000 -0.0110
vn -0.0000 1.0000 -0.0007
vn -0.0012 -1.0000 0.0017
vn 0.3241 0.9024 0.2840
vn 0.0104 -0.0031 -0.9999
vn 0.1920 -0.9056 0.3782
vn 0.1905 0.4232 0.8858
vn 0.1429 0.0093 0.9897
vn 0.1597 0.9763 0.1462
vn 0.4506 -0.8793 0.1540
vn 0.1614 -0.9775 0.1357
vn 0.0013 1.0000 0.0008
vn 0.1195 -0.9877 0.1011
vn -0.1009 0.9949 -0.0089
vn 0.9941 -0.0815 0.0721
vn 0.9961 -0.0000 0.0881
vn 0.5617 -0.3235 0.7615
vn -0.3017 -0.9041 0.3027
vn -0.8908 -0.4470 0.0820
vn 0.8878 0.4538 -0.0766
vn -0.8338 0.5501 -0.0461
vn -0.5492 0.8285 0.1094
vn 0.3366 0.3773 0.8628
vn 0.9109 0.4125 -0.0057
vn -0.3537 0.3930 -0.8488
vn -0.4330 0.3043 -0.8485
vn -0.1323 0.9912 -0.0051
vn 0.9777 0.2050 -0.0448
vn -0.4816 -0.0693 -0.8736
vn -0.9490 0.3104 0.0562
vn -0.9387 0.3445 0.0127
vn 0.9310 0.3571 -0.0759
vn -0.8929 -0.4468 0.0560
vn -0.8931 -0.3943 -0.2168
vn -0.9904 0.1008 -0.0950
vn 0.8869 0.4613 -0.0242
vn 0.9269 -0.3735 -0.0358
vn -0.3450 -0.7798 -0.5224
vn -0.9153 -0.4024 0.0199
vn -0.0294 -0.9716 -0.2349
vn 0.9373 -0.3483 -0.0112
vn -0.0132 -0.9403 -0.3401
vn -0.9570 0.2890 0.0252
vn 0.9630 -0.2661 -0.0434
vn -0.9643 0.2555 0.0692
vn -0.9150 -0.4030 0.0196
vn 0.9585 -0.2836 -0.0280
vn 0.9621 0.1424 -0.2324
vn -0.6418 0.7668 0.0072
vn -0.9487 -0.3128 0.0467
vn -0.9131 -0.4066 0.0304
vn -0.8921 0.4512 0.0225
vn -0.4597 0.8702 0.1770
vn -0.8741 -0.4813 0.0657
vn -0.9115 -0.4090 0.0438
vn -0.1778 0.9841 -0.0050
vn -0.8605 0.4896 -0.1404
vn -0.6709 0.7411 0.0250
vn 0.9412 0.3371 -0.0218
vn 0.9334 0.3586 0.0090
vn -0.9090 -0.4147 0.0414
vn -0.9715 -0.2298 -0.0587
vn 0.4969 -0.1682 0.8513
vn 0.9690 0.2454 0.0296
vn 0.9818 -0.1900 0.0045
vn 0.9151 -0.4032 0.0060
vn 0.9179 -0.3967 -0.0023
vn 0.5510 0.0762 0.8310
vn -0.9716 0.2352 0.0270
vn -0.9671 -0.2477 -0.0588
vn -0.3298 0.0235 -0.9437
vn -0.2597 0.7293 -0.6330
vn 0.1949 0.0085 0.9808
vn 0.6065 -0.1351 0.7836
vn 0.9791 -0.2018 0.0237
vn 0.9918 0.1238 0.0304
vn -0.9735 0.2283 0.0134
vn -0.1833 -0.5350 -0.8247
vn 0.9846 -0.1748 -0.0063
vn -0.9189 0.3945 0.0048
vn 0.9798 -0.2000 0.0028
vn 0.9919 -0.1218 -0.0364
vn 0.9895 -0.1432 0.0186
vn 0.9892 -0.1424 0.0360
vn 0.9826 -0.1798 0.0462
vn -0.9554 -0.2951 -0.0034
vn -0.9626 -0.2703 0.0203
vn -0.9933 0.1131 -0.0255
vn 0.9944 0.0987 0.0389
vn 0.9910 0.1336 0.0046
vn 0.9920 0.0821 -0.0963
vn 0.6218 -0.0990 0.7769
vn 0.9954 -0.0935 0.0224
vn 0.9970 -0.0754 0.0190
vn 0.9973 -0.0710 0.0161
vn 0.9893 -0.1454 0.0128
vn 0.4120 0.0204 0.9110
vn -0.9746 0.2225 0.0265
vn -0.9661 0.2582 -0.0065
vn -0.9782 0.2068 -0.0184
vn 0.9926 0.1204 -0.0142
vn 0.9933 0.1153 -0.0075
vn 0.9962 0.0847 0.0213
vn 0.1431 0.9789 0.1461
vn 0.9953 0.0961 0.0125
vn 0.9922 0.1240 -0.0094
vn -0.9856 -0.1685 -0.0105
vn -0.9789 -0.2043 -0.0006
vn -0.9871 0.1589 -0.0188
vn -0.9956 0.0688 -0.0643
vn -0.9940 0.1036 0.0342
vn -0.9855 -0.1694 -0.0107
vn -0.9943 0.1035 -0.0260
vn -0.9871 -0.1506 0.0544
vn -0.9990 0.0013 -0.0441
vn -0.9970 -0.0771 -0.0026
vn -0.9990 0.0417 -0.0165
vn -0.9992 0.0365 -0.0175
vn -0.9975 -0.0695 -0.0154
vn -0.9993 -0.0294 -0.0223
vn -0.9989 0.0417 -0.0201
vn -0.9963 0.0854 -0.0073
vn -0.9982 -0.0583 -0.0115
vn -0.8756 -0.2359 0.4214
vn 0.9923 0.0689 -0.1025
vn 0.0232 0.0014 0.9997
vn 0.9799 0.1974 0.0292
vn 0.9880 0.1142 0.1039
vn 0.9806 0.1917 0.0408
vn 0.9453 0.2259 -0.2356
vn 0.9939 0.0940 0.0578
vn 0.9549 0.2871 0.0762
vn -0.3680 -0.8752 -0.3139
vn 0.0220 -0.9998 0.0008
vn 0.9203 0.3813 0.0874
vn 0.9033 0.4229 0.0723
vn 0.9942 -0.0880 0.0616
vn 0.9547 0.2851 0.0848
vn -0.2167 -0.8710 -0.4408
vn -0.9803 -0.1942 -0.0361
vn 0.0185 -0.9998 -0.0121
vn 0.0099 -0.0993 -0.9950
vn 0.8498 0.4482 -0.2773
vn -0.0448 0.9990 -0.0085
vn -0.0221 0.9998 0.0031
vn -0.9974 0.0657 -0.0313
vn 0.2009 0.9770 0.0719
vn -0.0626 0.9979 0.0187
vn -0.9616 -0.1587 0.2240
vn 0.9194 0.3809 0.0985
vn 0.8575 0.5071 0.0868
vn 0.8905 0.4460 0.0903
vn 0.8817 0.4656 0.0767
vn 0.0178 -0.9998 0.0088
vn 0.3349 -0.9417 -0.0336
vn 0.9285 -0.3618 0.0838
vn -0.3700 -0.9280 -0.0428
vn -0.9496 -0.3066 -0.0654
vn -0.9588 -0.2699 -0.0881
vn -0.9444 -0.3202 -0.0745
vn -0.1182 0.8078 -0.5774
vn -0.8854 -0.3494 0.3067
vn 0.8966 0.4357 0.0791
vn 0.7899 0.6085 0.0766
vn -0.9480 -0.3098 -0.0724
vn -0.9965 0.0177 -0.0814
vn 0.8494 0.5171 0.1057
vn 0.7860 0.6108 0.0955
vn 0.0502 -0.9987 -0.0066
vn -0.9198 -0.3823 -0.0884
vn 0.9973 0.0132 0.0724
vn -0.8630 -0.5018 -0.0592
vn -0.7985 -0.6019 -0.0062
vn -0.8188 0.5741 -0.0094
vn -0.8257 -0.5503 0.1243
vn 0.7674 0.6340 0.0959
vn 0.8516 0.5179 0.0811
vn -0.9406 -0.2388 -0.2415
vn -0.8151 -0.5760 -0.0622
vn 0.9872 0.1462 0.0640
vn 0.8346 0.5480 0.0560
vn 0.7866 0.6072 0.1120
vn 0.7074 0.6994 0.1019
vn -0.8672 -0.3696 0.3337
vn 0.7851 0.6150 0.0730
vn -0.8838 -0.4598 -0.0867
vn 0.8097 0.5838 0.0605
vn 0.1524 -0.4246 -0.8925
vn -0.8627 -0.4955 -0.1012
vn -0.8487 -0.5181 -0.1060
vn 0.1684 -0.0014 0.9857
vn 0.8108 0.5822 0.0610
vn -0.0102 -0.0015 -0.9999
vn 0.0279 0.9840 0.1758
vn 0.9940 -0.0871 0.0669
vn 0.9950 0.0892 0.0437
vn 0.8218 0.5616 0.0963
vn 0.7268 0.6849 0.0517
vn 0.9239 -0.3827 -0.0045
vn -0.9866 0.1298 -0.0984
vn 0.0772 -0.1965 -0.9775
vn 0.9518 -0.3067 0.0004
vn 0.6111 0.7843 0.1066
vn 0.6284 0.7697 0.1126
vn -0.6887 -0.6281 0.3623
vn -0.7955 0.2497 0.5522
vn -0.0053 0.8757 0.4828
vn 0.9195 -0.3866 0.0715
vn -0.8010 -0.5978 -0.0317
vn -0.9928 -0.1003 -0.0656
vn 0.5088 0.8594 0.0497
vn -0.7962 -0.5950 -0.1094
vn -0.7709 -0.6283 -0.1045
vn -0.7955 -0.2275 0.5616
vn -0.9220 0.1749 -0.3453
vn 0.4403 0.8949 0.0727
vn -0.5866 -0.8095 -0.0248
vn -0.7954 -0.6015 -0.0738
vn -0.7375 -0.6753 -0.0036
vn 0.7910 0.1048 -0.6028
vn -0.5753 -0.7123 0.4021
vn -0.5851 -0.7423 0.3267
vn 0.7863 0.6110 0.0922
vn 0.9286 -0.3050 0.2114
vn 0.9993 0.0341 -0.0164
vn 0.9873 0.1418 -0.0712
vn 0.0005 -0.0351 -0.9994
vn 0.6933 0.6026 -0.3952
vn 0.1119 -0.0531 0.9923
vn 0.4702 0.8775 0.0946
vn 0.7921 0.1019 -0.6019
vn -0.5928 -0.7989 -0.1016
vn -0.0087 -0.9999 0.0061
vn -0.5083 -0.8570 -0.0850
vn -0.5173 -0.8531 -0.0684
vn -0.3611 -0.9259 0.1111
vn -0.7448 -0.6646 -0.0593
vn -0.9835 -0.0453 0.1753
vn 0.0273 -0.9994 -0.0197
vn -0.6603 0.5777 0.4799
vn -0.8074 -0.2979 -0.5094
vn 0.6008 0.7921 0.1076
vn 0.4547 0.8854 0.0967
vn 0.4700 0.8314 -0.2965
vn -0.9994 -0.0350 0.0006
vn -0.9992 -0.0386 -0.0093
vn -0.5556 -0.8245 -0.1071
vn 0.6277 0.7642 0.1481
vn 0.2649 0.2593 -0.9288
vn 0.9877 -0.1484 -0.0486
vn -0.8958 -0.2026 -0.3957
vn 0.7081 0.7000 0.0928
vn 0.7159 0.4569 -0.5280
vn -0.6300 -0.7663 -0.1259
vn -0.0598 0.9976 0.0356
vn -0.6852 -0.7115 -0.1557
vn -0.3985 -0.9135 -0.0821
vn -0.8160 0.1448 0.5596
vn -0.2703 0.8372 0.4754
vn -0.1122 0.9937 -0.0046
vn 0.5498 0.7776 -0.3049
vn -0.7732 0.3832 -0.5053
vn 0.9718 -0.0612 -0.2277
vn -0.0000 -0.0015 1.0000
vn 1.0000 -0.0010 0.0004
vn 0.9997 -0.0238 0.0022
vn 1.0000 0.0001 -0.0005
vn 0.9999 -0.0074 -0.0067
vn -0.0003 -0.0002 -1.0000
vn -0.0084 -0.0025 -1.0000
vn 0.2136 0.9754 0.0541
vn 0.2778 0.9581 0.0702
vn 0.0282 -0.9994 -0.0207
vn -0.6669 -0.4300 0.6086
vn -0.0128 0.9998 0.0119
vn 0.2777 0.9578 0.0744
vn -0.5219 -0.8101 0.2670
vn 0.8281 -0.1471 0.5410
vn -0.4517 -0.8860 -0.1047
vn -0.3756 -0.9265 -0.0211
vn -0.5681 0.6425 0.5144
vn 0.4730 0.8754 0.0999
vn 0.5884 0.8018 0.1044
vn -0.3645 -0.7335 0.5736
vn -0.6506 -0.7478 -0.1326
vn -0.6446 -0.7548 -0.1215
vn -0.9993 0.0294 0.0227
vn -0.9958 -0.0087 0.0914
vn -1.0000 -0.0001 -0.0001
vn -0.7035 -0.7100 -0.0302
vn -0.7077 -0.7065 -0.0000
vn -1.0000 -0.0000 0.0001
vn -1.0000 -0.0001 -0.0000
vn -0.7071 -0.7071 -0.0000
vn -0.7100 -0.4201 0.5652
vn -0.4382 -0.6512 0.6197
vn 0.3590 0.9288 0.0921
vn -0.2583 -0.9640 -0.0627
vn -0.2788 -0.9575 -0.0737
vn -0.5422 -0.8338 -0.1040
vn -0.3473 -0.9257 0.1501
vn 0.6054 0.7902 0.0956
vn -0.6828 -0.2957 0.6681
vn -0.3272 -0.9406 -0.0906
vn -0.4302 -0.8964 -0.1062
vn -0.2733 -0.9589 -0.0763
vn 0.2007 0.9781 0.0551
vn -0.3443 -0.9268 0.1500
vn 0.4098 0.9079 0.0883
vn -0.5237 -0.8425 -0.1262
vn 0.5735 0.2160 -0.7902
vn 0.2689 0.9603 0.0751
vn 0.5940 0.4063 -0.6943
vn 0.4698 0.8771 0.1002
vn -0.5676 -0.8189 -0.0853
vn -0.3995 -0.9162 -0.0311
vn -0.0002 -0.0009 1.0000
vn 0.0253 -0.9991 -0.0337
vn 0.2868 0.9544 0.0829
vn 0.4710 0.8795 0.0683
vn -0.3354 -0.9370 -0.0980
vn -0.0162 0.9996 0.0223
vn -0.5398 -0.1054 0.8351
vn 0.1908 0.9793 0.0681
vn 0.6303 0.4124 -0.6578
vn -0.1504 -0.9873 -0.0506
vn -0.4372 -0.6517 0.6198
vn 0.1902 0.9795 0.0665
vn -0.4090 -0.9102 -0.0649
vn 0.0177 -0.0236 -0.9996
vn -0.5535 -0.8305 -0.0623
vn -0.9233 -0.3841 -0.0003
vn -0.1282 -0.1306 0.9831
vn -0.5340 -0.1201 -0.8369
vn -1.0000 0.0001 0.0001
vn -0.4297 -0.8987 -0.0879
vn -0.4147 -0.9069 -0.0749
vn -0.4145 -0.9064 -0.0811
vn 0.9996 -0.0227 -0.0169
vn 0.4092 0.9088 0.0819
vn -0.9941 0.0330 -0.1034
vn -0.9995 0.0124 0.0295
vn -0.9993 -0.0096 -0.0363
vn 0.3415 0.9386 0.0493
vn 0.3121 0.9466 0.0810
vn -0.1684 -0.9833 -0.0684
vn -0.3824 -0.5740 0.7241
vn 0.1590 0.9773 -0.1400
vn 0.1399 0.9828 -0.1206
vn 0.0549 -0.9982 -0.0245
vn 0.6065 -0.3385 0.7194
vn 0.4192 -0.0836 0.9040
vn 0.3902 0.9179 0.0723
vn 0.3598 -0.7756 -0.5187
vn 0.4575 0.1220 -0.8808
vn 0.1207 0.9915 0.0487
vn 0.2970 0.7456 -0.5966
vn -0.1681 -0.9615 0.2173
vn -0.2264 -0.8891 0.3979
vn -0.0758 -0.9969 -0.0213
vn 0.0154 -0.0329 -0.9993
vn 0.0289 0.9996 -0.0041
vn -0.0730 -0.9968 0.0335
vn 0.0761 -0.2390 -0.9680
vn 0.1813 0.9812 0.0665
vn 0.1358 0.9892 0.0548
vn 0.0001 -0.0006 1.0000
vn 0.0020 -0.9982 -0.0598
vn -0.0009 -0.9999 0.0130
vn -0.0000 -0.0003 -1.0000
vn 0.0002 0.0010 -1.0000
vn -0.0004 -1.0000 0.0074
vn -0.0002 -0.0008 1.0000
vn -0.0294 -0.0416 -0.9987
vn -0.0116 0.9994 -0.0316
vn 0.0560 0.9953 -0.0791
vn -0.2321 -0.9705 -0.0652
vn -0.0041 0.9999 0.0095
vn 0.0047 -0.9999 0.0118
vn -0.0593 -0.9970 0.0498
vn 0.2554 0.9490 0.1851
vn -0.3749 -0.3507 0.8582
vn -0.4351 -0.2352 0.8691
vn 0.1781 0.9825 0.0537
vn 0.1304 0.9891 0.0690
vn -0.2498 -0.9640 -0.0912
vn -0.2779 -0.9605 -0.0117
vn -0.1277 -0.9724 0.1950
vn -0.0000 -0.0003 1.0000
vn -0.0770 -0.9968 -0.0208
vn 0.2746 0.9599 0.0560
vn -0.8753 -0.0644 0.4792
vn -0.1006 -0.9938 -0.0466
vn -0.8958 -0.0927 0.4347
vn -0.0990 -0.9935 -0.0570
vn -0.8502 0.1994 -0.4873
vn -0.0942 -0.9948 -0.0374
vn 0.3297 0.7339 -0.5939
vn 0.4617 0.1379 -0.8763
vn -0.2825 -0.9562 -0.0761
vn -0.0000 0.0004 -1.0000
vn 0.1961 0.8848 -0.4226
vn -0.0943 -0.9882 0.1206
vn -0.1557 -0.9864 -0.0525
vn -0.0000 0.0210 -0.9998
vn 0.0514 0.9982 0.0297
vn 0.0514 0.9982 0.0312
vn -0.1793 -0.9837 -0.0139
vn 0.0383 0.9991 0.0193
vn 0.0693 0.9967 0.0425
vn 0.1043 0.9932 0.0515
vn 0.2459 0.4806 -0.8418
vn 0.1654 0.9847 0.0548
vn 0.0770 0.9963 0.0375
vn -0.1957 -0.9797 -0.0427
vn -0.0000 0.0004 1.0000
vn -0.0393 -0.9990 -0.0233
vn 0.1431 0.9892 0.0321
vn -0.3164 0.2909 0.9029
vn 0.0030 -1.0000 -0.0089
vn -0.0576 -0.9974 -0.0440
vn -0.0379 -0.9987 -0.0329
vn 0.1431 0.0201 -0.9895
vn -0.1906 -0.9380 -0.2896
vn -0.2321 -0.9661 0.1129
vn -0.1800 -0.1890 0.9653
vn -0.1385 -0.9886 -0.0587
vn -0.1274 -0.6995 0.7032
vn -0.1797 -0.9831 -0.0364
vn -0.0000 -0.0002 1.0000
vn -0.1344 -0.5934 0.7936
vn -0.0020 -1.0000 -0.0082
vn -0.0054 -0.9994 0.0350
vn -0.0823 0.9144 -0.3964
vn -0.0759 -0.9969 -0.0230
vn 0.0002 -0.0009 1.0000
vn 0.0369 0.9988 0.0313
vn -0.0039 0.9999 0.0118
vn -0.1611 -0.1535 0.9749
vn -0.0048 0.9992 0.0391
vn 0.1003 0.9944 0.0322
vn 0.0236 0.9960 -0.0864
vn -0.1261 -0.9920 -0.0026
vn 0.0029 -0.9993 -0.0368
vn 0.0003 -0.0020 -1.0000
vn -0.0355 -0.9981 -0.0498
vn -0.0004 1.0000 0.0030
vn 0.0978 0.4521 -0.8866
vn 0.1199 0.9921 0.0369
vn 0.0210 -0.2708 0.9624
vn 0.1088 -0.9096 0.4010
vn -0.0402 -0.9688 0.2447
vn 0.8739 -0.2667 -0.4064
vn -0.0085 0.9992 0.0382
vn -0.0072 0.8220 0.5694
vn 0.1535 0.9866 -0.0547
vn -0.0080 -0.9915 -0.1300
vn 0.0002 -0.9997 -0.0255
vn -0.8603 0.2861 0.4220
vn -0.4523 -0.4462 -0.7722
vn -0.0127 0.9995 0.0294
vn -0.0112 0.9995 0.0297
vn -0.0314 0.9993 0.0204
vn -0.0226 0.9979 0.0601
vn -0.0489 0.9985 0.0253
vn -0.0057 -0.7341 -0.6790
vn -0.0081 0.9999 -0.0104
vn -0.0235 0.9996 0.0142
vn -0.0205 0.9986 -0.0492
vn 0.0003 -0.0020 1.0000
vn 0.0765 -0.9969 0.0179
vn 0.0030 -0.9993 -0.0368
vn -0.0520 0.9354 -0.3496
vn -0.0392 0.8982 -0.4379
vn 0.0390 -0.7446 0.6664
vn 0.0009 0.3270 -0.9450
vn 0.0030 0.2811 -0.9597
vn -0.0122 -0.9979 -0.0629
vn 0.0131 -0.9101 0.4143
vn 0.0088 0.9994 0.0331
vn 0.1178 -0.1687 0.9786
vn 0.0408 -0.9991 -0.0140
vn -0.0755 0.9966 0.0325
vn -0.5873 0.1033 0.8027
vn 0.0059 -0.9992 -0.0408
vn 0.0358 -0.9968 0.0715
vn 0.0460 -0.9949 0.0900
vn 0.0174 -0.7537 0.6570
vn -0.4505 -0.1533 -0.8795
vn 0.1662 -0.2410 0.9562
vn -0.1108 0.3862 -0.9157
vn 0.1345 -0.9885 -0.0689
vn 0.1303 -0.9896 -0.0608
vn 0.0982 -0.9945 -0.0374
vn 0.1318 -0.9897 0.0557
vn 0.1429 -0.7259 0.6728
vn -0.0993 0.9941 0.0443
vn 0.0082 -0.0337 -0.9994
vn 0.0497 -0.9979 -0.0420
vn -0.0725 0.9962 0.0482
vn 0.0381 -0.9989 -0.0267
vn 0.0566 -0.9975 -0.0413
vn -0.0706 0.9967 0.0391
vn 0.0379 -0.9990 -0.0228
vn 0.1500 -0.9848 -0.0879
vn -0.0016 -0.0009 -1.0000
vn -0.2424 0.6378 -0.7310
vn 0.5717 -0.7256 -0.3829
vn 0.7211 0.2509 0.6458
vn 0.4618 -0.4269 -0.7775
vn -0.0284 -0.9941 -0.1048
vn -0.1226 0.9921 0.0272
vn 0.0001 -0.0002 1.0000
vn 0.3532 -0.9355 -0.0000
vn 0.3163 -0.9227 0.2201
vn 0.2334 -0.9701 -0.0660
vn -0.1706 0.9849 0.0281
vn -0.2599 0.9644 0.0481
vn -0.1406 0.9858 0.0913
vn 0.0450 -0.9988 -0.0208
vn -0.0294 -0.9933 -0.1121
vn -0.7416 0.5696 -0.3544
vn 0.1129 -0.9923 -0.0516
vn 0.1331 -0.9894 -0.0577
vn -0.1337 0.9892 0.0596
vn -0.1536 0.9867 0.0527
vn -0.1786 0.9826 0.0509
vn 0.1862 -0.7628 0.6193
vn 0.2738 0.6444 0.7140
vn 0.1625 -0.9856 -0.0464
vn -0.0850 0.9957 0.0374
vn -0.0512 0.9969 -0.0596
vn -0.0737 0.9969 0.0289
vn -0.0574 0.9960 0.0690
vn 0.1975 -0.2700 0.9424
vn 0.4192 -0.3973 0.8164
vn -0.3523 0.5940 -0.7232
vn -0.1586 0.9872 0.0138
vn -0.0261 -0.9973 -0.0682
vn 0.4213 -0.2632 0.8679
vn 0.2507 -0.8738 0.4167
vn -0.1664 0.9573 -0.2363
vn -0.4461 0.3685 -0.8156
vn -0.1375 0.9890 0.0550
vn 0.9302 0.1311 -0.3428
vn 0.3018 -0.9504 -0.0750
vn -0.7744 -0.3757 0.5091
vn 0.2912 -0.7994 0.5256
vn -0.3478 0.1562 -0.9245
vn 0.2399 -0.9684 -0.0678
vn 0.2418 -0.8148 0.5269
vn -0.3599 0.9314 0.0538
vn 0.2825 -0.9582 -0.0459
vn -0.8933 0.4353 0.1118
vn 0.4764 -0.6210 -0.6224
vn 0.8042 -0.4026 -0.4373
vn 0.2292 -0.9712 -0.0657
vn -0.3566 -0.0871 -0.9302
vn -0.3087 0.0658 -0.9489
vn -0.3103 0.9483 0.0670
vn -0.3104 0.9484 0.0654
vn 0.0876 0.0979 0.9913
vn 0.0006 -0.0006 1.0000
vn 0.0073 -0.9992 0.0390
vn 0.0007 0.0001 -1.0000
vn 0.0025 -0.0003 -1.0000
vn 0.0002 -0.0021 -1.0000
vn 0.7647 0.1455 0.6278
vn 0.1656 -0.9819 -0.0922
vn 0.1855 -0.9802 -0.0700
vn -0.2275 0.9717 0.0641
vn -0.2430 0.9668 0.0794
vn -0.6249 0.4906 -0.6072
vn 0.1501 -0.9877 -0.0443
vn 0.1047 -0.9866 0.1248
vn -0.1898 0.9792 0.0717
vn -0.2462 -0.1009 0.9639
vn 0.3193 -0.9470 -0.0355
vn 0.4290 -0.9001 -0.0763
vn 0.3131 -0.7182 0.6214
vn 0.2787 -0.9587 -0.0565
vn 0.4411 -0.8931 -0.0884
vn 0.0138 0.9993 0.0343
vn 0.4702 -0.1670 0.8666
vn 0.2047 -0.9722 0.1138
vn 0.4211 -0.9035 -0.0797
vn -0.5572 0.2552 -0.7902
vn -0.4410 0.8936 0.0837
vn 0.3419 -0.9281 -0.1476
vn 0.3774 -0.8263 -0.4181
vn -0.1341 0.9894 0.0550
vn -0.5641 0.1297 -0.8154
vn -0.5250 -0.5361 0.6611
vn -0.0154 -0.9974 -0.0698
vn -0.4873 0.8702 0.0730
vn -0.0045 -0.8872 -0.4614
vn -0.1817 0.9775 0.1076
vn -0.2621 0.9264 -0.2705
vn -0.1289 -0.9805 -0.1485
vn 0.3405 -0.9355 -0.0944
vn -0.3669 0.9264 0.0850
vn -0.3801 0.9207 0.0886
vn -0.4123 0.8840 0.2204
vn -0.4360 0.7470 -0.5019
vn 0.4366 -0.7855 0.4386
vn 0.0010 1.0000 0.0010
vn 0.4824 -0.6224 0.6164
vn -0.1300 -0.9887 -0.0747
vn -0.7002 -0.7138 0.0162
vn 0.4278 -0.0547 0.9022
vn 0.9718 0.2069 -0.1134
vn 0.9989 0.0363 0.0281
vn -0.9054 -0.3661 0.2150
vn 1.0000 -0.0055 -0.0000
vn -0.9847 -0.1390 -0.1052
vn -0.0310 -0.0420 -0.9986
vn 0.9358 -0.3501 0.0421
vn 0.9353 -0.3539 0.0002
vn 0.6943 -0.7155 0.0769
vn 0.7039 -0.7103 -0.0000
vn 0.7073 -0.7069 -0.0004
vn -0.6874 -0.7020 -0.1864
vn 0.2400 -0.9684 -0.0673
vn -0.4279 0.7675 -0.4773
vn 0.3898 -0.9179 -0.0748
vn 0.6616 -0.1009 0.7430
vn -0.4489 0.8892 0.0879
vn -0.1225 0.9924 0.0100
vn -0.3167 0.9442 0.0905
vn 0.5907 -0.7990 -0.1123
vn 0.1494 -0.9878 -0.0444
vn 0.3509 -0.9212 0.1681
vn 0.3582 -0.9174 0.1736
vn -0.5792 0.1016 -0.8089
vn 0.5822 -0.6002 0.5485
vn 0.3636 -0.7632 0.5342
vn 0.5511 -0.8295 -0.0910
vn -0.0074 -0.9999 -0.0075
vn 0.6846 0.2152 0.6964
vn 0.0298 0.9993 0.0214
vn -0.5986 0.7952 0.0965
vn -0.1496 0.9884 0.0274
vn -0.2683 0.9604 0.0752
vn -0.2520 0.9674 0.0251
vn 0.5084 -0.8541 -0.1097
vn 0.4973 -0.8618 -0.1003
vn -0.3030 0.9437 -0.1325
vn -0.4487 0.8888 0.0933
vn 0.6092 -0.7886 -0.0835
vn -0.5517 0.8274 0.1056
vn 0.4035 -0.9103 -0.0924
vn 0.6421 0.3239 -0.6949
vn 0.5347 -0.8381 -0.1084
vn 0.0004 -0.0002 -1.0000
vn 0.3902 -0.9171 -0.0819
vn 0.6648 -0.6702 0.3298
vn -0.3793 0.9201 0.0972
vn -0.6842 0.3483 -0.6408
vn -0.5518 0.8275 0.1033
vn -0.7323 0.6754 0.0872
vn 0.6167 -0.7833 -0.0788
vn 0.8349 -0.2146 0.5069
vn 0.0903 -0.9601 0.2648
vn 0.0140 -0.0015 -0.9999
vn 0.9994 0.0273 0.0223
vn -0.9353 -0.0849 0.3434
vn 1.0000 -0.0002 -0.0001
vn -0.0053 -1.0000 0.0002
vn -0.0124 0.0379 0.9992
vn 1.0000 -0.0001 -0.0000
vn 0.6267 -0.4649 0.6254
vn 0.1481 0.9863 -0.0725
vn 0.7132 -0.6923 -0.1096
vn 0.9791 -0.2029 -0.0146
vn 0.1582 -0.1496 0.9760
vn 0.6332 -0.4981 -0.5925
vn -0.4713 0.8738 -0.1195
vn -1.0000 -0.0000 0.0004
vn 0.7788 -0.6236 -0.0674
vn -1.0000 -0.0026 0.0011
vn -1.0000 0.0003 -0.0014
vn -1.0000 -0.0061 -0.0000
vn -1.0000 -0.0092 0.0019
vn 0.0916 -0.9958 -0.0000
vn -0.0214 -0.0005 0.9998
vn -0.1250 -0.7740 -0.6208
vn 0.0021 -0.0029 -1.0000
vn -0.6802 0.7250 0.1082
vn 0.8382 -0.5133 -0.1844
vn 0.7973 -0.5936 -0.1091
vn -0.5607 0.8228 0.0923
vn -0.5279 0.8429 0.1043
vn -0.6948 0.7106 0.1110
vn 0.7504 -0.4033 0.5237
vn 0.7758 -0.3302 0.5378
vn 0.6389 -0.7638 -0.0913
vn 0.4339 -0.8977 -0.0763
vn 0.7729 -0.6247 -0.1116
vn -0.7848 0.6065 0.1275
vn 0.6579 -0.7460 -0.1033
vn 0.8621 0.1887 -0.4703
vn 0.2194 -0.3200 0.9216
vn 0.0026 -0.0350 -0.9994
vn 0.9994 -0.0349 -0.0000
vn 0.9994 -0.0350 0.0001
vn -0.6740 -0.1034 0.7315
vn -0.9298 -0.2426 -0.2769
vn 0.4253 -0.9044 -0.0340
vn -0.7616 0.6418 0.0897
vn -0.0000 -0.0349 0.9994
vn -0.5227 0.8505 0.0593
vn -0.9205 -0.3908 0.0018
vn -0.0061 0.0343 0.9994
vn -0.2341 -0.0585 -0.9704
vn -0.0089 -0.9999 -0.0079
vn 0.8616 0.1933 -0.4694
vn -0.7837 0.0897 -0.6146
vn 0.8284 -0.5506 -0.1030
vn -0.7750 0.2554 -0.5781
vn -0.7957 0.1421 -0.5888
vn -0.7997 0.5911 0.1056
vn -0.7528 0.6514 0.0953
vn 0.8187 -0.5311 -0.2184
vn 0.2124 -0.9768 0.0255
vn 0.8761 -0.0000 0.4821
vn 0.0051 0.8865 0.4627
vn 0.6584 -0.6985 0.2804
vn 0.9861 -0.1545 -0.0615
vn -0.0000 -1.0000 -0.0015
vn 0.8575 -0.5030 -0.1087
vn -1.0000 -0.0000 0.0006
vn 0.8255 -0.5554 -0.0999
vn -1.0000 0.0003 0.0001
vn -0.5268 0.8481 0.0564
vn -0.8092 0.5827 0.0746
vn -0.0001 1.0000 0.0001
vn -0.6964 0.7091 0.1105
vn 0.8928 -0.4487 -0.0401
vn 0.7794 -0.6265 -0.0073
vn 0.6980 -0.7142 0.0511
vn -0.0019 -1.0000 0.0005
vn -0.0092 -0.9999 -0.0039
vn 0.8519 0.3799 0.3604
vn 0.8496 -0.4545 0.2677
vn 0.0420 0.9989 0.0225
vn 0.0114 0.9999 0.0035
vn 0.9936 -0.0828 -0.0772
vn 0.0484 -0.9988 -0.0021
vn 0.0441 -0.9990 -0.0023
vn -0.8602 0.4693 -0.1993
vn -0.8705 0.4836 0.0915
vn 0.8827 -0.4622 -0.0845
vn 0.9228 -0.3730 -0.0964
vn -0.7422 0.6661 0.0741
vn -0.8051 0.5906 0.0547
vn 0.7804 -0.5723 0.2518
vn -0.6677 0.7263 0.1635
vn -0.9198 -0.3924 0.0007
vn -0.9990 -0.0000 0.0439
vn 0.6695 -0.7359 -0.1012
vn 0.9217 -0.1243 -0.3675
vn 0.8534 -0.5135 -0.0900
vn 0.9760 -0.0310 -0.2158
vn 0.0031 1.0000 -0.0008
vn 0.0002 1.0000 0.0001
vn -0.8131 0.5736 0.0993
vn -0.8269 0.4650 -0.3163
vn -0.9974 -0.0000 0.0723
vn -0.9974 -0.0010 0.0723
vn -0.8218 0.5606 0.1019
vn -0.8842 0.4625 0.0654
vn -0.9379 0.0100 -0.3467
vn 0.9204 -0.3822 -0.0830
vn 0.9015 -0.0991 0.4213
vn -0.8280 0.4637 -0.3153
vn -0.8611 0.4989 0.0977
vn -0.0035 1.0000 0.0042
vn 0.0231 -0.9997 -0.0013
vn 0.8940 -0.4481 -0.0030
vn 0.9261 -0.3684 0.0810
vn -0.0024 -1.0000 0.0003
vn 0.8677 0.4811 -0.1255
vn 0.9647 -0.2527 -0.0747
vn 0.9926 -0.0944 -0.0767
vn -0.0185 -0.9998 -0.0050
vn 0.0358 -0.2902 0.9563
vn -0.0283 0.9119 -0.4094
vn 0.8971 -0.4417 -0.0127
vn 0.9474 -0.3135 -0.0647
vn -0.9064 0.4207 0.0375
vn -0.0201 -0.9998 -0.0007
vn 0.9496 -0.2387 0.2032
vn -0.9424 0.3250 0.0789
vn -0.9377 0.3385 0.0786
vn -0.6890 0.7133 0.1285
vn 0.9676 -0.2452 -0.0604
vn -0.9477 0.1357 -0.2890
vn -0.9974 -0.0000 0.0722
vn -0.7709 0.6297 -0.0956
vn 0.9128 -0.4017 0.0737
vn -0.8717 0.4875 0.0501
vn -0.2286 -0.9708 -0.0724
vn -0.0742 -0.9920 -0.1023
vn 0.0368 -0.9992 0.0122
vn 0.8938 -0.0347 0.4472
vn 0.9833 -0.1762 -0.0460
vn -0.9389 0.3364 0.0733
vn -0.9750 -0.2194 -0.0365
vn -0.9780 0.1569 -0.1377
vn -0.9988 -0.0243 0.0428
vn -0.9965 0.0789 0.0269
s 0
f 1//1 2//1 3//1
f 2//2 4//2 3//2
f 5//3 4//3 2//3
f 4//4 6//4 3//4
f 7//5 6//5 4//5
f 8//6 7//6 4//6
f 9//7 5//7 2//7
f 5//8 8//8 4//8
f 6//9 10//9 3//9
f 9//10 11//10 5//10
f 7//11 12//11 6//11
f 10//12 1//12 3//12
f 1//13 9//13 2//13
f 13//14 9//14 1//14
f 14//15 13//15 1//15
f 13//16 15//16 9//16
f 10//17 14//17 1//17
f 8//18 16//18 7//18
f 17//19 18//19 19//19
f 20//20 21//20 22//20
f 21//21 23//21 22//21
f 22//22 24//22 25//22
f 26//23 24//23 22//23
f 23//24 26//24 22//24
f 27//25 28//25 29//25
f 30//26 7//26 16//26
f 8//27 30//27 16//27
f 27//28 31//28 28//28
f 32//29 33//29 28//29
f 19//30 34//30 17//30
f 35//31 18//31 17//31
f 36//32 29//32 33//32
f 18//33 32//33 19//33
f 31//34 34//34 19//34
f 18//35 37//35 32//35
f 35//36 22//36 25//36
f 37//37 33//37 32//37
f 34//38 22//38 17//38
f 22//39 35//39 17//39
f 18//40 25//40 24//40
f 27//41 34//41 31//41
f 24//42 37//42 18//42
f 38//43 10//43 6//43
f 39//44 40//44 30//44
f 8//45 39//45 30//45
f 41//46 42//46 24//46
f 26//47 41//47 24//47
f 42//48 37//48 24//48
f 43//49 7//49 30//49
f 44//50 5//50 11//50
f 9//51 45//51 11//51
f 46//52 12//52 7//52
f 43//53 46//53 7//53
f 47//54 22//54 34//54
f 47//55 20//55 22//55
f 31//56 32//56 28//56
f 23//57 48//57 31//57
f 19//58 32//58 31//58
f 35//59 25//59 18//59
f 37//60 49//60 33//60
f 50//61 36//61 33//61
f 49//62 50//62 33//62
f 51//63 34//63 27//63
f 52//64 47//64 34//64
f 51//65 52//65 34//65
f 29//66 53//66 27//66
f 54//67 55//67 37//67
f 42//68 54//68 37//68
f 55//69 49//69 37//69
f 56//70 54//70 42//70
f 41//70 56//70 42//70
f 40//71 13//71 30//71
f 28//72 33//72 29//72
f 28//73 57//73 29//73
f 15//74 58//74 9//74
f 44//75 8//75 5//75
f 36//76 59//76 29//76
f 38//77 60//77 10//77
f 61//78 62//78 54//78
f 56//79 61//79 54//79
f 62//80 55//80 54//80
f 63//81 46//81 43//81
f 53//82 51//82 27//82
f 59//83 28//83 29//83
f 60//84 14//84 10//84
f 64//85 20//85 47//85
f 57//86 53//86 29//86
f 13//87 43//87 30//87
f 63//88 12//88 46//88
f 8//89 65//89 39//89
f 65//90 66//90 39//90
f 67//91 26//91 23//91
f 57//92 59//92 48//92
f 48//93 59//93 67//93
f 67//94 23//94 48//94
f 23//95 57//95 48//95
f 59//96 26//96 67//96
f 28//97 59//97 57//97
f 21//98 57//98 23//98
f 21//99 68//99 57//99
f 68//100 53//100 57//100
f 13//101 40//101 43//101
f 69//102 50//102 49//102
f 51//103 70//103 52//103
f 62//104 71//104 55//104
f 72//105 49//105 55//105
f 71//106 72//106 55//106
f 59//107 41//107 26//107
f 73//108 38//108 6//108
f 14//109 74//109 63//109
f 43//110 40//110 63//110
f 40//111 74//111 63//111
f 15//112 40//112 39//112
f 20//113 68//113 21//113
f 15//114 13//114 40//114
f 12//115 73//115 6//115
f 9//116 75//116 45//116
f 39//117 58//117 15//117
f 20//118 76//118 68//118
f 76//119 53//119 68//119
f 77//120 78//120 71//120
f 62//121 77//121 71//121
f 78//122 72//122 71//122
f 61//123 77//123 62//123
f 79//124 41//124 59//124
f 36//125 79//125 59//125
f 80//126 14//126 60//126
f 58//127 75//127 9//127
f 81//128 12//128 63//128
f 79//129 56//129 41//129
f 45//130 44//130 11//130
f 82//131 51//131 53//131
f 83//132 73//132 12//132
f 14//133 74//133 13//133
f 84//134 82//134 53//134
f 52//135 85//135 47//135
f 74//136 40//136 13//136
f 76//137 84//137 53//137
f 79//138 61//138 56//138
f 20//139 64//139 76//139
f 86//140 64//140 47//140
f 73//141 87//141 38//141
f 87//142 60//142 38//142
f 88//143 89//143 85//143
f 88//144 85//144 52//144
f 75//145 90//145 45//145
f 66//146 58//146 39//146
f 15//147 58//147 66//147
f 8//148 91//148 65//148
f 91//149 66//149 65//149
f 92//150 76//150 64//150
f 93//151 94//151 87//151
f 94//152 60//152 87//152
f 95//153 89//153 88//153
f 95//154 73//154 89//154
f 95//155 87//155 73//155
f 95//156 93//156 87//156
f 79//157 96//157 61//157
f 80//158 74//158 14//158
f 95//159 97//159 93//159
f 97//160 94//160 93//160
f 89//161 98//161 85//161
f 99//162 89//162 73//162
f 100//163 98//163 89//163
f 95//164 101//164 97//164
f 84//165 70//165 51//165
f 102//166 100//166 89//166
f 83//167 99//167 73//167
f 99//168 103//168 89//168
f 103//169 102//169 89//169
f 101//170 95//170 88//170
f 94//171 104//171 60//171
f 78//172 105//172 72//172
f 85//173 86//173 47//173
f 106//174 52//174 70//174
f 52//175 106//175 88//175
f 107//176 104//176 94//176
f 97//177 107//177 94//177
f 78//178 108//178 105//178
f 96//179 69//179 49//179
f 58//180 109//180 75//180
f 72//181 96//181 49//181
f 61//182 110//182 77//182
f 86//183 92//183 64//183
f 76//184 92//184 84//184
f 111//185 80//185 60//185
f 112//186 36//186 50//186
f 113//187 104//187 107//187
f 113//188 60//188 104//188
f 112//189 79//189 36//189
f 114//190 108//190 78//190
f 77//191 114//191 78//191
f 115//192 107//192 97//192
f 110//193 114//193 77//193
f 82//194 70//194 51//194
f 112//195 96//195 79//195
f 92//196 116//196 84//196
f 113//197 111//197 60//197
f 96//198 110//198 61//198
f 88//199 106//199 101//199
f 106//200 117//200 101//200
f 117//201 118//201 101//201
f 118//202 97//202 101//202
f 118//203 115//203 97//203
f 119//204 107//204 115//204
f 119//205 120//205 107//205
f 120//206 113//206 107//206
f 121//207 111//207 113//207
f 116//208 122//208 84//208
f 123//209 96//209 72//209
f 72//210 105//210 69//210
f 96//211 72//211 69//211
f 98//212 86//212 85//212
f 98//213 124//213 86//213
f 86//214 116//214 92//214
f 90//215 44//215 45//215
f 66//216 109//216 58//216
f 110//217 123//217 114//217
f 75//218 125//218 90//218
f 125//219 126//219 90//219
f 122//220 82//220 84//220
f 124//221 116//221 86//221
f 124//222 98//222 116//222
f 98//223 100//223 116//223
f 100//224 122//224 116//224
f 123//225 110//225 96//225
f 96//226 127//226 123//226
f 44//227 91//227 8//227
f 128//228 12//228 81//228
f 63//229 129//229 81//229
f 129//230 128//230 81//230
f 44//231 130//231 91//231
f 130//232 66//232 91//232
f 131//233 63//233 74//233
f 80//234 131//234 74//234
f 132//235 111//235 121//235
f 133//236 134//236 111//236
f 134//237 135//237 111//237
f 135//238 136//238 111//238
f 137//239 80//239 111//239
f 136//240 137//240 111//240
f 137//241 129//241 80//241
f 109//242 138//242 75//242
f 108//243 139//243 105//243
f 139//244 140//244 105//244
f 140//245 69//245 105//245
f 141//246 142//246 70//246
f 82//247 141//247 70//247
f 142//248 106//248 70//248
f 69//249 143//249 50//249
f 143//250 112//250 50//250
f 123//251 144//251 114//251
f 80//252 129//252 63//252
f 131//253 80//253 63//253
f 138//254 109//254 66//254
f 140//255 143//255 69//255
f 127//256 96//256 112//256
f 127//257 144//257 123//257
f 145//258 146//258 108//258
f 114//259 145//259 108//259
f 146//260 139//260 108//260
f 147//261 145//261 114//261
f 148//262 83//262 12//262
f 128//263 148//263 12//263
f 137//264 131//264 129//264
f 130//265 149//265 66//265
f 137//266 136//266 150//266
f 102//267 122//267 100//267
f 102//268 151//268 122//268
f 151//269 152//269 122//269
f 153//270 127//270 112//270
f 136//271 135//271 150//271
f 154//272 75//272 138//272
f 127//273 155//273 144//273
f 155//274 156//274 144//274
f 153//275 157//275 127//275
f 153//276 155//276 127//276
f 144//277 158//277 114//277
f 158//278 147//278 114//278
f 131//279 159//279 129//279
f 159//280 128//280 129//280
f 149//281 109//281 66//281
f 117//282 106//282 142//282
f 135//283 137//283 150//283
f 90//284 130//284 44//284
f 159//285 148//285 128//285
f 160//286 161//286 130//286
f 161//287 149//287 130//287
f 146//288 157//288 139//288
f 157//289 162//289 139//289
f 145//290 163//290 146//290
f 163//290 164//290 146//290
f 164//291 165//291 146//291
f 165//292 162//292 146//292
f 162//293 157//293 146//293
f 147//294 166//294 145//294
f 167//295 166//295 147//295
f 133//296 168//296 134//296
f 168//297 135//297 134//297
f 139//298 169//298 140//298
f 143//299 140//299 169//299
f 170//300 142//300 141//300
f 171//301 169//301 139//301
f 172//302 90//302 126//302
f 125//303 172//303 126//303
f 173//304 141//304 82//304
f 172//305 130//305 90//305
f 83//306 103//306 99//306
f 102//307 103//307 174//307
f 156//308 158//308 144//308
f 152//309 82//309 122//309
f 175//310 153//310 112//310
f 168//311 174//311 103//311
f 159//312 135//312 103//312
f 135//313 168//313 103//313
f 176//314 159//314 103//314
f 83//315 176//315 103//315
f 159//316 137//316 135//316
f 131//317 137//317 159//317
f 176//318 177//318 159//318
f 177//319 148//319 159//319
f 151//320 82//320 152//320
f 151//321 102//321 174//321
f 174//322 168//322 133//322
f 178//323 176//323 83//323
f 149//324 138//324 109//324
f 163//325 179//325 164//325
f 179//291 165//291 164//291
f 180//326 179//326 163//326
f 145//327 180//327 163//327
f 158//328 181//328 147//328
f 181//329 167//329 147//329
f 166//330 156//330 155//330
f 142//331 182//331 117//331
f 183//332 138//332 149//332
f 161//333 183//333 149//333
f 160//334 184//334 161//334
f 170//335 182//335 142//335
f 185//336 186//336 151//336
f 186//337 82//337 151//337
f 186//338 173//338 82//338
f 154//339 125//339 75//339
f 133//340 187//340 174//340
f 188//341 151//341 174//341
f 187//342 188//342 174//342
f 189//343 176//343 178//343
f 190//318 177//318 176//318
f 189//318 190//318 176//318
f 148//344 191//344 83//344
f 192//345 155//345 153//345
f 155//346 145//346 166//346
f 188//347 185//347 151//347
f 175//348 193//348 153//348
f 193//349 192//349 153//349
f 192//350 156//350 155//350
f 167//351 145//351 166//351
f 183//352 154//352 138//352
f 125//353 194//353 172//353
f 177//354 195//354 148//354
f 190//355 195//355 177//355
f 130//356 196//356 160//356
f 196//357 184//357 160//357
f 197//358 175//358 112//358
f 198//359 194//359 125//359
f 192//360 158//360 156//360
f 154//361 198//361 125//361
f 197//362 112//362 143//362
f 182//363 199//363 117//363
f 173//364 170//364 141//364
f 162//365 171//365 139//365
f 192//366 200//366 158//366
f 200//367 181//367 158//367
f 171//368 175//368 169//368
f 186//369 170//369 173//369
f 193//370 175//370 171//370
f 120//371 121//371 113//371
f 201//372 143//372 169//372
f 167//373 202//373 145//373
f 202//374 203//374 145//374
f 203//375 180//375 145//375
f 181//376 204//376 167//376
f 203//377 205//377 179//377
f 180//378 203//378 179//378
f 205//291 165//291 179//291
f 200//379 204//379 181//379
f 192//380 206//380 200//380
f 207//381 208//381 193//381
f 208//382 192//382 193//382
f 171//383 207//383 193//383
f 208//384 206//384 192//384
f 185//385 209//385 186//385
f 209//386 210//386 186//386
f 210//387 173//387 186//387
f 175//388 207//388 171//388
f 211//389 154//389 183//389
f 161//390 211//390 183//390
f 171//391 201//391 169//391
f 212//392 198//392 154//392
f 188//393 209//393 185//393
f 201//394 213//394 143//394
f 213//395 214//395 143//395
f 215//396 216//396 173//396
f 216//397 170//397 173//397
f 199//398 182//398 170//398
f 216//399 199//399 170//399
f 143//400 214//400 197//400
f 217//401 215//401 173//401
f 162//402 201//402 171//402
f 210//403 217//403 173//403
f 172//404 196//404 130//404
f 190//405 218//405 195//405
f 189//406 219//406 190//406
f 219//407 218//407 190//407
f 220//408 221//408 196//408
f 172//409 220//409 196//409
f 221//410 161//410 196//410
f 161//411 184//411 196//411
f 195//412 191//412 148//412
f 194//413 222//413 172//413
f 187//414 223//414 188//414
f 208//415 202//415 167//415
f 224//416 208//416 167//416
f 210//417 209//417 188//417
f 222//418 220//418 172//418
f 207//419 175//419 197//419
f 225//420 187//420 133//420
f 191//421 189//421 178//421
f 83//422 191//422 178//422
f 207//423 226//423 208//423
f 224//424 206//424 208//424
f 208//425 224//425 202//425
f 111//426 227//426 133//426
f 224//427 228//427 206//427
f 226//428 224//428 208//428
f 167//429 202//429 224//429
f 226//430 228//430 224//430
f 187//431 225//431 223//431
f 217//432 210//432 188//432
f 223//433 217//433 188//433
f 227//434 225//434 133//434
f 203//435 165//435 205//435
f 202//436 165//436 203//436
f 200//437 167//437 204//437
f 211//438 212//438 154//438
f 229//439 219//439 189//439
f 191//440 229//440 189//440
f 201//441 230//441 213//441
f 230//442 231//442 213//442
f 197//443 226//443 207//443
f 229//444 232//444 223//444
f 225//445 229//445 223//445
f 219//446 229//446 225//446
f 229//447 233//447 232//447
f 225//448 234//448 219//448
f 225//449 227//449 234//449
f 235//450 219//450 234//450
f 236//451 235//451 234//451
f 235//452 237//452 219//452
f 237//453 238//453 219//453
f 238//454 218//454 219//454
f 236//455 111//455 235//455
f 162//456 230//456 201//456
f 239//457 199//457 216//457
f 240//458 239//458 216//458
f 215//459 240//459 216//459
f 241//460 217//460 223//460
f 232//461 241//461 223//461
f 228//462 242//462 206//462
f 242//463 200//463 206//463
f 165//464 230//464 162//464
f 202//465 243//465 165//465
f 243//466 230//466 165//466
f 167//467 242//467 202//467
f 242//468 243//468 202//468
f 200//469 242//469 167//469
f 195//470 244//470 191//470
f 221//471 211//471 161//471
f 238//472 245//472 218//472
f 245//473 195//473 218//473
f 220//474 211//474 221//474
f 191//475 233//475 229//475
f 245//476 244//476 195//476
f 246//477 241//477 232//477
f 233//478 246//478 232//478
f 244//479 233//479 191//479
f 111//480 234//480 227//480
f 247//481 222//481 194//481
f 198//482 247//482 194//482
f 248//483 199//483 239//483
f 214//484 226//484 197//484
f 248//485 117//485 199//485
f 111//486 236//486 234//486
f 212//487 211//487 198//487
f 249//488 250//488 217//488
f 241//489 249//489 217//489
f 214//490 251//490 226//490
f 250//491 215//491 217//491
f 252//70 253//70 228//70
f 253//70 242//70 228//70
f 226//492 254//492 228//492
f 254//493 252//493 228//493
f 255//494 256//494 252//494
f 256//495 253//495 252//495
f 254//496 255//496 252//496
f 120//497 111//497 121//497
f 246//498 257//498 241//498
f 257//499 249//499 241//499
f 111//500 237//500 235//500
f 258//501 243//501 242//501
f 253//502 258//502 242//502
f 258//503 230//503 243//503
f 212//504 211//504 259//504
f 260//505 238//505 237//505
f 230//506 261//506 231//506
f 262//507 240//507 215//507
f 256//508 258//508 253//508
f 213//509 251//509 214//509
f 250//510 262//510 215//510
f 111//511 263//511 237//511
f 256//512 264//512 258//512
f 261//513 230//513 258//513
f 264//514 261//514 258//514
f 259//515 198//515 212//515
f 265//516 239//516 240//516
f 262//517 265//517 240//517
f 265//518 248//518 239//518
f 266//519 256//519 255//519
f 254//520 266//520 255//520
f 267//521 111//521 120//521
f 268//522 267//522 120//522
f 269//523 263//523 111//523
f 267//524 270//524 111//524
f 270//525 269//525 111//525
f 259//526 271//526 198//526
f 263//527 260//527 237//527
f 247//528 220//528 222//528
f 260//529 245//529 238//529
f 272//530 273//530 220//530
f 273//531 211//531 220//531
f 261//532 226//532 251//532
f 249//533 265//533 250//533
f 261//534 254//534 226//534
f 274//535 266//535 254//535
f 261//536 274//536 254//536
f 248//537 118//537 117//537
f 275//538 276//538 266//538
f 276//539 256//539 266//539
f 274//540 275//540 266//540
f 246//541 277//541 257//541
f 278//542 261//542 251//542
f 261//543 278//543 274//543
f 279//544 275//544 274//544
f 257//545 280//545 249//545
f 277//546 280//546 257//546
f 115//547 118//547 248//547
f 281//548 279//548 274//548
f 278//549 281//549 274//549
f 220//550 247//550 272//550
f 280//551 282//551 249//551
f 278//552 251//552 281//552
f 250//553 249//553 282//553
f 119//554 268//554 120//554
f 268//555 270//555 267//555
f 283//556 213//556 231//556
f 213//557 283//557 251//557
f 284//558 271//558 259//558
f 211//559 285//559 259//559
f 285//560 284//560 259//560
f 286//561 270//561 268//561
f 119//562 286//562 268//562
f 248//563 287//563 115//563
f 287//564 119//564 115//564
f 288//565 260//565 263//565
f 286//566 289//566 270//566
f 289//567 290//567 270//567
f 270//568 290//568 269//568
f 279//569 276//569 275//569
f 276//570 264//570 256//570
f 291//571 292//571 286//571
f 292//572 289//572 286//572
f 119//573 291//573 286//573
f 287//574 293//574 119//574
f 276//575 294//575 264//575
f 294//576 278//576 264//576
f 278//577 261//577 264//577
f 292//578 290//578 289//578
f 265//579 295//579 248//579
f 119//580 292//580 291//580
f 295//581 287//581 248//581
f 278//582 231//582 261//582
f 119//583 296//583 292//583
f 296//584 290//584 292//584
f 297//585 281//585 251//585
f 293//586 296//586 119//586
f 246//587 293//587 287//587
f 246//588 233//588 293//588
f 233//589 296//589 293//589
f 244//590 296//590 233//590
f 290//591 296//591 244//591
f 298//592 299//592 245//592
f 260//593 298//593 245//593
f 272//594 300//594 273//594
f 300//595 285//595 273//595
f 285//596 211//596 273//596
f 301//597 302//597 279//597
f 302//598 276//598 279//598
f 281//599 301//599 279//599
f 303//600 269//600 288//600
f 283//601 297//601 251//601
f 198//602 304//602 247//602
f 271//603 304//603 198//603
f 299//604 244//604 245//604
f 295//605 246//605 287//605
f 305//606 282//606 280//606
f 269//607 288//607 263//607
f 306//608 307//608 282//608
f 305//609 306//609 282//609
f 307//610 250//610 282//610
f 280//611 306//611 305//611
f 262//612 295//612 265//612
f 308//613 307//613 280//613
f 307//614 306//614 280//614
f 295//615 277//615 246//615
f 269//616 260//616 263//616
f 309//617 290//617 244//617
f 310//618 302//618 301//618
f 262//619 277//619 295//619
f 307//620 311//620 250//620
f 277//621 312//621 280//621
f 312//622 313//622 280//622
f 313//623 308//623 280//623
f 314//624 283//624 231//624
f 278//625 314//625 231//625
f 250//626 311//626 262//626
f 309//627 244//627 299//627
f 315//628 288//628 269//628
f 316//629 301//629 281//629
f 297//630 316//630 281//630
f 317//631 310//631 301//631
f 316//632 317//632 301//632
f 303//633 260//633 269//633
f 318//634 315//634 284//634
f 319//635 318//635 284//635
f 302//636 294//636 276//636
f 315//637 318//637 288//637
f 288//638 318//638 303//638
f 318//639 319//639 303//639
f 284//640 285//640 319//640
f 315//641 271//641 284//641
f 320//642 317//642 316//642
f 297//643 320//643 316//643
f 310//644 314//644 294//644
f 302//645 310//645 294//645
f 314//646 278//646 294//646
f 311//647 321//647 262//647
f 313//648 310//648 317//648
f 321//649 277//649 262//649
f 322//650 269//650 290//650
f 323//651 297//651 307//651
f 324//652 325//652 307//652
f 325//653 323//653 307//653
f 308//654 324//654 307//654
f 297//655 311//655 307//655
f 297//656 323//656 320//656
f 323//657 326//657 320//657
f 323//658 325//658 320//658
f 325//659 324//659 320//659
f 324//660 317//660 320//660
f 308//623 313//623 317//623
f 324//661 308//661 317//661
f 327//662 326//662 323//662
f 328//663 304//663 271//663
f 283//664 311//664 297//664
f 303//665 298//665 260//665
f 303//666 299//666 298//666
f 272//667 329//667 300//667
f 329//668 285//668 300//668
f 247//669 330//669 272//669
f 314//670 326//670 283//670
f 321//671 312//671 277//671
f 331//672 332//672 310//672
f 332//673 314//673 310//673
f 326//674 311//674 283//674
f 326//675 321//675 311//675
f 333//676 312//676 321//676
f 332//677 326//677 314//677
f 326//678 327//678 321//678
f 327//679 333//679 321//679
f 334//680 333//680 327//680
f 332//681 334//681 327//681
f 335//682 336//682 337//682
f 336//683 331//683 337//683
f 338//684 336//684 335//684
f 338//685 335//685 337//685
f 331//686 338//686 337//686
f 313//687 338//687 331//687
f 336//688 338//688 312//688
f 338//689 313//689 312//689
f 333//690 336//690 312//690
f 334//691 336//691 333//691
f 303//692 339//692 299//692
f 272//693 339//693 329//693
f 339//694 319//694 329//694
f 319//695 285//695 329//695
f 328//696 247//696 304//696
f 315//697 328//697 271//697
f 328//698 330//698 247//698
f 330//699 339//699 272//699
f 340//700 309//700 299//700
f 315//701 330//701 328//701
f 322//702 290//702 309//702
f 322//703 341//703 269//703
f 313//704 331//704 310//704
f 334//705 332//705 331//705
f 327//706 326//706 332//706
f 339//707 340//707 299//707
f 319//708 339//708 303//708
f 336//709 334//709 331//709
f 330//710 340//710 339//710
f 341//711 315//711 269//711
f 340//712 322//712 309//712
f 340//713 341//713 322//713
f 341//714 330//714 315//714
f 341//715 340//715 330//715
f 342//716 343//716 344//716
f 345//717 343//717 342//717
f 346//718 347//718 344//718
f 347//719 342//719 344//719
f 346//720 348//720 347//720
f 347//721 345//721 342//721
f 349//291 346//291 344//291
f 343//722 349//722 344//722
f 345//70 350//70 343//70
f 350//723 351//723 343//723
f 352//70 350//70 345//70
f 353//291 346//291 349//291
f 350//70 354//70 351//70
f 343//724 355//724 349//724
f 351//725 355//725 343//725
f 348//726 345//726 347//726
f 348//727 356//727 345//727
f 353//291 349//291 355//291
f 357//291 353//291 355//291
f 358//728 353//728 349//728
f 359//729 357//729 355//729
f 360//730 359//730 355//730
f 351//731 360//731 355//731
f 356//70 352//70 345//70
f 357//732 361//732 346//732
f 353//291 357//291 346//291
f 362//733 356//733 348//733
f 362//734 363//734 356//734
f 351//735 364//735 360//735
f 364//736 359//736 360//736
f 354//70 365//70 351//70
f 365//70 364//70 351//70
f 366//291 367//291 348//291
f 367//291 368//291 348//291
f 346//737 366//737 348//737
f 369//738 370//738 363//738
f 371//739 369//739 363//739
f 368//740 372//740 348//740
f 370//70 352//70 356//70
f 363//741 370//741 356//741
f 364//742 373//742 359//742
f 362//743 371//743 363//743
f 362//744 369//744 371//744
f 348//745 369//745 362//745
f 348//746 370//746 369//746
f 374//747 357//747 359//747
f 373//748 374//748 359//748
f 365//70 375//70 364//70
f 372//749 370//749 348//749
f 376//750 370//750 372//750
f 376//751 377//751 370//751
f 377//70 352//70 370//70
f 378//752 379//752 373//752
f 379//753 374//753 373//753
f 364//754 378//754 373//754
f 368//291 380//291 372//291
f 380//755 376//755 372//755
f 381//756 377//756 376//756
f 382//70 361//70 357//70
f 383//757 357//757 374//757
f 384//758 383//758 374//758
f 379//759 384//759 374//759
f 364//760 385//760 378//760
f 375//70 385//70 364//70
f 383//729 386//729 357//729
f 350//761 368//761 367//761
f 366//762 350//762 367//762
f 352//763 368//763 350//763
f 366//762 354//762 350//762
f 346//762 354//762 366//762
f 365//764 354//764 346//764
f 361//765 365//765 346//765
f 382//764 365//764 361//764
f 381//766 387//766 377//766
f 388//70 352//70 377//70
f 387//70 388//70 377//70
f 375//767 365//767 382//767
f 357//768 375//768 382//768
f 379//769 383//769 384//769
f 389//770 375//770 357//770
f 378//771 383//771 379//771
f 386//70 389//70 357//70
f 352//772 380//772 368//772
f 388//773 380//773 352//773
f 390//774 375//774 389//774
f 390//70 385//70 375//70
f 391//70 376//70 380//70
f 392//291 393//291 386//291
f 383//775 392//775 386//775
f 376//776 394//776 381//776
f 394//777 395//777 381//777
f 395//778 387//778 381//778
f 396//70 385//70 390//70
f 397//70 398//70 388//70
f 387//70 397//70 388//70
f 398//779 380//779 388//779
f 386//780 390//780 389//780
f 398//781 391//781 380//781
f 397//70 399//70 398//70
f 399//70 400//70 398//70
f 400//782 391//782 398//782
f 378//783 385//783 383//783
f 400//784 401//784 391//784
f 402//785 390//785 386//785
f 401//786 402//786 386//786
f 386//70 391//70 401//70
f 402//70 403//70 390//70
f 403//70 396//70 390//70
f 404//70 402//70 400//70
f 399//787 405//787 400//787
f 405//788 404//788 400//788
f 402//789 401//789 400//789
f 404//70 403//70 402//70
f 394//790 387//790 395//790
f 393//291 406//291 386//291
f 391//70 407//70 376//70
f 407//791 408//791 376//791
f 376//792 387//792 394//792
f 376//793 397//793 387//793
f 385//794 396//794 409//794
f 385//795 392//795 383//795
f 409//796 392//796 385//796
f 410//797 397//797 376//797
f 411//798 393//798 392//798
f 409//799 411//799 392//799
f 406//291 412//291 386//291
f 411//800 406//800 393//800
f 412//291 391//291 386//291
f 410//801 413//801 397//801
f 396//802 414//802 409//802
f 409//803 406//803 411//803
f 414//804 406//804 409//804
f 391//70 410//70 376//70
f 414//805 415//805 406//805
f 413//806 416//806 397//806
f 416//807 399//807 397//807
f 391//808 413//808 410//808
f 391//809 416//809 413//809
f 417//810 418//810 415//810
f 414//811 417//811 415//811
f 396//812 418//812 414//812
f 418//813 417//813 414//813
f 415//814 419//814 406//814
f 420//815 416//815 391//815
f 412//816 420//816 391//816
f 396//817 415//817 418//817
f 421//818 416//818 420//818
f 421//819 405//819 416//819
f 422//820 412//820 406//820
f 396//821 419//821 415//821
f 423//822 424//822 412//822
f 422//823 423//823 412//823
f 405//824 399//824 416//824
f 396//825 406//825 419//825
f 425//826 406//826 396//826
f 406//827 423//827 422//827
f 403//828 425//828 396//828
f 424//829 420//829 412//829
f 404//830 405//830 421//830
f 420//831 404//831 421//831
f 425//832 423//832 406//832
f 424//833 404//833 420//833
f 425//834 403//834 423//834
f 424//835 426//835 404//835
f 403//836 427//836 423//836
f 427//837 424//837 423//837
f 403//838 404//838 426//838
f 426//839 427//839 403//839
f 426//840 424//840 427//840
f 428//291 429//291 430//291
f 429//291 431//291 430//291
f 431//841 432//841 430//841
f 432//842 433//842 430//842
f 433//842 428//842 430//842
f 431//841 434//841 432//841
f 434//70 435//70 432//70
f 435//70 433//70 432//70
f 429//291 436//291 431//291
f 436//291 437//291 431//291
f 437//843 438//843 431//843
f 438//844 434//844 431//844
f 438//845 439//845 434//845
f 439//70 435//70 434//70
f 440//291 441//291 428//291
f 441//291 429//291 428//291
f 433//846 442//846 428//846
f 442//846 440//846 428//846
f 435//847 443//847 433//847
f 443//848 442//848 433//848
f 436//291 444//291 437//291
f 444//849 438//849 437//849
f 444//850 445//850 438//850
f 446//291 441//291 440//291
f 442//851 447//851 440//851
f 447//851 446//851 440//851
f 443//852 447//852 442//852
f 436//291 448//291 444//291
f 448//853 445//853 444//853
f 449//70 450//70 445//70
f 450//70 438//70 445//70
f 448//853 449//853 445//853
f 435//854 451//854 443//854
f 452//291 441//291 446//291
f 447//855 453//855 446//855
f 453//855 452//855 446//855
f 443//856 454//856 447//856
f 454//70 453//70 447//70
f 443//857 451//857 454//857
f 436//291 455//291 448//291
f 455//291 456//291 448//291
f 456//858 449//858 448//858
f 457//70 458//70 449//70
f 458//70 450//70 449//70
f 456//858 457//858 449//858
f 459//291 441//291 452//291
f 460//291 459//291 452//291
f 453//859 461//859 452//859
f 461//859 460//859 452//859
f 454//70 461//70 453//70
f 462//70 461//70 454//70
f 463//70 464//70 454//70
f 464//70 462//70 454//70
f 465//70 463//70 454//70
f 454//860 451//860 435//860
f 466//70 467//70 435//70
f 467//70 454//70 435//70
f 439//70 466//70 435//70
f 467//70 468//70 454//70
f 468//70 465//70 454//70
f 455//291 469//291 456//291
f 469//861 457//861 456//861
f 470//70 458//70 457//70
f 469//861 470//861 457//861
f 471//291 459//291 460//291
f 461//862 462//862 460//862
f 462//862 471//862 460//862
f 472//291 473//291 469//291
f 455//291 472//291 469//291
f 473//863 470//863 469//863
f 474//70 475//70 470//70
f 475//70 458//70 470//70
f 473//863 474//863 470//863
f 476//291 459//291 471//291
f 477//291 476//291 471//291
f 462//864 464//864 471//864
f 464//864 477//864 471//864
f 450//865 439//865 438//865
f 450//866 466//866 439//866
f 450//70 478//70 479//70
f 467//867 466//867 479//867
f 478//70 480//70 479//70
f 479//868 466//868 450//868
f 480//70 481//70 479//70
f 481//869 467//869 479//869
f 472//291 482//291 473//291
f 482//870 474//870 473//870
f 483//70 475//70 474//70
f 482//870 483//870 474//870
f 484//291 476//291 477//291
f 485//871 484//871 477//871
f 464//872 485//872 477//872
f 463//873 485//873 464//873
f 480//70 486//70 481//70
f 468//874 467//874 481//874
f 487//70 488//70 485//70
f 488//875 484//875 485//875
f 463//876 487//876 485//876
f 486//70 489//70 481//70
f 465//877 468//877 481//877
f 490//70 488//70 487//70
f 491//70 490//70 487//70
f 463//878 465//878 487//878
f 465//879 491//879 487//879
f 478//880 436//880 429//880
f 480//881 478//881 429//881
f 441//881 480//881 429//881
f 450//882 436//882 478//882
f 486//883 480//883 441//883
f 459//883 486//883 441//883
f 450//884 455//884 436//884
f 458//885 455//885 450//885
f 472//291 492//291 482//291
f 492//886 483//886 482//886
f 493//70 475//70 483//70
f 492//886 493//886 483//886
f 489//887 486//887 459//887
f 476//888 489//888 459//888
f 458//889 472//889 455//889
f 475//889 472//889 458//889
f 489//70 491//70 481//70
f 491//890 465//890 481//890
f 494//291 476//291 484//291
f 495//291 494//291 484//291
f 488//891 490//891 484//891
f 490//891 495//891 484//891
f 489//70 496//70 491//70
f 496//70 497//70 491//70
f 496//892 489//892 476//892
f 494//893 496//893 476//893
f 497//70 498//70 491//70
f 499//70 490//70 491//70
f 498//70 499//70 491//70
f 500//291 492//291 472//291
f 475//894 500//894 472//894
f 501//894 500//894 475//894
f 493//70 501//70 475//70
f 495//291 502//291 494//291
f 502//291 503//291 494//291
f 497//895 496//895 494//895
f 503//895 497//895 494//895
f 504//291 505//291 500//291
f 505//291 506//291 500//291
f 506//291 492//291 500//291
f 501//896 504//896 500//896
f 507//897 504//897 501//897
f 493//70 508//70 501//70
f 508//70 509//70 501//70
f 509//70 507//70 501//70
f 502//291 510//291 503//291
f 510//291 511//291 503//291
f 511//291 512//291 503//291
f 513//898 497//898 503//898
f 512//898 513//898 503//898
f 513//70 514//70 497//70
f 514//70 498//70 497//70
f 515//291 516//291 504//291
f 516//291 505//291 504//291
f 509//70 517//70 507//70
f 517//70 518//70 507//70
f 506//899 493//899 492//899
f 506//900 508//900 493//900
f 490//901 499//901 495//901
f 499//901 502//901 495//901
f 511//291 519//291 512//291
f 519//291 520//291 512//291
f 520//291 521//291 512//291
f 522//902 513//902 512//902
f 521//903 522//903 512//903
f 522//70 523//70 513//70
f 523//70 524//70 513//70
f 524//70 514//70 513//70
f 525//291 526//291 504//291
f 526//291 527//291 504//291
f 527//291 515//291 504//291
f 507//904 525//904 504//904
f 528//905 525//905 507//905
f 529//70 528//70 507//70
f 518//70 530//70 507//70
f 530//70 529//70 507//70
f 531//291 525//291 521//291
f 532//291 531//291 521//291
f 520//291 533//291 521//291
f 533//291 532//291 521//291
f 528//906 522//906 521//906
f 525//907 528//907 521//907
f 534//70 523//70 522//70
f 528//70 535//70 522//70
f 535//70 536//70 522//70
f 536//70 534//70 522//70
f 537//291 526//291 525//291
f 531//291 537//291 525//291
f 529//70 538//70 528//70
f 538//70 535//70 528//70
f 505//908 508//908 506//908
f 505//909 509//909 508//909
f 499//910 498//910 502//910
f 498//910 510//910 502//910
f 516//911 509//911 505//911
f 516//911 517//911 509//911
f 498//912 514//912 510//912
f 514//912 511//912 510//912
f 515//913 517//913 516//913
f 515//913 518//913 517//913
f 514//914 524//914 511//914
f 524//914 519//914 511//914
f 527//915 518//915 515//915
f 527//915 530//915 518//915
f 524//916 523//916 519//916
f 523//916 520//916 519//916
f 526//917 530//917 527//917
f 526//917 529//917 530//917
f 523//918 534//918 520//918
f 534//918 533//918 520//918
f 537//919 529//919 526//919
f 537//919 538//919 529//919
f 534//880 536//880 533//880
f 536//880 532//880 533//880
f 531//920 538//920 537//920
f 531//920 535//920 538//920
f 536//921 535//921 532//921
f 535//921 531//921 532//921
f 539//922 540//922 541//922
f 542//923 543//923 541//923
f 543//924 544//924 541//924
f 544//925 539//925 541//925
f 545//926 543//926 542//926
f 546//927 545//927 542//927
f 541//928 546//928 542//928
f 547//929 546//929 541//929
f 540//922 547//922 541//922
f 543//930 548//930 544//930
f 548//931 549//931 544//931
f 549//737 539//737 544//737
f 545//932 548//932 543//932
f 550//933 545//933 546//933
f 547//934 550//934 546//934
f 548//935 477//935 549//935
f 477//936 551//936 549//936
f 551//937 539//937 549//937
f 545//938 476//938 548//938
f 476//939 477//939 548//939
f 552//940 550//940 547//940
f 540//922 552//922 547//922
f 545//941 540//941 539//941
f 476//942 545//942 539//942
f 477//943 553//943 551//943
f 476//944 553//944 477//944
f 554//945 550//945 552//945
f 555//946 545//946 550//946
f 554//947 555//947 550//947
f 555//948 554//948 556//948
f 555//723 500//723 545//723
f 500//949 540//949 545//949
f 551//937 557//937 539//937
f 557//291 558//291 539//291
f 558//950 476//950 539//950
f 559//291 552//291 540//291
f 560//291 559//291 540//291
f 500//951 560//951 540//951
f 555//952 506//952 500//952
f 506//953 561//953 500//953
f 561//70 562//70 500//70
f 562//954 560//954 500//954
f 552//955 555//955 554//955
f 553//956 557//956 551//956
f 557//957 563//957 558//957
f 521//958 476//958 558//958
f 521//959 564//959 476//959
f 564//960 553//960 476//960
f 559//961 555//961 552//961
f 559//962 506//962 555//962
f 565//963 559//963 560//963
f 566//964 565//964 560//964
f 561//788 567//788 562//788
f 563//965 568//965 558//965
f 558//291 566//291 560//291
f 562//966 558//966 560//966
f 562//967 521//967 558//967
f 562//70 569//70 521//70
f 569//776 564//776 521//776
f 570//291 566//291 558//291
f 568//291 570//291 558//291
f 567//968 571//968 562//968
f 571//969 569//969 562//969
f 559//970 561//970 506//970
f 564//971 563//971 557//971
f 553//972 564//972 557//972
f 565//973 561//973 559//973
f 564//974 568//974 563//974
f 566//975 561//975 565//975
f 566//976 567//976 561//976
f 572//977 570//977 573//977
f 570//978 571//978 573//978
f 573//979 571//979 572//979
f 564//980 569//980 568//980
f 570//981 567//981 566//981
f 571//982 570//982 568//982
f 569//983 571//983 568//983
f 572//984 567//984 570//984
f 572//985 571//985 567//985
f 574//986 575//986 576//986
f 575//987 577//987 576//987
f 578//988 579//988 574//988
f 576//989 578//989 574//989
f 580//990 575//990 574//990
f 581//991 582//991 574//991
f 579//992 581//992 574//992
f 582//993 580//993 574//993
f 579//994 583//994 581//994
f 579//995 584//995 583//995
f 575//996 585//996 577//996
f 580//997 586//997 583//997
f 586//998 581//998 583//998
f 582//999 586//999 580//999
f 587//1000 588//1000 583//1000
f 588//1001 580//1001 583//1001
f 584//1002 587//1002 583//1002
f 589//1003 587//1003 584//1003
f 579//1004 589//1004 584//1004
f 580//1005 585//1005 575//1005
f 577//1006 590//1006 576//1006
f 589//1007 591//1007 587//1007
f 592//1008 579//1008 578//1008
f 592//1009 589//1009 579//1009
f 593//1010 577//1010 585//1010
f 588//1011 594//1011 580//1011
f 594//1012 585//1012 580//1012
f 595//1013 596//1013 590//1013
f 594//1014 593//1014 585//1014
f 597//1015 598//1015 599//1015
f 600//1016 597//1016 599//1016
f 601//1017 602//1017 603//1017
f 602//1018 604//1018 603//1018
f 604//933 605//933 603//933
f 606//737 598//737 597//737
f 600//1019 606//1019 597//1019
f 607//1020 602//1020 601//1020
f 592//1021 608//1021 589//1021
f 608//1022 591//1022 589//1022
f 609//1023 610//1023 611//1023
f 612//1019 609//1019 611//1019
f 613//1019 612//1019 611//1019
f 610//70 613//70 611//70
f 614//1024 615//1024 616//1024
f 596//1025 576//1025 590//1025
f 598//1026 617//1026 599//1026
f 617//933 600//933 599//933
f 612//291 618//291 609//291
f 618//1027 610//1027 609//1027
f 619//207 615//207 614//207
f 620//291 619//291 614//291
f 621//737 607//737 601//737
f 603//1028 621//1028 601//1028
f 622//1029 623//1029 624//1029
f 622//1030 625//1030 626//1030
f 627//1031 596//1031 595//1031
f 628//1032 614//1032 616//1032
f 629//1033 628//1033 616//1033
f 615//1034 629//1034 616//1034
f 630//1035 577//1035 593//1035
f 631//1036 624//1036 623//1036
f 632//1037 622//1037 626//1037
f 633//1038 621//1038 603//1038
f 605//70 633//70 603//70
f 634//1039 622//1039 632//1039
f 635//933 600//933 617//933
f 636//1040 587//1040 591//1040
f 622//1041 637//1041 623//1041
f 637//1042 638//1042 623//1042
f 638//1043 631//1043 623//1043
f 612//291 639//291 618//291
f 640//1044 576//1044 596//1044
f 641//1045 640//1045 596//1045
f 627//1046 641//1046 596//1046
f 642//1047 592//1047 578//1047
f 631//355 643//355 624//355
f 644//1048 594//1048 588//1048
f 645//1049 630//1049 593//1049
f 646//1050 645//1050 593//1050
f 594//1051 646//1051 593//1051
f 647//70 613//70 610//70
f 637//1052 648//1052 638//1052
f 649//1053 634//1053 632//1053
f 637//1054 650//1054 648//1054
f 651//1055 638//1055 648//1055
f 628//291 620//291 614//291
f 644//1056 646//1056 594//1056
f 651//1057 648//1057 652//1057
f 652//1058 632//1058 626//1058
f 648//1059 649//1059 652//1059
f 653//1060 654//1060 626//1060
f 654//1061 652//1061 626//1061
f 625//1062 653//1062 626//1062
f 652//1063 655//1063 651//1063
f 656//70 657//70 658//70
f 659//1064 646//1064 644//1064
f 608//1065 660//1065 591//1065
f 649//1066 632//1066 652//1066
f 642//1067 578//1067 576//1067
f 638//1068 661//1068 631//1068
f 662//1069 663//1069 658//1069
f 657//1070 662//1070 658//1070
f 651//1071 664//1071 638//1071
f 665//1072 666//1072 667//1072
f 668//1073 665//1073 667//1073
f 666//1074 669//1074 667//1074
f 657//1019 670//1019 662//1019
f 671//70 656//70 658//70
f 663//1075 671//1075 658//1075
f 672//355 647//355 610//355
f 673//291 663//291 662//291
f 670//1019 673//1019 662//1019
f 674//1076 675//1076 676//1076
f 675//1077 677//1077 676//1077
f 678//70 679//70 680//70
f 674//70 678//70 680//70
f 681//1078 674//1078 676//1078
f 682//1079 681//1079 676//1079
f 675//1080 674//1080 680//1080
f 676//1081 675//1081 680//1081
f 679//1082 682//1082 680//1082
f 682//1083 676//1083 680//1083
f 654//1084 655//1084 652//1084
f 673//291 683//291 663//291
f 684//1085 671//1085 663//1085
f 683//291 684//291 663//291
f 685//1086 665//1086 668//1086
f 686//1087 685//1087 668//1087
f 687//1088 675//1088 688//1088
f 675//1089 689//1089 688//1089
f 689//1090 687//1090 688//1090
f 669//1091 690//1091 667//1091
f 690//1092 668//1092 667//1092
f 677//1093 689//1093 675//1093
f 687//1094 677//1094 675//1094
f 591//1095 691//1095 636//1095
f 660//1096 692//1096 591//1096
f 692//1097 691//1097 591//1097
f 693//1098 677//1098 687//1098
f 640//1099 642//1099 576//1099
f 694//1100 677//1100 693//1100
f 642//1101 695//1101 592//1101
f 695//1102 696//1102 592//1102
f 664//1103 661//1103 638//1103
f 588//1104 697//1104 644//1104
f 698//737 686//737 668//737
f 690//1105 698//1105 668//1105
f 699//70 656//70 671//70
f 684//1106 699//1106 671//1106
f 700//1107 674//1107 681//1107
f 701//1108 700//1108 681//1108
f 702//1109 701//1109 681//1109
f 645//1110 703//1110 630//1110
f 704//1111 646//1111 659//1111
f 705//1112 704//1112 659//1112
f 687//1113 706//1113 693//1113
f 707//1114 708//1114 693//1114
f 706//1115 707//1115 693//1115
f 709//1116 710//1116 704//1116
f 710//1117 646//1117 704//1117
f 705//1118 711//1118 704//1118
f 711//1119 709//1119 704//1119
f 712//1120 713//1120 660//1120
f 713//1121 692//1121 660//1121
f 714//1122 631//1122 661//1122
f 714//788 643//788 631//788
f 639//291 715//291 618//291
f 672//1123 610//1123 618//1123
f 715//1124 672//1124 618//1124
f 710//1125 645//1125 646//1125
f 696//1126 608//1126 592//1126
f 716//1127 717//1127 687//1127
f 689//1128 716//1128 687//1128
f 718//1129 719//1129 712//1129
f 707//1130 706//1130 687//1130
f 710//1131 720//1131 645//1131
f 716//1132 721//1132 722//1132
f 723//1133 716//1133 722//1133
f 722//1134 717//1134 723//1134
f 717//1135 716//1135 723//1135
f 722//207 724//207 717//207
f 724//1136 687//1136 717//1136
f 660//1137 725//1137 712//1137
f 701//1138 726//1138 700//1138
f 696//1139 727//1139 608//1139
f 727//1140 660//1140 608//1140
f 728//1141 642//1141 640//1141
f 729//1142 728//1142 640//1142
f 641//1045 729//1045 640//1045
f 730//1143 674//1143 700//1143
f 726//1144 730//1144 700//1144
f 720//1145 703//1145 645//1145
f 697//1146 731//1146 644//1146
f 725//1147 718//1147 712//1147
f 731//1148 659//1148 644//1148
f 732//1149 674//1149 730//1149
f 733//1150 732//1150 730//1150
f 718//1151 734//1151 719//1151
f 735//1152 654//1152 653//1152
f 736//1153 621//1153 633//1153
f 605//70 736//70 633//70
f 735//1154 655//1154 654//1154
f 731//1155 737//1155 659//1155
f 716//1156 705//1156 721//1156
f 703//1157 738//1157 630//1157
f 738//1158 577//1158 630//1158
f 709//1159 739//1159 710//1159
f 740//318 741//318 739//318
f 709//1160 740//1160 739//1160
f 741//1161 710//1161 739//1161
f 742//1162 743//1162 721//1162
f 705//1163 742//1163 721//1163
f 744//1164 745//1164 719//1164
f 746//1165 617//1165 598//1165
f 716//1166 747//1166 705//1166
f 747//1167 748//1167 705//1167
f 719//1168 745//1168 712//1168
f 749//70 678//70 674//70
f 746//70 635//70 617//70
f 695//1169 727//1169 696//1169
f 689//1170 747//1170 716//1170
f 750//1171 713//1171 712//1171
f 751//1172 752//1172 698//1172
f 690//1173 751//1173 698//1173
f 752//729 753//729 698//729
f 753//755 686//755 698//755
f 750//1174 712//1174 745//1174
f 741//1175 720//1175 710//1175
f 732//1176 754//1176 674//1176
f 754//723 749//723 674//723
f 705//1177 755//1177 711//1177
f 734//1178 756//1178 719//1178
f 683//737 757//737 684//737
f 757//1179 699//1179 684//1179
f 711//1180 740//1180 709//1180
f 733//1181 758//1181 732//1181
f 758//1182 754//1182 732//1182
f 756//1183 744//1183 719//1183
f 727//1184 725//1184 660//1184
f 759//1185 760//1185 761//1185
f 669//1186 751//1186 690//1186
f 762//1187 655//1187 735//1187
f 763//1188 764//1188 748//1188
f 725//1189 765//1189 718//1189
f 755//1190 705//1190 748//1190
f 766//1191 735//1191 653//1191
f 625//1192 766//1192 653//1192
f 767//291 620//291 628//291
f 629//1193 767//1193 628//1193
f 764//1194 755//1194 748//1194
f 754//1195 768//1195 761//1195
f 760//1196 754//1196 761//1196
f 747//235 763//235 748//235
f 754//1197 758//1197 768//1197
f 736//1198 769//1198 621//1198
f 770//1199 711//1199 755//1199
f 771//1200 772//1200 747//1200
f 773//1201 763//1201 747//1201
f 772//1202 773//1202 747//1202
f 774//1203 734//1203 718//1203
f 775//1204 771//1204 747//1204
f 689//1205 775//1205 747//1205
f 695//1206 776//1206 727//1206
f 776//1207 725//1207 727//1207
f 744//1208 759//1208 761//1208
f 751//1019 753//1019 752//1019
f 777//1209 703//1209 720//1209
f 741//1210 777//1210 720//1210
f 778//1211 699//1211 757//1211
f 639//291 779//291 715//291
f 779//1212 672//1212 715//1212
f 780//1213 744//1213 756//1213
f 711//1214 781//1214 740//1214
f 781//1215 782//1215 740//1215
f 782//318 741//318 740//318
f 744//1216 761//1216 745//1216
f 769//1217 783//1217 621//1217
f 783//755 607//755 621//755
f 768//1218 745//1218 761//1218
f 770//1219 784//1219 711//1219
f 744//1220 785//1220 759//1220
f 776//1221 765//1221 725//1221
f 606//1222 786//1222 598//1222
f 786//1223 746//1223 598//1223
f 779//1224 787//1224 672//1224
f 787//70 647//70 672//70
f 590//1225 788//1225 595//1225
f 788//1226 627//1226 595//1226
f 789//933 643//933 714//933
f 784//1227 775//1227 790//1227
f 782//318 777//318 741//318
f 765//1228 774//1228 718//1228
f 744//1229 791//1229 785//1229
f 602//1230 606//1230 604//1230
f 606//1230 600//1230 604//1230
f 792//70 605//70 604//70
f 600//70 792//70 604//70
f 635//70 792//70 600//70
f 607//291 606//291 602//291
f 793//291 794//291 606//291
f 794//740 795//740 606//740
f 607//291 796//291 606//291
f 796//291 797//291 606//291
f 797//291 798//291 606//291
f 798//291 793//291 606//291
f 795//755 786//755 606//755
f 619//1230 613//1230 615//1230
f 799//1231 629//1231 615//1231
f 613//70 800//70 615//70
f 800//70 801//70 615//70
f 801//70 799//70 615//70
f 619//1230 612//1230 613//1230
f 647//70 802//70 613//70
f 802//70 803//70 613//70
f 803//70 800//70 613//70
f 620//291 612//291 619//291
f 620//291 804//291 612//291
f 804//291 639//291 612//291
f 622//1232 624//1232 625//1232
f 805//70 766//70 625//70
f 624//723 643//723 625//723
f 643//70 806//70 625//70
f 806//70 805//70 625//70
f 650//1233 649//1233 648//1233
f 655//291 664//291 651//291
f 657//1234 807//1234 666//1234
f 807//1235 669//1235 666//1235
f 656//70 807//70 657//70
f 670//1236 657//1236 666//1236
f 665//1237 670//1237 666//1237
f 780//1238 791//1238 744//1238
f 808//1239 776//1239 695//1239
f 777//1240 738//1240 703//1240
f 809//1241 774//1241 765//1241
f 642//1242 808//1242 695//1242
f 669//1243 810//1243 751//1243
f 810//1244 753//1244 751//1244
f 778//788 656//788 699//788
f 664//291 811//291 661//291
f 812//1245 714//1245 661//1245
f 811//1246 812//1246 661//1246
f 659//1247 813//1247 705//1247
f 768//1248 750//1248 745//1248
f 814//1249 780//1249 756//1249
f 815//1250 711//1250 784//1250
f 815//1251 816//1251 711//1251
f 816//1252 781//1252 711//1252
f 766//1253 762//1253 735//1253
f 816//1254 762//1254 781//1254
f 776//1255 809//1255 765//1255
f 812//723 789//723 714//723
f 816//1256 815//1256 669//1256
f 639//291 817//291 779//291
f 737//1257 813//1257 659//1257
f 781//1258 620//1258 767//1258
f 629//1259 799//1259 767//1259
f 782//1260 818//1260 777//1260
f 819//1261 670//1261 665//1261
f 685//1262 819//1262 665//1262
f 819//1019 673//1019 670//1019
f 736//1263 820//1263 769//1263
f 820//1264 783//1264 769//1264
f 605//953 820//953 736//953
f 738//1265 590//1265 577//1265
f 767//1266 799//1266 781//1266
f 799//1267 818//1267 781//1267
f 818//1268 782//1268 781//1268
f 795//1269 746//1269 786//1269
f 821//1270 760//1270 759//1270
f 762//1271 766//1271 781//1271
f 818//1272 738//1272 777//1272
f 818//1273 590//1273 738//1273
f 822//1274 774//1274 809//1274
f 694//1275 823//1275 677//1275
f 823//1276 689//1276 677//1276
f 814//1277 791//1277 780//1277
f 818//1278 824//1278 825//1278
f 826//1279 808//1279 642//1279
f 825//1280 590//1280 818//1280
f 781//1281 766//1281 827//1281
f 766//1282 828//1282 827//1282
f 734//1283 829//1283 756//1283
f 801//1284 818//1284 799//1284
f 830//1285 754//1285 760//1285
f 821//1286 830//1286 760//1286
f 776//1287 831//1287 809//1287
f 764//1288 705//1288 813//1288
f 827//1289 620//1289 781//1289
f 774//1290 832//1290 734//1290
f 832//1291 829//1291 734//1291
f 831//1292 822//1292 809//1292
f 817//291 833//291 779//291
f 833//1293 787//1293 779//1293
f 805//70 828//70 766//70
f 834//1294 821//1294 759//1294
f 835//1295 785//1295 791//1295
f 831//1296 776//1296 808//1296
f 801//1297 824//1297 818//1297
f 822//1298 836//1298 774//1298
f 816//822 655//822 762//822
f 810//1299 669//1299 815//1299
f 784//1300 753//1300 815//1300
f 753//1301 810//1301 815//1301
f 790//1302 753//1302 784//1302
f 790//1303 686//1303 753//1303
f 771//1304 775//1304 784//1304
f 770//1305 771//1305 784//1305
f 837//737 772//737 771//737
f 770//1306 755//1306 771//1306
f 755//1307 838//1307 771//1307
f 838//1308 839//1308 771//1308
f 839//1082 837//1082 771//1082
f 840//1309 787//1309 833//1309
f 836//1310 832//1310 774//1310
f 627//1311 605//1311 641//1311
f 605//1312 792//1312 641//1312
f 792//1313 729//1313 641//1313
f 635//1314 729//1314 792//1314
f 830//938 749//938 754//938
f 785//1315 834//1315 759//1315
f 795//1316 841//1316 746//1316
f 841//1317 635//1317 746//1317
f 840//70 647//70 787//70
f 825//1318 788//1318 590//1318
f 683//740 842//740 757//740
f 842//1319 778//1319 757//1319
f 581//1320 586//1320 582//1320
f 764//1321 742//1321 705//1321
f 826//1322 822//1322 831//1322
f 834//1323 830//1323 821//1323
f 843//1324 836//1324 822//1324
f 826//1325 843//1325 822//1325
f 844//1326 642//1326 728//1326
f 729//925 844//925 728//925
f 835//1327 845//1327 785//1327
f 783//1328 820//1328 825//1328
f 824//1329 783//1329 825//1329
f 820//1330 788//1330 825//1330
f 605//1331 788//1331 820//1331
f 824//291 607//291 783//291
f 846//1332 768//1332 758//1332
f 847//1333 846//1333 758//1333
f 689//1334 823//1334 686//1334
f 823//318 685//318 686//318
f 679//1335 683//1335 673//1335
f 848//1264 679//1264 673//1264
f 819//1264 848//1264 673//1264
f 678//1336 683//1336 679//1336
f 848//1202 682//1202 679//1202
f 607//1337 800//1337 796//1337
f 803//1338 796//1338 800//1338
f 826//1339 831//1339 808//1339
f 683//291 849//291 842//291
f 850//1340 791//1340 814//1340
f 850//1341 835//1341 791//1341
f 620//1342 828//1342 804//1342
f 828//1343 805//1343 804//1343
f 805//1344 639//1344 804//1344
f 806//1345 639//1345 805//1345
f 669//1346 807//1346 655//1346
f 807//1347 664//1347 655//1347
f 656//1348 664//1348 807//1348
f 605//1349 627//1349 788//1349
f 800//1350 607//1350 824//1350
f 801//1351 800//1351 824//1351
f 828//1352 620//1352 827//1352
f 669//1353 655//1353 816//1353
f 689//1354 686//1354 790//1354
f 775//1355 689//1355 790//1355
f 733//1356 847//1356 758//1356
f 844//1357 826//1357 642//1357
f 851//70 647//70 840//70
f 852//1358 814//1358 756//1358
f 634//1359 637//1359 622//1359
f 634//1360 650//1360 637//1360
f 649//1361 650//1361 634//1361
f 846//1362 750//1362 768//1362
f 785//1363 853//1363 834//1363
f 803//1364 797//1364 796//1364
f 802//1365 797//1365 803//1365
f 854//1366 836//1366 843//1366
f 643//1367 639//1367 806//1367
f 855//723 656//723 778//723
f 842//1368 855//1368 778//1368
f 664//291 856//291 811//291
f 721//1369 724//1369 722//1369
f 846//1370 713//1370 750//1370
f 857//1371 830//1371 834//1371
f 858//1372 857//1372 834//1372
f 829//1373 859//1373 756//1373
f 850//1374 845//1374 835//1374
f 859//1375 852//1375 756//1375
f 860//1376 829//1376 832//1376
f 857//70 749//70 830//70
f 861//1377 843//1377 826//1377
f 845//1378 862//1378 785//1378
f 802//1379 798//1379 797//1379
f 647//1380 798//1380 802//1380
f 854//1381 863//1381 836//1381
f 749//1382 683//1382 678//1382
f 862//1383 853//1383 785//1383
f 853//1384 858//1384 834//1384
f 864//1385 635//1385 841//1385
f 865//1386 858//1386 853//1386
f 643//1387 817//1387 639//1387
f 789//1388 817//1388 643//1388
f 860//1389 866//1389 829//1389
f 866//1390 859//1390 829//1390
f 685//1391 848//1391 819//1391
f 861//1392 854//1392 843//1392
f 823//1393 848//1393 685//1393
f 694//318 867//318 823//318
f 867//1394 848//1394 823//1394
f 867//740 868//740 848//740
f 868//239 682//239 848//239
f 856//291 869//291 811//291
f 869//1395 812//1395 811//1395
f 870//1396 861//1396 826//1396
f 870//1397 871//1397 861//1397
f 852//1398 872//1398 814//1398
f 873//1399 850//1399 814//1399
f 872//1400 873//1400 814//1400
f 861//1401 874//1401 854//1401
f 874//1402 863//1402 854//1402
f 875//1403 857//1403 858//1403
f 817//291 876//291 833//291
f 876//1404 840//1404 833//1404
f 877//1405 875//1405 858//1405
f 636//1406 697//1406 587//1406
f 878//1407 726//1407 701//1407
f 870//1408 826//1408 844//1408
f 729//1409 879//1409 844//1409
f 635//1410 879//1410 729//1410
f 864//1411 879//1411 635//1411
f 880//1412 836//1412 863//1412
f 880//1413 881//1413 836//1413
f 881//1414 832//1414 836//1414
f 697//1415 588//1415 587//1415
f 693//1416 708//1416 694//1416
f 874//1417 880//1417 863//1417
f 882//1154 793//1154 798//1154
f 647//1418 882//1418 798//1418
f 851//1419 882//1419 647//1419
f 871//1420 874//1420 861//1420
f 883//1421 858//1421 865//1421
f 884//1422 864//1422 841//1422
f 749//1423 849//1423 683//1423
f 858//1424 883//1424 877//1424
f 883//1425 885//1425 877//1425
f 883//1426 886//1426 885//1426
f 755//1427 764//1427 887//1427
f 763//1428 742//1428 764//1428
f 656//1429 856//1429 664//1429
f 847//1430 888//1430 846//1430
f 888//1431 713//1431 846//1431
f 889//1432 812//1432 869//1432
f 813//1433 887//1433 764//1433
f 682//1434 702//1434 681//1434
f 875//70 749//70 857//70
f 890//1019 888//1019 847//1019
f 733//1435 890//1435 847//1435
f 889//933 789//933 812//933
f 891//1436 840//1436 876//1436
f 866//1437 892//1437 859//1437
f 893//1438 845//1438 850//1438
f 894//1439 875//1439 877//1439
f 885//1440 894//1440 877//1440
f 891//1441 851//1441 840//1441
f 895//1442 874//1442 871//1442
f 794//1443 841//1443 795//1443
f 896//1444 881//1444 880//1444
f 897//1445 896//1445 880//1445
f 874//1446 897//1446 880//1446
f 870//1447 895//1447 871//1447
f 724//1448 694//1448 708//1448
f 898//788 656//788 855//788
f 881//1449 860//1449 832//1449
f 895//1450 897//1450 874//1450
f 730//1451 890//1451 733//1451
f 724//1452 708//1452 707//1452
f 893//1453 862//1453 845//1453
f 865//1454 886//1454 883//1454
f 884//1455 879//1455 864//1455
f 687//1456 724//1456 707//1456
f 899//1457 873//1457 872//1457
f 817//291 900//291 876//291
f 901//1458 855//1458 842//1458
f 849//291 901//291 842//291
f 896//1459 902//1459 881//1459
f 903//1460 702//1460 682//1460
f 868//1461 904//1461 682//1461
f 789//1462 900//1462 817//1462
f 898//1463 856//1463 656//1463
f 737//1464 838//1464 887//1464
f 813//1465 737//1465 887//1465
f 838//1466 755//1466 887//1466
f 905//1467 867//1467 694//1467
f 892//1468 852//1468 859//1468
f 726//1469 890//1469 730//1469
f 886//1470 906//1470 907//1470
f 908//1471 909//1471 844//1471
f 909//1472 870//1472 844//1472
f 879//1473 910//1473 844//1473
f 910//1474 908//1474 844//1474
f 895//1475 911//1475 897//1475
f 911//1476 896//1476 897//1476
f 912//1477 875//1477 894//1477
f 888//1478 692//1478 713//1478
f 724//1479 905//1479 694//1479
f 856//291 913//291 869//291
f 913//1480 889//1480 869//1480
f 907//1481 885//1481 886//1481
f 873//1482 893//1482 850//1482
f 865//1483 914//1483 886//1483
f 878//1484 890//1484 726//1484
f 743//1485 724//1485 721//1485
f 870//1486 915//1486 895//1486
f 915//1487 911//1487 895//1487
f 904//1488 903//1488 682//1488
f 890//1019 916//1019 888//1019
f 916//1489 692//1489 888//1489
f 866//1490 917//1490 892//1490
f 918//933 898//933 855//933
f 901//1491 918//1491 855//1491
f 919//1019 916//1019 890//1019
f 878//1492 919//1492 890//1492
f 912//70 749//70 875//70
f 920//70 789//70 889//70
f 691//1493 697//1493 636//1493
f 921//1494 853//1494 862//1494
f 860//1495 917//1495 866//1495
f 794//1496 922//1496 841//1496
f 922//723 884//723 841//723
f 853//1497 914//1497 865//1497
f 909//1498 915//1498 870//1498
f 893//1499 921//1499 862//1499
f 923//1500 914//1500 853//1500
f 793//1501 922//1501 794//1501
f 924//291 910//291 879//291
f 884//1502 924//1502 879//1502
f 925//291 901//291 849//291
f 749//1503 925//1503 849//1503
f 926//1504 925//1504 749//1504
f 912//70 926//70 749//70
f 920//1505 900//1505 789//1505
f 898//1506 927//1506 856//1506
f 927//291 913//291 856//291
f 928//1507 915//1507 909//1507
f 929//1508 902//1508 896//1508
f 911//1509 929//1509 896//1509
f 930//1510 931//1510 906//1510
f 932//1511 889//1511 913//1511
f 933//1512 881//1512 902//1512
f 852//1513 934//1513 872//1513
f 934//1514 899//1514 872//1514
f 915//1515 929//1515 911//1515
f 935//1516 852//1516 892//1516
f 936//1517 935//1517 892//1517
f 899//1518 893//1518 873//1518
f 932//70 920//70 889//70
f 737//1519 937//1519 838//1519
f 916//1520 938//1520 692//1520
f 939//1521 928//1521 909//1521
f 933//1522 860//1522 881//1522
f 928//1523 940//1523 915//1523
f 940//1524 941//1524 915//1524
f 941//1525 929//1525 915//1525
f 899//1526 942//1526 893//1526
f 931//1527 907//1527 906//1527
f 917//1528 936//1528 892//1528
f 900//291 943//291 876//291
f 943//1529 891//1529 876//1529
f 930//1530 906//1530 886//1530
f 931//1531 885//1531 907//1531
f 937//1532 839//1532 838//1532
f 773//1533 944//1533 763//1533
f 923//1534 853//1534 921//1534
f 882//1535 922//1535 793//1535
f 945//1536 946//1536 882//1536
f 946//1537 922//1537 882//1537
f 947//1538 945//1538 882//1538
f 851//1539 947//1539 882//1539
f 891//1540 947//1540 851//1540
f 948//70 926//70 912//70
f 701//1541 919//1541 878//1541
f 940//1542 928//1542 949//1542
f 919//1543 938//1543 916//1543
f 943//1544 947//1544 891//1544
f 950//1545 928//1545 939//1545
f 951//1546 938//1546 919//1546
f 701//1547 951//1547 919//1547
f 763//1548 743//1548 742//1548
f 900//70 952//70 943//70
f 952//1549 953//1549 943//1549
f 954//1550 940//1550 949//1550
f 933//1551 917//1551 860//1551
f 946//1552 955//1552 922//1552
f 956//1553 955//1553 945//1553
f 955//1554 946//1554 945//1554
f 947//1555 956//1555 945//1555
f 943//1556 953//1556 947//1556
f 944//1557 743//1557 763//1557
f 941//1558 940//1558 954//1558
f 928//1559 957//1559 949//1559
f 957//1560 954//1560 949//1560
f 958//291 952//291 900//291
f 920//1561 958//1561 900//1561
f 950//1562 957//1562 928//1562
f 959//1563 902//1563 929//1563
f 941//1564 959//1564 929//1564
f 960//1565 959//1565 941//1565
f 953//1566 961//1566 947//1566
f 935//1567 934//1567 852//1567
f 961//1568 956//1568 947//1568
f 691//1569 692//1569 938//1569
f 962//1570 960//1570 941//1570
f 954//1571 962//1571 941//1571
f 963//1572 886//1572 914//1572
f 908//1573 939//1573 909//1573
f 964//1574 912//1574 894//1574
f 885//1575 964//1575 894//1575
f 965//1576 961//1576 953//1576
f 952//1577 965//1577 953//1577
f 966//1578 942//1578 899//1578
f 903//1579 967//1579 702//1579
f 939//1580 960//1580 962//1580
f 939//1581 962//1581 950//1581
f 962//1582 957//1582 950//1582
f 962//1583 954//1583 957//1583
f 935//1584 968//1584 934//1584
f 966//1585 899//1585 934//1585
f 968//1586 966//1586 934//1586
f 737//1587 969//1587 937//1587
f 969//1588 970//1588 937//1588
f 933//1589 971//1589 917//1589
f 942//1590 921//1590 893//1590
f 972//70 898//70 918//70
f 901//1591 972//1591 918//1591
f 964//1592 948//1592 912//1592
f 967//1593 701//1593 702//1593
f 956//1594 973//1594 955//1594
f 973//1595 922//1595 955//1595
f 952//1596 974//1596 965//1596
f 974//1597 961//1597 965//1597
f 961//1598 975//1598 956//1598
f 973//1599 956//1599 975//1599
f 976//1600 691//1600 938//1600
f 977//291 901//291 925//291
f 926//1601 977//1601 925//1601
f 731//1602 969//1602 737//1602
f 942//1603 978//1603 921//1603
f 979//1604 933//1604 902//1604
f 979//1605 971//1605 933//1605
f 910//1606 980//1606 908//1606
f 924//1607 980//1607 910//1607
f 951//1608 981//1608 938//1608
f 981//1609 976//1609 938//1609
f 982//1610 964//1610 885//1610
f 982//1611 930//1611 886//1611
f 978//1612 923//1612 921//1612
f 983//1613 984//1613 932//1613
f 913//1614 983//1614 932//1614
f 985//1615 983//1615 913//1615
f 975//1616 986//1616 973//1616
f 987//1617 922//1617 973//1617
f 986//1618 987//1618 973//1618
f 988//1619 972//1619 901//1619
f 977//291 988//291 901//291
f 970//1620 839//1620 937//1620
f 772//1621 989//1621 773//1621
f 989//1622 944//1622 773//1622
f 971//1623 990//1623 917//1623
f 959//1624 979//1624 902//1624
f 939//1625 991//1625 960//1625
f 991//1626 992//1626 960//1626
f 992//1627 993//1627 960//1627
f 993//1628 994//1628 960//1628
f 994//1629 959//1629 960//1629
f 994//1630 995//1630 959//1630
f 987//788 884//788 922//788
f 996//1631 981//1631 951//1631
f 701//1632 996//1632 951//1632
f 967//1633 996//1633 701//1633
f 997//1634 913//1634 927//1634
f 972//70 998//70 898//70
f 998//1635 927//1635 898//1635
f 999//1636 924//1636 884//1636
f 987//70 999//70 884//70
f 1000//291 986//291 975//291
f 1001//1637 975//1637 961//1637
f 974//1638 1001//1638 961//1638
f 1002//1639 983//1639 1003//1639
f 1004//1640 1002//1640 1003//1640
f 983//1641 985//1641 1003//1641
f 985//1642 1005//1642 1003//1642
f 1005//1643 1004//1643 1003//1643
f 939//1644 992//1644 991//1644
f 1002//1645 984//1645 983//1645
f 964//1646 1006//1646 948//1646
f 997//1647 985//1647 913//1647
f 1007//1648 978//1648 942//1648
f 985//1649 997//1649 1005//1649
f 977//755 1008//755 988//755
f 969//1650 1009//1650 970//1650
f 984//1651 1010//1651 932//1651
f 1010//70 920//70 932//70
f 994//1652 993//1652 1004//1652
f 923//1653 963//1653 914//1653
f 1011//1654 743//1654 944//1654
f 1012//1655 966//1655 968//1655
f 990//1656 936//1656 917//1656
f 1013//1657 964//1657 982//1657
f 1014//1658 886//1658 963//1658
f 1006//70 926//70 948//70
f 966//1659 1007//1659 942//1659
f 908//1660 1015//1660 939//1660
f 1016//1661 984//1661 1002//1661
f 1004//1662 1016//1662 1002//1662
f 1017//1663 1018//1663 1005//1663
f 997//1664 1017//1664 1005//1664
f 1015//1665 992//1665 939//1665
f 1015//1666 993//1666 992//1666
f 1019//1667 968//1667 935//1667
f 936//1668 1019//1668 935//1668
f 1020//1669 977//1669 926//1669
f 1006//959 1020//959 926//959
f 691//1422 1021//1422 697//1422
f 1022//1670 1023//1670 993//1670
f 1015//1671 1022//1671 993//1671
f 1024//1672 995//1672 994//1672
f 995//1673 979//1673 959//1673
f 1023//1674 1004//1674 993//1674
f 1018//1675 1004//1675 1005//1675
f 1025//1676 994//1676 1004//1676
f 1026//1677 969//1677 731//1677
f 1027//1678 691//1678 976//1678
f 1025//1679 1024//1679 994//1679
f 1023//1680 1025//1680 1004//1680
f 1013//1681 1006//1681 964//1681
f 1017//1682 1028//1682 1018//1682
f 997//1683 1028//1683 1017//1683
f 1018//1684 1016//1684 1004//1684
f 1000//1685 987//1685 986//1685
f 952//1686 1029//1686 974//1686
f 1023//1687 1024//1687 1025//1687
f 958//291 1029//291 952//291
f 978//1688 1030//1688 923//1688
f 927//1689 1028//1689 997//1689
f 1030//1690 963//1690 923//1690
f 1031//1691 958//1691 920//1691
f 1010//70 1031//70 920//70
f 998//1692 1032//1692 927//1692
f 1032//291 1033//291 927//291
f 1033//1693 1034//1693 927//1693
f 1034//1694 1028//1694 927//1694
f 981//1695 1035//1695 976//1695
f 1022//1696 1024//1696 1023//1696
f 1036//1697 1022//1697 1015//1697
f 1034//1698 1018//1698 1028//1698
f 1037//1699 908//1699 980//1699
f 924//1700 1038//1700 980//1700
f 1038//1701 1037//1701 980//1701
f 990//1702 1019//1702 936//1702
f 1039//291 1038//291 924//291
f 999//1703 1039//1703 924//1703
f 987//70 1040//70 999//70
f 1014//1704 982//1704 886//1704
f 1041//1705 1018//1705 1034//1705
f 1042//291 1000//291 975//291
f 1001//1706 1042//1706 975//1706
f 1043//1707 1042//1707 1001//1707
f 1044//70 1043//70 1001//70
f 974//70 1044//70 1001//70
f 966//1708 1012//1708 1007//1708
f 1016//1709 1018//1709 1041//1709
f 1041//1710 984//1710 1016//1710
f 1041//1711 1010//1711 984//1711
f 1034//1712 1010//1712 1041//1712
f 1011//1713 724//1713 743//1713
f 1045//1714 968//1714 1019//1714
f 1000//1715 1040//1715 987//1715
f 1036//1716 1046//1716 1022//1716
f 1047//1717 1024//1717 1022//1717
f 1046//1718 1047//1718 1022//1718
f 1029//1719 1044//1719 974//1719
f 1048//1720 1009//1720 969//1720
f 1048//1721 1049//1721 1009//1721
f 1049//1722 970//1722 1009//1722
f 1047//1723 1050//1723 1024//1723
f 1050//1724 995//1724 1024//1724
f 1015//1725 1046//1725 1036//1725
f 1051//1726 1012//1726 968//1726
f 1052//1727 971//1727 979//1727
f 1033//1728 1010//1728 1034//1728
f 1020//1729 1053//1729 967//1729
f 1053//1730 996//1730 967//1730
f 1006//1731 1054//1731 1020//1731
f 1030//1732 1014//1732 963//1732
f 1050//1733 1052//1733 995//1733
f 1052//1734 979//1734 995//1734
f 958//755 1055//755 1029//755
f 1055//1735 1044//1735 1029//1735
f 772//1736 944//1736 989//1736
f 903//1737 1020//1737 967//1737
f 1026//1738 1048//1738 969//1738
f 1056//1739 837//1739 839//1739
f 970//1740 1056//1740 839//1740
f 1057//291 1055//291 958//291
f 1031//1741 1057//1741 958//1741
f 1058//1742 1057//1742 1031//1742
f 1010//70 1059//70 1031//70
f 1059//70 1058//70 1031//70
f 1060//291 1033//291 1032//291
f 972//953 1061//953 998//953
f 1061//70 1062//70 998//70
f 1062//1743 1032//1743 998//1743
f 908//1744 1063//1744 1015//1744
f 1045//1745 1051//1745 968//1745
f 1027//1746 1021//1746 691//1746
f 1053//1747 981//1747 996//1747
f 1035//1748 1027//1748 976//1748
f 1007//1749 1064//1749 978//1749
f 1063//1750 1046//1750 1015//1750
f 1013//1751 1054//1751 1006//1751
f 1065//1752 1039//1752 999//1752
f 1040//70 1066//70 999//70
f 1066//70 1065//70 999//70
f 1049//1753 1056//1753 970//1753
f 1067//291 1000//291 1042//291
f 1068//291 1067//291 1042//291
f 1043//1754 1068//1754 1042//1754
f 1044//953 1069//953 1043//953
f 1070//1755 1071//1755 1053//1755
f 1020//1756 1070//1756 1053//1756
f 1072//1757 1047//1757 1046//1757
f 1063//1758 1072//1758 1046//1758
f 1073//1759 1074//1759 1035//1759
f 981//1760 1073//1760 1035//1760
f 1075//1761 982//1761 1014//1761
f 1037//1762 1063//1762 908//1762
f 1052//1763 1076//1763 971//1763
f 1053//1764 1077//1764 981//1764
f 1077//1765 1073//1765 981//1765
f 982//1766 885//1766 931//1766
f 1078//1767 1019//1767 990//1767
f 1079//1768 1054//1768 1013//1768
f 1033//1769 1059//1769 1010//1769
f 988//1770 1061//1770 972//1770
f 982//1771 931//1771 930//1771
f 1080//1772 1076//1772 1052//1772
f 903//1773 977//1773 1020//1773
f 1054//959 1081//959 1020//959
f 1053//1774 1082//1774 1077//1774
f 1080//1775 1052//1775 1050//1775
f 1083//1776 1056//1776 1049//1776
f 1084//1777 1045//1777 1019//1777
f 1078//1778 1084//1778 1019//1778
f 1011//1779 905//1779 724//1779
f 1030//1780 1075//1780 1014//1780
f 1085//1781 1030//1781 978//1781
f 1079//1782 1013//1782 982//1782
f 1060//1783 1059//1783 1033//1783
f 1021//1784 731//1784 697//1784
f 1071//1785 1082//1785 1053//1785
f 1086//1786 1051//1786 1045//1786
f 1087//1787 1050//1787 1047//1787
f 1088//1788 1083//1788 1049//1788
f 1048//1789 1088//1789 1049//1789
f 1089//1790 1061//1790 988//1790
f 1008//755 1089//755 988//755
f 1079//1791 1081//1791 1054//1791
f 1090//1792 1072//1792 1063//1792
f 1091//291 1092//291 1057//291
f 1092//291 1055//291 1057//291
f 1058//1793 1091//1793 1057//1793
f 1059//70 1093//70 1058//70
f 1062//1794 1094//1794 1032//1794
f 1094//291 1095//291 1032//291
f 1095//291 1060//291 1032//291
f 1096//70 1097//70 1062//70
f 1097//70 1098//70 1062//70
f 1061//70 1096//70 1062//70
f 1098//1795 1094//1795 1062//1795
f 1099//1796 1088//1796 1048//1796
f 1090//1797 1100//1797 1072//1797
f 1000//1798 1067//1798 1040//1798
f 1067//1799 1066//1799 1040//1799
f 1087//1800 1080//1800 1050//1800
f 1064//1801 1085//1801 978//1801
f 1101//1802 1081//1802 1079//1802
f 1102//1803 1047//1803 1072//1803
f 1100//1804 1102//1804 1072//1804
f 1078//1805 990//1805 971//1805
f 1103//1806 1104//1806 1039//1806
f 1104//1807 1038//1807 1039//1807
f 1065//1808 1103//1808 1039//1808
f 1066//70 1105//70 1065//70
f 1076//1809 1078//1809 971//1809
f 1106//740 1067//740 1068//740
f 1107//1810 1068//1810 1043//1810
f 1069//70 1107//70 1043//70
f 1108//1811 1083//1811 1088//1811
f 1021//1812 1026//1812 731//1812
f 1099//1813 1108//1813 1088//1813
f 772//1814 1011//1814 944//1814
f 1012//1815 1064//1815 1007//1815
f 1102//1816 1087//1816 1047//1816
f 903//1817 1008//1817 977//1817
f 1109//1818 1048//1818 1026//1818
f 1075//1819 1079//1819 982//1819
f 1075//1820 1101//1820 1079//1820
f 905//1821 1011//1821 1110//1821
f 1111//1822 1063//1822 1037//1822
f 1055//1823 1069//1823 1044//1823
f 1111//1824 1090//1824 1063//1824
f 1112//1825 1113//1825 1073//1825
f 1113//1826 1114//1826 1073//1826
f 1077//1827 1112//1827 1073//1827
f 1021//1828 1115//1828 1026//1828
f 1038//1829 1104//1829 1037//1829
f 772//1830 1116//1830 1011//1830
f 1117//1831 1081//1831 1101//1831
f 1118//1832 1119//1832 1101//1832
f 1086//1833 1120//1833 1051//1833
f 1120//1834 1121//1834 1051//1834
f 1121//1835 1122//1835 1051//1835
f 1122//1836 1012//1836 1051//1836
f 1123//291 1092//291 1091//291
f 1124//291 1123//291 1091//291
f 1125//1837 1091//1837 1058//1837
f 1126//70 1125//70 1058//70
f 1093//70 1126//70 1058//70
f 1127//291 1095//291 1094//291
f 1128//1838 1129//1838 1094//1838
f 1129//737 1127//737 1094//737
f 1097//70 1130//70 1098//70
f 1131//1839 1100//1839 1090//1839
f 904//1840 1008//1840 903//1840
f 1118//1841 1101//1841 1075//1841
f 1116//1842 1110//1842 1011//1842
f 1118//1843 1030//1843 1085//1843
f 1132//1844 1133//1844 867//1844
f 1133//1845 1134//1845 867//1845
f 868//1846 867//1846 1134//1846
f 1135//1847 868//1847 1134//1847
f 905//1467 1132//1467 867//1467
f 1135//1848 904//1848 868//1848
f 1136//1849 1137//1849 1077//1849
f 1137//1850 1112//1850 1077//1850
f 1118//1851 1075//1851 1030//1851
f 1012//1852 1122//1852 1064//1852
f 1138//291 1106//291 1068//291
f 1107//1853 1138//1853 1068//1853
f 1069//70 1139//70 1107//70
f 904//1854 1135//1854 1008//1854
f 1140//1855 1104//1855 1103//1855
f 1141//1856 1103//1856 1065//1856
f 1105//70 1141//70 1065//70
f 1089//1857 1096//1857 1061//1857
f 1142//1858 1080//1858 1087//1858
f 1102//1859 1142//1859 1087//1859
f 1070//927 1020//927 1081//927
f 1117//1860 1070//1860 1081//1860
f 1143//1861 1144//1861 1131//1861
f 1090//1862 1143//1862 1131//1862
f 1145//1863 1120//1863 1086//1863
f 1142//1864 1076//1864 1080//1864
f 1146//1865 1108//1865 1099//1865
f 1119//1866 1117//1866 1101//1866
f 1131//1867 1147//1867 1100//1867
f 1147//1868 1102//1868 1100//1868
f 1148//1869 1096//1869 1089//1869
f 1008//740 1148//740 1089//740
f 1132//1870 905//1870 1110//1870
f 1149//1871 1085//1871 1064//1871
f 1150//1872 1151//1872 1027//1872
f 1151//1873 1021//1873 1027//1873
f 1152//1874 1118//1874 1085//1874
f 1153//291 1124//291 1091//291
f 1125//1875 1153//1875 1091//1875
f 1098//1876 1154//1876 1094//1876
f 1154//291 1128//291 1094//291
f 1130//70 1155//70 1098//70
f 1155//1876 1154//1876 1098//1876
f 1084//1877 1086//1877 1045//1877
f 1111//1878 1143//1878 1090//1878
f 1152//1879 1156//1879 1117//1879
f 1119//1880 1152//1880 1117//1880
f 1156//1881 1070//1881 1117//1881
f 1157//291 1158//291 1138//291
f 1158//291 1159//291 1138//291
f 1159//291 1106//291 1138//291
f 1139//70 1160//70 1107//70
f 1161//1882 1116//1882 772//1882
f 837//1883 1161//1883 772//1883
f 1118//1884 1152//1884 1119//1884
f 1162//1885 1144//1885 1143//1885
f 1163//1886 1162//1886 1143//1886
f 1082//1887 1136//1887 1077//1887
f 1148//1888 1164//1888 1096//1888
f 1165//1889 1166//1889 1167//1889
f 1166//1890 1168//1890 1167//1890
f 1169//1891 1165//1891 1167//1891
f 1170//1892 1169//1892 1167//1892
f 1168//1893 1170//1893 1167//1893
f 1171//1894 1168//1894 1166//1894
f 1172//1895 1169//1895 1170//1895
f 1173//1896 1172//1896 1170//1896
f 1168//1897 1173//1897 1170//1897
f 1174//1898 1172//1898 1173//1898
f 1171//1899 1175//1899 1168//1899
f 1176//1900 1173//1900 1168//1900
f 1176//1901 1174//1901 1173//1901
f 1171//1902 1177//1902 1175//1902
f 1175//1903 1176//1903 1168//1903
f 1178//1904 1174//1904 1176//1904
f 1177//1905 1176//1905 1175//1905
f 1177//1906 1178//1906 1176//1906
f 1147//1907 1142//1907 1102//1907
f 1115//1908 1179//1908 1026//1908
f 1144//1909 1180//1909 1131//1909
f 1180//1910 1147//1910 1131//1910
f 1092//1911 1069//1911 1055//1911
f 1060//1912 1093//1912 1059//1912
f 1106//1913 1066//1913 1067//1913
f 1181//1914 1182//1914 1183//1914
f 1182//1915 1184//1915 1183//1915
f 1184//775 1185//775 1183//775
f 1185//1916 1186//1916 1183//1916
f 1186//1917 1181//1917 1183//1917
f 1185//1918 1140//1918 1103//1918
f 1141//1919 1185//1919 1103//1919
f 1187//355 1188//355 1186//355
f 1188//1920 1181//1920 1186//1920
f 1105//70 1189//70 1141//70
f 1190//291 1138//291 1191//291
f 1192//291 1190//291 1191//291
f 1193//1921 1192//1921 1191//1921
f 1194//1922 1193//1922 1191//1922
f 1138//1923 1195//1923 1191//1923
f 1195//1924 1194//1924 1191//1924
f 1107//1925 1195//1925 1138//1925
f 1196//1920 1194//1920 1195//1920
f 1197//70 1198//70 1195//70
f 1199//70 1197//70 1195//70
f 1160//70 1199//70 1195//70
f 1107//70 1160//70 1195//70
f 1198//1926 1196//1926 1195//1926
f 1200//1927 1201//1927 1202//1927
f 1203//1928 1200//1928 1202//1928
f 1204//291 1153//291 1202//291
f 1205//291 1206//291 1202//291
f 1206//291 1204//291 1202//291
f 1201//291 1205//291 1202//291
f 1153//1929 1125//1929 1202//1929
f 1125//1930 1203//1930 1202//1930
f 1207//1931 1200//1931 1203//1931
f 1125//70 1208//70 1203//70
f 1208//70 1209//70 1203//70
f 1209//70 1210//70 1203//70
f 1210//933 1211//933 1203//933
f 1211//70 1212//70 1203//70
f 1212//1932 1207//1932 1203//1932
f 1213//1933 1214//1933 1215//1933
f 1214//1934 1216//1934 1215//1934
f 1216//1935 1217//1935 1215//1935
f 1154//1936 1155//1936 1215//1936
f 1155//1937 1213//1937 1215//1937
f 1217//291 1154//291 1215//291
f 1218//1938 1214//1938 1213//1938
f 1155//70 1219//70 1213//70
f 1220//1939 1218//1939 1213//1939
f 1219//70 1221//70 1213//70
f 1221//70 1222//70 1213//70
f 1222//1940 1220//1940 1213//1940
f 1223//1941 1224//1941 1225//1941
f 1224//1942 1116//1942 1225//1942
f 1224//1943 1226//1943 1116//1943
f 1226//1944 1227//1944 1116//1944
f 1116//1945 1161//1945 1225//1945
f 1161//1946 1223//1946 1225//1946
f 1204//291 1124//291 1153//291
f 1126//70 1208//70 1125//70
f 1217//291 1128//291 1154//291
f 1130//70 1219//70 1155//70
f 1074//1947 1027//1947 1035//1947
f 1228//291 1157//291 1138//291
f 1190//291 1228//291 1138//291
f 1151//1948 1115//1948 1021//1948
f 1008//729 1229//729 1148//729
f 1229//1949 1164//1949 1148//1949
f 1149//1950 1152//1950 1085//1950
f 1230//1951 1070//1951 1156//1951
f 1231//1952 1086//1952 1084//1952
f 1078//1953 1231//1953 1084//1953
f 1060//1954 1095//1954 1093//1954
f 1135//1955 1232//1955 1008//1955
f 1074//1956 1150//1956 1027//1956
f 1233//1957 1110//1957 1116//1957
f 1106//1958 1105//1958 1066//1958
f 1190//1959 1192//1959 1234//1959
f 1181//1960 1190//1960 1234//1960
f 1235//1961 1182//1961 1234//1961
f 1182//1962 1181//1962 1234//1962
f 1188//1963 1190//1963 1181//1963
f 1193//1964 1234//1964 1192//1964
f 1236//1045 1228//1045 1190//1045
f 1188//1965 1236//1965 1190//1965
f 1237//1966 1132//1966 1110//1966
f 1122//1967 1149//1967 1064//1967
f 1111//1968 1037//1968 1104//1968
f 1233//1969 1237//1969 1110//1969
f 1164//1970 1097//1970 1096//1970
f 1238//1971 1239//1971 1240//1971
f 1238//1972 1241//1972 1239//1972
f 1242//1973 1238//1973 1240//1973
f 1239//1974 1242//1974 1240//1974
f 1241//1975 1242//1975 1239//1975
f 1076//1976 1231//1976 1078//1976
f 1152//1977 1243//1977 1156//1977
f 1243//1978 1230//1978 1156//1978
f 1244//1979 1151//1979 1150//1979
f 1235//1980 1245//1980 1182//1980
f 1246//1981 1164//1981 1229//1981
f 1008//1982 1247//1982 1229//1982
f 1179//1983 1109//1983 1026//1983
f 1162//1984 1248//1984 1144//1984
f 1248//1985 1180//1985 1144//1985
f 1141//1986 1186//1986 1185//1986
f 1249//1987 1140//1987 1185//1987
f 1250//788 1187//788 1186//788
f 1141//70 1251//70 1186//70
f 1251//959 1250//959 1186//959
f 1189//70 1252//70 1141//70
f 1163//1988 1253//1988 1162//1988
f 1227//1989 1233//1989 1116//1989
f 1180//1990 1254//1990 1147//1990
f 1254//1991 1142//1991 1147//1991
f 1244//1992 1115//1992 1151//1992
f 1121//1993 1149//1993 1122//1993
f 1184//1994 1249//1994 1185//1994
f 1252//70 1251//70 1141//70
f 1218//1995 1226//1995 1214//1995
f 1226//1996 1224//1996 1214//1996
f 1220//1997 1227//1997 1218//1997
f 1227//1998 1226//1998 1218//1998
f 837//1999 1056//1999 1161//1999
f 1056//2000 1083//2000 1161//2000
f 1083//2001 1223//2001 1161//2001
f 1142//2002 1254//2002 1076//2002
f 1111//2003 1163//2003 1143//2003
f 1255//2004 1070//2004 1230//2004
f 1136//2005 1256//2005 1137//2005
f 1232//2006 1134//2006 1133//2006
f 1132//2007 1232//2007 1133//2007
f 1232//2008 1135//2008 1134//2008
f 1196//2009 1193//2009 1194//2009
f 1111//2010 1257//2010 1163//2010
f 1149//2011 1243//2011 1152//2011
f 1217//2012 1216//2012 1200//2012
f 1207//2013 1217//2013 1200//2013
f 1258//291 1128//291 1217//291
f 1207//2014 1258//2014 1217//2014
f 1193//2015 1201//2015 1235//2015
f 1164//2016 1246//2016 1097//2016
f 1232//2017 1259//2017 1008//2017
f 1259//2018 1247//2018 1008//2018
f 1121//2019 1260//2019 1149//2019
f 1234//2020 1193//2020 1235//2020
f 1248//2021 1254//2021 1180//2021
f 1201//2022 1261//2022 1235//2022
f 1261//2023 1262//2023 1235//2023
f 1257//2024 1263//2024 1163//2024
f 1263//2025 1253//2025 1163//2025
f 1253//2026 1264//2026 1162//2026
f 1264//2027 1248//2027 1162//2027
f 1243//2028 1265//2028 1230//2028
f 1265//2029 1255//2029 1230//2029
f 1196//2030 1201//2030 1193//2030
f 1216//2031 1201//2031 1200//2031
f 1145//2032 1266//2032 1120//2032
f 1260//2033 1121//2033 1120//2033
f 1266//2034 1260//2034 1120//2034
f 1265//2035 1136//2035 1255//2035
f 1136//2036 1070//2036 1255//2036
f 1201//2037 1216//2037 1261//2037
f 1216//2038 1267//2038 1261//2038
f 1267//2039 1268//2039 1261//2039
f 1268//2040 1262//2040 1261//2040
f 1205//2041 1201//2041 1196//2041
f 1145//2042 1086//2042 1231//2042
f 1254//2043 1231//2043 1076//2043
f 1269//2044 1235//2044 1262//2044
f 1214//2045 1224//2045 1216//2045
f 1127//2046 1093//2046 1095//2046
f 1270//2047 1271//2047 1237//2047
f 1271//2048 1132//2048 1237//2048
f 1256//2049 1243//2049 1149//2049
f 1260//2050 1256//2050 1149//2050
f 1272//2051 1269//2051 1262//2051
f 1244//2052 1179//2052 1115//2052
f 1263//2053 1114//2053 1253//2053
f 1083//2054 1216//2054 1224//2054
f 1264//2055 1273//2055 1248//2055
f 1273//2056 1254//2056 1248//2056
f 1127//2057 1126//2057 1093//2057
f 1274//2058 1136//2058 1265//2058
f 1275//2059 1145//2059 1231//2059
f 1276//2060 1113//2060 1112//2060
f 1137//2061 1276//2061 1112//2061
f 1256//1019 1277//1019 1137//1019
f 1277//2062 1276//2062 1137//2062
f 1083//2063 1267//2063 1216//2063
f 1278//2064 1128//2064 1258//2064
f 1207//2065 1278//2065 1258//2065
f 1082//2066 1071//2066 1070//2066
f 1136//2067 1082//2067 1070//2067
f 1140//2068 1279//2068 1104//2068
f 1279//2069 1111//2069 1104//2069
f 1273//2070 1231//2070 1254//2070
f 1269//2071 1245//2071 1235//2071
f 1280//2072 1272//2072 1262//2072
f 1268//2073 1280//2073 1262//2073
f 1246//2074 1229//2074 1097//2074
f 1229//2075 1247//2075 1097//2075
f 1243//2076 1274//2076 1265//2076
f 1281//2077 1266//2077 1145//2077
f 1228//2078 1282//2078 1251//2078
f 1282//2079 1250//2079 1251//2079
f 1252//589 1228//589 1251//589
f 1157//589 1228//589 1252//589
f 1283//1019 1157//1019 1252//1019
f 1189//70 1283//70 1252//70
f 1236//757 1284//757 1228//757
f 1284//2080 1282//2080 1228//2080
f 1283//1019 1158//1019 1157//1019
f 1204//2081 1197//2081 1199//2081
f 1160//589 1204//589 1199//589
f 1124//589 1204//589 1160//589
f 1285//1019 1124//1019 1160//1019
f 1139//70 1285//70 1160//70
f 1206//2082 1197//2082 1204//2082
f 1286//291 1123//291 1124//291
f 1285//1019 1286//1019 1124//1019
f 1208//2083 1165//2083 1209//2083
f 1165//2084 1210//2084 1209//2084
f 1287//2085 1166//2085 1208//2085
f 1166//2086 1165//2086 1208//2086
f 1126//2087 1287//2087 1208//2087
f 1287//2088 1171//2088 1166//2088
f 1128//2089 1178//2089 1177//2089
f 1278//2090 1178//2090 1128//2090
f 1132//2091 1221//2091 1219//2091
f 1232//2092 1132//2092 1219//2092
f 1130//70 1288//70 1219//70
f 1288//2093 1232//2093 1219//2093
f 1271//2094 1221//2094 1132//2094
f 1288//2095 1259//2095 1232//2095
f 1281//2096 1276//2096 1266//2096
f 1277//2097 1260//2097 1266//2097
f 1276//2098 1277//2098 1266//2098
f 1277//1019 1256//1019 1260//1019
f 1245//2099 1184//2099 1182//2099
f 1083//2100 1224//2100 1223//2100
f 1114//2101 1289//2101 1253//2101
f 1092//2102 1139//2102 1069//2102
f 1275//2103 1281//2103 1145//2103
f 1108//2104 1146//2104 1083//2104
f 1233//2105 1270//2105 1237//2105
f 1123//2106 1139//2106 1092//2106
f 1290//2107 1291//2107 1150//2107
f 1291//2108 1244//2108 1150//2108
f 1281//2109 1113//2109 1276//2109
f 1274//2110 1256//2110 1136//2110
f 1244//2111 1292//2111 1179//2111
f 1268//2112 1293//2112 1280//2112
f 1293//2113 1272//2113 1280//2113
f 1247//2114 1130//2114 1097//2114
f 1279//2115 1257//2115 1111//2115
f 1273//2116 1275//2116 1231//2116
f 1113//2117 1289//2117 1114//2117
f 1243//2118 1256//2118 1274//2118
f 1198//2119 1205//2119 1196//2119
f 1114//2120 1074//2120 1073//2120
f 1294//2121 1263//2121 1257//2121
f 1146//2122 1099//2122 1048//2122
f 1212//2123 1278//2123 1207//2123
f 1109//2124 1146//2124 1048//2124
f 1109//2125 1293//2125 1268//2125
f 1220//2126 1233//2126 1227//2126
f 1146//2127 1109//2127 1268//2127
f 1279//2128 1294//2128 1257//2128
f 1222//2129 1233//2129 1220//2129
f 1083//2130 1146//2130 1267//2130
f 1146//2131 1268//2131 1267//2131
f 1290//2132 1114//2132 1263//2132
f 1294//2133 1290//2133 1263//2133
f 1272//2134 1245//2134 1269//2134
f 1114//2135 1150//2135 1074//2135
f 1289//2136 1264//2136 1253//2136
f 1295//2137 1264//2137 1289//2137
f 1296//2138 1113//2138 1281//2138
f 1275//2139 1296//2139 1281//2139
f 1296//2140 1289//2140 1113//2140
f 1159//2141 1189//2141 1105//2141
f 1106//2142 1159//2142 1105//2142
f 1264//2143 1295//2143 1273//2143
f 1295//2144 1275//2144 1273//2144
f 1297//2145 1184//2145 1245//2145
f 1127//2146 1129//2146 1126//2146
f 1270//2147 1233//2147 1222//2147
f 1188//2148 1284//2148 1236//2148
f 1187//2149 1284//2149 1188//2149
f 1298//2150 1279//2150 1140//2150
f 1296//2151 1295//2151 1289//2151
f 1295//2152 1296//2152 1275//2152
f 1244//2153 1291//2153 1292//2153
f 1114//2154 1290//2154 1150//2154
f 1297//2155 1298//2155 1184//2155
f 1298//2156 1249//2156 1184//2156
f 1187//2157 1282//2157 1284//2157
f 1259//2158 1130//2158 1247//2158
f 1292//2159 1293//2159 1109//2159
f 1179//2160 1292//2160 1109//2160
f 1250//2161 1282//2161 1187//2161
f 1293//2162 1245//2162 1272//2162
f 1211//2163 1278//2163 1212//2163
f 1271//2164 1270//2164 1222//2164
f 1221//2165 1271//2165 1222//2165
f 1211//2166 1178//2166 1278//2166
f 1198//2167 1206//2167 1205//2167
f 1279//2168 1299//2168 1294//2168
f 1299//2169 1290//2169 1294//2169
f 1211//2170 1174//2170 1178//2170
f 1177//2171 1171//2171 1129//2171
f 1171//2172 1126//2172 1129//2172
f 1259//2173 1288//2173 1130//2173
f 1128//2174 1177//2174 1129//2174
f 1211//2175 1172//2175 1174//2175
f 1210//2176 1169//2176 1211//2176
f 1169//2177 1172//2177 1211//2177
f 1198//2178 1197//2178 1206//2178
f 1249//2179 1298//2179 1140//2179
f 1292//2180 1300//2180 1293//2180
f 1297//2181 1245//2181 1293//2181
f 1300//2182 1297//2182 1293//2182
f 1171//2183 1287//2183 1126//2183
f 1123//2184 1285//2184 1139//2184
f 1286//2185 1285//2185 1123//2185
f 1210//2186 1165//2186 1169//2186
f 1158//2187 1283//2187 1159//2187
f 1283//2188 1189//2188 1159//2188
f 1291//2189 1290//2189 1299//2189
f 1301//2190 1299//2190 1279//2190
f 1302//2191 1297//2191 1300//2191
f 1242//2192 1241//2192 1300//2192
f 1242//2193 1300//2193 1292//2193
f 1301//2194 1291//2194 1299//2194
f 1241//2195 1302//2195 1300//2195
f 1298//2196 1301//2196 1279//2196
f 1291//2197 1242//2197 1292//2197
f 1238//2198 1242//2198 1291//2198
f 1303//2199 1302//2199 1241//2199
f 1238//2200 1303//2200 1241//2200
f 1303//2201 1291//2201 1301//2201
f 1303//2202 1238//2202 1291//2202
f 1303//2203 1298//2203 1302//2203
f 1298//2204 1297//2204 1302//2204
f 1301//2205 1298//2205 1303//2205
f 1304//2206 1305//2206 1306//2206
f 1307//2207 1308//2207 1309//2207
f 1305//2208 1310//2208 1306//2208
f 1308//2209 1311//2209 1309//2209
f 1312//2210 1304//2210 1306//2210
f 1311//2211 1312//2211 1309//2211
f 1313//2212 1308//2212 1307//2212
f 1306//2213 1309//2213 1312//2213
f 1314//2214 1312//2214 1311//2214
f 1306//2215 1315//2215 1309//2215
f 1316//2216 1317//2216 1309//2216
f 1318//2217 1314//2217 1311//2217
f 1319//2218 1320//2218 1312//2218
f 1320//2219 1304//2219 1312//2219
f 1314//2220 1319//2220 1312//2220
f 1306//2221 1321//2221 1315//2221
f 1322//2222 1323//2222 1324//2222
f 1315//2223 1316//2223 1309//2223
f 1325//2224 1310//2224 1305//2224
f 1313//2225 1326//2225 1308//2225
f 1327//2226 1328//2226 1324//2226
f 1329//2227 1327//2227 1324//2227
f 1330//2228 1322//2228 1324//2228
f 1328//2229 1330//2229 1324//2229
f 1331//2230 1329//2230 1324//2230
f 1323//2231 1331//2231 1324//2231
f 1318//2232 1332//2232 1314//2232
f 1332//2233 1319//2233 1314//2233
f 1333//2234 1311//2234 1308//2234
f 1333//2235 1318//2235 1311//2235
f 1334//2236 1304//2236 1320//2236
f 1335//2237 1305//2237 1304//2237
f 1334//2238 1335//2238 1304//2238
f 1336//2239 1305//2239 1335//2239
f 1337//2240 1323//2240 1322//2240
f 1305//2241 1338//2241 1322//2241
f 1338//2242 1337//2242 1322//2242
f 1330//2243 1339//2243 1322//2243
f 1340//2244 1331//2244 1323//2244
f 1319//2245 1341//2245 1320//2245
f 1342//2246 1333//2246 1308//2246
f 1343//2247 1338//2247 1305//2247
f 1336//2248 1343//2248 1305//2248
f 1333//2249 1344//2249 1318//2249
f 1344//2250 1332//2250 1318//2250
f 1317//2251 1307//2251 1309//2251
f 1338//2252 1345//2252 1337//2252
f 1334//2253 1346//2253 1335//2253
f 1346//1019 1336//1019 1335//1019
f 1347//2254 1340//2254 1323//2254
f 1337//2255 1347//2255 1323//2255
f 1317//2256 1316//2256 1327//2256
f 1329//2257 1317//2257 1327//2257
f 1342//2258 1348//2258 1333//2258
f 1332//2259 1341//2259 1319//2259
f 1316//2260 1328//2260 1327//2260
f 1349//2261 1350//2261 1343//2261
f 1350//2262 1338//2262 1343//2262
f 1351//1019 1334//1019 1320//1019
f 1341//2263 1351//2263 1320//2263
f 1348//2264 1352//2264 1333//2264
f 1352//2265 1344//2265 1333//2265
f 1353//2266 1331//2266 1340//2266
f 1326//2267 1342//2267 1308//2267
f 1350//2268 1345//2268 1338//2268
f 1354//1264 1334//1264 1351//1264
f 1341//2269 1355//2269 1351//2269
f 1356//1019 1357//1019 1350//1019
f 1357//2270 1345//2270 1350//2270
f 1358//2271 1337//2271 1345//2271
f 1349//2272 1359//2272 1350//2272
f 1359//2273 1356//2273 1350//2273
f 1360//1264 1354//1264 1351//1264
f 1355//2274 1360//2274 1351//2274
f 1357//2275 1358//2275 1345//2275
f 1328//2276 1339//2276 1330//2276
f 1354//2277 1346//2277 1334//2277
f 1354//2278 1361//2278 1346//2278
f 1362//1019 1336//1019 1346//1019
f 1361//1019 1362//1019 1346//1019
f 1332//2279 1363//2279 1341//2279
f 1363//2280 1355//2280 1341//2280
f 1360//2281 1361//2281 1354//2281
f 1336//2282 1364//2282 1343//2282
f 1343//2283 1365//2283 1349//2283
f 1366//2284 1367//2284 1368//2284
f 1369//2285 1352//2285 1348//2285
f 1342//2286 1369//2286 1348//2286
f 1355//2287 1370//2287 1360//2287
f 1370//2288 1361//2288 1360//2288
f 1370//2289 1362//2289 1361//2289
f 1366//2290 1371//2290 1367//2290
f 1336//2291 1370//2291 1364//2291
f 1362//2292 1370//2292 1336//2292
f 1372//2293 1342//2293 1326//2293
f 1373//2294 1347//2294 1337//2294
f 1358//2295 1373//2295 1337//2295
f 1353//2296 1374//2296 1331//2296
f 1315//2297 1328//2297 1316//2297
f 1375//2298 1342//2298 1372//2298
f 1370//2299 1376//2299 1364//2299
f 1376//2300 1377//2300 1364//2300
f 1377//2301 1378//2301 1364//2301
f 1379//2302 1313//2302 1307//2302
f 1380//2303 1370//2303 1355//2303
f 1381//2304 1380//2304 1355//2304
f 1344//2305 1363//2305 1332//2305
f 1358//2306 1368//2306 1367//2306
f 1371//2307 1358//2307 1367//2307
f 1373//2308 1358//2308 1371//2308
f 1366//2309 1373//2309 1371//2309
f 1313//2310 1382//2310 1326//2310
f 1380//2311 1383//2311 1370//2311
f 1375//2312 1369//2312 1342//2312
f 1384//2313 1313//2313 1379//2313
f 1373//2314 1385//2314 1347//2314
f 1383//2315 1386//2315 1370//2315
f 1387//2316 1340//2316 1347//2316
f 1385//2317 1387//2317 1347//2317
f 1378//2318 1365//2318 1343//2318
f 1364//2319 1378//2319 1343//2319
f 1388//2320 1368//2320 1358//2320
f 1389//2321 1307//2321 1317//2321
f 1329//2322 1389//2322 1317//2322
f 1339//2323 1328//2323 1315//2323
f 1369//2324 1390//2324 1352//2324
f 1375//2325 1391//2325 1369//2325
f 1382//2326 1372//2326 1326//2326
f 1373//2327 1366//2327 1368//2327
f 1388//2328 1373//2328 1368//2328
f 1392//2329 1385//2329 1373//2329
f 1363//2330 1381//2330 1355//2330
f 1370//2331 1393//2331 1376//2331
f 1393//2332 1377//2332 1376//2332
f 1394//2333 1377//2333 1393//2333
f 1352//2334 1363//2334 1344//2334
f 1384//2335 1382//2335 1313//2335
f 1388//2336 1392//2336 1373//2336
f 1374//2337 1329//2337 1331//2337
f 1358//2338 1392//2338 1388//2338
f 1395//2339 1387//2339 1385//2339
f 1394//2340 1393//2340 1370//2340
f 1339//2341 1310//2341 1305//2341
f 1322//2342 1339//2342 1305//2342
f 1382//2343 1396//2343 1372//2343
f 1321//2344 1339//2344 1315//2344
f 1397//2345 1378//2345 1377//2345
f 1398//2346 1397//2346 1377//2346
f 1399//1936 1378//1936 1397//1936
f 1400//1019 1399//1019 1397//1019
f 1398//1019 1400//1019 1397//1019
f 1399//2347 1365//2347 1378//2347
f 1356//2348 1349//2348 1365//2348
f 1399//2349 1356//2349 1365//2349
f 1356//2350 1359//2350 1349//2350
f 1399//589 1357//589 1356//589
f 1399//70 1401//70 1357//70
f 1401//70 1402//70 1357//70
f 1402//2351 1392//2351 1357//2351
f 1392//2352 1358//2352 1357//2352
f 1400//70 1401//70 1399//70
f 1403//2353 1404//2353 1372//2353
f 1404//2354 1375//2354 1372//2354
f 1389//2355 1379//2355 1307//2355
f 1405//2356 1389//2356 1329//2356
f 1374//2357 1405//2357 1329//2357
f 1404//2358 1406//2358 1375//2358
f 1340//2359 1407//2359 1353//2359
f 1394//2360 1398//2360 1377//2360
f 1392//2361 1395//2361 1385//2361
f 1408//2362 1340//2362 1387//2362
f 1339//2363 1321//2363 1310//2363
f 1391//2364 1390//2364 1369//2364
f 1390//2365 1363//2365 1352//2365
f 1321//2366 1306//2366 1310//2366
f 1370//2367 1409//2367 1394//2367
f 1409//2368 1410//2368 1394//2368
f 1411//2369 1398//2369 1394//2369
f 1410//2370 1411//2370 1394//2370
f 1411//2371 1412//2371 1398//2371
f 1412//1230 1400//1230 1398//1230
f 1413//2371 1412//2371 1414//2371
f 1415//1230 1400//1230 1412//1230
f 1413//1230 1415//1230 1412//1230
f 1416//291 1415//291 1413//291
f 1416//2372 1417//2372 1415//2372
f 1417//2373 1418//2373 1415//2373
f 1418//1230 1400//1230 1415//1230
f 1419//2374 1418//2374 1420//2374
f 1417//70 1420//70 1418//70
f 1419//2375 1421//2375 1418//2375
f 1421//1230 1400//1230 1418//1230
f 1422//291 1421//291 1419//291
f 1422//2376 1401//2376 1421//2376
f 1401//2377 1400//2377 1421//2377
f 1407//2378 1423//2378 1353//2378
f 1406//2379 1391//2379 1375//2379
f 1386//723 1409//723 1370//723
f 1424//2380 1408//2380 1387//2380
f 1395//2381 1424//2381 1387//2381
f 1425//291 1416//291 1413//291
f 1414//2382 1425//2382 1413//2382
f 1408//2383 1407//2383 1340//2383
f 1390//2384 1381//2384 1363//2384
f 1353//2385 1423//2385 1374//2385
f 1402//2386 1426//2386 1395//2386
f 1392//2387 1402//2387 1395//2387
f 1426//2388 1424//2388 1395//2388
f 1427//2389 1404//2389 1403//2389
f 1408//2390 1428//2390 1407//2390
f 1406//2391 1429//2391 1391//2391
f 1420//2392 1430//2392 1419//2392
f 1431//740 1422//740 1419//740
f 1379//2393 1432//2393 1384//2393
f 1404//2394 1433//2394 1406//2394
f 1417//1385 1430//1385 1420//1385
f 1432//2395 1382//2395 1384//2395
f 1429//2396 1390//2396 1391//2396
f 1414//2397 1434//2397 1425//2397
f 1430//2398 1435//2398 1419//2398
f 1435//2399 1431//2399 1419//2399
f 1389//2400 1436//2400 1379//2400
f 1433//2401 1429//2401 1406//2401
f 1429//2402 1381//2402 1390//2402
f 1437//740 1411//740 1410//740
f 1412//70 1438//70 1414//70
f 1434//2403 1439//2403 1425//2403
f 1440//2404 1405//2404 1374//2404
f 1423//2405 1440//2405 1374//2405
f 1427//2406 1441//2406 1404//2406
f 1442//2407 1443//2407 1424//2407
f 1443//2408 1408//2408 1424//2408
f 1444//2409 1423//2409 1407//2409
f 1441//2410 1433//2410 1404//2410
f 1445//2411 1439//2411 1434//2411
f 1438//2412 1434//2412 1414//2412
f 1409//2413 1437//2413 1410//2413
f 1437//2414 1412//2414 1411//2414
f 1437//2415 1438//2415 1412//2415
f 1422//2416 1402//2416 1401//2416
f 1446//2417 1438//2417 1437//2417
f 1409//2418 1447//2418 1437//2418
f 1447//2419 1448//2419 1437//2419
f 1448//2420 1446//2420 1437//2420
f 1434//2421 1438//2421 1446//2421
f 1446//2422 1445//2422 1434//2422
f 1430//2423 1417//2423 1425//2423
f 1417//2424 1416//2424 1425//2424
f 1402//2425 1422//2425 1431//2425
f 1449//2426 1450//2426 1429//2426
f 1433//2427 1449//2427 1429//2427
f 1426//2428 1451//2428 1424//2428
f 1444//2429 1452//2429 1423//2429
f 1386//933 1447//933 1409//933
f 1453//2430 1403//2430 1372//2430
f 1396//2431 1453//2431 1372//2431
f 1454//2432 1455//2432 1442//2432
f 1424//2433 1454//2433 1442//2433
f 1451//2434 1454//2434 1424//2434
f 1450//2435 1381//2435 1429//2435
f 1456//2436 1402//2436 1431//2436
f 1457//2437 1432//2437 1379//2437
f 1458//2438 1427//2438 1403//2438
f 1432//2439 1396//2439 1382//2439
f 1428//2440 1444//2440 1407//2440
f 1459//2441 1380//2441 1381//2441
f 1443//2442 1460//2442 1408//2442
f 1456//2443 1426//2443 1402//2443
f 1461//2444 1462//2444 1403//2444
f 1460//2445 1428//2445 1408//2445
f 1455//2446 1443//2446 1442//2446
f 1463//2447 1433//2447 1441//2447
f 1458//2448 1463//2448 1441//2448
f 1439//2449 1464//2449 1425//2449
f 1465//2450 1430//2450 1425//2450
f 1464//2451 1465//2451 1425//2451
f 1465//959 1466//959 1430//959
f 1466//2452 1467//2452 1430//2452
f 1467//2453 1468//2453 1430//2453
f 1469//1083 1456//1083 1431//1083
f 1470//2454 1469//2454 1431//2454
f 1435//2455 1471//2455 1431//2455
f 1471//737 1470//737 1431//737
f 1472//2456 1426//2456 1456//2456
f 1469//355 1473//355 1456//355
f 1473//1317 1472//1317 1456//1317
f 1474//788 1475//788 1445//788
f 1446//2457 1474//2457 1445//2457
f 1453//2458 1461//2458 1403//2458
f 1472//2459 1451//2459 1426//2459
f 1476//2460 1405//2460 1440//2460
f 1448//2461 1477//2461 1446//2461
f 1477//1019 1478//1019 1446//1019
f 1478//318 1474//318 1446//318
f 1460//2462 1479//2462 1428//2462
f 1450//2463 1459//2463 1381//2463
f 1476//2464 1389//2464 1405//2464
f 1452//2465 1440//2465 1423//2465
f 1463//2466 1449//2466 1433//2466
f 1458//2467 1441//2467 1427//2467
f 1468//2468 1435//2468 1430//2468
f 1480//2469 1448//2469 1447//2469
f 1479//2470 1444//2470 1428//2470
f 1480//2471 1477//2471 1448//2471
f 1481//2472 1460//2472 1443//2472
f 1482//2473 1450//2473 1449//2473
f 1483//2474 1454//2474 1451//2474
f 1481//2475 1483//2475 1451//2475
f 1483//2476 1455//2476 1454//2476
f 1472//2477 1481//2477 1451//2477
f 1455//2478 1483//2478 1443//2478
f 1483//2479 1481//2479 1443//2479
f 1484//2480 1396//2480 1432//2480
f 1436//2481 1457//2481 1379//2481
f 1485//2482 1439//2482 1445//2482
f 1475//2483 1485//2483 1445//2483
f 1484//2484 1453//2484 1396//2484
f 1482//2485 1459//2485 1450//2485
f 1473//2486 1481//2486 1472//2486
f 1475//2487 1486//2487 1485//2487
f 1403//2488 1487//2488 1458//2488
f 1487//2489 1488//2489 1458//2489
f 1471//2490 1435//2490 1468//2490
f 1462//2491 1487//2491 1403//2491
f 1488//2492 1489//2492 1458//2492
f 1489//2493 1463//2493 1458//2493
f 1457//2494 1484//2494 1432//2494
f 1490//2495 1449//2495 1463//2495
f 1489//2496 1490//2496 1463//2496
f 1491//737 1383//737 1380//737
f 1485//2497 1492//2497 1439//2497
f 1492//2498 1464//2498 1439//2498
f 1493//2499 1460//2499 1481//2499
f 1490//2500 1482//2500 1449//2500
f 1494//2501 1389//2501 1476//2501
f 1494//2502 1436//2502 1389//2502
f 1473//2503 1495//2503 1481//2503
f 1495//2504 1493//2504 1481//2504
f 1496//2505 1457//2505 1436//2505
f 1491//2506 1497//2506 1383//2506
f 1497//2507 1386//2507 1383//2507
f 1497//70 1498//70 1386//70
f 1498//70 1447//70 1386//70
f 1499//2508 1440//2508 1452//2508
f 1486//2509 1492//2509 1485//2509
f 1459//2510 1500//2510 1380//2510
f 1498//2511 1480//2511 1447//2511
f 1500//2512 1491//2512 1380//2512
f 1444//2513 1499//2513 1452//2513
f 1493//2514 1501//2514 1460//2514
f 1501//2515 1479//2515 1460//2515
f 1502//2516 1453//2516 1484//2516
f 1486//2517 1503//2517 1492//2517
f 1503//2518 1464//2518 1492//2518
f 1487//2519 1504//2519 1488//2519
f 1505//2520 1476//2520 1440//2520
f 1499//2521 1505//2521 1440//2521
f 1488//2522 1506//2522 1489//2522
f 1489//2523 1459//2523 1490//2523
f 1453//2524 1507//2524 1461//2524
f 1508//2525 1480//2525 1498//2525
f 1508//729 1477//729 1480//729
f 1509//2526 1493//2526 1495//2526
f 1469//2527 1510//2527 1473//2527
f 1510//2528 1495//2528 1473//2528
f 1511//2529 1476//2529 1505//2529
f 1502//2530 1484//2530 1457//2530
f 1490//2531 1459//2531 1482//2531
f 1511//2532 1512//2532 1476//2532
f 1512//2533 1494//2533 1476//2533
f 1479//2534 1513//2534 1444//2534
f 1514//2535 1509//2535 1495//2535
f 1515//2536 1506//2536 1488//2536
f 1516//2537 1515//2537 1488//2537
f 1504//2538 1516//2538 1488//2538
f 1494//2539 1496//2539 1436//2539
f 1517//2540 1508//2540 1498//2540
f 1497//70 1517//70 1498//70
f 1509//2541 1514//2541 1504//2541
f 1514//2542 1516//2542 1504//2542
f 1515//2543 1487//2543 1462//2543
f 1518//2544 1515//2544 1462//2544
f 1515//2545 1504//2545 1487//2545
f 1506//2546 1519//2546 1489//2546
f 1519//2547 1459//2547 1489//2547
f 1514//2548 1520//2548 1509//2548
f 1461//2549 1521//2549 1462//2549
f 1521//2550 1518//2550 1462//2550
f 1507//2551 1521//2551 1461//2551
f 1522//2552 1477//2552 1508//2552
f 1517//2553 1522//2553 1508//2553
f 1520//2554 1493//2554 1509//2554
f 1523//2555 1507//2555 1453//2555
f 1502//2556 1523//2556 1453//2556
f 1513//2557 1499//2557 1444//2557
f 1457//2558 1524//2558 1502//2558
f 1496//2559 1524//2559 1457//2559
f 1467//2560 1471//2560 1468//2560
f 1525//2561 1500//2561 1459//2561
f 1526//2562 1511//2562 1505//2562
f 1499//2563 1526//2563 1505//2563
f 1527//2564 1471//2564 1467//2564
f 1527//2512 1470//2512 1471//2512
f 1519//2565 1525//2565 1459//2565
f 1495//2566 1520//2566 1514//2566
f 1510//2567 1520//2567 1495//2567
f 1501//2568 1528//2568 1479//2568
f 1528//2569 1513//2569 1479//2569
f 1529//2570 1499//2570 1513//2570
f 1515//2571 1516//2571 1504//2571
f 1526//2572 1499//2572 1529//2572
f 1524//2573 1530//2573 1502//2573
f 1531//2574 1532//2574 1486//2574
f 1475//2575 1531//2575 1486//2575
f 1532//2576 1503//2576 1486//2576
f 1532//2577 1533//2577 1503//2577
f 1533//2578 1464//2578 1503//2578
f 1515//2579 1534//2579 1506//2579
f 1469//2580 1535//2580 1510//2580
f 1535//2581 1520//2581 1510//2581
f 1536//2582 1534//2582 1515//2582
f 1537//2583 1493//2583 1520//2583
f 1535//2584 1537//2584 1520//2584
f 1518//2585 1536//2585 1515//2585
f 1537//2586 1501//2586 1493//2586
f 1466//2587 1527//2587 1467//2587
f 1469//2588 1538//2588 1535//2588
f 1530//2589 1523//2589 1502//2589
f 1539//2590 1540//2590 1532//2590
f 1532//2591 1531//2591 1539//2591
f 1497//70 1541//70 1517//70
f 1540//2592 1533//2592 1532//2592
f 1542//2593 1494//2593 1512//2593
f 1519//2594 1506//2594 1534//2594
f 1500//2595 1543//2595 1491//2595
f 1543//2596 1544//2596 1491//2596
f 1544//2597 1497//2597 1491//2597
f 1544//70 1541//70 1497//70
f 1522//2598 1517//2598 1541//2598
f 1519//2599 1545//2599 1525//2599
f 1545//2600 1546//2600 1525//2600
f 1534//2601 1545//2601 1519//2601
f 1537//2602 1528//2602 1501//2602
f 1542//2603 1496//2603 1494//2603
f 1540//2604 1545//2604 1534//2604
f 1547//2605 1535//2605 1538//2605
f 1547//2606 1537//2606 1535//2606
f 1548//2607 1549//2607 1536//2607
f 1549//2608 1550//2608 1536//2608
f 1550//2609 1534//2609 1536//2609
f 1551//2610 1529//2610 1513//2610
f 1552//2611 1512//2611 1511//2611
f 1553//2612 1528//2612 1537//2612
f 1518//2613 1548//2613 1536//2613
f 1554//2614 1521//2614 1507//2614
f 1521//2615 1555//2615 1518//2615
f 1555//2616 1548//2616 1518//2616
f 1550//2617 1540//2617 1534//2617
f 1551//2618 1556//2618 1529//2618
f 1530//2619 1557//2619 1523//2619
f 1554//2620 1555//2620 1521//2620
f 1552//2621 1542//2621 1512//2621
f 1556//2622 1526//2622 1529//2622
f 1558//2623 1551//2623 1513//2623
f 1523//2624 1554//2624 1507//2624
f 1559//2625 1557//2625 1530//2625
f 1550//2626 1546//2626 1545//2626
f 1545//2627 1540//2627 1550//2627
f 1464//2628 1531//2628 1475//2628
f 1531//2629 1540//2629 1539//2629
f 1546//2630 1500//2630 1525//2630
f 1524//2631 1559//2631 1530//2631
f 1466//2632 1560//2632 1527//2632
f 1560//2633 1470//2633 1527//2633
f 1550//2634 1561//2634 1546//2634
f 1464//2635 1533//2635 1531//2635
f 1533//2636 1540//2636 1531//2636
f 1562//2637 1553//2637 1563//2637
f 1553//2638 1537//2638 1563//2638
f 1564//2639 1547//2639 1538//2639
f 1496//2640 1559//2640 1524//2640
f 1542//2641 1559//2641 1496//2641
f 1549//2642 1565//2642 1550//2642
f 1565//2643 1561//2643 1550//2643
f 1566//2644 1567//2644 1543//2644
f 1500//2645 1566//2645 1543//2645
f 1567//1134 1544//1134 1543//1134
f 1567//2646 1568//2646 1544//2646
f 1568//2647 1569//2647 1544//2647
f 1570//2648 1541//2648 1544//2648
f 1569//2649 1570//2649 1544//2649
f 1547//2650 1563//2650 1537//2650
f 1571//2651 1572//2651 1547//2651
f 1564//2652 1571//2652 1547//2652
f 1548//2653 1573//2653 1549//2653
f 1573//2654 1565//2654 1549//2654
f 1562//2655 1572//2655 1553//2655
f 1572//2656 1528//2656 1553//2656
f 1528//2657 1558//2657 1513//2657
f 1574//2658 1573//2658 1548//2658
f 1572//2659 1563//2659 1547//2659
f 1477//2660 1522//2660 1541//2660
f 1570//2661 1477//2661 1541//2661
f 1546//2662 1566//2662 1500//2662
f 1475//2663 1474//2663 1464//2663
f 1474//2664 1575//2664 1464//2664
f 1526//2665 1576//2665 1511//2665
f 1576//2666 1526//2666 1556//2666
f 1577//2667 1558//2667 1528//2667
f 1570//2668 1478//2668 1477//2668
f 1578//2669 1557//2669 1559//2669
f 1478//2670 1575//2670 1474//2670
f 1465//2671 1560//2671 1466//2671
f 1564//2672 1538//2672 1469//2672
f 1579//2673 1548//2673 1555//2673
f 1542//2674 1578//2674 1559//2674
f 1572//2675 1562//2675 1563//2675
f 1580//2676 1542//2676 1552//2676
f 1565//2677 1581//2677 1561//2677
f 1582//2678 1564//2678 1469//2678
f 1579//2679 1574//2679 1548//2679
f 1523//2680 1583//2680 1554//2680
f 1584//2681 1560//2681 1465//2681
f 1582//2682 1571//2682 1564//2682
f 1573//2683 1585//2683 1565//2683
f 1585//2684 1581//2684 1565//2684
f 1561//2685 1581//2685 1546//2685
f 1557//2686 1586//2686 1523//2686
f 1587//2687 1551//2687 1558//2687
f 1588//959 1582//959 1469//959
f 1576//2688 1589//2688 1511//2688
f 1589//2689 1552//2689 1511//2689
f 1584//2690 1465//2690 1464//2690
f 1590//2691 1584//2691 1464//2691
f 1591//2692 1469//2692 1470//2692
f 1592//2693 1591//2693 1470//2693
f 1591//70 1588//70 1469//70
f 1593//2694 1478//2694 1570//2694
f 1594//2695 1593//2695 1570//2695
f 1595//2696 1478//2696 1593//2696
f 1595//2697 1575//2697 1478//2697
f 1595//2698 1596//2698 1575//2698
f 1597//2699 1584//2699 1590//2699
f 1598//953 1599//953 1584//953
f 1597//2700 1598//2700 1584//2700
f 1470//937 1600//937 1592//937
f 1601//2701 1602//2701 1593//2701
f 1602//2702 1595//2702 1593//2702
f 1594//291 1601//291 1593//291
f 1602//70 1596//70 1595//70
f 1590//922 1603//922 1597//922
f 1604//2703 1591//2703 1592//2703
f 1600//291 1604//291 1592//291
f 1590//2704 1464//2704 1575//2704
f 1577//2705 1572//2705 1571//2705
f 1586//2706 1583//2706 1523//2706
f 1584//2707 1470//2707 1560//2707
f 1605//2708 1576//2708 1556//2708
f 1606//2709 1581//2709 1585//2709
f 1607//2710 1555//2710 1554//2710
f 1574//2711 1585//2711 1573//2711
f 1603//2712 1575//2712 1596//2712
f 1572//2713 1577//2713 1528//2713
f 1608//2714 1587//2714 1558//2714
f 1577//2715 1608//2715 1558//2715
f 1542//2716 1580//2716 1578//2716
f 1587//2717 1556//2717 1551//2717
f 1581//2718 1566//2718 1546//2718
f 1603//2719 1590//2719 1575//2719
f 1609//2720 1580//2720 1552//2720
f 1589//2721 1609//2721 1552//2721
f 1576//2722 1605//2722 1589//2722
f 1606//2723 1610//2723 1581//2723
f 1555//2724 1607//2724 1579//2724
f 1607//2725 1611//2725 1579//2725
f 1611//2726 1574//2726 1579//2726
f 1599//2727 1600//2727 1584//2727
f 1600//2728 1470//2728 1584//2728
f 1583//2729 1607//2729 1554//2729
f 1574//2730 1606//2730 1585//2730
f 1569//2731 1594//2731 1570//2731
f 1612//2732 1610//2732 1606//2732
f 1613//2733 1571//2733 1582//2733
f 1614//2734 1615//2734 1616//2734
f 1617//2735 1613//2735 1582//2735
f 1588//2736 1617//2736 1582//2736
f 1613//2737 1577//2737 1571//2737
f 1581//2738 1567//2738 1566//2738
f 1611//2739 1606//2739 1574//2739
f 1578//2740 1586//2740 1557//2740
f 1611//2741 1612//2741 1606//2741
f 1618//2742 1610//2742 1612//2742
f 1569//2743 1619//2743 1594//2743
f 1619//2744 1601//2744 1594//2744
f 1620//2745 1614//2745 1616//2745
f 1588//2746 1621//2746 1617//2746
f 1622//2747 1601//2747 1619//2747
f 1623//2748 1622//2748 1619//2748
f 1602//2749 1601//2749 1622//2749
f 1624//589 1602//589 1622//589
f 1625//1019 1624//1019 1622//1019
f 1626//2750 1625//2750 1622//2750
f 1623//2751 1626//2751 1622//2751
f 1597//2752 1603//2752 1596//2752
f 1602//589 1597//589 1596//589
f 1624//589 1597//589 1602//589
f 1624//589 1598//589 1597//589
f 1604//589 1599//589 1598//589
f 1624//589 1604//589 1598//589
f 1604//589 1600//589 1599//589
f 1624//2753 1591//2753 1604//2753
f 1624//70 1625//70 1591//70
f 1625//70 1588//70 1591//70
f 1627//2754 1616//2754 1615//2754
f 1621//2755 1628//2755 1617//2755
f 1629//2756 1619//2756 1569//2756
f 1568//2757 1629//2757 1569//2757
f 1629//2758 1630//2758 1619//2758
f 1583//2759 1631//2759 1607//2759
f 1632//2375 1625//2375 1626//2375
f 1623//2760 1632//2760 1626//2760
f 1623//2761 1633//2761 1632//2761
f 1634//2762 1625//2762 1632//2762
f 1635//2763 1625//2763 1634//2763
f 1636//2764 1635//2764 1634//2764
f 1637//2765 1635//2765 1636//2765
f 1638//2766 1588//2766 1635//2766
f 1637//2767 1638//2767 1635//2767
f 1588//1230 1625//1230 1635//1230
f 1638//2768 1639//2768 1588//2768
f 1639//2769 1621//2769 1588//2769
f 1612//2770 1640//2770 1618//2770
f 1630//2771 1633//2771 1619//2771
f 1633//2772 1623//2772 1619//2772
f 1641//2773 1642//2773 1611//2773
f 1642//2774 1612//2774 1611//2774
f 1642//2775 1640//2775 1612//2775
f 1587//2776 1643//2776 1556//2776
f 1643//2777 1605//2777 1556//2777
f 1644//2778 1608//2778 1613//2778
f 1608//2779 1577//2779 1613//2779
f 1645//2780 1644//2780 1617//2780
f 1628//2781 1645//2781 1617//2781
f 1644//2782 1613//2782 1617//2782
f 1614//2783 1646//2783 1615//2783
f 1647//2784 1567//2784 1581//2784
f 1648//2785 1645//2785 1628//2785
f 1621//2786 1648//2786 1628//2786
f 1649//2787 1648//2787 1621//2787
f 1650//2788 1649//2788 1621//2788
f 1568//2789 1630//2789 1629//2789
f 1568//2790 1633//2790 1630//2790
f 1618//2791 1651//2791 1610//2791
f 1652//2792 1649//2792 1650//2792
f 1607//2793 1641//2793 1611//2793
f 1652//2794 1653//2794 1649//2794
f 1654//2795 1645//2795 1648//2795
f 1653//2796 1654//2796 1648//2796
f 1655//2797 1580//2797 1609//2797
f 1656//2798 1646//2798 1614//2798
f 1655//2799 1578//2799 1580//2799
f 1645//2800 1657//2800 1644//2800
f 1658//2801 1586//2801 1578//2801
f 1655//2802 1658//2802 1578//2802
f 1640//2803 1659//2803 1618//2803
f 1659//2804 1651//2804 1618//2804
f 1639//2805 1650//2805 1621//2805
f 1647//2806 1568//2806 1567//2806
f 1660//2807 1661//2807 1568//2807
f 1661//2808 1662//2808 1568//2808
f 1647//2809 1660//2809 1568//2809
f 1663//2810 1568//2810 1662//2810
f 1661//2811 1663//2811 1662//2811
f 1639//2812 1645//2812 1650//2812
f 1653//2813 1652//2813 1650//2813
f 1645//2814 1654//2814 1650//2814
f 1654//2815 1653//2815 1650//2815
f 1607//2816 1631//2816 1641//2816
f 1664//2817 1665//2817 1651//2817
f 1646//2818 1666//2818 1615//2818
f 1641//2819 1640//2819 1642//2819
f 1663//2820 1633//2820 1568//2820
f 1633//2821 1663//2821 1632//2821
f 1663//2822 1634//2822 1632//2822
f 1614//2823 1620//2823 1656//2823
f 1667//2824 1655//2824 1609//2824
f 1589//2825 1667//2825 1609//2825
f 1668//2826 1667//2826 1589//2826
f 1605//2827 1669//2827 1589//2827
f 1669//2828 1668//2828 1589//2828
f 1670//2829 1638//2829 1663//2829
f 1661//2830 1671//2830 1663//2830
f 1671//2831 1670//2831 1663//2831
f 1586//2832 1658//2832 1583//2832
f 1659//2833 1664//2833 1651//2833
f 1639//2834 1672//2834 1645//2834
f 1672//2835 1657//2835 1645//2835
f 1647//2836 1610//2836 1651//2836
f 1665//2837 1647//2837 1651//2837
f 1608//2838 1643//2838 1587//2838
f 1647//2839 1581//2839 1610//2839
f 1653//2840 1648//2840 1649//2840
f 1673//2841 1661//2841 1660//2841
f 1674//1019 1673//1019 1660//1019
f 1675//1019 1674//1019 1660//1019
f 1647//1019 1675//1019 1660//1019
f 1673//2841 1671//2841 1661//2841
f 1638//2842 1634//2842 1663//2842
f 1638//2843 1636//2843 1634//2843
f 1665//1244 1675//1244 1647//1244
f 1638//2844 1637//2844 1636//2844
f 1656//2845 1668//2845 1646//2845
f 1668//2846 1676//2846 1646//2846
f 1676//2847 1666//2847 1646//2847
f 1640//2848 1677//2848 1659//2848
f 1658//2849 1631//2849 1583//2849
f 1674//2850 1671//2850 1673//2850
f 1674//2851 1678//2851 1671//2851
f 1678//1019 1670//1019 1671//1019
f 1641//2852 1677//2852 1640//2852
f 1679//2853 1665//2853 1664//2853
f 1680//2854 1658//2854 1655//2854
f 1638//2855 1672//2855 1639//2855
f 1669//2856 1605//2856 1643//2856
f 1681//2857 1631//2857 1658//2857
f 1677//2858 1664//2858 1659//2858
f 1669//2859 1676//2859 1668//2859
f 1679//2860 1675//2860 1665//2860
f 1644//2861 1682//2861 1608//2861
f 1682//2862 1643//2862 1608//2862
f 1620//2863 1667//2863 1656//2863
f 1667//2864 1668//2864 1656//2864
f 1666//2865 1672//2865 1638//2865
f 1670//2866 1666//2866 1638//2866
f 1680//2867 1655//2867 1667//2867
f 1627//2868 1620//2868 1616//2868
f 1615//2869 1666//2869 1627//2869
f 1682//2870 1644//2870 1657//2870
f 1672//2871 1682//2871 1657//2871
f 1681//2872 1641//2872 1631//2872
f 1620//2873 1680//2873 1667//2873
f 1643//2874 1676//2874 1669//2874
f 1683//2875 1679//2875 1664//2875
f 1677//2876 1683//2876 1664//2876
f 1666//2877 1620//2877 1627//2877
f 1666//2878 1682//2878 1672//2878
f 1680//2879 1681//2879 1658//2879
f 1675//2880 1678//2880 1674//2880
f 1684//2881 1641//2881 1681//2881
f 1682//2882 1676//2882 1643//2882
f 1684//2883 1677//2883 1641//2883
f 1670//2884 1675//2884 1666//2884
f 1678//2885 1675//2885 1670//2885
f 1675//2886 1679//2886 1666//2886
f 1679//2887 1620//2887 1666//2887
f 1666//2888 1676//2888 1682//2888
f 1684//2889 1683//2889 1677//2889
f 1683//2890 1620//2890 1679//2890
f 1681//2891 1680//2891 1684//2891
f 1683//2892 1680//2892 1620//2892
f 1684//2893 1680//2893 1683//2893
