# Blender 4.4.3
# www.blender.org
mtllib Link5_l.mtl
o Link5_l
v -0.001248 -0.088822 0.028680
v 0.006333 -0.077721 0.027672
v -0.010423 -0.077722 0.026695
v -0.003503 -0.095946 0.024780
v 0.004282 -0.092633 0.028193
v -0.010950 -0.095467 0.026427
v 0.011623 -0.095665 0.025975
v 0.000448 -0.077700 0.019940
v -0.008753 -0.095450 0.023520
v 0.011982 -0.077707 0.025876
v 0.005999 -0.077697 0.019169
v -0.006001 -0.077695 0.019172
v 0.020139 -0.090297 0.020769
v 0.002515 -0.082909 0.025321
v 0.007227 -0.095018 0.024058
v -0.022628 -0.095691 0.017098
v 0.011018 -0.077700 0.016691
v 0.019959 -0.079041 0.020678
v -0.019181 -0.082402 0.021311
v -0.020416 -0.092576 0.020182
v -0.007476 -0.082900 0.023856
v -0.008114 -0.082898 0.012617
v 0.016093 -0.082907 0.019646
v -0.012726 -0.082900 0.021519
v -0.011067 -0.082898 0.010131
v 0.025100 -0.095397 0.013843
v 0.018242 -0.090520 0.017450
v 0.023615 -0.095839 0.008828
v -0.018021 -0.095578 0.017641
v 0.014762 -0.077700 0.013493
v -0.011018 -0.077700 0.016691
v -0.025423 -0.077723 0.013054
v -0.017705 -0.082917 0.017889
v -0.012459 -0.082899 0.008077
v 0.008111 0.027322 0.020000
v 0.003288 0.028336 0.004156
v 0.003500 0.028284 0.020000
v 0.003496 0.026996 0.020033
v -0.014070 0.020667 0.019983
v -0.003505 0.027000 0.019998
v -0.003502 0.028288 0.019999
v -0.008111 0.027322 0.020000
v 0.013669 0.025008 0.020000
v 0.008106 0.027323 -0.020040
v 0.007481 0.023858 0.019963
v -0.013669 0.025008 0.020000
v -0.003355 0.028321 -0.004414
v -0.008111 0.027322 -0.020000
v -0.013786 0.024953 -0.020026
v 0.003392 0.027000 0.004202
v -0.000028 0.026999 0.007970
v -0.003275 0.024822 0.019948
v -0.009126 0.023276 0.019887
v 0.018617 0.021579 0.020000
v 0.018078 0.021934 -0.016688
v 0.013729 0.024977 -0.020009
v 0.016970 0.018361 0.019968
v -0.018617 0.021579 0.020000
v -0.012666 0.021405 0.019500
v 0.022734 0.017188 0.020000
v 0.019984 0.020348 -0.012259
v -0.022734 0.017188 0.020000
v -0.020199 0.020087 -0.015720
v 0.023268 0.009144 0.019973
v -0.021645 0.012514 0.019986
v -0.019601 0.015277 0.019500
v 0.022252 0.017981 -0.019619
v 0.025837 0.012029 0.020000
v -0.025837 0.012029 0.020000
v -0.025789 0.012128 -0.020051
v 0.020786 0.013836 0.019500
v -0.024926 0.001936 0.019959
v -0.023435 0.008430 0.019500
v 0.027787 0.006333 0.020000
v 0.025838 0.012025 -0.020040
v -0.027787 0.006333 0.020000
v -0.027917 0.005908 -0.019808
v 0.024727 0.003702 0.019985
v -0.023863 0.007453 0.019500
v -0.024820 -0.003214 0.019983
v 0.028498 0.000355 0.020000
v 0.028628 0.000167 -0.012008
v 0.027807 0.006267 -0.020040
v -0.028498 0.000355 0.020000
v 0.024936 -0.001772 0.019970
v 0.027937 -0.005638 0.020000
v -0.027937 -0.005638 0.020000
v -0.028124 -0.004934 -0.018840
v 0.023876 -0.007430 0.019983
v -0.023397 -0.008808 0.019977
v 0.026129 -0.011381 0.020000
v 0.028291 -0.004449 -0.020016
v -0.026129 -0.011381 0.020000
v -0.026129 -0.011381 -0.020000
v 0.023144 -0.016636 0.019998
v -0.020902 -0.013710 0.019968
v 0.026129 -0.011381 -0.020000
v -0.023142 -0.016641 0.019990
v -0.022800 -0.017227 -0.019950
v 0.019029 -0.016221 0.019975
v 0.021583 -0.012645 0.019670
v 0.019093 -0.021117 0.019951
v 0.020302 -0.020052 0.006106
v 0.020351 -0.020155 -0.011938
v 0.023156 -0.016615 -0.020000
v -0.019420 -0.020794 0.020024
v -0.021308 -0.018875 -0.012795
v -0.011700 -0.021958 0.019500
v -0.017296 -0.018034 0.019500
v -0.014843 -0.024920 0.013429
v -0.006865 -0.028666 0.020128
v 0.007871 -0.028528 0.020013
v 0.008545 -0.023525 0.019500
v 0.012697 -0.021476 0.019500
v 0.016547 -0.018649 0.019500
v 0.006031 -0.026988 0.016624
v -0.005969 -0.031968 0.018540
v -0.004585 -0.034491 0.015782
v 0.003919 -0.031460 0.019600
v -0.000906 -0.073442 0.020212
v 0.010994 -0.033825 0.016712
v 0.005999 -0.036014 0.019173
v -0.006000 -0.036441 0.019172
v 0.000030 0.024986 0.007945
v 0.000025 0.025266 -0.015666
v -0.007454 0.023864 -0.018301
v 0.007495 0.023853 -0.018213
v -0.012743 0.021513 -0.018382
v 0.012752 0.021499 -0.018258
v -0.016766 0.018498 -0.012703
v 0.018886 0.016253 -0.014379
v -0.021014 0.013488 -0.017427
v 0.020949 0.013648 -0.018001
v -0.023522 0.008468 -0.018000
v 0.023522 0.008468 -0.018000
v -0.025070 0.001754 -0.017548
v 0.024834 0.002873 -0.018000
v 0.025080 -0.001690 -0.017562
v -0.024834 -0.002873 -0.018000
v -0.023522 -0.008468 -0.018000
v 0.023522 -0.008468 -0.018000
v -0.020827 -0.013868 -0.017333
v 0.020915 -0.013720 -0.019618
v 0.017676 -0.017657 -0.014692
v -0.017037 -0.018364 -0.013276
v 0.014890 -0.020082 -0.000935
v 0.014534 -0.020339 0.003589
v 0.012782 -0.021480 0.007802
v -0.012659 -0.021557 0.008032
v -0.014977 -0.020028 0.002615
v 0.011207 -0.022347 0.009970
v 0.009848 -0.022978 0.011314
v 0.009736 -0.023022 0.011398
v -0.009947 -0.022843 0.011288
v -0.011465 -0.022216 0.009672
v 0.007330 -0.024084 0.013076
v -0.006681 -0.024847 0.013419
v 0.006398 -0.025129 0.013565
v 0.005829 -0.029660 0.013819
v 0.000577 -0.073379 0.015251
v -0.006019 -0.076050 0.013656
v -0.011018 -0.037500 0.016691
v 0.025505 -0.077744 0.012862
v 0.017612 -0.077700 0.009477
v -0.014762 -0.077700 0.013493
v 0.012499 -0.082897 0.008021
v 0.022853 -0.082913 0.010347
v -0.022867 -0.082902 0.010332
v -0.025936 -0.089168 0.011753
v -0.028329 -0.095248 0.005145
v 0.014777 -0.032981 0.013481
v 0.018476 -0.023590 0.007360
v 0.006038 -0.082400 0.013565
v 0.028648 -0.077730 0.001243
v 0.020416 -0.077699 -0.000087
v -0.017648 -0.077696 0.009407
v -0.028890 -0.077726 0.000958
v 0.008110 -0.082400 0.012619
v -0.023628 -0.094841 0.008528
v 0.017612 -0.037500 0.009477
v 0.009642 -0.082400 0.011291
v 0.028861 -0.088466 0.000338
v -0.028932 -0.085513 -0.000330
v 0.028866 -0.094121 0.001865
v 0.011336 -0.082400 0.009823
v 0.025063 -0.095850 -0.003022
v -0.019380 -0.035550 0.005110
v 0.019081 -0.072462 0.005997
v 0.019070 -0.036581 0.005999
v -0.019126 -0.072648 0.005987
v -0.020416 -0.077699 0.000087
v -0.020220 -0.022019 -0.003282
v 0.024640 -0.082911 0.004035
v -0.025360 -0.082907 0.000016
v -0.014159 -0.082878 0.005003
v -0.013688 -0.069885 0.006002
v -0.015049 -0.034594 0.002389
v 0.014557 -0.034823 0.003563
v 0.013751 -0.036599 0.006000
v 0.013748 -0.069700 0.006000
v 0.014792 -0.072908 0.003471
v 0.003539 0.028280 -0.019918
v -0.025125 -0.095796 -0.002671
v -0.015201 -0.072973 -0.001974
v 0.019830 -0.072627 -0.001802
v 0.019841 -0.034753 0.001829
v 0.020117 -0.021535 0.000328
v 0.015007 -0.034606 -0.002255
v -0.019854 -0.034672 -0.003805
v 0.024305 -0.082904 -0.006236
v -0.014839 -0.082900 -0.006071
v -0.027862 -0.091564 -0.000682
v 0.019552 -0.034740 -0.004528
v -0.014488 -0.020372 -0.003797
v 0.014641 -0.072718 -0.003727
v 0.026853 -0.081808 -0.008106
v -0.026255 -0.094390 -0.011282
v 0.017581 -0.023495 -0.009543
v 0.026008 -0.092050 -0.011774
v 0.013940 -0.082400 -0.005224
v 0.012907 -0.082900 -0.008295
v -0.023522 -0.082900 -0.008468
v 0.013705 -0.021279 -0.006011
v -0.014146 -0.035728 -0.004906
v -0.019077 -0.071557 -0.005999
v -0.013782 -0.020760 -0.006000
v 0.019077 -0.070767 -0.006000
v -0.003542 0.026999 -0.019984
v 0.000798 0.027000 -0.006589
v 0.013748 -0.070588 -0.006000
v 0.012452 -0.082400 -0.008087
v -0.017612 -0.077700 -0.009477
v 0.017612 -0.077700 -0.009477
v -0.024743 -0.077708 -0.014474
v -0.022705 -0.095595 -0.016977
v -0.013420 -0.095623 -0.021486
v 0.019140 -0.095450 -0.015929
v 0.022411 -0.095580 -0.017448
v -0.017612 -0.037500 -0.009477
v -0.019079 -0.037625 -0.005998
v 0.003390 0.026890 -0.020091
v -0.013786 -0.082766 -0.006027
v 0.021509 -0.082909 -0.012707
v -0.020759 -0.082904 -0.014123
v -0.003500 0.028284 -0.020000
v -0.014757 -0.025476 -0.013519
v 0.012726 -0.021519 -0.018000
v 0.012243 -0.021797 -0.008667
v 0.010792 -0.022551 -0.010418
v 0.011338 -0.082898 -0.009821
v -0.011336 -0.082400 -0.009823
v -0.011477 -0.022199 -0.009608
v -0.010101 -0.022687 -0.018000
v 0.022486 -0.077735 -0.017521
v 0.014762 -0.077700 -0.013493
v 0.014775 -0.025773 -0.013490
v -0.014762 -0.077700 -0.013493
v 0.009721 -0.023019 -0.011383
v 0.009642 -0.082400 -0.011291
v -0.009642 -0.082400 -0.011291
v -0.008680 -0.023421 -0.012174
v 0.012726 -0.082900 -0.021519
v 0.018152 -0.082925 -0.017353
v -0.008032 -0.082899 -0.012661
v -0.018023 -0.091201 -0.017634
v 0.007454 -0.023862 -0.013015
v 0.008015 -0.082895 -0.012669
v 0.009232 -0.023233 -0.011823
v -0.006725 -0.024057 -0.013366
v -0.025936 0.000953 -0.015295
v 0.005999 -0.024377 -0.013713
v 0.017845 -0.022100 -0.019884
v 0.011961 -0.022755 -0.019942
v 0.007476 -0.082900 -0.023856
v -0.008912 -0.082906 -0.023568
v 0.011018 -0.077700 -0.016691
v 0.011002 -0.030045 -0.016705
v -0.010959 -0.030693 -0.016740
v 0.011430 -0.077708 -0.026213
v -0.011018 -0.077700 -0.016691
v 0.005999 -0.077698 -0.019174
v 0.003227 -0.072954 -0.014812
v -0.003072 -0.073075 -0.014680
v -0.004726 -0.072500 -0.019117
v -0.005999 -0.077697 -0.019169
v -0.005999 -0.037244 -0.019174
v 0.000161 -0.025281 -0.015297
v 0.000051 -0.034025 -0.015316
v 0.005996 -0.034954 -0.019177
v -0.004266 -0.033294 -0.019727
v 0.002986 -0.072212 -0.019608
v -0.018274 0.017737 -0.017277
v -0.005493 -0.025075 -0.019906
v -0.019385 -0.020826 -0.019861
v 0.001966 -0.082962 -0.024934
v 0.025746 -0.000009 -0.015499
v 0.020582 -0.017695 -0.017362
v 0.012889 -0.091327 -0.021515
v -0.019134 -0.090146 -0.021430
v -0.012080 -0.077733 -0.025830
v 0.020347 -0.088699 -0.020525
v 0.021456 0.013482 -0.018750
v -0.023241 0.011711 -0.019855
v 0.024861 0.005674 -0.018750
v 0.025180 -0.002837 -0.018750
v -0.025308 -0.005729 -0.019838
v -0.016951 -0.019504 -0.019932
v -0.000448 -0.077700 -0.019940
v -0.002592 -0.077729 -0.028597
v -0.010977 -0.095542 -0.026282
v 0.011980 -0.095649 -0.025876
v -0.005651 -0.095874 -0.024380
v 0.001210 -0.087736 -0.028651
v 0.007239 -0.095593 -0.027415
v -0.002578 -0.092686 -0.028608
v -0.000690 0.003916 -0.013500
v 0.001313 0.025528 -0.013504
v -0.001453 0.025184 -0.013500
v 0.011048 0.022632 -0.018167
v -0.001043 0.024902 -0.016905
v 0.002476 0.002883 -0.013500
v -0.008257 0.023597 -0.013545
v 0.018447 0.018050 -0.013500
v -0.012008 0.021927 -0.018162
v -0.017878 0.018251 -0.013501
v 0.017451 0.018423 -0.017590
v -0.017336 0.018269 -0.017818
v -0.004101 0.001389 -0.013500
v -0.020966 0.013617 -0.018137
v 0.019710 0.015242 -0.018166
v -0.023574 0.008065 -0.018099
v -0.025794 0.000946 -0.013503
v 0.025538 0.001770 -0.013521
v 0.003927 -0.000000 -0.013500
v -0.025278 -0.003298 -0.018097
v -0.000450 0.003949 -0.032000
v 0.003430 0.002558 -0.032000
v -0.002824 0.002728 -0.032000
v -0.003927 -0.000000 -0.032000
v 0.002476 -0.002883 -0.013500
v 0.022272 -0.010834 -0.013500
v 0.003126 -0.003827 -0.032000
v -0.018447 -0.018050 -0.013500
v -0.001862 -0.003313 -0.013500
v -0.001862 -0.003313 -0.032000
v 0.023281 -0.010093 -0.018106
v 0.015771 -0.019226 -0.013505
v 0.002476 -0.002883 -0.032000
v 0.000866 -0.004043 -0.013500
v 0.006268 -0.024114 -0.013500
v -0.004644 -0.024568 -0.013500
v -0.021940 -0.011808 -0.018168
v -0.017901 -0.017659 -0.017419
v -0.010577 -0.022473 -0.018165
v 0.009700 -0.023106 -0.018162
v 0.000195 -0.025188 -0.017379
v 0.024746 0.003072 -0.018129
v -0.024579 -0.004084 -0.018199
v 0.013728 -0.020792 -0.018200
v 0.004280 0.024631 -0.018200
v -0.004900 0.024673 -0.018199
v -0.000164 0.024983 -0.026665
v 0.002163 0.024815 -0.032000
v -0.002169 0.026307 -0.032000
v -0.005640 0.024277 -0.032000
v 0.009911 0.022922 -0.032000
v 0.017369 0.018248 -0.031956
v -0.014357 0.020377 -0.032000
v -0.016947 0.018264 -0.018200
v -0.019165 0.016245 -0.031810
v 0.022953 0.009821 -0.031985
v 0.023578 0.008053 -0.018200
v -0.023654 0.008428 -0.031994
v -0.024167 0.006851 -0.018185
v 0.025351 -0.001646 -0.031996
v 0.024579 -0.004082 -0.018200
v -0.024989 0.000046 -0.026923
v -0.023828 -0.008085 -0.032000
v 0.021511 -0.012976 -0.018188
v 0.022297 -0.011404 -0.032000
v -0.018453 -0.016867 -0.018200
v -0.017179 -0.018514 -0.032000
v 0.017825 -0.017620 -0.031431
v -0.015441 -0.019662 -0.018200
v -0.017672 -0.017702 -0.027108
v -0.016947 -0.018264 -0.032000
v 0.010637 -0.022756 -0.031996
v -0.006268 -0.024114 -0.018200
v -0.008131 -0.023776 -0.032000
v 0.002117 -0.024815 -0.018200
v 0.002163 -0.024815 -0.032000
v -0.000070 -0.024982 -0.027184
v -0.008397 0.020583 -0.031995
v -0.008391 -0.020594 -0.032000
v -0.004645 0.024565 -0.013500
v -0.004622 0.024571 0.032000
v 0.004645 0.024565 0.032000
v -0.000543 0.003925 0.032000
v 0.008837 0.023386 0.032000
v 0.004685 0.024557 -0.013500
v 0.001086 0.003850 0.032000
v -0.008837 0.023386 -0.013500
v -0.008837 0.023386 0.032000
v 0.012726 0.021519 0.032000
v 0.008837 0.023386 -0.013500
v -0.012726 0.021519 -0.013500
v -0.012726 0.021519 0.032000
v 0.016236 0.019010 0.032000
v 0.012726 0.021519 -0.013500
v 0.002598 0.003042 0.032000
v -0.016236 0.019010 -0.013500
v -0.016236 0.019010 0.032000
v -0.002598 0.003042 0.032000
v 0.019263 0.015936 0.032000
v 0.016236 0.019010 -0.013500
v -0.019263 0.015936 -0.013500
v -0.019263 0.015936 0.032000
v 0.021716 0.012386 0.032000
v 0.019263 0.015936 -0.013500
v 0.003633 0.001675 0.032000
v -0.021716 0.012386 -0.013500
v -0.021716 0.012386 0.032000
v -0.003633 0.001675 0.032000
v 0.023522 0.008468 0.032000
v 0.021716 0.012386 -0.013500
v -0.023522 0.008468 -0.013500
v -0.023522 0.008468 0.032000
v 0.024628 0.004298 0.032000
v 0.023522 0.008468 -0.013500
v -0.024628 0.004298 -0.013500
v -0.024628 0.004298 0.032000
v 0.025000 -0.000000 0.032000
v 0.024628 0.004298 -0.013500
v 0.004000 -0.000000 0.032000
v -0.025000 -0.000000 -0.013500
v -0.025000 -0.000000 0.032000
v -0.004000 -0.000000 0.032000
v 0.000650 0.003947 -0.013500
v 0.002238 0.003228 -0.013500
v -0.001651 0.003643 -0.013500
v 0.003393 0.002119 -0.013500
v -0.002883 0.002669 -0.013500
v 0.003688 0.001509 -0.013500
v 0.003965 0.000528 -0.013500
v -0.003829 0.001158 -0.013500
v 0.024628 -0.004298 0.032000
v 0.025000 -0.000000 -0.013500
v 0.003731 -0.001231 -0.013500
v 0.003633 -0.001675 0.032000
v -0.003633 -0.001675 0.032000
v -0.003885 -0.001362 -0.013500
v -0.024628 -0.004298 0.032000
v -0.024628 -0.004298 -0.013500
v 0.003009 -0.002636 -0.013500
v 0.002598 -0.003042 0.032000
v 0.023522 -0.008468 0.032000
v 0.019263 -0.015936 0.032000
v 0.021716 -0.012386 0.032000
v -0.002598 -0.003042 0.032000
v -0.021716 -0.012386 0.032000
v -0.019263 -0.015936 0.032000
v -0.023522 -0.008468 0.032000
v 0.000053 -0.004200 0.032000
v 0.012726 -0.021519 0.032000
v 0.016236 -0.019010 0.032000
v -0.001470 -0.003720 -0.013500
v -0.002403 -0.003175 -0.013500
v -0.016236 -0.019010 0.032000
v -0.012726 -0.021519 0.032000
v 0.004622 -0.024571 0.032000
v 0.008837 -0.023386 0.032000
v -0.008837 -0.023386 0.032000
v -0.004645 -0.024565 0.032000
v 0.024628 -0.004298 -0.013500
v -0.023522 -0.008468 -0.013500
v 0.023522 -0.008468 -0.013500
v -0.021716 -0.012386 -0.013500
v 0.021716 -0.012386 -0.013500
v -0.019263 -0.015936 -0.013500
v 0.019263 -0.015936 -0.013500
v -0.016236 -0.019010 -0.013500
v 0.016236 -0.019010 -0.013500
v -0.012726 -0.021519 -0.013500
v 0.012726 -0.021519 -0.013500
v -0.008837 -0.023386 -0.013500
v 0.008837 -0.023386 -0.013500
v 0.004645 -0.024565 -0.013500
v -0.027664 0.018889 -0.020683
v -0.017380 0.026404 -0.021209
v -0.023018 0.021585 -0.019239
v -0.026614 0.016881 -0.011682
v -0.029328 0.011906 -0.020331
v -0.031875 0.002298 -0.020159
v -0.032012 0.009983 -0.020412
v -0.031623 -0.005966 -0.019786
v -0.033075 -0.000512 -0.019618
v -0.010527 0.031804 -0.020574
v -0.007133 0.030946 -0.019847
v -0.002679 0.033956 -0.020420
v 0.003208 0.031395 -0.019239
v 0.007495 0.032657 -0.020523
v 0.013159 0.028725 -0.019985
v 0.012578 0.031000 -0.020038
v 0.018977 0.027666 -0.020207
v 0.024208 0.020301 -0.019985
v 0.021805 0.022761 -0.011664
v 0.023053 0.024308 -0.020468
v 0.026252 0.020913 -0.020330
v 0.029630 0.015584 -0.020796
v 0.029805 0.010427 -0.019239
v 0.026614 0.016885 -0.011666
v 0.031943 0.009982 -0.020145
v 0.032004 -0.006173 -0.021555
v 0.031375 0.001507 -0.017513
v -0.032203 -0.006208 -0.001985
v -0.032786 -0.006989 -0.002957
v -0.033507 -0.006937 -0.004339
v -0.023100 0.024824 -0.019412
v 0.033420 0.003184 -0.016211
v -0.029626 0.015575 -0.019488
v -0.018593 0.027790 0.009757
v -0.014241 0.030323 0.020556
v -0.022537 0.024777 -0.019487
v -0.020209 0.026694 -0.019487
v -0.024742 0.022551 -0.019486
v 0.007214 0.032718 0.020901
v 0.030829 0.013142 0.020302
v 0.002107 0.033450 -0.007032
v -0.006934 0.032786 -0.019876
v -0.002114 0.033430 -0.008710
v -0.008892 0.032454 0.020602
v 0.012760 0.031032 0.020632
v -0.026007 0.021062 0.019506
v -0.028843 0.017032 0.020627
v 0.028561 0.017420 0.019505
v -0.027217 0.020185 0.020796
v -0.029936 0.015067 0.021047
v -0.031968 0.010042 0.021161
v 0.032119 0.009489 0.020771
v -0.033433 0.003009 0.004793
v -0.023000 0.024352 0.019505
v 0.022653 0.024678 0.020947
v -0.022891 0.021507 -0.011497
v -0.014153 0.028335 -0.011497
v -0.031063 0.006363 -0.011551
v -0.003180 0.031213 -0.011496
v 0.007295 0.030878 -0.011556
v 0.016580 0.026785 -0.011614
v 0.030092 0.009521 -0.011498
v 0.031323 -0.002812 -0.010781
v 0.031570 -0.004669 -0.001111
v -0.030021 -0.002246 -0.011002
v -0.030074 0.009484 -0.009999
v -0.026408 0.013197 -0.011497
v -0.018760 0.021531 -0.009997
v -0.026669 0.009231 -0.009997
v -0.010098 0.029792 -0.009997
v -0.004524 0.030887 -0.009848
v 0.017244 0.023469 -0.011100
v 0.010411 0.029701 -0.009997
v 0.002147 0.031376 -0.004558
v 0.026671 0.009231 -0.011497
v 0.026410 0.013197 -0.009997
v -0.000011 0.029890 -0.007961
v -0.026824 0.016424 0.002503
v -0.026669 0.016763 -0.009997
v -0.022271 0.022277 0.002503
v -0.022271 0.022277 -0.009997
v -0.029793 0.010248 0.002503
v -0.016756 0.026674 0.002503
v -0.016756 0.026674 -0.009997
v -0.010402 0.029733 0.002503
v -0.003457 0.031316 0.002496
v 0.008295 0.030416 0.002532
v 0.016758 0.026674 0.002503
v 0.016758 0.026674 -0.009997
v 0.022273 0.022277 0.002503
v 0.022273 0.022277 -0.009997
v 0.026671 0.016763 0.002503
v 0.026671 0.016763 -0.009997
v 0.029854 0.010123 0.002500
v 0.029866 0.010004 -0.009996
v -0.032087 -0.012879 0.002511
v 0.000456 0.033760 0.005436
v 0.033917 -0.008760 0.000356
v 0.034804 -0.019740 -0.002922
v 0.032851 -0.009075 -0.001922
v -0.044677 -0.086788 0.002409
v -0.044268 -0.084772 -0.002997
v -0.044171 -0.095504 -0.002997
v -0.043462 -0.096723 -0.001497
v -0.041861 -0.098460 0.017165
v -0.034438 -0.017191 0.006887
v -0.035938 -0.036060 -0.001953
v -0.036216 -0.035620 -0.002997
v -0.041130 -0.060452 -0.002997
v -0.038122 -0.041808 0.005008
v -0.038584 -0.050662 -0.001972
v -0.041859 -0.071711 -0.002997
v -0.042465 -0.069393 0.005266
v -0.040479 -0.066068 -0.001936
v -0.040489 -0.067568 -0.001970
v -0.042197 -0.080005 -0.001916
v -0.043227 -0.093068 -0.001985
v 0.036192 -0.035527 -0.002997
v 0.035913 -0.027446 0.002745
v 0.036325 -0.036818 -0.001972
v 0.034594 -0.025134 -0.001897
v 0.039981 -0.053270 -0.002970
v 0.041826 -0.071661 -0.002997
v 0.038197 -0.049126 -0.001972
v 0.043816 -0.080286 -0.002997
v 0.042739 -0.071475 0.005279
v 0.042665 -0.080261 -0.002143
v 0.041214 -0.067568 -0.001997
v 0.044727 -0.095723 -0.002997
v 0.044165 -0.086154 0.008761
v 0.044995 -0.098235 0.005128
v 0.043308 -0.096962 -0.001427
v -0.021542 -0.036068 -0.001813
v -0.022339 -0.037568 -0.001740
v -0.034521 -0.051068 -0.001147
v -0.034521 -0.037568 -0.001897
v -0.020775 -0.051068 -0.001949
v -0.020546 -0.052568 -0.001982
v -0.038005 -0.052568 -0.000864
v -0.020172 -0.066068 -0.001997
v -0.020172 -0.067568 -0.001997
v -0.029307 -0.079068 -0.001897
v -0.029081 -0.080568 -0.001966
v -0.041484 -0.094568 -0.001995
v -0.028701 -0.093068 -0.001997
v -0.041472 -0.100568 -0.001997
v -0.041593 -0.100568 0.005979
v -0.041101 -0.094564 0.010004
v -0.039867 -0.094568 0.010348
v -0.040609 -0.100568 0.005795
v -0.029075 -0.094568 -0.001915
v -0.034793 -0.036066 0.008572
v -0.035625 -0.037564 0.001292
v -0.036876 -0.052567 0.011915
v -0.019066 -0.066068 0.006283
v -0.019066 -0.067568 0.006283
v -0.041259 -0.079067 0.008867
v -0.042139 -0.080570 -0.000129
v -0.025320 -0.093068 0.012483
v -0.039454 -0.067568 0.011306
v 0.035281 -0.036068 -0.001823
v 0.020476 -0.036068 -0.001990
v 0.020632 -0.037568 -0.001976
v 0.034479 -0.037568 -0.001897
v 0.019025 -0.051068 0.006283
v 0.034479 -0.051068 -0.000397
v 0.020130 -0.051068 -0.001997
v 0.034479 -0.051068 -0.001897
v 0.020130 -0.052568 -0.001997
v 0.017007 -0.052568 0.009940
v 0.037945 -0.052568 -0.001897
v 0.037396 -0.052568 0.008395
v 0.040073 -0.066068 -0.000897
v 0.020130 -0.066068 -0.001997
v 0.019025 -0.066068 0.006283
v 0.039344 -0.066068 0.009373
v 0.020130 -0.067568 -0.001997
v 0.019025 -0.067568 0.006283
v 0.041200 -0.079066 0.009816
v 0.029039 -0.079068 -0.001966
v 0.028660 -0.080568 -0.001997
v 0.041687 -0.080571 0.005413
v 0.027405 -0.080568 0.007946
v 0.042862 -0.093068 0.001035
v 0.028660 -0.093068 -0.001997
v 0.026281 -0.093068 0.013777
v 0.028660 -0.094568 -0.001997
v 0.041932 -0.094568 -0.001997
v 0.040931 -0.094568 -0.001997
v 0.025279 -0.094568 0.012483
v 0.040931 -0.100568 -0.001997
v 0.039495 -0.094568 0.012581
v 0.041125 -0.094568 0.009246
v 0.041932 -0.100568 -0.001997
v 0.042458 -0.094575 0.009135
v 0.039826 -0.100568 0.010348
v 0.040787 -0.100568 0.010639
v -0.032664 -0.017218 -0.001897
v 0.032413 -0.014879 -0.001897
v 0.032474 -0.018027 0.007845
v 0.034506 -0.037568 -0.000397
v 0.039171 -0.067576 0.012267
v 0.033782 -0.067568 0.022691
v 0.023644 -0.067569 0.029524
v 0.006460 -0.067568 0.032222
v -0.008797 -0.067568 0.031863
v 0.012833 -0.067568 0.015397
v -0.037855 -0.051068 -0.000388
v -0.007504 -0.037568 0.019644
v -0.024363 -0.037571 0.019704
v -0.031821 -0.037560 0.018611
v -0.028723 -0.051067 0.023711
v -0.012921 -0.051068 0.016790
v 0.026013 -0.037568 0.019786
v 0.017611 -0.037568 0.009587
v 0.030765 -0.037605 0.018640
v 0.034758 -0.037539 0.012342
v 0.036584 -0.051067 0.012225
v 0.022745 -0.051068 0.023783
v 0.011549 -0.051068 0.015966
v 0.041884 -0.098410 0.011592
v -0.043922 -0.088399 0.010898
v 0.017611 -0.036068 0.009587
v -0.011446 0.025759 0.002503
v -0.027624 0.007186 0.002503
v -0.027553 0.009859 0.004003
v -0.028592 -0.002999 0.003253
v -0.031240 0.004941 0.003991
v -0.016077 0.023586 0.004003
v 0.007803 0.028206 0.002503
v 0.003409 0.028341 0.004003
v -0.012690 0.028820 0.004001
v 0.016596 0.023772 0.003498
v 0.023509 0.016552 0.003253
v 0.028020 0.007288 0.003224
v 0.028594 -0.002999 0.003253
v -0.031385 -0.016487 0.014081
v -0.036336 -0.051067 0.011760
v -0.042298 -0.093045 0.008625
v -0.041271 -0.080822 0.009297
v -0.027897 -0.087506 0.004069
v -0.027983 -0.083848 0.004458
v 0.042090 -0.089275 0.008689
v 0.027230 -0.090307 0.006540
v 0.032571 -0.084224 0.004780
v 0.028003 -0.082316 0.005611
v -0.042048 -0.088262 0.008378
v -0.016608 -0.052568 0.011273
v -0.036875 -0.066067 0.018118
v 0.035380 -0.028607 0.010214
v 0.032452 -0.003116 0.020723
v -0.028572 0.013262 0.016503
v -0.028572 0.013262 0.004003
v -0.024849 0.019358 0.016503
v -0.024849 0.019358 0.004003
v -0.030826 0.006478 0.016503
v -0.019849 0.024459 0.016503
v -0.019849 0.024459 0.004003
v -0.012262 0.029104 0.016518
v 0.003200 0.031879 0.003948
v -0.002689 0.031504 0.011290
v 0.013830 0.028303 0.016503
v 0.004710 0.031400 0.016508
v 0.013830 0.028303 0.004003
v 0.019851 0.024459 0.016503
v 0.019851 0.024459 0.004003
v 0.024851 0.019358 0.016503
v 0.024851 0.019358 0.004003
v 0.028574 0.013261 0.004003
v 0.028574 0.013261 0.016503
v 0.030515 0.007426 0.016507
v 0.031131 0.004538 0.004002
v -0.043836 -0.085847 0.008751
v -0.002756 0.027146 0.010188
v 0.004195 0.026976 0.007207
v 0.043289 -0.087925 0.012323
v -0.043059 -0.082931 0.012334
v 0.043297 -0.083047 0.010671
v -0.026640 -0.081551 0.008834
v -0.026409 -0.089563 0.009689
v -0.024852 -0.079068 0.014097
v -0.024852 -0.080568 0.014097
v -0.036751 -0.080573 0.021674
v -0.021730 -0.094568 0.018016
v 0.024811 -0.079068 0.014097
v 0.040799 -0.080733 0.011940
v 0.040378 -0.093068 0.014773
v 0.033459 0.003461 0.020701
v -0.028982 -0.088553 0.007771
v 0.029403 -0.087738 0.005676
v 0.029197 -0.083516 0.006956
v -0.038778 -0.100568 0.013377
v -0.039711 -0.100568 0.013739
v 0.033735 -0.036067 0.012347
v -0.040154 -0.082693 0.014337
v -0.041074 -0.089449 0.013120
v 0.026396 -0.082320 0.009694
v -0.028256 -0.084353 0.010197
v 0.029653 -0.036068 0.019147
v -0.016361 -0.036068 0.011964
v -0.029711 -0.036064 0.019048
v -0.040246 -0.096632 0.015891
v -0.031209 -0.000942 0.018828
v -0.035262 -0.035861 0.014683
v 0.028206 -0.085654 0.010639
v -0.040186 -0.066219 0.014739
v 0.040818 -0.088643 0.013532
v 0.039700 -0.064257 0.014847
v 0.026038 -0.086328 0.011016
v -0.000843 0.033529 0.010317
v 0.000554 0.028856 0.006269
v 0.042812 -0.084234 0.013084
v -0.031351 -0.052566 0.021631
v -0.025352 -0.066062 0.028677
v -0.007813 -0.066068 0.019688
v -0.012874 -0.067568 0.015397
v -0.032476 -0.067568 0.024600
v 0.032302 -0.052563 0.021200
v 0.023248 -0.066065 0.029093
v 0.034597 -0.066067 0.021780
v 0.011549 -0.066068 0.015966
v 0.030529 -0.009130 0.018033
v 0.031210 -0.003094 0.016504
v -0.042761 -0.086022 0.014179
v 0.040306 -0.080210 0.019039
v -0.000045 0.033440 0.019704
v -0.037013 -0.093067 0.023147
v 0.040301 -0.085967 0.014997
v -0.036267 -0.079066 0.022199
v -0.033161 -0.094568 0.024426
v 0.034979 -0.079067 0.024727
v 0.035701 -0.080569 0.023897
v 0.020860 -0.080568 0.019478
v 0.033644 -0.093066 0.027978
v -0.032857 -0.017382 0.016069
v 0.030214 -0.020874 0.017181
v 0.010246 -0.036068 0.017247
v 0.010246 -0.037568 0.017247
v -0.006192 -0.035945 0.020288
v 0.034119 -0.036061 0.017864
v -0.032888 -0.097137 0.028599
v 0.041636 -0.098104 0.017718
v -0.033972 -0.100568 0.023285
v -0.034783 -0.100568 0.023876
v 0.035502 -0.100568 0.020475
v -0.032980 -0.003627 0.021285
v -0.006760 -0.052568 0.018530
v -0.021020 -0.052574 0.024140
v -0.019070 -0.067568 0.030335
v 0.008110 -0.052568 0.018335
v 0.022650 -0.052580 0.023870
v -0.033952 -0.094568 0.025044
v 0.036353 -0.094568 0.021002
v 0.036353 -0.100568 0.021002
v 0.029755 -0.012161 0.020577
v -0.032268 -0.051059 0.020757
v 0.036083 -0.061147 0.021430
v -0.034846 -0.050810 0.020261
v -0.015885 0.025129 0.016503
v -0.027624 0.007186 0.016503
v -0.027553 0.009859 0.018003
v -0.028592 -0.002999 0.017253
v -0.012369 0.028002 0.017996
v 0.007802 0.028206 0.016503
v 0.008262 0.029397 0.017998
v -0.005185 0.029615 0.018003
v 0.016263 0.024707 0.017631
v 0.025375 0.014024 0.017000
v 0.029006 0.003286 0.018003
v -0.037065 -0.068954 0.022468
v -0.030564 -0.032732 0.020545
v 0.036435 -0.095018 0.022998
v -0.029807 -0.079067 0.029143
v -0.015808 -0.079068 0.023794
v -0.018609 -0.080568 0.021936
v -0.027008 -0.080572 0.031614
v -0.015808 -0.093068 0.023794
v -0.018141 -0.094568 0.037304
v 0.015767 -0.079068 0.023794
v 0.024881 -0.080570 0.033519
v 0.009254 -0.094568 0.028207
v 0.028907 -0.094568 0.029293
v 0.001370 -0.067568 0.019669
v 0.005611 -0.052572 0.024401
v -0.000694 -0.066067 0.031207
v -0.037584 -0.088798 0.025703
v 0.037955 -0.085995 0.024836
v -0.020679 -0.021390 0.019127
v -0.027777 -0.010309 0.019894
v -0.029438 0.004111 0.019963
v -0.029835 0.011195 0.018216
v -0.009969 0.030751 0.019849
v -0.022468 0.021694 0.018879
v 0.004257 0.029443 0.019972
v 0.012800 0.026739 0.019952
v 0.024589 0.020140 0.018246
v 0.031459 0.004888 0.018029
v 0.025526 0.015389 0.019944
v 0.028854 0.006785 0.019926
v 0.016624 -0.027903 0.019367
v 0.021039 -0.021432 0.019809
v 0.031701 -0.047251 0.022511
v 0.005328 -0.035056 0.019592
v -0.025944 -0.017881 0.021101
v -0.009251 -0.028466 0.019539
v 0.027746 -0.035522 0.021194
v 0.027449 -0.014013 0.020003
v 0.009463 -0.028100 0.020003
v -0.001827 -0.029909 0.020500
v -0.000021 -0.051068 0.020253
v 0.030166 -0.001139 0.020003
v -0.009895 -0.046762 0.022257
v 0.022479 -0.044521 0.021480
v 0.008372 -0.045678 0.021872
v -0.024821 0.015596 0.020003
v -0.020728 0.020728 0.025003
v -0.026579 0.012800 0.025003
v -0.029130 0.003282 0.025003
v -0.015596 0.024821 0.020003
v -0.008374 0.029631 0.024951
v -0.030625 -0.000830 0.025003
v -0.024821 -0.015596 0.025003
v -0.006564 0.028760 0.020003
v -0.000000 0.029500 0.025003
v -0.000562 0.030677 0.025003
v -0.018393 -0.023064 0.025003
v 0.009682 0.027669 0.025003
v -0.009682 -0.027669 0.025003
v 0.018393 0.023064 0.022867
v 0.024821 0.015596 0.025003
v 0.003282 -0.029130 0.025003
v 0.015596 -0.024821 0.025003
v 0.029130 0.003282 0.025003
v 0.028760 -0.006564 0.023203
v 0.026579 -0.012800 0.020003
v 0.023064 -0.018393 0.020003
v 0.020775 -0.022202 0.025042
v 0.025305 -0.016778 0.025057
v -0.013584 -0.028769 0.021360
v 0.017690 -0.027978 0.021213
v 0.029590 -0.098360 0.033786
v 0.027894 -0.100568 0.030260
v -0.030578 -0.053403 0.024319
v 0.007225 0.030401 0.021870
v 0.027702 -0.066848 0.029924
v 0.021981 -0.044899 0.023641
v 0.031024 -0.094943 0.028541
v 0.028559 -0.100568 0.031013
v -0.024727 -0.018768 0.025003
v -0.023880 -0.045407 0.023776
v 0.031194 -0.004060 0.024996
v -0.007112 0.030438 0.021913
v 0.016458 -0.026625 0.023910
v -0.001886 -0.031406 0.021241
v -0.017020 -0.026208 0.025003
v -0.030161 -0.007563 0.023255
v -0.007089 -0.030223 0.025003
v 0.007089 -0.030223 0.025003
v -0.026512 0.016658 0.024878
v -0.019641 0.024629 0.024881
v -0.030010 0.008648 0.024954
v 0.003506 0.031114 0.024897
v 0.015733 0.027132 0.024954
v 0.022140 0.022140 0.024941
v 0.026512 0.016658 0.024916
v 0.029554 0.010341 0.024887
v -0.021977 -0.079065 0.034051
v -0.009852 -0.080568 0.026810
v -0.030387 -0.093065 0.031039
v -0.020345 -0.093066 0.038399
v -0.009852 -0.094568 0.026810
v 0.024124 -0.079065 0.033028
v 0.004895 -0.080568 0.027781
v 0.014523 -0.093064 0.041016
v 0.004446 -0.093068 0.029355
v 0.030661 -0.082092 0.032422
v -0.016207 -0.053537 0.026997
v 0.018869 -0.059139 0.029309
v -0.032507 -0.073488 0.028332
v 0.030756 -0.096515 0.033586
v -0.023337 -0.062141 0.029688
v -0.011527 -0.079065 0.037402
v -0.001690 -0.079068 0.028164
v -0.015517 -0.080580 0.037045
v 0.002825 -0.079068 0.038479
v 0.004205 -0.080570 0.039180
v 0.015938 -0.094568 0.037951
v -0.025381 -0.100568 0.032219
v -0.025984 -0.100568 0.033017
v -0.025346 -0.094616 0.033824
v 0.025403 -0.095225 0.033836
v -0.002403 -0.093064 0.043285
v 0.000680 -0.094568 0.041164
v -0.025557 -0.071324 0.032280
v -0.028922 -0.086134 0.034284
v -0.027987 -0.097764 0.035784
v -0.013538 -0.073440 0.036727
v 0.001290 -0.076121 0.039177
v -0.015979 -0.100568 0.037951
v -0.016357 -0.100568 0.038881
v 0.018780 -0.100568 0.036439
v -0.015027 -0.094568 0.039414
v 0.016316 -0.094568 0.038881
v 0.019225 -0.100568 0.037334
v -0.021340 -0.086535 0.039050
v 0.017762 -0.096454 0.039093
v -0.015469 -0.096458 0.040064
v 0.017236 -0.091787 0.041621
v 0.007088 -0.100568 0.040552
v 0.010166 -0.084158 0.041919
v 0.007256 -0.100568 0.041542
v -0.005734 -0.086124 0.043423
v -0.014593 -0.097866 0.043021
v 0.014650 -0.098197 0.043301
v -0.003921 -0.100568 0.040817
v -0.004013 -0.100568 0.041813
v -0.004013 -0.094568 0.041813
v -0.002722 -0.094896 0.043246
v 0.006249 -0.094802 0.041722
v 0.006332 -0.098399 0.044640
v -0.000258 -0.093002 0.045229
v -0.004282 -0.097385 -0.042975
v -0.011191 -0.095380 -0.043964
v -0.002143 -0.089073 -0.044310
v 0.007908 -0.086080 -0.043055
v 0.013038 -0.093804 -0.043423
v 0.010133 -0.098190 -0.042290
v -0.014555 -0.081853 -0.040050
v 0.031463 -0.098718 -0.030544
v -0.033504 -0.098477 -0.030676
v -0.025472 -0.088254 -0.037366
v 0.003679 -0.094568 -0.041838
v 0.009708 -0.094568 -0.041654
v -0.008068 -0.094568 -0.041373
v -0.001185 -0.077703 -0.039958
v 0.010963 -0.094568 -0.040539
v -0.003256 -0.093065 -0.042930
v -0.003987 -0.093068 -0.029238
v 0.012519 -0.093066 -0.041600
v -0.017319 -0.094566 -0.039868
v 0.009417 -0.080573 -0.038794
v -0.006763 -0.100568 -0.041605
v 0.003679 -0.100568 -0.041838
v 0.003586 -0.100568 -0.040842
v -0.006595 -0.100568 -0.040616
v 0.014783 -0.100568 -0.038389
v 0.015161 -0.100568 -0.039319
v 0.024924 -0.086156 -0.037296
v -0.021136 -0.093067 -0.037830
v -0.016692 -0.080573 -0.037075
v 0.017906 -0.094568 -0.037983
v 0.003586 -0.094568 -0.040842
v -0.007867 -0.094568 -0.040389
v -0.008290 -0.094568 -0.028324
v 0.016793 -0.094568 -0.037835
v 0.015496 -0.094568 -0.025096
v -0.017947 -0.100568 -0.037983
v -0.017947 -0.094568 -0.037983
v 0.022899 -0.094568 -0.036256
v 0.017812 -0.093068 -0.021999
v -0.012697 -0.058781 -0.029471
v 0.011162 -0.060014 -0.030257
v -0.021324 -0.094568 -0.035200
v -0.017501 -0.100568 -0.037088
v 0.028643 -0.080567 -0.031280
v -0.019155 -0.093068 -0.021247
v -0.002220 -0.080568 -0.029424
v 0.017812 -0.080568 -0.021999
v -0.026844 -0.100568 -0.032511
v -0.027852 -0.094568 -0.031652
v 0.024293 -0.094568 -0.034248
v 0.023690 -0.100568 -0.033450
v 0.024293 -0.100568 -0.034248
v 0.028404 -0.093064 -0.033147
v 0.003588 -0.079070 -0.039203
v 0.026873 -0.067564 -0.028943
v 0.001814 -0.067573 -0.032497
v -0.017818 -0.079066 -0.035920
v 0.002179 -0.079068 -0.029424
v 0.021206 -0.067901 -0.032329
v -0.026179 -0.100568 -0.031758
v -0.014318 -0.079068 -0.024762
v -0.031696 -0.080567 -0.028598
v 0.028783 -0.079063 -0.030983
v 0.018880 -0.051878 -0.026118
v -0.019155 -0.080568 -0.021247
v -0.017737 -0.067568 -0.030680
v 0.035493 -0.092948 -0.028523
v -0.030433 -0.095715 -0.030409
v 0.023319 -0.079068 -0.018052
v -0.035062 -0.093065 -0.026384
v 0.029814 -0.063646 -0.027805
v 0.029925 -0.094568 -0.029450
v 0.029185 -0.100568 -0.028776
v 0.029925 -0.100568 -0.029450
v -0.029227 -0.094568 -0.028776
v 0.029185 -0.094568 -0.028776
v 0.033215 -0.095463 -0.027466
v -0.029076 -0.079067 -0.029928
v -0.027720 -0.059255 -0.027412
v -0.038195 -0.084684 -0.024488
v -0.034983 -0.063836 -0.023982
v -0.023154 -0.079068 -0.016804
v 0.036045 -0.077282 -0.026035
v 0.000768 -0.067568 -0.021036
v -0.027112 -0.067568 -0.027800
v 0.014040 -0.067568 -0.014338
v -0.014082 -0.067568 -0.014337
v -0.006162 -0.066068 -0.020136
v 0.009907 -0.066068 -0.017456
v -0.003978 -0.066068 -0.031360
v 0.023557 -0.066066 -0.028878
v 0.019015 -0.052573 -0.024224
v -0.024195 -0.066066 -0.028829
v -0.005448 -0.045873 -0.023668
v -0.027093 -0.045953 -0.023824
v -0.034669 -0.100568 -0.023739
v -0.036948 -0.094616 -0.020463
v 0.034628 -0.094568 -0.023739
v 0.036125 -0.100568 -0.019654
v 0.037033 -0.100568 -0.020087
v 0.043407 -0.098112 -0.014360
v -0.015780 -0.052569 -0.024445
v -0.037685 -0.097350 -0.020561
v -0.038101 -0.094568 -0.016251
v -0.033818 -0.100568 -0.023212
v -0.023154 -0.094568 -0.016804
v 0.037298 -0.094568 -0.017930
v 0.029587 -0.094568 -0.003136
v -0.021145 -0.066068 -0.003064
v 0.021398 -0.066068 -0.003199
v -0.034500 -0.079067 -0.024548
v 0.036627 -0.093066 -0.023474
v 0.031922 -0.052561 -0.021609
v 0.029587 -0.080568 -0.003137
v -0.033973 -0.067568 -0.022807
v 0.039743 -0.084368 -0.020826
v 0.033703 -0.066067 -0.023080
v -0.038626 -0.063401 -0.018006
v 0.030223 -0.044442 -0.022549
v 0.029838 -0.093068 -0.003354
v 0.039566 -0.095507 -0.016293
v -0.029858 -0.080568 -0.003407
v -0.031407 -0.052566 -0.021477
v -0.029629 -0.093068 -0.003136
v 0.003040 -0.039995 -0.022031
v 0.020329 -0.067568 -0.003010
v -0.037966 -0.066066 -0.016210
v 0.003809 -0.052568 -0.019414
v 0.014040 -0.052568 -0.014338
v -0.014187 -0.052568 -0.015571
v -0.041490 -0.098015 -0.017951
v 0.041217 -0.080558 -0.012748
v -0.016348 -0.051068 -0.011180
v -0.005155 -0.051068 -0.019414
v -0.005656 -0.051066 -0.023786
v 0.009693 -0.051068 -0.018676
v 0.020983 -0.051065 -0.023661
v -0.028632 -0.051062 -0.022998
v -0.039587 -0.100568 -0.014524
v 0.039545 -0.094568 -0.014524
v 0.030199 -0.037564 -0.019214
v 0.005310 -0.043414 -0.021167
v -0.022294 -0.032046 -0.021155
v -0.031535 -0.031453 -0.019876
v 0.043378 -0.098564 -0.002023
v 0.029844 -0.031957 -0.020577
v -0.041848 -0.080644 -0.010576
v -0.038624 -0.100568 -0.014233
v 0.039803 -0.079067 -0.015439
v 0.038799 -0.067568 -0.014019
v 0.037743 -0.065271 -0.020234
v 0.032914 -0.051066 -0.020891
v -0.038185 -0.067568 -0.015530
v 0.020328 -0.052568 -0.003013
v 0.006601 -0.032108 -0.021413
v 0.020530 -0.051068 -0.003041
v 0.040085 -0.085236 -0.015334
v 0.004911 -0.037571 -0.019988
v -0.007143 -0.037393 -0.019641
v -0.032391 -0.037561 -0.018405
v -0.008151 -0.030515 -0.020734
v 0.005625 -0.031913 -0.019997
v 0.015800 -0.027936 -0.019188
v -0.025152 -0.020553 -0.021032
v -0.032073 -0.007067 -0.021211
v -0.032401 -0.006025 -0.003154
v -0.014184 -0.028220 -0.019268
v 0.025262 -0.018768 -0.020388
v -0.040456 -0.079067 -0.012797
v -0.029622 -0.014327 -0.018451
v -0.031018 -0.019879 -0.019307
v 0.031547 -0.006139 -0.021262
v 0.028529 -0.021972 -0.019941
v 0.032475 -0.011361 -0.017235
v 0.033320 -0.006513 -0.002701
v -0.032231 -0.008347 -0.019577
v 0.006709 -0.036213 -0.019487
v -0.006156 -0.036184 -0.019437
v 0.016086 -0.037568 -0.012068
v -0.021834 -0.037568 -0.003365
v -0.036658 -0.052567 -0.012745
v -0.036703 -0.051064 -0.011799
v 0.034697 -0.026407 -0.013021
v 0.017675 -0.036068 -0.009124
v 0.031129 -0.036064 -0.018713
v -0.021612 -0.036068 -0.003129
v -0.030473 -0.036049 -0.018730
v -0.034757 -0.026989 -0.012375
v 0.030722 -0.018482 -0.016897
v 0.043238 -0.088369 -0.012891
v -0.043014 -0.087832 -0.013584
v -0.042914 -0.083423 -0.012916
v 0.043081 -0.082676 -0.012112
v 0.037766 -0.051768 -0.015054
v 0.034477 -0.037557 -0.011590
v 0.039009 -0.066068 -0.011710
v 0.037079 -0.052568 -0.010866
v -0.040684 -0.094856 -0.011812
v -0.020575 -0.067568 -0.003032
v 0.041789 -0.093068 -0.010883
v 0.039711 -0.100568 -0.010122
v 0.040696 -0.100568 -0.010306
v -0.034367 -0.036066 -0.011216
v -0.029093 -0.094568 -0.003080
v -0.028916 -0.079068 -0.003022
v -0.032031 -0.016379 -0.010649
v -0.041666 -0.093023 -0.011282
v -0.040254 -0.084691 -0.014569
v -0.042451 -0.093037 -0.007606
v 0.036717 -0.051059 -0.012086
v 0.041374 -0.065434 -0.008702
v -0.044054 -0.085657 -0.008656
v -0.041054 -0.063238 -0.008323
v -0.025887 -0.084660 -0.011421
v 0.026052 -0.085998 -0.010959
v 0.026560 -0.089091 -0.009063
v -0.026771 -0.089873 -0.008237
v 0.034062 -0.036066 -0.011425
v 0.040512 -0.082549 -0.012946
v 0.026571 -0.082284 -0.009023
v 0.041797 -0.090115 -0.010230
v 0.026824 -0.083868 -0.009231
v 0.028899 -0.088604 -0.008093
v -0.035394 -0.024552 -0.006388
v 0.034649 -0.017288 -0.004549
v -0.033594 -0.007989 -0.003006
v -0.035509 -0.041519 -0.000475
v -0.033221 -0.040447 -0.012528
v 0.033179 -0.041902 0.003969
v 0.033179 -0.048175 -0.012501
v -0.034420 -0.048001 -0.010501
v 0.034379 -0.047094 -0.000132
v 0.020247 -0.037568 -0.003004
v -0.027524 -0.081652 -0.005568
v 0.032436 -0.017867 -0.007670
v -0.042213 -0.088876 -0.007800
v 0.029576 -0.084377 -0.005308
v -0.045380 -0.095479 -0.003007
v -0.029440 -0.084425 -0.006037
v -0.028066 -0.087175 -0.003980
v -0.043049 -0.074088 -0.004708
v -0.034421 -0.044320 -0.000501
v -0.041913 -0.100568 -0.003001
v -0.041171 -0.094591 -0.002998
v 0.042344 -0.094568 -0.003763
v 0.041371 -0.100568 -0.003001
v 0.027907 -0.088644 -0.004202
v 0.040869 -0.094568 -0.003001
v 0.035006 -0.036067 -0.005583
v 0.027746 -0.082398 -0.004741
v 0.043914 -0.085878 -0.009007
v 0.028572 -0.079068 -0.003001
v -0.020047 -0.051068 -0.003001
v 0.041414 -0.080648 -0.009476
v 0.043009 -0.093067 -0.003002
v -0.020047 -0.052568 -0.003001
v 0.031778 -0.008203 -0.004071
v 0.042031 -0.085778 -0.007191
v 0.020006 -0.036068 -0.003001
v 0.044875 -0.098337 -0.003021
v -0.043404 -0.093152 -0.002653
v 0.044309 -0.084647 -0.003001
v 0.039644 -0.051206 -0.003001
v -0.039217 -0.048385 -0.003001
v -0.041887 -0.079818 -0.003001
v -0.032451 -0.010125 -0.002416
v -0.040282 -0.067568 -0.003001
v 0.041942 -0.080568 -0.003001
v 0.041779 -0.079068 -0.003001
v 0.040229 -0.067568 -0.003001
v 0.037616 -0.051068 -0.003001
v -0.035171 -0.036066 -0.002333
v 0.040005 -0.066068 -0.003001
v -0.037632 -0.051068 -0.003001
v -0.035440 -0.037568 -0.003001
v 0.037866 -0.052568 -0.003001
v 0.035195 -0.036068 -0.003001
v 0.035430 -0.037568 -0.003001
v 0.032285 -0.013550 -0.002501
v -0.040028 -0.066068 -0.003001
v -0.037882 -0.052568 -0.003001
v 0.039662 -0.064341 -0.002001
v 0.033785 -0.026501 -0.002001
v 0.034008 -0.020629 -0.002501
v -0.035027 -0.028184 -0.003001
v 0.042977 -0.079368 -0.002034
v 0.039045 -0.053979 -0.003001
v -0.040714 -0.064467 -0.003001
v -0.037090 -0.041163 -0.002001
v -0.038126 -0.054054 -0.002001
v -0.043452 -0.088268 -0.002501
v -0.041768 -0.074774 -0.002001
v -0.033487 -0.044550 0.002972
vn -0.0577 0.1293 0.9899
vn -0.2100 -0.4176 0.8840
vn 0.1019 0.0208 0.9946
vn -0.2209 -0.0082 0.9753
vn 0.1541 -0.5116 0.8453
vn -0.0469 -0.6613 0.7486
vn -0.0002 1.0000 0.0029
vn -0.0783 -0.9948 -0.0649
vn 0.3029 -0.0083 0.9530
vn 0.2891 -0.0005 0.9573
vn -0.0015 1.0000 0.0029
vn 0.0003 1.0000 0.0038
vn 0.5242 -0.0058 0.8516
vn -0.0734 0.0752 -0.9945
vn 0.0500 -0.9058 -0.4206
vn 0.0149 -0.9999 0.0054
vn 0.0010 1.0000 0.0007
vn 0.5477 0.0156 0.8365
vn -0.5248 0.0027 0.8512
vn -0.5558 -0.0247 0.8310
vn -0.5879 -0.3186 0.7436
vn 0.1450 -0.0258 -0.9891
vn -0.0002 -1.0000 -0.0008
vn -0.0009 -1.0000 -0.0002
vn 0.2335 0.0023 -0.9724
vn -0.3851 -0.0537 -0.9213
vn 0.4067 -0.0169 -0.9134
vn 0.0003 -1.0000 -0.0002
vn 0.0001 -1.0000 -0.0002
vn 0.6351 -0.3305 0.6982
vn 0.0761 -0.8787 -0.4712
vn -0.8147 0.1022 -0.5708
vn 0.0270 -0.9994 -0.0208
vn -0.5390 0.0895 -0.8375
vn 0.5350 0.0347 -0.8441
vn 0.0006 1.0000 0.0007
vn -0.0022 1.0000 0.0023
vn -0.0021 1.0000 0.0023
vn -0.6230 0.3777 0.6850
vn 0.0779 -0.9949 0.0646
vn 0.5891 0.0011 -0.8081
vn 0.0007 -1.0000 -0.0001
vn 0.0034 -1.0000 -0.0000
vn 0.2044 0.9789 0.0005
vn -0.9999 0.0034 0.0134
vn 0.0054 0.0257 0.9997
vn -0.0010 -0.0009 1.0000
vn 0.0009 -0.0034 1.0000
vn 0.3842 0.9232 -0.0000
vn 0.2059 0.9786 -0.0000
vn -0.0042 -0.0100 0.9999
vn 0.0080 -0.0122 0.9999
vn 0.0017 -0.0042 1.0000
vn -0.2053 0.9787 0.0001
vn -0.2057 0.9786 -0.0000
vn -0.3851 0.9229 -0.0000
vn -0.3842 0.9232 -0.0002
vn -0.9970 -0.0776 0.0065
vn -0.0001 1.0000 0.0003
vn 0.0006 1.0000 -0.0000
vn -0.0050 -0.0236 0.9997
vn -0.0043 -0.0235 0.9997
vn 0.1641 -0.2761 0.9470
vn -0.0038 -0.0273 0.9996
vn 0.5696 0.8219 -0.0004
vn 0.5732 0.8194 0.0002
vn 0.3850 0.9229 -0.0001
vn -0.0051 -0.0073 1.0000
vn -0.0047 -0.0071 1.0000
vn 0.0030 -0.0043 1.0000
vn -0.5696 0.8219 0.0005
vn 0.4668 -0.8844 0.0057
vn 0.7295 0.6839 0.0048
vn 0.6423 0.7664 -0.0020
vn -0.0068 -0.0064 1.0000
vn 0.0032 -0.0030 1.0000
vn -0.6071 0.7946 -0.0063
vn -0.7295 0.6839 0.0037
vn -0.0063 -0.0037 1.0000
vn 0.5745 -0.5340 -0.6203
vn 0.0029 -0.0023 1.0000
vn 0.7296 0.6838 0.0048
vn 0.8569 0.5155 -0.0001
vn -0.0062 -0.0037 1.0000
vn 0.0036 -0.0022 1.0000
vn -0.8155 0.5787 -0.0109
vn -0.8569 0.5155 0.0003
vn -0.5105 -0.3492 -0.7858
vn 0.6584 -0.2024 -0.7249
vn 0.0038 -0.0037 1.0000
vn 0.9461 0.3240 -0.0000
vn 0.8567 0.5158 -0.0000
vn -0.0075 -0.0026 1.0000
vn 0.0095 -0.0032 1.0000
vn -0.9461 0.3237 -0.0003
vn -0.9461 0.3240 -0.0004
vn -0.0054 0.0007 1.0000
vn 0.3173 -0.1391 -0.9381
vn 0.0222 0.0051 0.9997
vn 0.9930 0.1180 0.0033
vn 0.9910 0.1337 0.0003
vn 0.9462 0.3236 -0.0001
vn -0.0043 -0.0005 1.0000
vn 0.0043 -0.0005 1.0000
vn -0.9930 0.1180 0.0020
vn -0.0065 -0.0030 1.0000
vn 0.9956 -0.0932 0.0046
vn -0.0088 0.0008 1.0000
vn 0.0052 0.0005 1.0000
vn -0.9998 0.0180 -0.0121
vn -0.9956 -0.0932 0.0031
vn -0.0056 0.0033 1.0000
vn 0.0053 0.0003 1.0000
vn 0.9539 -0.3003 -0.0005
vn 0.9965 -0.0838 0.0063
vn -0.0048 0.0015 1.0000
vn 0.0066 0.0021 1.0000
vn -0.9553 -0.2955 -0.0007
vn -0.9539 -0.3003 -0.0000
vn -0.0041 0.0019 1.0000
vn 0.0069 0.0017 1.0000
vn 0.8695 -0.4939 -0.0000
vn 0.9547 -0.2977 -0.0000
vn 0.0071 0.0020 1.0000
vn -0.8690 -0.4949 -0.0000
vn -0.8696 -0.4938 -0.0002
vn -0.0054 0.0021 1.0000
vn -0.4538 0.2510 -0.8550
vn -0.0061 -0.0050 1.0000
vn 0.7417 -0.6706 0.0131
vn 0.7836 -0.6212 -0.0001
vn -0.0004 0.0078 1.0000
vn -0.7486 -0.6630 0.0033
vn 0.0710 0.0227 0.9972
vn 0.1741 0.2483 -0.9529
vn -0.5255 -0.8359 0.1583
vn 0.0904 0.1572 0.9834
vn 0.0087 -0.0048 1.0000
vn -0.1269 0.1181 0.9849
vn -0.1067 0.2163 -0.9705
vn -0.4127 0.5621 -0.7167
vn -0.8330 0.1663 0.5277
vn -0.0331 -0.7457 0.6655
vn 0.1374 -0.0197 0.9903
vn -0.1177 -0.1006 0.9879
vn -0.5267 0.6291 0.5717
vn 0.2193 -0.4196 0.8808
vn -0.3271 -0.2352 0.9153
vn 0.4044 0.0994 0.9092
vn 0.9108 0.0516 0.4096
vn -0.0067 0.9999 0.0118
vn -0.0892 -0.9958 -0.0207
vn 0.1826 -0.9832 0.0047
vn -0.1858 -0.9826 0.0001
vn 0.2555 -0.9668 -0.0037
vn 0.4676 -0.8839 -0.0035
vn 0.4062 -0.9138 0.0037
vn -0.5012 -0.8652 -0.0157
vn -0.4086 -0.9127 -0.0000
vn 0.4705 -0.8822 0.0197
vn 0.5965 -0.8026 -0.0035
vn -0.6536 -0.7568 0.0100
vn -0.7646 -0.6445 -0.0031
vn 0.6983 -0.7157 -0.0101
vn 0.7617 -0.6479 0.0022
vn -0.7842 -0.6206 -0.0003
vn -0.8840 -0.4676 -0.0015
vn 0.8038 -0.5948 -0.0019
vn 0.8944 -0.4473 0.0034
vn 0.9160 -0.4012 -0.0025
vn -0.8956 -0.4449 0.0019
vn -0.9659 -0.2590 -0.0019
vn 0.9159 -0.4015 -0.0025
vn 0.9745 -0.2244 0.0028
vn 0.9819 -0.1893 -0.0029
vn -0.9993 -0.0382 -0.0020
vn -0.9736 -0.2284 0.0022
vn -0.9985 -0.0542 -0.0039
vn -0.9829 0.1841 -0.0034
vn 0.9987 0.0512 -0.0041
vn 0.9998 0.0205 -0.0002
vn 0.9736 0.2284 0.0017
vn 0.9691 0.2466 -0.0010
vn -0.9153 0.4027 -0.0025
vn -0.9746 0.2239 0.0030
vn 0.8912 0.4537 -0.0001
vn 0.8947 0.4467 0.0011
vn -0.8961 0.4438 0.0031
vn -0.8135 0.5816 0.0077
vn -0.7747 0.6323 -0.0041
vn 0.7651 0.6439 -0.0012
vn -0.6991 0.7150 -0.0023
vn 0.7680 0.6404 -0.0004
vn -0.6558 0.7550 0.0003
vn -0.6223 0.7828 -0.0044
vn -0.5706 0.8211 -0.0150
vn 0.5741 0.8186 -0.0193
vn 0.5778 0.8160 -0.0170
vn 0.6407 0.7678 -0.0027
vn -0.5919 0.8060 -0.0045
vn -0.4867 0.8736 -0.0038
vn -0.4331 0.9012 -0.0147
vn -0.3816 0.9236 -0.0367
vn -0.4424 0.8968 -0.0094
vn 0.3948 0.9187 -0.0146
vn 0.4950 0.8688 -0.0109
vn -0.4057 0.9140 -0.0029
vn 0.7458 0.5699 0.3449
vn 0.5146 0.8572 0.0176
vn -0.7256 0.6837 0.0776
vn -0.8618 0.4728 0.1839
vn 0.9706 0.1967 0.1386
vn -0.9306 0.2962 -0.2151
vn -0.3919 0.9072 0.1530
vn 0.5354 0.8272 0.1705
vn -0.6512 0.7267 0.2188
vn 0.4421 -0.0002 0.8970
vn 0.4427 -0.0001 0.8967
vn -0.4432 -0.0000 0.8964
vn -0.4610 0.1272 0.8782
vn 0.0047 1.0000 0.0020
vn 0.0012 1.0000 0.0008
vn 0.4123 0.8052 0.4262
vn -0.0023 1.0000 0.0027
vn 0.1124 -0.4057 0.9071
vn -0.0014 -1.0000 -0.0004
vn -0.0001 -1.0000 -0.0019
vn -0.7897 0.0279 0.6128
vn -0.8144 0.0039 0.5803
vn -0.8989 -0.1078 0.4247
vn -0.8606 -0.0193 0.5090
vn 0.8140 0.0178 0.5806
vn 0.8175 0.0132 0.5758
vn 0.6494 -0.0000 0.7604
vn -0.6490 -0.0000 0.7608
vn -0.6421 0.0036 0.7666
vn -0.6494 -0.0001 0.7604
vn -0.8075 -0.0585 -0.5870
vn 0.8257 -0.0095 -0.5640
vn 0.5465 -0.8264 0.1356
vn 0.6576 -0.0792 0.7492
vn 0.2789 0.0111 -0.9603
vn -0.4821 -0.4341 0.7610
vn 0.2008 0.0867 -0.9758
vn 0.1515 -0.6345 -0.7579
vn -0.3541 0.9305 -0.0939
vn -0.8067 -0.3000 -0.5091
vn 0.9931 -0.0000 -0.1176
vn 0.7319 0.5244 -0.4350
vn 0.0034 1.0000 0.0022
vn 0.0049 1.0000 0.0016
vn -0.0031 1.0000 0.0007
vn -0.0023 1.0000 0.0025
vn -0.9915 0.1221 -0.0448
vn 0.9372 0.2604 0.2319
vn -0.9996 -0.0041 0.0269
vn -0.4259 0.0027 -0.9048
vn -1.0000 -0.0000 -0.0069
vn 0.9999 0.0129 0.0006
vn 0.4405 0.0015 -0.8978
vn -0.4154 0.0026 -0.9096
vn -0.4646 0.0007 -0.8855
vn -0.8450 0.0130 -0.5347
vn 0.8523 0.0246 -0.5225
vn -0.0217 -0.9986 -0.0474
vn 0.8161 -0.0000 0.5779
vn 0.8156 -0.0001 0.5787
vn -0.8169 -0.0005 0.5768
vn 0.7285 0.1489 0.6687
vn -0.6549 -0.0028 -0.7557
vn 0.6439 -0.0053 -0.7651
vn 0.5490 0.0059 -0.8358
vn -0.0315 -0.9988 -0.0363
vn -0.1280 -0.9910 0.0387
vn -0.5729 0.0024 -0.8196
vn 0.9643 -0.0074 0.2647
vn 0.9653 -0.0029 0.2611
vn -0.9694 0.0156 0.2451
vn -0.9605 -0.0403 0.2753
vn 0.9480 0.0837 0.3070
vn -0.6549 0.0024 -0.7557
vn -0.5990 0.0051 -0.8007
vn -0.8412 -0.0075 -0.5406
vn -0.7051 0.0078 -0.7091
vn -0.4173 0.7707 -0.4816
vn -0.9917 -0.0442 -0.1211
vn 0.7299 0.0060 -0.6835
vn 0.8280 -0.0046 -0.5607
vn 0.8941 -0.4457 0.0437
vn 0.8326 0.0324 0.5529
vn -0.8839 0.0114 0.4676
vn 0.0306 -0.9982 -0.0516
vn -0.8094 0.0016 -0.5873
vn 0.8090 0.0022 -0.5878
vn 0.9222 0.0003 0.3867
vn 0.9213 -0.0000 0.3889
vn 0.9221 0.0016 0.3870
vn -0.9162 0.0032 0.4008
vn 0.9564 -0.0820 0.2803
vn -0.9549 -0.0875 0.2836
vn -0.6171 -0.7844 0.0624
vn 0.3038 -0.9527 -0.0060
vn -0.0014 -1.0000 -0.0006
vn 0.9717 -0.0265 -0.2348
vn -0.0011 -1.0000 -0.0061
vn 0.0027 -1.0000 -0.0001
vn -0.9557 0.1163 -0.2705
vn 0.8670 0.0025 -0.4983
vn 0.9238 -0.0036 -0.3830
vn -0.9444 -0.0214 -0.3280
vn -0.8727 0.0023 -0.4883
vn -0.8509 0.0001 -0.5254
vn -0.9129 0.0240 -0.4075
vn 0.8750 0.0055 -0.4841
vn -0.9344 0.1440 0.3257
vn 0.9195 0.0016 -0.3931
vn 0.9996 0.0286 0.0001
vn 0.0008 -1.0000 0.0003
vn -0.9233 -0.0008 -0.3841
vn 0.9191 -0.0018 0.3939
vn -0.0040 1.0000 0.0013
vn 0.9131 0.0852 0.3987
vn -0.9600 0.0897 0.2652
vn -0.0001 0.0001 -1.0000
vn -0.0005 -0.0000 -1.0000
vn 0.0146 -0.0235 -0.9996
vn -0.5119 -0.1070 -0.8523
vn 0.3354 0.6482 -0.6837
vn 0.0007 1.0000 -0.0023
vn 0.2052 0.9787 -0.0001
vn 0.3237 0.9381 -0.1233
vn -0.0779 -0.9962 0.0379
vn 0.9896 0.0465 -0.1362
vn 0.0026 -0.8087 -0.5882
vn 0.8395 0.3692 0.3988
vn -0.0369 0.0779 -0.9963
vn 0.9852 0.1447 0.0916
vn 0.9810 0.0247 0.1922
vn -0.1250 -0.8999 -0.4178
vn 0.8973 -0.4336 0.0827
vn -0.9970 -0.0015 -0.0772
vn 0.9735 0.0056 0.2288
vn 0.0012 -0.9993 -0.0372
vn -0.9983 -0.0309 0.0501
vn 0.1510 -0.9830 -0.1049
vn -0.0863 0.9958 -0.0293
vn 0.3646 -0.9301 0.0454
vn -0.0014 -1.0000 -0.0007
vn 0.0018 -1.0000 0.0019
vn -0.9982 -0.0504 0.0325
vn -0.9969 -0.0009 -0.0785
vn -0.7435 -0.6660 0.0605
vn -0.0611 -0.9663 0.2501
vn 0.0479 0.0665 -0.9966
vn 0.9962 0.0617 -0.0613
vn -0.7878 -0.6154 0.0252
vn -0.8566 -0.4024 -0.3230
vn -0.9705 -0.1611 -0.1795
vn 0.9986 -0.0260 -0.0454
vn -0.0297 -0.9996 -0.0007
vn 0.9971 -0.0061 0.0764
vn -0.0275 0.9993 0.0271
vn -0.9716 0.2352 0.0266
vn 0.9783 0.0366 -0.2037
vn -0.9804 -0.1672 -0.1041
vn -0.8352 -0.5496 0.0198
vn 0.6097 0.7926 0.0039
vn 0.9645 0.0538 -0.2585
vn 0.9732 0.0020 -0.2298
vn 0.9754 -0.0566 -0.2130
vn -0.9906 0.0879 -0.1045
vn 0.4233 0.8617 -0.2798
vn -0.0004 -1.0000 0.0002
vn -0.4102 0.9119 -0.0104
vn 0.9770 -0.0263 0.2116
vn 0.0002 -1.0000 -0.0008
vn -0.9719 -0.0291 0.2336
vn -0.1556 -0.9788 0.1329
vn 0.9926 0.0134 0.1207
vn 0.2592 0.9617 0.0885
vn -0.9733 0.2288 0.0168
vn -0.6871 0.7265 -0.0111
vn 0.9522 -0.0009 0.3054
vn 0.5494 0.8350 0.0291
vn -0.1731 0.8886 0.4248
vn 0.2614 0.9615 -0.0848
vn -0.3764 -0.9117 -0.1650
vn 0.0246 0.7343 0.6784
vn -0.8872 -0.0071 0.4613
vn -0.9197 0.0318 0.3912
vn -0.9573 -0.0694 -0.2806
vn 0.9868 0.0635 -0.1489
vn 0.9565 -0.0589 -0.2856
vn 0.0040 1.0000 -0.0013
vn -0.0009 1.0000 -0.0004
vn -0.0032 1.0000 0.0003
vn -0.0107 -0.9998 -0.0158
vn -0.4434 -0.8920 -0.0875
vn -0.4357 -0.2834 -0.8543
vn -0.0446 -0.9989 -0.0105
vn -0.9319 -0.0119 -0.3624
vn -0.9210 0.0456 -0.3868
vn 0.0471 -0.5876 0.8078
vn -0.9739 0.1274 -0.1880
vn 0.2434 -0.0766 -0.9669
vn 0.7335 0.3477 -0.5840
vn 0.9326 0.0025 -0.3610
vn -0.3195 -0.0345 0.9470
vn 0.9215 0.0001 -0.3884
vn -0.0000 0.0002 1.0000
vn -0.8479 -0.0006 0.5302
vn 0.0043 -0.0004 1.0000
vn 0.0005 -0.0000 1.0000
vn -0.9214 -0.0001 -0.3886
vn -0.9216 -0.0000 -0.3881
vn 0.6443 -0.7245 -0.2450
vn -0.6278 -0.7067 0.3264
vn 0.0098 -0.3811 0.9245
vn -0.0005 -1.0000 0.0011
vn -0.0002 -1.0000 0.0006
vn 0.9994 -0.0329 -0.0092
vn -0.2044 0.9789 -0.0004
vn 0.2482 0.9502 -0.1884
vn 0.7708 -0.6371 0.0028
vn -0.6296 0.7761 0.0359
vn -0.8761 0.0016 0.4821
vn -0.7708 0.0034 0.6371
vn -0.8411 -0.0023 0.5409
vn -0.5107 -0.6819 0.5236
vn 0.8403 -0.0000 0.5422
vn 0.8426 -0.0003 0.5385
vn 0.1266 -0.9919 -0.0140
vn 0.5821 0.8117 0.0482
vn -0.3496 0.9368 0.0099
vn -0.9635 0.0365 -0.2652
vn -0.7093 -0.7049 0.0084
vn -0.9171 0.0447 0.3963
vn -0.9063 0.0638 0.4179
vn 0.8952 0.0854 0.4374
vn 0.8345 0.1800 0.5208
vn 0.0043 1.0000 -0.0017
vn 0.8079 -0.5675 -0.1592
vn -0.4633 0.8862 0.0025
vn 0.9107 0.2850 -0.2991
vn -0.9646 0.0481 -0.2591
vn 0.0157 0.9999 -0.0051
vn -0.8749 0.0456 -0.4822
vn 0.8150 -0.0002 -0.5794
vn 0.8156 -0.0002 -0.5787
vn -0.8168 -0.0000 -0.5769
vn 0.0033 1.0000 -0.0023
vn -0.8156 -0.0002 -0.5787
vn -0.0008 1.0000 -0.0005
vn -0.6694 0.0013 0.7429
vn -0.6545 0.0020 0.7560
vn 0.6549 0.0006 0.7558
vn 0.6758 -0.0011 0.7371
vn 0.4440 0.7351 0.5124
vn -0.0015 -1.0000 -0.0000
vn -0.0046 -1.0000 0.0001
vn 0.0005 -1.0000 0.0030
vn 0.0004 -1.0000 0.0002
vn 0.6712 0.2622 0.6933
vn 0.4114 0.9113 0.0144
vn -0.4143 0.9100 0.0182
vn -0.5241 0.1795 -0.8325
vn -0.6462 -0.0017 0.7632
vn -0.6696 0.0020 0.7427
vn -0.5578 0.0036 0.8300
vn -0.6506 0.0243 0.7590
vn 0.6471 -0.0052 0.7623
vn 0.5217 0.0043 0.8531
vn -0.4143 0.9099 0.0182
vn -0.3640 0.9299 0.0522
vn 0.9158 0.0663 -0.3961
vn 0.8462 -0.0058 -0.5329
vn -0.8507 -0.0234 -0.5251
vn 0.8894 -0.0575 -0.4536
vn -0.1116 -0.0018 -0.9938
vn -0.0030 -0.6713 -0.7411
vn -0.4332 0.0012 0.9013
vn 0.7423 -0.6663 -0.0709
vn 0.6928 -0.7168 -0.0790
vn 0.3303 0.9431 0.0382
vn -0.5858 0.7682 -0.2584
vn -0.3116 0.9488 -0.0511
vn -0.0012 -1.0000 0.0005
vn -0.0001 -1.0000 0.0002
vn 0.0004 -1.0000 0.0007
vn 0.9134 -0.0349 -0.4056
vn 0.1776 -0.7730 -0.6091
vn -0.8201 0.4206 -0.3880
vn 0.6486 -0.0000 -0.7611
vn 0.6494 -0.0001 -0.7604
vn -0.6470 -0.0003 -0.7625
vn 0.0007 1.0000 -0.0008
vn 0.0037 1.0000 -0.0016
vn -0.6494 -0.0000 -0.7604
vn -0.0007 1.0000 -0.0009
vn -0.8106 0.0026 0.5856
vn 0.8911 0.4466 0.0807
vn -0.9609 -0.0282 0.2753
vn -0.8008 0.4783 0.3603
vn -0.9649 0.2376 -0.1115
vn 0.9545 -0.0000 0.2981
vn 0.9855 -0.0199 0.1683
vn -0.2620 0.0012 0.9651
vn -0.1755 0.9806 0.0874
vn -0.3351 -0.3951 0.8553
vn -1.0000 -0.0001 0.0008
vn 0.4509 -0.4097 0.7930
vn 0.6317 -0.3724 -0.6799
vn 0.8750 0.4831 0.0307
vn 0.2690 -0.0055 0.9631
vn 0.2096 0.9686 0.1337
vn 0.6831 0.1027 -0.7231
vn 0.5570 -0.8293 -0.0456
vn 0.3146 0.8837 -0.3465
vn -0.6161 -0.7186 0.3225
vn 0.9074 -0.3268 -0.2644
vn -0.8618 -0.2905 0.4159
vn 0.0163 0.2181 0.9758
vn 0.0005 0.2010 0.9796
vn -0.0157 0.9880 0.1536
vn -0.0282 0.9899 0.1387
vn 0.0113 -0.9999 -0.0001
vn 0.0002 -1.0000 0.0007
vn -0.1593 -0.9872 -0.0076
vn 0.3788 -0.2753 0.8836
vn 0.9466 0.0201 -0.3218
vn -0.9318 -0.0119 -0.3627
vn 0.9967 0.0448 -0.0678
vn -0.4980 -0.7421 0.4487
vn -0.0428 -0.9092 -0.4141
vn 0.8774 -0.4499 -0.1665
vn -0.0042 -1.0000 0.0075
vn -0.6532 0.0345 0.7564
vn 0.7999 -0.3282 -0.5024
vn -0.6390 -0.3386 -0.6907
vn -0.4280 -0.3856 0.8174
vn 0.6067 -0.7022 -0.3727
vn -0.6671 0.7307 0.1452
vn 0.4427 -0.0000 -0.8967
vn 0.4433 -0.0001 -0.8964
vn -0.4410 -0.0004 -0.8975
vn 0.0008 1.0000 -0.0008
vn -0.4427 -0.0001 -0.8967
vn -0.0012 1.0000 -0.0034
vn -0.0023 1.0000 -0.0033
vn -0.8308 -0.5191 0.2008
vn -0.8439 -0.3289 0.4239
vn -0.6886 -0.7149 0.1219
vn 0.6361 0.7682 0.0717
vn 0.7352 0.3424 0.5851
vn 0.8244 -0.0058 -0.5659
vn -0.7794 -0.0011 -0.6265
vn -0.0473 0.4670 -0.8830
vn 0.2389 -0.9562 -0.1693
vn -0.3297 -0.7771 -0.5360
vn -0.6572 -0.6956 -0.2901
vn 0.5554 -0.6690 0.4939
vn 0.7896 -0.4964 -0.3608
vn -0.7987 -0.3969 -0.4523
vn 0.8038 -0.3464 -0.4837
vn -0.9069 -0.3955 -0.1451
vn -0.7284 -0.1708 -0.6636
vn 0.9351 -0.2335 -0.2664
vn -0.9843 -0.0370 -0.1726
vn 0.9562 -0.1130 0.2699
vn -0.9980 -0.0566 -0.0294
vn 0.9264 0.0830 -0.3674
vn -0.9247 0.2321 -0.3019
vn 0.8329 0.1954 -0.5178
vn -0.8653 0.3075 0.3958
vn 0.8792 0.4085 -0.2452
vn 0.8457 0.5120 0.1509
vn -0.6970 0.6968 -0.1691
vn 0.4651 0.6139 -0.6378
vn 0.4363 0.8971 -0.0690
vn -0.1287 0.9711 0.2011
vn -0.6089 -0.0114 0.7931
vn 0.6186 -0.1243 0.7758
vn 0.6660 -0.6366 0.3890
vn -0.6962 0.6522 -0.2999
vn 0.6327 0.7636 -0.1290
vn 0.1027 -0.8831 -0.4578
vn -0.3930 0.0437 -0.9185
vn 0.1180 -0.0138 -0.9929
vn -0.0000 1.0000 -0.0034
vn -0.0011 1.0000 -0.0023
vn -0.1373 0.0436 -0.9896
vn -0.0016 1.0000 -0.0040
vn 0.0001 1.0000 -0.0034
vn 0.6774 -0.3711 -0.6351
vn -0.2577 0.3647 -0.8947
vn -0.0150 -0.9996 -0.0246
vn -0.6046 -0.2275 -0.7634
vn 0.3358 -0.7351 -0.5890
vn -0.0209 -0.4524 -0.8916
vn 0.0530 -0.4725 -0.8797
vn -0.1996 -0.4288 -0.8811
vn 0.4709 -0.6013 0.6455
vn -0.5172 -0.5995 -0.6108
vn -0.3694 -0.3481 -0.8616
vn -0.3224 -0.1406 -0.9361
vn -0.3759 -0.1286 -0.9177
vn -0.3985 -0.0150 -0.9170
vn 0.0748 -0.0098 -0.9971
vn -0.3856 -0.0195 -0.9225
vn -0.2857 0.1870 -0.9399
vn 0.0076 0.0114 -0.9999
vn -0.6324 -0.7680 -0.1015
vn -0.0670 0.1019 -0.9925
vn 0.0402 -0.0821 -0.9958
vn -0.7431 -0.3914 0.5428
vn -0.0228 -0.9991 0.0364
vn -0.0005 0.1234 -0.9924
vn 0.0026 -0.0126 -0.9999
vn 0.0037 0.0022 -1.0000
vn 0.0107 0.0124 -0.9999
vn 0.0078 -0.0184 -0.9998
vn 0.1974 0.1869 -0.9623
vn 0.0664 -0.0603 -0.9960
vn -0.0735 -0.0138 -0.9972
vn -0.3523 -0.0765 -0.9327
vn -0.3150 0.0728 -0.9463
vn 0.0518 0.0210 -0.9984
vn -0.0835 0.0237 -0.9962
vn -0.0976 0.0554 -0.9937
vn -0.0541 0.0892 -0.9945
vn -0.0103 -0.0347 -0.9993
vn 0.0135 -0.0341 -0.9993
vn -0.0141 -0.0278 -0.9995
vn -0.0090 -0.0231 -0.9997
vn 0.0009 -0.0217 -0.9998
vn 0.5938 -0.0793 0.8007
vn -0.4067 -0.0074 0.9135
vn 0.6154 0.0943 -0.7825
vn -0.6631 0.1146 -0.7397
vn 0.6213 -0.1569 -0.7677
vn 0.5384 0.0007 -0.8427
vn -0.1915 0.1466 0.9705
vn -0.5874 -0.5103 0.6282
vn 0.3498 0.0294 0.9364
vn 0.0847 -0.0072 0.9964
vn -0.7911 0.4488 -0.4156
vn 0.4719 0.0636 0.8794
vn 0.0076 -0.9982 -0.0601
vn -0.0475 -0.9980 -0.0412
vn -0.5162 -0.0102 -0.8564
vn -0.2800 0.0004 -0.9600
vn -0.2693 0.0077 -0.9630
vn 0.3086 -0.0084 -0.9511
vn 0.1374 -0.8364 -0.5307
vn 0.0945 -0.6209 0.7782
vn -0.1390 -0.7396 -0.6586
vn 0.1671 0.0688 -0.9835
vn 0.2187 0.0143 -0.9757
vn 0.0961 -0.0823 -0.9920
vn -0.0123 0.0007 -0.9999
vn 0.0013 0.0001 1.0000
vn 0.1491 0.9490 -0.2779
vn 0.0001 0.0002 1.0000
vn -0.2251 0.9684 -0.1073
vn -0.0065 -0.0002 1.0000
vn 0.3865 0.8858 0.2570
vn -0.0001 0.0002 1.0000
vn -0.4840 0.8716 0.0779
vn 0.0027 0.0033 1.0000
vn 0.5520 0.8318 -0.0585
vn -0.5677 0.8205 -0.0679
vn -0.0000 -0.0000 1.0000
vn -0.7816 0.6164 -0.0956
vn 0.7953 0.5899 -0.1398
vn -0.8909 0.4074 0.2009
vn -0.8909 0.4197 0.1739
vn -0.0001 -0.0001 1.0000
vn 0.9168 0.3993 0.0078
vn 0.0011 -0.0008 1.0000
vn -0.9599 0.1439 -0.2406
vn -0.3103 -0.9506 -0.0057
vn -0.3375 -0.9413 -0.0009
vn 0.5953 -0.8033 -0.0170
vn 0.4573 -0.8893 0.0044
vn -0.8926 -0.4492 -0.0381
vn 0.9266 -0.3744 0.0368
vn 0.0009 0.0015 1.0000
vn -0.9983 0.0475 0.0334
vn -0.8920 0.4488 -0.0542
vn -0.0001 0.0001 1.0000
vn 0.9029 0.4298 -0.0000
vn 0.8483 0.5286 -0.0317
vn 0.9541 -0.2469 0.1693
vn -0.0002 -0.0004 1.0000
vn 0.8239 0.5668 -0.0000
vn 0.0004 0.0001 1.0000
vn -0.5849 0.8111 -0.0000
vn 0.2585 0.9651 0.0428
vn 0.1027 0.9947 -0.0000
vn -0.8192 -0.5636 -0.1066
vn -0.9092 -0.3516 0.2229
vn -0.9112 -0.3592 0.2016
vn 0.7883 -0.6108 0.0744
vn -0.8010 -0.5744 -0.1687
vn -0.5535 -0.8176 -0.1585
vn 0.4528 -0.8801 0.1429
vn -0.4231 -0.8958 0.1358
vn 0.0407 -0.9775 0.2069
vn 0.2091 -0.9762 -0.0572
vn -0.2327 -0.9629 -0.1364
vn -0.1229 0.9877 -0.0966
vn 0.9741 -0.1088 -0.1980
vn 0.6629 -0.6907 -0.2889
vn -0.0134 0.4306 -0.9024
vn -0.2429 0.9585 -0.1494
vn 0.3356 0.3933 -0.8560
vn -0.2267 0.2415 -0.9435
vn 0.9229 0.3818 -0.0506
vn -0.0386 0.0114 -0.9992
vn -0.0291 -0.0058 0.9996
vn -0.0156 0.0021 -0.9999
vn 0.0135 -0.0033 -0.9999
vn -0.3047 -0.3248 -0.8954
vn 0.0297 -0.0353 0.9989
vn -0.0096 -0.3132 -0.9496
vn 0.0002 0.0128 0.9999
vn 0.0045 0.9992 0.0392
vn -0.0003 0.0157 0.9999
vn 0.0758 0.9971 0.0017
vn -0.3254 -0.9448 0.0373
vn 0.2833 0.9589 -0.0159
vn -0.1059 0.9941 -0.0228
vn 0.2698 0.9629 -0.0020
vn -0.3599 0.9322 0.0392
vn 0.5049 -0.8632 -0.0023
vn 0.5310 0.8470 -0.0259
vn -0.5957 0.8031 0.0112
vn -0.4374 0.8989 -0.0264
vn 0.6481 0.7595 0.0556
vn -0.6519 0.7583 -0.0062
vn -0.0495 0.0563 0.9972
vn -0.7559 0.6541 0.0262
vn 0.8334 0.5523 -0.0211
vn 0.8804 0.4737 0.0208
vn -0.9039 0.4275 0.0152
vn -0.8669 0.4982 -0.0184
vn 0.0621 0.0287 0.9977
vn 0.9787 0.2047 -0.0181
vn 0.9731 0.2277 -0.0351
vn -0.0135 -0.0008 0.9999
vn 0.9984 -0.0239 0.0517
vn -0.9972 0.0374 0.0647
vn -0.9892 0.1454 -0.0201
vn -0.9912 -0.1317 -0.0157
vn 0.0349 -0.0107 0.9993
vn 0.9453 -0.3261 -0.0046
vn -0.9455 -0.3229 0.0422
vn 0.0026 -0.0042 1.0000
vn 0.9541 -0.2987 0.0203
vn -0.0177 -0.0186 0.9997
vn -0.8234 -0.5674 -0.0083
vn -0.8429 -0.5373 -0.0296
vn 0.8107 -0.5851 -0.0205
vn 0.7077 -0.7047 0.0502
vn -0.0191 -0.0206 0.9996
vn -0.6801 -0.7330 0.0091
vn 0.3292 0.9424 -0.0595
vn 0.7252 -0.6726 0.1473
vn 0.5821 -0.8130 -0.0147
vn -0.5004 -0.8657 -0.0089
vn -0.7252 0.6726 0.1473
vn -0.6431 -0.7657 -0.0074
vn -0.0009 -0.0237 0.9997
vn 0.4980 -0.8671 0.0118
vn -0.3556 -0.9343 0.0251
vn -0.5027 -0.8644 -0.0075
vn -0.0014 -0.0162 0.9999
vn 0.2200 -0.9755 -0.0097
vn 0.2361 -0.9717 0.0008
vn 0.0749 -0.9972 0.0003
vn -0.0833 -0.9958 0.0387
vn -0.1452 -0.9894 -0.0046
vn -0.0686 0.9958 -0.0613
vn -0.1001 -0.9917 -0.0807
vn -0.9711 0.0103 -0.2386
vn -0.0000 -0.0000 -1.0000
vn -0.0008 -0.0001 -1.0000
vn 0.0009 -0.0019 -1.0000
vn 0.0008 0.0007 -1.0000
vn -0.0229 -0.0194 -0.9995
vn 0.0044 -0.0024 -1.0000
vn 0.0008 0.0021 -1.0000
vn -0.0004 0.0032 -1.0000
vn 0.0039 0.0213 -0.9998
vn 0.0004 0.0010 -1.0000
vn 0.0002 -0.0000 -1.0000
vn -0.0002 0.0004 -1.0000
vn 0.0002 0.0004 -1.0000
vn -0.0281 -0.0710 -0.9971
vn 0.0005 -0.0000 -1.0000
vn 0.0611 0.0240 -0.9978
vn -0.0000 -0.0001 1.0000
vn -0.0000 0.0001 -1.0000
vn -0.1904 0.9817 -0.0000
vn 0.0006 0.9999 0.0135
vn 0.2706 0.9627 0.0001
vn 0.1015 0.9948 -0.0001
vn -0.2706 0.9627 -0.0000
vn 0.4329 0.9015 -0.0000
vn 0.2714 0.9625 -0.0000
vn -0.4329 0.9015 -0.0000
vn 0.5814 0.8136 -0.0000
vn -0.5814 0.8136 -0.0000
vn 0.7126 0.7015 -0.0000
vn -0.7126 0.7015 -0.0000
vn 0.8226 0.5686 -0.0000
vn -0.8226 0.5686 -0.0000
vn 0.9081 0.4187 -0.0000
vn -0.9081 0.4187 -0.0000
vn 0.9666 0.2563 -0.0000
vn -0.9666 0.2563 -0.0000
vn 0.9963 0.0863 -0.0000
vn -0.9963 0.0863 -0.0000
vn -0.0461 -0.9989 -0.0017
vn 0.0226 -0.9997 0.0001
vn -0.4125 -0.9109 0.0020
vn -0.4714 -0.8819 0.0001
vn 0.3949 -0.9187 -0.0039
vn 0.2734 -0.9619 -0.0007
vn -0.7973 -0.6036 -0.0017
vn -0.6927 -0.7213 0.0025
vn 0.7973 -0.6036 -0.0001
vn 0.6201 -0.7845 0.0025
vn -0.8997 -0.4366 0.0005
vn -0.9625 -0.2712 -0.0002
vn -0.9768 -0.2143 -0.0017
vn 0.9768 -0.2143 -0.0018
vn 0.8478 -0.5302 0.0024
vn 0.9963 -0.0863 -0.0000
vn -0.9912 0.1320 0.0023
vn -0.9768 0.2143 -0.0000
vn 0.9768 0.2143 -0.0039
vn 0.9997 -0.0221 0.0032
vn -0.9963 -0.0863 -0.0000
vn -0.8894 0.4572 0.0025
vn -0.7973 0.6036 -0.0018
vn 0.7973 0.6036 -0.0003
vn -0.5491 0.8358 0.0025
vn -0.4144 0.9101 -0.0043
vn 0.5043 0.8635 -0.0004
vn 0.4004 0.9163 -0.0037
vn 0.7744 0.6327 0.0015
vn 0.1371 0.9905 0.0059
vn 0.9666 -0.2563 -0.0000
vn -0.9666 -0.2563 -0.0000
vn 0.9081 -0.4187 -0.0000
vn -0.9081 -0.4187 -0.0000
vn 0.8226 -0.5686 -0.0000
vn -0.8226 -0.5686 -0.0000
vn 0.7126 -0.7015 -0.0000
vn -0.7126 -0.7015 -0.0000
vn 0.5814 -0.8136 -0.0000
vn -0.5814 -0.8136 -0.0000
vn 0.4329 -0.9015 -0.0000
vn -0.4329 -0.9015 -0.0000
vn 0.2706 -0.9627 -0.0000
vn -0.2713 -0.9625 -0.0000
vn -0.2706 -0.9627 0.0001
vn -0.0006 -1.0000 0.0001
vn 0.0004 -1.0000 -0.0001
vn -0.0001 -0.0000 -1.0000
vn 0.0001 -0.0000 -1.0000
vn 0.5480 -0.7724 -0.3210
vn 0.8336 -0.5496 0.0545
vn 0.3639 -0.1331 -0.9219
vn 0.0530 -0.0320 -0.9981
vn -0.3065 -0.0522 -0.9504
vn 0.1806 -0.1143 -0.9769
vn 0.0686 -0.2836 -0.9565
vn 0.1128 -0.3444 -0.9320
vn -0.0804 -0.5639 -0.8219
vn -0.1668 -0.3657 -0.9157
vn 0.0952 0.0008 -0.9955
vn -0.0444 -0.0349 -0.9984
vn -0.0499 -0.0655 -0.9966
vn -0.6052 -0.7938 0.0598
vn -0.2065 -0.1756 -0.9626
vn -0.1198 -0.1529 -0.9810
vn -0.1617 -0.0161 -0.9867
vn -0.3756 -0.2796 -0.8836
vn -0.8705 -0.4895 0.0507
vn 0.4441 0.0796 -0.8925
vn -0.9924 -0.1102 0.0550
vn 0.0794 -0.0690 -0.9945
vn 0.7911 -0.6114 0.0175
vn 0.0381 -0.9976 -0.0580
vn -0.9588 -0.2511 -0.1327
vn -0.3796 0.4634 -0.8007
vn -0.3856 0.5743 -0.7221
vn 0.9518 0.0302 -0.3051
vn -0.8678 0.4154 -0.2729
vn -0.3376 -0.0370 -0.9406
vn -0.4809 0.8767 -0.0119
vn -0.4863 0.8737 -0.0137
vn 0.1177 -0.1426 0.9828
vn 0.1200 -0.1188 0.9856
vn 0.3098 0.9508 0.0007
vn 0.9245 0.3812 -0.0043
vn -0.2481 0.9606 0.1250
vn 0.0220 0.9975 -0.0670
vn 0.1266 0.9919 -0.0078
vn -0.1359 0.9907 0.0016
vn 0.1445 0.9895 -0.0005
vn -0.2646 0.9644 0.0046
vn 0.2908 0.9568 -0.0021
vn -0.2629 0.9648 -0.0048
vn -0.3700 0.9290 -0.0000
vn 0.8105 -0.5857 0.0039
vn -0.7927 0.6097 -0.0003
vn 0.4620 0.8869 -0.0028
vn -0.8175 0.5759 0.0026
vn -0.8608 0.5090 -0.0017
vn 0.8446 0.5354 -0.0020
vn 0.8889 -0.4582 -0.0007
vn -0.8832 0.4691 -0.0009
vn 0.8834 0.4687 0.0021
vn -0.9196 0.3928 -0.0021
vn -0.9271 0.3749 0.0004
vn 0.9429 0.3331 -0.0001
vn -0.9793 0.2022 0.0007
vn 0.9774 0.2114 -0.0017
vn 0.5432 -0.8396 0.0015
vn -0.6357 0.7720 0.0009
vn -0.6096 0.7927 0.0040
vn -0.9947 0.1018 0.0147
vn -0.9980 0.0471 -0.0432
vn 0.6358 0.7718 -0.0008
vn -0.7105 0.7037 -0.0008
vn 0.7277 0.6859 0.0009
vn -0.7381 0.6747 0.0018
vn 0.7793 -0.6263 -0.0191
vn 0.6156 -0.7878 -0.0180
vn 0.6367 -0.7689 -0.0587
vn 0.9663 -0.2556 0.0295
vn 0.9188 -0.3895 -0.0644
vn 0.9941 0.0256 -0.1059
vn 0.3992 -0.9155 0.0493
vn 0.2527 -0.9635 -0.0888
vn -0.0317 -0.9984 0.0470
vn 0.0487 -0.9945 -0.0928
vn -0.2536 -0.9648 0.0699
vn -0.4032 -0.9139 -0.0471
vn -0.6085 -0.7909 0.0653
vn -0.7733 -0.6330 -0.0363
vn -0.9039 -0.4274 -0.0164
vn -0.9853 -0.1702 0.0167
vn -0.5877 -0.2522 -0.7688
vn -0.9973 -0.0581 -0.0449
vn -0.9848 -0.1734 -0.0081
vn 0.9699 0.1033 -0.2207
vn -0.9820 -0.0205 0.1878
vn -0.9919 -0.1033 -0.0739
vn 0.0785 -0.0456 -0.9959
vn 0.1041 -0.0440 -0.9936
vn 0.5169 -0.3324 -0.7889
vn 0.0889 -0.0527 -0.9946
vn 0.8776 -0.2190 -0.4265
vn 0.0001 -0.0001 -1.0000
vn 0.3385 -0.1433 -0.9300
vn 0.3229 -0.3385 -0.8838
vn 0.2845 -0.5778 0.7650
vn 0.1936 -0.9804 -0.0362
vn -0.0080 -0.0722 -0.9974
vn -0.1389 -0.3183 0.9378
vn -0.1226 -0.9855 0.1172
vn -0.0803 -0.1683 -0.9825
vn -0.1483 -0.1804 -0.9724
vn -0.0275 -0.0222 -0.9994
vn -0.1317 -0.0596 -0.9895
vn -0.4767 -0.3382 0.8114
vn 0.0017 -0.0220 -0.9998
vn 0.0047 -0.0576 -0.9983
vn -0.7775 -0.2665 0.5696
vn 0.1380 -0.9870 -0.0828
vn -0.3693 -0.0227 0.9290
vn 0.9058 -0.4237 -0.0002
vn 0.7892 -0.6141 -0.0068
vn 0.7818 -0.6236 -0.0000
vn -0.0007 -0.0000 1.0000
vn 0.9012 -0.4333 0.0062
vn -0.0070 -0.0852 0.9963
vn 0.6234 -0.7819 -0.0000
vn 0.4338 -0.9010 -0.0000
vn 0.4241 -0.9056 0.0061
vn 0.2222 -0.9750 0.0008
vn 0.1923 -0.9812 0.0175
vn -0.1826 -0.9829 0.0252
vn -0.4044 -0.9144 -0.0161
vn -0.4305 -0.9026 -0.0000
vn -0.1637 -0.3432 0.9249
vn -0.6234 -0.7819 -0.0000
vn -0.2792 -0.3501 0.8941
vn -0.2374 -0.1082 0.9654
vn -0.7818 -0.6236 -0.0000
vn -0.9017 -0.4323 -0.0000
vn -0.9041 -0.4274 0.0032
vn -0.0002 -0.0000 1.0000
vn -0.0631 -0.0681 0.9957
vn 0.9955 -0.0944 -0.0086
vn 0.0490 -0.9983 0.0305
vn 0.0049 0.9997 -0.0242
vn 0.1598 0.9871 -0.0034
vn 0.9908 -0.0942 -0.0976
vn -0.0760 -0.9947 -0.0688
vn -0.9987 -0.0397 -0.0331
vn -0.9833 -0.1816 0.0156
vn 0.9919 0.1024 -0.0745
vn -0.9968 -0.0089 -0.0788
vn -0.8801 -0.4737 0.0314
vn -0.9885 -0.1170 0.0961
vn 0.7499 -0.5182 -0.4111
vn 0.9474 -0.1131 -0.2995
vn -0.0179 0.0036 -0.9998
vn -0.9880 0.1542 0.0121
vn 0.9326 -0.1686 -0.3190
vn 0.9879 -0.1545 0.0159
vn -0.9878 0.1556 0.0088
vn -0.9914 0.1279 -0.0274
vn -0.9914 0.1294 -0.0202
vn 0.5705 0.0150 -0.8212
vn 0.8387 -0.1044 -0.5345
vn 0.9140 -0.0889 -0.3958
vn 0.7890 -0.1109 -0.6043
vn 0.7975 -0.0597 -0.6003
vn 0.8551 -0.1222 -0.5038
vn -0.6817 -0.0565 -0.7295
vn 0.9933 0.0984 -0.0606
vn -0.9877 -0.1459 -0.0561
vn -0.9170 -0.1002 -0.3860
vn 0.0499 0.0091 -0.9987
vn -0.9820 -0.1531 -0.1105
vn -0.9868 -0.1501 -0.0615
vn 0.0266 0.0041 -0.9996
vn 0.0113 0.0026 -0.9999
vn 0.9881 0.1537 0.0088
vn 0.9899 0.1405 -0.0208
vn -0.9826 -0.1106 -0.1493
vn -0.9853 -0.1612 0.0561
vn -0.5921 -0.1366 -0.7942
vn -0.5959 -0.0351 -0.8023
vn 0.9946 0.1016 0.0212
vn 0.9983 0.0589 -0.0002
vn -0.9912 -0.1318 -0.0080
vn 0.9974 0.0718 -0.0108
vn 0.9693 0.0269 -0.2442
vn 0.9882 0.1525 0.0141
vn -0.9888 0.1489 -0.0118
vn -0.9981 0.0454 -0.0414
vn -0.9936 -0.1132 0.0037
vn 0.0096 -0.0539 -0.9985
vn 0.1956 -0.0341 -0.9801
vn -0.0199 -0.0555 -0.9983
vn 0.0129 -0.0247 -0.9996
vn 0.0208 0.9338 0.3571
vn 0.0018 0.0227 -0.9997
vn 0.8009 -0.0999 -0.5904
vn -0.0548 -0.5143 -0.8559
vn -0.0030 -0.0000 -1.0000
vn -0.0013 0.0229 -0.9997
vn -0.0019 0.0460 -0.9989
vn -0.1125 -0.1243 -0.9858
vn -0.0008 0.0055 -1.0000
vn -0.9999 -0.0019 -0.0152
vn -0.9977 0.0605 0.0319
vn 0.7338 -0.6789 -0.0232
vn 0.9912 -0.0241 -0.1299
vn 0.9939 0.0020 -0.1101
vn -0.0000 -1.0000 -0.0000
vn 0.0064 -0.0563 -0.9984
vn 0.0005 1.0000 0.0005
vn -0.0000 -1.0000 0.0011
vn -0.0000 1.0000 -0.0000
vn 0.9912 -0.0000 -0.1323
vn -0.0722 0.9942 -0.0802
vn -0.0420 -0.9530 -0.3001
vn 0.9435 -0.2475 -0.2203
vn 0.0110 0.2097 -0.9777
vn 0.0007 -0.0089 -1.0000
vn 0.0057 -0.1134 -0.9935
vn -0.9603 -0.2790 0.0002
vn -0.0070 0.0519 0.9986
vn -0.9912 -0.0000 -0.1323
vn 0.0014 -0.0000 -1.0000
vn -0.7983 0.5648 -0.2089
vn 0.0056 -0.0222 -0.9997
vn 0.0436 0.6121 -0.7896
vn -0.0382 -0.0058 -0.9993
vn -0.0972 -0.0146 -0.9952
vn 0.0858 0.9924 -0.0887
vn -0.0109 0.0234 -0.9997
vn 0.0215 -0.9990 -0.0382
vn -0.0002 -1.0000 -0.0000
vn -0.9617 0.2459 -0.1213
vn -0.2030 0.2329 0.9511
vn -0.9888 -0.0000 -0.1491
vn -0.0011 -0.0101 -0.9999
vn -0.7432 0.6462 -0.1735
vn -0.7901 -0.1683 -0.5894
vn 0.3418 -0.0271 -0.9394
vn -0.9952 -0.0000 -0.0980
vn 0.9974 -0.0000 0.0716
vn -0.8704 -0.4907 0.0408
vn -0.0053 -1.0000 -0.0004
vn -0.9958 -0.0217 -0.0891
vn 0.9953 -0.0351 0.0902
vn 0.8896 -0.1118 -0.4428
vn 0.0823 -0.0114 -0.9965
vn 0.9952 -0.0423 -0.0886
vn 0.9928 -0.1192 -0.0126
vn 0.9797 -0.1699 -0.1067
vn 0.9447 0.0182 0.3273
vn 0.9879 -0.1359 -0.0741
vn 0.9953 -0.0782 -0.0568
vn -0.4572 0.0307 -0.8888
vn -0.9965 -0.0807 -0.0199
vn -0.0149 -0.0032 -0.9999
vn -0.0452 -0.0096 -0.9989
vn -0.9903 -0.1342 -0.0372
vn -0.1528 -0.0163 -0.9881
vn -0.0202 -0.0000 -0.9998
vn -0.9998 -0.0000 0.0179
vn -1.0000 0.0020 -0.0000
vn -0.9858 -0.1594 -0.0525
vn -0.9797 -0.1431 -0.1404
vn -0.0039 -1.0000 -0.0012
vn 0.0001 -1.0000 -0.0000
vn -0.9877 -0.1116 -0.1098
vn -0.9904 -0.0476 -0.1301
vn 0.2192 -0.1560 0.9631
vn 0.0002 -1.0000 -0.0005
vn -0.0015 -1.0000 0.0006
vn -0.0002 -1.0000 0.0002
vn -0.0088 -1.0000 -0.0037
vn 0.0198 -0.9998 0.0019
vn -0.9864 0.0020 0.1644
vn -0.0001 1.0000 -0.0000
vn -0.9908 -0.1339 0.0199
vn -0.9866 -0.1475 -0.0700
vn -0.9915 0.0849 -0.0990
vn -0.2189 -0.9669 -0.1315
vn 0.9811 -0.1730 -0.0866
vn -0.9844 -0.1668 0.0559
vn 0.9873 -0.1386 -0.0770
vn 0.9140 -0.3892 -0.1146
vn 0.9950 -0.0987 -0.0163
vn -0.9933 -0.1153 0.0002
vn -0.9656 -0.1026 -0.2389
vn -0.9675 -0.0000 -0.2528
vn 0.9907 -0.0858 0.1055
vn -0.0004 -0.0003 -1.0000
vn 0.4954 -0.1105 -0.8616
vn 0.9906 -0.0863 0.1064
vn 0.0258 -0.0840 0.9961
vn 0.4876 -0.8033 0.3420
vn 0.2915 -0.2437 -0.9250
vn -0.0003 -0.0033 -1.0000
vn -0.0133 -0.4440 0.8959
vn 0.1146 -0.9016 0.4170
vn 0.4067 -0.2629 0.8749
vn 0.0040 0.0122 -0.9999
vn 0.0022 0.0126 -0.9999
vn -0.2585 -0.6691 -0.6968
vn -0.0550 -0.3212 -0.9454
vn -0.2414 -0.3027 -0.9220
vn -0.2139 -0.1722 -0.9616
vn -0.2164 -0.1726 -0.9609
vn -0.2228 -0.1055 -0.9691
vn -0.2204 -0.1052 -0.9697
vn -0.3383 -0.0215 -0.9408
vn -0.8171 0.0455 -0.5747
vn 0.9965 -0.0413 -0.0734
vn 0.9844 -0.1421 -0.1041
vn 0.9815 -0.1468 -0.1227
vn -0.3282 0.0793 -0.9413
vn -0.3220 0.0925 -0.9422
vn 0.1583 -0.4001 -0.9027
vn 0.1989 -0.3371 -0.9202
vn -0.2153 -0.0922 -0.9722
vn 0.0019 1.0000 -0.0023
vn 0.9935 -0.0736 -0.0868
vn -0.9954 -0.0707 -0.0654
vn 0.2895 0.0342 0.9566
vn 0.7043 -0.6456 -0.2952
vn 0.9476 0.1510 -0.2815
vn -0.0035 -0.9996 -0.0263
vn 0.9925 -0.0783 -0.0935
vn 0.9891 0.1170 0.0889
vn 0.9944 0.0956 0.0450
vn 0.9522 -0.3053 -0.0000
vn 0.8535 -0.5211 -0.0000
vn -0.0023 -0.0007 1.0000
vn 0.9489 -0.3154 0.0074
vn 0.0831 -0.0647 0.9944
vn 0.7141 -0.7000 -0.0000
vn 0.5221 -0.8529 -0.0000
vn 0.5202 -0.8541 0.0016
vn 0.0001 0.0003 1.0000
vn 0.1884 -0.9769 0.1013
vn 0.2500 -0.9681 0.0135
vn 0.0004 0.0155 0.9999
vn -0.3216 -0.9469 0.0026
vn -0.3188 -0.9478 -0.0000
vn 0.0001 0.0155 0.9999
vn -0.0004 -0.1110 0.9938
vn -0.5381 -0.8429 -0.0000
vn -0.1139 -0.1784 0.9773
vn -0.7141 -0.7000 -0.0000
vn -0.1265 -0.1239 0.9842
vn -0.1577 -0.1839 0.9702
vn -0.2132 -0.1069 0.9711
vn -0.2359 -0.1440 0.9611
vn -0.8535 -0.5211 -0.0000
vn -0.9489 -0.3157 -0.0000
vn -0.9595 -0.2812 0.0177
vn -0.3186 -0.0934 0.9433
vn -0.2521 -0.0114 0.9676
vn 0.7280 -0.3060 0.6135
vn 0.9829 0.1578 0.0948
vn -0.9855 0.1273 0.1118
vn -0.3362 -0.5677 -0.7514
vn 0.9716 -0.0044 0.2367
vn -0.9871 0.1059 0.1198
vn 0.9678 0.1431 0.2070
vn -0.9858 0.1252 0.1121
vn 0.0290 0.8813 -0.4716
vn -0.0506 -0.9421 -0.3314
vn 0.9698 0.0482 -0.2392
vn 0.9633 -0.0000 -0.2683
vn 0.9553 0.1556 -0.2514
vn 0.0294 -0.9995 0.0093
vn 0.6736 0.6962 -0.2482
vn -0.8188 -0.5321 -0.2155
vn -0.0047 -0.9997 -0.0254
vn -0.9983 -0.0567 0.0162
vn 0.9992 0.0397 -0.0014
vn 0.9762 0.2170 -0.0027
vn 0.1539 0.5469 0.8229
vn -0.1155 -0.5433 0.8315
vn -0.2345 -0.2925 0.9271
vn -0.8155 -0.2040 0.5416
vn -0.7733 0.1665 -0.6118
vn 0.9704 0.0578 -0.2344
vn -0.9689 -0.0781 0.2350
vn 0.9823 -0.1501 0.1123
vn 0.2541 -0.7763 0.5768
vn -0.1803 0.8977 0.4021
vn -0.9895 -0.0961 -0.1080
vn 0.0575 0.9400 0.3362
vn 0.1335 -0.7913 0.5967
vn 0.0788 -0.0554 -0.9953
vn -0.1033 0.9939 -0.0397
vn -0.0001 1.0000 -0.0001
vn 0.0001 1.0000 -0.0001
vn 0.1650 0.6316 0.7575
vn -0.9719 0.1567 -0.1757
vn -0.1084 -0.9898 -0.0922
vn -0.0001 1.0000 0.0001
vn 0.8323 -0.4575 -0.3130
vn -0.0000 1.0000 -0.0001
vn 0.0002 1.0000 -0.0001
vn 0.5712 -0.7450 -0.3446
vn 0.9979 -0.0595 -0.0257
vn -0.9697 0.1293 0.2072
vn 0.9691 -0.0270 0.2451
vn -0.9691 0.1575 0.1896
vn 0.0482 -0.9887 0.1418
vn 0.1516 -0.8721 -0.4653
vn 0.1773 0.9220 -0.3443
vn 0.9693 0.1434 0.1997
vn -0.9711 0.1546 0.1818
vn -0.9298 -0.0377 -0.3660
vn -0.9511 0.0567 -0.3037
vn -0.0512 0.2931 -0.9547
vn -0.1100 0.9938 0.0178
vn 0.9637 0.0633 0.2595
vn 0.7908 -0.2483 0.5594
vn 0.9565 -0.0036 -0.2917
vn 0.9691 0.1326 0.2078
vn 0.9453 0.1740 0.2757
vn -0.9723 0.1402 0.1869
vn -0.0000 -1.0000 0.0001
vn -0.0002 1.0000 -0.0003
vn 0.0002 1.0000 -0.0002
vn 0.6143 -0.5973 -0.5157
vn 0.8271 -0.0000 -0.5620
vn -0.7285 -0.3910 -0.5625
vn -0.0000 -1.0000 0.0004
vn -0.7915 -0.0000 -0.6111
vn -0.7414 -0.4433 -0.5038
vn -0.1264 0.9920 0.0074
vn -0.9819 0.1871 -0.0302
vn -0.9896 -0.0793 -0.1197
vn -0.9871 0.1337 0.0879
vn 0.9810 -0.0809 -0.1763
vn -0.1082 0.8230 -0.5577
vn -0.2815 0.5159 -0.8091
vn 0.1560 -0.8984 -0.4106
vn 0.1819 0.6847 -0.7058
vn 0.9544 -0.2127 -0.2096
vn 0.0284 0.9981 0.0548
vn -0.2231 -0.7573 0.6138
vn 0.0140 -0.9991 -0.0398
vn 0.6611 0.5038 0.5560
vn -0.1707 -0.5171 -0.8387
vn -0.1089 0.9939 0.0186
vn -0.9661 0.0239 -0.2569
vn 0.0011 1.0000 0.0011
vn 0.9344 0.1068 -0.3399
vn 0.9999 -0.0095 -0.0059
vn 0.8899 -0.3266 -0.3184
vn 0.3670 0.1092 0.9238
vn 0.2216 -0.2021 0.9540
vn -0.1871 0.5087 0.8404
vn -0.2620 0.3233 0.9093
vn -0.2209 -0.5010 0.8368
vn -0.0145 -0.9999 0.0075
vn -0.0001 -1.0000 -0.0000
vn -0.7715 0.4616 -0.4379
vn -0.9786 0.1145 0.1709
vn 0.1311 -0.9699 -0.2052
vn 0.3786 -0.2323 0.8960
vn -0.9739 0.0423 -0.2228
vn -0.9530 -0.1344 -0.2716
vn -0.7208 -0.0000 -0.6932
vn -0.7208 -0.0000 -0.6931
vn 0.3775 0.8882 -0.2619
vn 0.6218 -0.2022 -0.7566
vn -0.0046 0.9999 -0.0091
vn 0.9401 0.1535 0.3045
vn 0.9414 0.1188 0.3158
vn 0.5633 -0.7458 -0.3557
vn 0.9660 -0.0201 0.2579
vn 0.1716 -0.9836 0.0560
vn -0.9973 -0.0659 -0.0339
vn -0.9344 0.1119 0.3382
vn -0.9449 0.0102 0.3271
vn 0.9021 -0.0403 -0.4297
vn 0.8983 -0.0570 -0.4357
vn -0.9155 0.0950 -0.3908
vn 0.9302 0.0422 0.3646
vn -0.9973 0.0548 0.0494
vn 0.3287 0.8325 -0.4460
vn -0.0006 -1.0000 -0.0007
vn 0.0003 -1.0000 -0.0004
vn -0.6317 0.3910 -0.6694
vn -0.0006 -1.0000 -0.0006
vn 0.0013 -1.0000 -0.0014
vn -0.8976 0.0636 0.4363
vn -0.9024 0.0416 0.4289
vn 0.6883 -0.6474 -0.3273
vn 0.9260 0.0351 0.3759
vn -0.0054 -1.0000 -0.0022
vn 0.9194 -0.0000 0.3934
vn -0.9832 -0.0724 0.1678
vn -0.0124 -0.8309 0.5564
vn 0.6763 -0.2130 0.7051
vn -0.9429 0.0002 -0.3331
vn 0.9462 0.1396 0.2920
vn 0.9115 -0.0506 -0.4082
vn 0.9164 -0.0658 -0.3949
vn 0.8992 -0.0338 -0.4362
vn -0.9116 -0.1391 -0.3867
vn 0.0050 1.0000 -0.0032
vn -0.9174 -0.1588 -0.3649
vn 0.9071 -0.0952 -0.4101
vn 0.9341 -0.0724 -0.3497
vn -0.9201 -0.1715 -0.3521
vn 0.8937 0.1310 0.4292
vn -0.8810 0.1437 0.4508
vn -0.8569 -0.0349 -0.5144
vn 0.6110 -0.3998 0.6833
vn 0.0166 -0.0750 -0.9970
vn -0.6184 -0.2058 -0.7584
vn -0.0008 0.0045 -1.0000
vn 0.6660 -0.5576 -0.4955
vn -0.0006 0.0043 -1.0000
vn -0.0007 0.0009 -1.0000
vn -0.0047 -0.3071 0.9517
vn 0.1030 -0.7932 0.6002
vn 0.1286 -0.5765 0.8069
vn -0.0000 0.0016 -1.0000
vn -0.3636 -0.6710 0.6462
vn 0.0048 -0.2964 -0.9551
vn -0.2949 -0.4619 -0.8365
vn -0.3064 -0.2064 -0.9293
vn -0.1045 -0.1024 -0.9892
vn -0.1778 -0.1085 -0.9781
vn -0.1662 -0.0559 -0.9845
vn -0.3489 -0.2035 -0.9148
vn -0.6427 -0.0422 -0.7649
vn -0.9199 -0.0806 -0.3838
vn 0.8945 0.1451 0.4229
vn -0.8943 0.1602 0.4178
vn -0.7938 0.0579 0.6054
vn -0.9092 -0.1195 -0.3989
vn 0.0001 1.0000 -0.0000
vn 0.6487 -0.4616 -0.6051
vn 0.7822 -0.0000 -0.6230
vn 0.6726 -0.4771 -0.5656
vn -0.6487 -0.4616 -0.6051
vn -0.0000 -1.0000 -0.0002
vn -0.4750 0.7349 -0.4841
vn -0.3703 -0.9093 -0.1899
vn 0.1412 0.8708 -0.4709
vn -0.0005 -1.0000 -0.0008
vn -0.3487 0.0567 -0.9355
vn -0.8908 0.0046 -0.4543
vn -0.7569 -0.2114 0.6184
vn -0.8390 -0.1086 -0.5331
vn -0.9083 0.1067 0.4045
vn -0.8891 -0.0031 -0.4576
vn 0.9123 0.0377 0.4077
vn -0.9085 0.0343 0.4164
vn -0.8125 0.1838 0.5532
vn -0.8996 0.0930 0.4266
vn -0.7262 -0.0907 -0.6814
vn 0.3394 -0.2040 -0.9183
vn 0.5332 0.3934 -0.7489
vn 0.7519 -0.1178 -0.6487
vn 0.5076 -0.0140 0.8615
vn 0.0562 -0.0627 0.9964
vn 0.5015 -0.7400 0.4482
vn 0.0397 -0.0907 0.9951
vn 0.1779 -0.1485 0.9728
vn 0.1419 -0.6356 0.7589
vn -0.0139 -0.8672 0.4977
vn -0.0891 -0.9835 -0.1576
vn -0.5056 -0.8627 0.0009
vn -0.2607 -0.8199 -0.5097
vn -0.4830 -0.8745 0.0450
vn -0.1911 -0.2195 0.9567
vn -0.0583 0.0733 0.9956
vn -0.4932 -0.2341 0.8378
vn -0.7766 -0.3423 -0.5289
vn -0.6860 -0.2639 -0.6780
vn -0.0112 0.0011 0.9999
vn 0.8477 -0.2214 -0.4821
vn 0.7291 0.1923 -0.6568
vn -0.2805 0.2546 -0.9255
vn 0.6719 0.1555 0.7241
vn -0.0946 -0.1243 -0.9877
vn -0.2788 0.0769 -0.9573
vn -0.4305 -0.0000 -0.9026
vn 0.0330 0.9410 -0.3369
vn -0.1002 -0.7766 0.6219
vn -0.5750 0.1487 0.8046
vn -0.5763 -0.2943 0.7625
vn 0.0285 -0.0122 -0.9995
vn 0.0529 -0.0781 -0.9955
vn 0.4620 -0.0163 0.8867
vn -0.7042 0.5983 0.3823
vn -0.0909 0.1125 -0.9895
vn -0.0587 0.0936 -0.9939
vn 0.8691 -0.1913 -0.4562
vn -0.8753 -0.1712 -0.4523
vn 0.2589 -0.0555 -0.9643
vn 0.0001 -1.0000 -0.0008
vn -0.2867 -0.5648 -0.7738
vn -0.0084 0.7701 -0.6378
vn -0.0000 -1.0000 -0.0006
vn -0.1243 -0.7526 -0.6466
vn -0.9093 0.0602 -0.4118
vn -0.6856 0.1447 -0.7134
vn -0.6374 -0.1129 -0.7622
vn -0.9956 0.0742 0.0572
vn 0.7091 0.4733 0.5226
vn 0.7765 0.6300 0.0102
vn -0.5575 0.3281 -0.7626
vn -0.6441 0.5890 0.4881
vn 0.7125 -0.6976 0.0761
vn -0.6137 0.7870 0.0627
vn 0.5401 0.8415 0.0128
vn 0.0988 0.9951 0.0010
vn -0.0184 -0.0024 -0.9998
vn -0.0665 0.0829 -0.9943
vn -0.0874 0.4280 -0.8995
vn -0.6385 0.0883 -0.7645
vn 0.0042 -0.0422 -0.9991
vn -0.0034 -0.2725 -0.9621
vn -0.0079 -0.2329 -0.9725
vn 0.0041 -0.2575 -0.9663
vn 0.4708 -0.1862 -0.8623
vn 0.5760 -0.3578 -0.7350
vn 0.8037 -0.5930 -0.0492
vn 0.9214 -0.3708 0.1164
vn 0.9609 -0.2576 -0.1010
vn 0.4264 0.0534 -0.9030
vn 0.9925 0.1145 -0.0418
vn 0.2821 -0.2915 -0.9140
vn 0.2763 -0.2763 -0.9205
vn 0.5832 -0.8098 -0.0642
vn 0.6996 -0.6996 0.1454
vn 0.6143 -0.2233 0.7568
vn 0.9190 0.3612 -0.1579
vn 0.8423 0.5350 0.0663
vn 0.0018 -0.0740 -0.9973
vn 0.0193 -0.0443 -0.9988
vn 0.0630 -0.9959 0.0646
vn -0.5641 -0.2696 0.7805
vn 0.3965 -0.9091 -0.1275
vn 0.1008 -0.7829 0.6139
vn 0.7534 0.6486 -0.1083
vn 0.5251 0.8502 0.0379
vn -0.1838 -0.9723 -0.1446
vn 0.4654 0.8803 -0.0916
vn 0.2049 0.9707 -0.1254
vn -0.3018 -0.9533 -0.0107
vn 0.1184 -0.0509 -0.9917
vn -0.4983 -0.8579 -0.1254
vn -0.4899 -0.8598 -0.1441
vn -0.6611 -0.3648 -0.6556
vn -0.7447 -0.6630 -0.0767
vn -0.0912 0.1297 -0.9874
vn -0.3230 0.9230 -0.2090
vn -0.4981 0.8661 0.0432
vn -0.1579 0.9874 0.0084
vn -0.9151 -0.3535 -0.1942
vn -0.9374 -0.3280 -0.1172
vn -0.9847 -0.1636 -0.0593
vn -0.9577 0.0862 -0.2746
vn -0.1841 0.1843 -0.9655
vn -0.7368 0.5187 -0.4337
vn -0.4113 0.8072 0.4234
vn -0.8466 0.5320 0.0176
vn -0.9528 0.2931 0.0785
vn -0.9463 0.3230 0.0159
vn -0.7334 0.6116 0.2967
vn -0.2337 -0.1164 -0.9653
vn -0.0423 -0.0243 0.9988
vn 0.0204 0.0247 0.9995
vn -0.8531 0.2202 -0.4731
vn 0.0923 -0.9943 0.0534
vn -0.0041 -0.2724 -0.9622
vn 0.8661 0.1314 0.4824
vn 0.8105 -0.3320 -0.4825
vn -0.0244 0.7839 0.6204
vn -0.8363 -0.1406 -0.5299
vn -0.7890 0.0343 -0.6135
vn 0.1073 0.9521 -0.2863
vn 0.4649 0.2520 0.8487
vn -0.0447 -0.3332 -0.9418
vn 0.1429 -0.1600 -0.9767
vn -0.6366 0.1389 0.7585
vn 0.1727 0.3151 0.9332
vn 0.6526 0.1479 0.7431
vn 0.4438 0.2667 0.8555
vn 0.1320 0.1735 0.9760
vn 0.8166 -0.0000 0.5772
vn -0.2239 -0.9527 -0.2057
vn 0.7868 -0.0756 0.6126
vn -0.8819 -0.4376 0.1756
vn 0.7868 -0.5933 0.1700
vn -0.0934 0.1994 0.9755
vn 0.8217 -0.3784 0.4262
vn -0.1846 0.2586 0.9482
vn -0.1093 0.1066 0.9883
vn -0.1760 0.4228 0.8890
vn 0.1600 0.3814 0.9105
vn 0.7240 -0.6056 0.3301
vn 0.5164 -0.6474 0.5605
vn 0.0373 0.1209 0.9920
vn -0.0225 0.1364 0.9904
vn -0.6610 -0.7495 0.0358
vn -0.6869 -0.7116 -0.1477
vn -0.7919 -0.3012 0.5312
vn -0.3591 -0.8884 0.2858
vn 0.3554 -0.7604 0.5436
vn 0.1715 -0.9800 -0.1008
vn -0.2199 -0.9755 0.0028
vn -0.3501 0.3022 -0.8866
vn -0.5557 0.8163 0.1577
vn -0.7668 0.3401 0.5443
vn -0.5276 0.0467 0.8482
vn -0.1859 0.0972 0.9777
vn -0.9940 0.0650 0.0880
vn -0.9764 -0.0113 -0.2155
vn -0.4050 0.9113 0.0738
vn -0.1312 0.9703 0.2031
vn -0.1022 0.9848 0.1403
vn -0.2743 0.3423 0.8987
vn 0.6361 0.3002 0.7108
vn -0.0220 0.9346 0.3549
vn 0.3053 0.9397 0.1538
vn 0.4662 0.6000 -0.6501
vn -0.0000 -0.9539 0.3001
vn 0.3366 0.2725 -0.9014
vn 0.2423 0.5215 0.8181
vn 0.9010 0.4339 0.0008
vn 0.7840 0.4841 0.3885
vn 0.8508 0.1834 0.4924
vn 0.6441 -0.0961 0.7589
vn 0.9466 0.1101 0.3030
vn 0.9354 -0.2823 0.2131
vn 0.0010 -0.3319 -0.9433
vn -0.0097 -0.2817 -0.9594
vn 0.6732 -0.0843 -0.7346
vn 0.5865 -0.3988 -0.7050
vn 0.0009 0.1767 0.9843
vn -0.5373 -0.1271 -0.8338
vn -0.0001 1.0000 -0.0003
vn 0.4791 0.1719 -0.8608
vn 0.0002 -1.0000 -0.0003
vn -0.0000 1.0000 -0.0003
vn 0.4768 0.5983 -0.6440
vn -0.0001 1.0000 -0.0002
vn -0.0001 -1.0000 -0.0002
vn -0.3286 0.7022 -0.6317
vn -0.3648 -0.7781 -0.5114
vn -0.1336 0.1781 0.9749
vn -0.6231 0.1691 0.7636
vn 0.6047 0.2417 0.7589
vn 0.1522 0.1608 0.9752
vn 0.7286 -0.0987 -0.6778
vn -0.0013 0.3673 0.9301
vn -0.0000 -0.3343 -0.9425
vn 0.1869 0.3278 0.9261
vn 0.0013 -0.3252 -0.9456
vn -0.6896 0.2050 0.6946
vn 0.7494 0.1450 0.6460
vn -0.2482 -0.3594 -0.8996
vn 0.2187 -0.3734 -0.9015
vn -0.7326 0.1281 0.6685
vn -0.5475 -0.2008 -0.8124
vn 0.7345 -0.4054 0.5442
vn -0.0172 0.0062 0.9998
vn -0.0541 0.0462 0.9975
vn -0.0229 0.0376 0.9990
vn -0.0450 0.0332 0.9984
vn -0.0545 0.0333 0.9980
vn -0.0210 0.0056 0.9998
vn -0.6071 -0.2386 0.7580
vn -0.3242 -0.0097 0.9459
vn 0.0248 0.0119 0.9996
vn 0.0088 0.0466 0.9989
vn 0.0130 0.0540 0.9985
vn -0.0349 -0.4741 0.8798
vn -0.4893 -0.6295 0.6036
vn -0.5119 -0.2018 0.8350
vn 0.2585 -0.4072 0.8760
vn 0.0362 0.0243 0.9990
vn 0.0417 0.0156 0.9990
vn 0.0400 0.0140 0.9991
vn 0.2112 -0.4306 0.8775
vn 0.0507 0.0133 0.9986
vn -0.4910 -0.1388 0.8601
vn -0.7635 0.3561 0.5387
vn 0.8177 -0.0861 0.5692
vn 0.7347 0.0594 0.6758
vn -0.2963 0.3096 0.9035
vn 0.2053 0.3093 0.9285
vn 0.0001 1.0000 -0.0002
vn -0.0000 1.0000 -0.0002
vn 0.2369 -0.5983 -0.7655
vn -0.0001 -1.0000 -0.0013
vn 0.1980 -0.6637 -0.7213
vn -0.1879 -0.6335 -0.7506
vn 0.7627 -0.0915 -0.6403
vn 0.7051 -0.1589 -0.6911
vn -0.0021 0.3702 0.9289
vn -0.5734 -0.6059 -0.5515
vn -0.5868 -0.2584 -0.7674
vn 0.0088 -0.4535 -0.8912
vn -0.0282 -0.4395 -0.8978
vn -0.3994 0.2164 0.8909
vn -0.0444 0.3315 0.9424
vn 0.6445 -0.1406 -0.7516
vn 0.7204 0.0343 -0.6927
vn -0.7200 -0.0351 0.6931
vn -0.7141 -0.0184 0.6998
vn 0.5900 -0.5603 -0.5814
vn 0.6851 0.0198 0.7282
vn 0.0578 0.4771 -0.8770
vn 0.0006 -1.0000 -0.0009
vn 0.0517 0.7060 -0.7063
vn 0.5196 -0.2069 -0.8290
vn -0.0819 -0.3631 -0.9281
vn -0.5426 0.3472 0.7649
vn 0.3656 -0.3686 -0.8547
vn -0.7171 0.1199 0.6866
vn -0.7087 0.0339 0.7047
vn 0.0957 -0.3448 -0.9338
vn -0.6585 -0.1334 -0.7406
vn -0.4990 -0.6573 -0.5647
vn -0.1638 0.4155 0.8947
vn -0.8060 -0.2711 0.5262
vn 0.0202 0.4866 0.8734
vn -0.0708 0.4304 0.8998
vn 0.2851 -0.3592 -0.8887
vn -0.5340 0.2314 0.8132
vn -0.1394 -0.4389 -0.8877
vn 0.1310 -0.4554 -0.8806
vn 0.0206 -0.4828 -0.8755
vn 0.0668 -0.4459 -0.8926
vn 0.5867 -0.1219 -0.8006
vn -0.2780 0.3227 0.9048
vn 0.5182 0.0950 -0.8499
vn -0.5548 -0.0403 -0.8310
vn -0.5602 -0.0570 -0.8264
vn -0.5193 -0.0599 0.8525
vn -0.4762 0.0276 0.8789
vn 0.4673 -0.1813 0.8653
vn 0.5598 0.0583 0.8266
vn -0.5095 0.2280 0.8297
vn -0.2772 0.3255 0.9040
vn -0.5632 -0.0287 -0.8258
vn -0.4601 -0.4392 -0.7716
vn -0.2371 -0.2923 -0.9265
vn 0.4131 -0.2545 -0.8744
vn 0.5445 0.0975 -0.8331
vn 0.1689 -0.9652 -0.1995
vn 0.4335 0.2271 0.8721
vn -0.3308 0.0804 -0.9403
vn 0.1011 0.4195 0.9021
vn -0.2485 -0.3386 -0.9075
vn -0.5285 0.0666 0.8463
vn 0.5280 0.0718 0.8462
vn 0.4415 -0.3825 -0.8117
vn 0.3305 -0.0822 0.9402
vn -0.4151 -0.5426 -0.7303
vn -0.0706 0.4313 0.8994
vn -0.4751 0.0253 0.8796
vn 0.5197 -0.2398 0.8201
vn 0.5151 0.0168 0.8570
vn 0.0429 0.3647 0.9301
vn 0.3390 0.2791 0.8984
vn 0.2506 -0.8431 -0.4758
vn 0.2545 0.3632 0.8963
vn -0.2635 0.3185 0.9106
vn 0.2000 -0.0969 -0.9750
vn 0.2312 -0.0217 -0.9727
vn -0.2046 -0.1193 -0.9715
vn 0.1007 -0.3582 -0.9282
vn 0.2574 -0.2020 -0.9450
vn -0.1287 -0.2474 -0.9603
vn -0.2309 -0.0351 0.9723
vn -0.2128 -0.0000 0.9771
vn 0.0596 -0.9600 -0.2735
vn 0.2674 -0.3687 -0.8903
vn 0.2712 0.0172 0.9624
vn -0.2529 -0.2971 -0.9207
vn -0.0240 0.0761 -0.9968
vn -0.2700 0.1713 0.9475
vn -0.3760 -0.7242 -0.5781
vn 0.2174 0.1800 -0.9593
vn 0.0105 -0.9016 -0.4325
vn -0.2360 -0.8236 -0.5157
vn 0.0241 -0.0000 0.9997
vn 0.0082 -0.0299 0.9995
vn -0.0241 -0.9790 -0.2025
vn 0.0540 0.2936 0.9544
vn 0.1908 0.1388 0.9718
vn -0.1208 -0.6484 -0.7516
vn -0.0807 -0.2049 0.9755
vn -0.1124 -0.6045 -0.7886
vn 0.1918 0.1281 0.9730
vn -0.1869 0.1076 0.9765
vn 0.1515 0.1930 0.9694
vn 0.0881 -0.1801 -0.9797
vn 0.0915 0.1080 -0.9899
vn 0.0307 -0.2691 -0.9626
vn 0.0076 -0.1606 -0.9870
vn -0.1951 0.2276 -0.9540
vn 0.4153 -0.4755 -0.7755
vn -0.1762 -0.8512 -0.4943
vn -0.3351 0.1840 -0.9240
vn -0.0588 -0.2262 0.9723
vn -0.0301 -0.1764 0.9839
vn 0.0352 -0.4580 0.8883
vn -0.1064 0.3633 -0.9256
vn 0.0105 0.3567 -0.9342
vn 0.0001 1.0000 0.0002
vn 0.1516 -0.3268 0.9329
vn -0.0816 -0.2377 0.9679
vn -0.0395 0.0301 -0.9988
vn 0.1755 -0.0000 -0.9845
vn -0.0223 -0.0000 -0.9998
vn 0.2140 -0.0487 -0.9756
vn 0.5346 -0.1670 -0.8285
vn -0.4849 -0.1792 -0.8560
vn -0.0001 1.0000 0.0002
vn 0.2711 -0.1538 0.9502
vn 0.3114 0.2505 -0.9167
vn 0.0611 -0.3690 0.9274
vn 0.0395 -0.0293 0.9988
vn 0.0222 -0.0000 0.9998
vn -0.2220 -0.0000 0.9751
vn -0.2140 -0.0184 0.9767
vn -0.3080 -0.0301 -0.9509
vn -0.3245 -0.0000 -0.9459
vn -0.0005 -1.0000 -0.0013
vn 0.3451 0.0508 -0.9372
vn -0.3709 -0.2028 0.9063
vn -0.0000 1.0000 0.0001
vn 0.3045 0.5566 0.7730
vn -0.1247 0.4218 -0.8981
vn 0.0900 0.4299 -0.8984
vn 0.3591 -0.0642 0.9311
vn 0.3076 0.0293 0.9511
vn -0.3486 -0.2870 0.8922
vn 0.0001 -1.0000 0.0006
vn -0.0001 -1.0000 0.0004
vn -0.5239 -0.0000 -0.8518
vn -0.5383 0.0301 -0.8422
vn -0.0010 -1.0000 -0.0015
vn 0.5044 -0.0387 -0.8626
vn 0.4855 -0.0000 -0.8743
vn -0.4668 0.2168 0.8574
vn -0.0002 1.0000 0.0001
vn -0.1203 -0.5140 0.8493
vn -0.4663 -0.1220 0.8762
vn 0.3063 0.3075 -0.9009
vn 0.1461 0.4212 -0.8951
vn 0.5222 0.0651 0.8503
vn -0.4833 0.0815 0.8716
vn 0.0002 -1.0000 0.0002
vn 0.4796 -0.2218 0.8490
vn -0.0002 1.0000 -0.0002
vn 0.1021 0.3723 -0.9225
vn -0.3029 -0.2150 0.9285
vn 0.0002 -1.0000 0.0003
vn 0.1381 -0.4115 0.9009
vn 0.0804 -0.4929 0.8664
vn 0.5839 -0.1270 -0.8018
vn 0.5436 -0.4679 0.6968
vn 0.4971 -0.6123 0.6148
vn -0.0002 1.0000 0.0003
vn 0.6346 -0.0341 0.7721
vn 0.3184 0.3087 -0.8963
vn 0.6485 -0.0000 -0.7613
vn -0.0039 0.4829 -0.8756
vn 0.6294 -0.0651 0.7743
vn -0.5879 -0.0879 0.8042
vn -0.6478 -0.0000 0.7618
vn 0.0002 1.0000 -0.0000
vn -0.5008 -0.6942 0.5171
vn -0.6290 -0.3280 0.7048
vn -0.3782 0.2742 -0.8842
vn -0.0002 -1.0000 0.0003
vn -0.6975 0.0822 -0.7119
vn -0.5332 0.2374 -0.8120
vn 0.6707 0.0932 -0.7358
vn -0.6886 0.1234 -0.7145
vn -0.0002 -1.0000 0.0004
vn 0.2690 -0.4010 0.8757
vn 0.4565 -0.2368 0.8577
vn 0.0003 -1.0000 -0.0000
vn -0.1362 0.4220 -0.8963
vn 0.6221 0.1856 -0.7606
vn -0.0841 -0.3501 0.9329
vn -0.0086 0.4140 -0.9102
vn 0.2750 0.3819 -0.8824
vn 0.0051 0.4077 -0.9131
vn -0.7459 -0.0301 -0.6654
vn -0.7751 0.0499 -0.6299
vn 0.5314 -0.7306 0.4288
vn 0.7720 -0.0000 -0.6357
vn -0.4429 -0.8190 0.3647
vn 0.7956 -0.0487 -0.6039
vn 0.7627 -0.3400 -0.5502
vn -0.0057 -0.4599 0.8880
vn 0.6142 -0.7152 0.3336
vn 0.8128 -0.0879 0.5759
vn 0.7447 0.0474 0.6657
vn -0.8008 -0.0000 0.5990
vn -0.7957 -0.0184 0.6054
vn -0.0955 0.7035 0.7042
vn 0.0001 1.0000 0.0001
vn 0.2126 -0.6236 0.7523
vn -0.2434 0.7138 0.6566
vn -0.1770 -0.8274 0.5330
vn -0.1391 0.2640 -0.9544
vn 0.1153 -0.3712 0.9214
vn -0.7594 -0.0819 0.6455
vn -0.1837 -0.3752 0.9085
vn 0.5708 -0.2427 0.7844
vn 0.6975 -0.1384 0.7031
vn 0.0181 0.4396 -0.8980
vn 0.8474 0.0540 -0.5282
vn 0.3549 0.5778 0.7350
vn -0.4101 -0.5005 0.7624
vn 0.3644 -0.6236 0.6917
vn 0.8008 -0.2357 0.5506
vn -0.8406 0.1422 -0.5227
vn 0.1313 0.2591 -0.9569
vn -0.7215 -0.5595 0.4080
vn 0.1710 -0.3992 0.9008
vn 0.6328 0.1918 -0.7502
vn -0.5355 0.2434 -0.8087
vn 0.0002 1.0000 0.0001
vn -0.0225 0.2983 -0.9542
vn -0.4899 -0.1580 0.8573
vn 0.0002 -1.0000 -0.0001
vn 0.6750 -0.0406 0.7367
vn -0.0001 -1.0000 0.0008
vn -0.0002 -1.0000 0.0005
vn -0.8468 -0.0504 -0.5296
vn 0.0007 -1.0000 0.0010
vn -0.8147 -0.1751 0.5529
vn -0.8694 0.0006 0.4942
vn 0.0002 1.0000 0.0003
vn -0.0000 1.0000 0.0004
vn 0.0008 -1.0000 -0.0001
vn -0.0000 1.0000 0.0003
vn -0.8795 -0.0784 -0.4694
vn 0.8803 0.0669 -0.4698
vn -0.6535 -0.6718 0.3487
vn -0.0012 -0.3121 0.9500
vn 0.0064 0.1863 -0.9825
vn -0.1193 0.2266 -0.9666
vn 0.0996 -0.9944 -0.0363
vn 0.2001 0.1588 -0.9668
vn 0.0066 -1.0000 -0.0005
vn 0.8622 -0.1463 0.4851
vn 0.6177 -0.3846 0.6859
vn 0.5000 0.5778 0.6451
vn 0.8787 0.0815 0.4703
vn -0.0335 0.2849 -0.9580
vn -0.8076 -0.1413 0.5726
vn -0.7596 -0.2338 0.6069
vn 0.7482 0.1998 -0.6327
vn 0.8598 -0.1147 0.4976
vn 0.8735 0.0039 -0.4867
vn 0.8733 0.1062 -0.4755
vn 0.1977 -0.0124 -0.9802
vn 0.0319 -0.3642 0.9308
vn -0.0084 0.1688 -0.9856
vn -0.9250 0.0138 0.3798
vn -0.0045 -0.3181 0.9480
vn -0.0299 -0.1997 0.9794
vn 0.0485 -0.3095 0.9497
vn -0.3284 0.1532 -0.9320
vn 0.6250 0.1403 -0.7679
vn 0.1042 0.9925 -0.0645
vn -0.3186 0.8844 -0.3409
vn 0.8897 0.4565 -0.0102
vn 0.4097 0.7162 0.5650
vn 0.0598 0.1317 0.9895
vn -0.0089 0.0085 -0.9999
vn -0.4183 0.5284 0.7388
vn -0.0016 0.0788 -0.9969
vn 0.8899 -0.0686 0.4510
vn 0.5267 0.6194 -0.5822
vn -0.2881 -0.0614 -0.9556
vn -0.2956 -0.1642 -0.9411
vn 0.0461 -0.0918 -0.9947
vn -0.2231 -0.1642 0.9609
vn 0.8632 -0.2031 -0.4622
vn 0.1043 -0.0323 -0.9940
vn -0.1335 0.0546 -0.9895
vn 0.9902 0.1046 -0.0925
vn 0.0337 0.0679 -0.9971
vn 0.0021 -0.2417 0.9704
vn 0.0253 -0.1962 0.9802
vn -0.9781 -0.1071 -0.1784
vn 0.1306 0.7804 0.6115
vn -0.0476 -0.2845 0.9575
vn -0.0978 -0.8040 0.5865
vn -0.1134 0.0888 0.9896
vn 0.0792 0.2486 0.9654
vn 0.3372 0.3211 0.8850
vn -0.0526 0.0083 0.9986
vn -0.2952 0.0388 0.9546
vn 0.3216 -0.9172 0.2351
vn 0.0064 -1.0000 -0.0050
vn 0.8378 -0.2105 0.5038
vn 0.7146 -0.0887 -0.6938
vn 0.0255 -0.1859 0.9822
vn -0.0058 1.0000 -0.0078
vn -0.0317 -0.0013 0.9995
vn 0.5908 -0.5769 0.5640
vn 0.0055 1.0000 -0.0019
vn 0.0291 0.0080 0.9995
vn -0.7539 -0.6251 0.2023
vn -0.8722 0.1518 -0.4651
vn 0.6819 0.6064 0.4091
vn -0.4262 0.8646 0.2661
vn 0.6676 -0.6366 0.3861
vn -0.8274 0.1752 0.5337
vn -0.8221 0.2143 0.5275
vn 0.8110 0.0270 0.5845
vn -0.0860 -0.1044 0.9908
vn -0.0000 -1.0000 -0.0001
vn 0.0399 -0.0144 0.9991
vn 0.7824 0.1417 -0.6065
vn -0.4642 0.5681 0.6795
vn 0.9257 0.0721 -0.3713
vn -0.9200 0.0791 -0.3838
vn -0.9176 0.0325 -0.3962
vn -0.5229 0.3151 0.7920
vn 0.9261 0.0761 -0.3695
vn 0.9212 0.1081 -0.3738
vn -0.9176 0.0987 -0.3850
vn 0.8390 0.1937 -0.5085
vn 0.3280 -0.8328 0.4459
vn -0.2706 0.7933 0.5454
vn 0.2445 0.8041 0.5420
vn -0.3839 0.5235 0.7606
vn -0.8487 -0.2298 0.4764
vn -0.7804 0.5352 0.3232
vn 0.7816 0.1432 -0.6071
vn -0.8940 -0.1633 0.4172
vn -0.8908 -0.1541 0.4275
vn 0.8905 -0.2537 0.3775
vn 0.9323 0.1282 -0.3381
vn -0.8360 0.1695 -0.5219
vn -0.9252 0.0144 0.3793
vn -0.9181 0.0118 -0.3961
vn 0.9344 -0.0669 -0.3499
vn -0.0002 -1.0000 -0.0005
vn 0.8871 -0.0407 0.4597
vn 0.0006 -1.0000 0.0005
vn -0.9329 0.0815 0.3509
vn -0.0010 1.0000 0.0018
vn 0.7268 -0.2106 0.6538
vn -0.5800 0.5442 0.6062
vn -0.4110 -0.7032 0.5801
vn 0.4037 -0.8340 0.3761
vn 0.9570 -0.1212 0.2636
vn 0.4331 -0.8173 0.3801
vn -0.5960 -0.6435 0.4803
vn 0.0043 1.0000 -0.0009
vn 0.9162 -0.0093 0.4007
vn -0.9033 0.0612 -0.4245
vn -0.9260 0.0079 -0.3776
vn 0.0010 1.0000 0.0040
vn -0.9054 -0.1646 0.3913
vn -0.7959 -0.1526 -0.5859
vn 0.9605 0.1424 -0.2392
vn -0.9726 0.1330 -0.1907
vn -0.9593 0.1437 -0.2430
vn 0.1980 -0.3885 -0.8999
vn -0.2804 0.5156 -0.8097
vn 0.9550 -0.1507 0.2553
vn -0.2337 -0.5184 -0.8226
vn -0.2247 -0.5359 -0.8139
vn 0.2763 -0.5346 -0.7987
vn 0.1991 -0.9792 0.0389
vn 0.7635 -0.5614 0.3192
vn 0.8683 0.3239 0.3757
vn -0.9599 0.1396 -0.2431
vn 0.1712 -0.1575 0.9726
vn -0.2300 0.4749 -0.8494
vn 0.0602 -0.2156 0.9746
vn -0.9260 -0.0599 0.3726
vn 0.1822 -0.1284 0.9748
vn 0.1463 0.7234 -0.6748
vn 0.2930 0.3428 0.8925
vn 0.9582 0.1361 -0.2515
vn -0.9881 0.0733 -0.1349
vn 0.9848 0.1392 -0.1037
vn -0.9894 0.1231 -0.0764
vn -0.6625 -0.5918 0.4592
vn -0.8673 0.1256 0.4816
vn 0.8208 0.3225 0.4714
vn -0.7217 0.5645 0.4007
vn -0.9422 0.2985 -0.1523
vn 0.6264 0.7284 -0.2774
vn 0.7318 -0.2825 -0.6201
vn -0.9428 -0.3116 0.1187
vn 0.0006 -1.0000 -0.0003
vn -0.9794 -0.1579 -0.1258
vn 0.9612 -0.2524 0.1115
vn 0.2034 0.8928 -0.4020
vn -0.9738 -0.1261 0.1893
vn 0.0312 0.0446 0.9985
vn 0.0442 -0.9863 -0.1589
vn -0.9686 -0.0397 -0.2454
vn 0.1517 -0.8915 -0.4270
vn -0.9363 0.0584 0.3462
vn -0.7768 -0.2023 0.5963
vn 0.9586 0.0111 0.2845
vn 0.9868 0.1132 -0.1162
vn -0.9810 0.1334 -0.1410
vn 0.5924 -0.6457 0.4818
vn -0.9234 -0.3601 0.1325
vn 0.9839 0.1332 0.1192
vn 0.9898 -0.1136 -0.0861
vn -0.1675 -0.0639 0.9838
vn 0.1925 0.9121 -0.3619
vn -0.9759 -0.0939 -0.1971
vn -0.9907 0.1230 -0.0585
vn 0.9678 0.0086 -0.2517
vn -0.8670 -0.4443 0.2255
vn 0.9811 -0.1707 -0.0907
vn -0.0585 -0.9925 0.1073
vn -0.8996 0.1422 0.4130
vn -0.5334 -0.1149 0.8380
vn 0.9742 -0.0091 0.2257
vn 0.0019 -1.0000 -0.0013
vn -0.9688 -0.0879 0.2318
vn 0.9529 -0.1184 0.2791
vn -0.9707 -0.0811 0.2263
vn -0.9800 -0.1202 0.1584
vn -0.5192 0.2649 -0.8126
vn 0.0246 0.9995 0.0200
vn -0.1837 0.8416 -0.5078
vn -0.9635 0.0571 0.2617
vn 0.9609 -0.0149 0.2763
vn -0.2451 -0.7070 -0.6634
vn -0.1513 0.5606 -0.8141
vn 0.9764 0.1498 -0.1557
vn 0.1929 -0.5242 -0.8295
vn -0.7849 -0.5557 0.2740
vn -0.0399 -0.8494 0.5262
vn -0.1152 0.9927 0.0344
vn -0.9626 -0.1512 0.2247
vn -0.9878 -0.0310 0.1529
vn 0.8710 0.4360 0.2265
vn -0.3877 0.4202 0.8205
vn -0.9489 -0.1850 0.2555
vn -0.9774 0.0105 -0.2110
vn 0.9111 -0.0000 0.4121
vn 0.9042 0.0686 0.4216
vn -0.9723 -0.1368 0.1897
vn -0.9970 0.0745 0.0224
vn -0.9881 -0.0488 0.1457
vn 0.2788 -0.5612 0.7793
vn -0.2930 0.3172 0.9020
vn -0.2818 0.2907 0.9144
vn 0.2489 0.4189 0.8733
vn -0.9917 -0.0718 0.1066
vn 0.1888 0.0891 0.9780
vn 0.1266 -0.9913 -0.0361
vn 0.8110 0.2256 -0.5398
vn 0.7063 -0.6444 0.2932
vn -0.0210 -0.9994 -0.0264
vn 0.9785 0.0473 -0.2008
vn 0.9821 0.1609 -0.0976
vn 0.9871 0.1190 -0.1074
vn -0.9932 0.1041 -0.0521
vn 0.9894 0.1380 -0.0442
vn 0.9917 0.0150 -0.1281
vn 0.9964 0.0413 -0.0740
vn -0.9846 0.1525 -0.0856
vn -0.9818 0.1589 -0.1044
vn -0.9241 -0.1495 0.3518
vn -0.7699 0.6323 0.0863
vn 0.9991 -0.0411 0.0096
vn 0.9986 -0.0028 0.0530
vn 0.9826 -0.1288 0.1337
vn 0.9746 -0.1537 0.1631
vn -0.9790 -0.0076 0.2036
vn -0.0054 0.9997 0.0222
vn 0.9811 -0.0473 0.1877
vn 0.9881 0.1429 -0.0568
vn -0.9782 0.1344 -0.1586
vn -0.9930 -0.0847 0.0821
vn -0.0001 -0.9999 0.0124
vn -0.9822 -0.1051 0.1560
vn -0.9829 -0.1325 0.1276
vn -0.0000 1.0000 0.0010
vn 0.9313 -0.3588 0.0624
vn -0.9827 -0.1475 0.1124
vn 0.9610 -0.2573 0.1014
vn 0.9688 -0.1573 0.1917
vn -0.0000 -1.0000 -0.0005
vn -0.0000 1.0000 0.0002
vn -0.0000 -1.0000 -0.0012
vn -0.9958 -0.0826 0.0400
vn -0.9882 -0.1304 0.0801
vn 0.9791 -0.1341 0.1528
vn -0.0582 -0.9925 0.1079
vn -0.0575 0.9960 0.0679
vn -0.8553 0.5162 -0.0453
vn -0.9838 -0.1658 0.0689
vn -0.9827 -0.1526 0.1051
vn 0.9818 0.1558 -0.1088
vn 0.9268 0.0505 0.3721
vn 0.1387 -0.0096 0.9903
vn -0.8476 0.1040 0.5203
vn 0.8490 0.1482 0.5072
vn 0.9863 -0.1030 0.1286
vn -0.9928 -0.1161 -0.0287
vn 0.9861 0.1500 -0.0711
vn 0.0408 -0.0088 0.9991
vn 0.9887 -0.1199 0.0894
vn -0.9810 0.0696 0.1810
vn -0.9315 0.1932 0.3081
vn -0.9875 0.1548 -0.0284
vn -0.9786 0.1443 -0.1464
vn -0.9856 -0.1528 0.0719
vn 0.0533 -0.4135 0.9090
vn 0.0264 -0.1591 0.9869
vn -0.0000 -0.0022 1.0000
vn -0.9838 -0.1545 0.0908
vn 0.9864 -0.1602 -0.0373
vn 0.9868 -0.1620 0.0031
vn 0.9847 0.1445 -0.0972
vn 0.9863 -0.1646 -0.0049
vn -0.0024 0.0192 0.9998
vn -0.9734 -0.1623 -0.1620
vn -0.0007 -0.0001 1.0000
vn 0.9892 -0.0782 0.1243
vn -0.9850 -0.1419 0.0985
vn -0.9790 -0.2033 0.0152
vn 0.9801 -0.1645 0.1111
vn -0.7627 0.0710 0.6428
vn -0.1391 -0.0323 0.9898
vn 0.9539 -0.1616 0.2529
vn 0.9645 -0.1696 0.2024
vn 0.0034 -0.0007 1.0000
vn 0.0016 0.0224 0.9997
vn -0.0106 0.1323 0.9911
vn -0.9855 -0.1469 -0.0844
vn -0.0005 -0.0001 1.0000
vn -0.9827 -0.1325 -0.1294
vn -0.8793 0.1322 0.4575
vn 0.8493 0.1119 -0.5160
vn -0.0113 -0.0019 0.9999
vn -0.5119 0.0769 0.8556
vn 0.8734 -0.1145 0.4733
vn -0.9796 0.1161 0.1640
vn -0.9268 0.1290 0.3526
vn 0.0165 -0.2582 0.9660
vn -0.0000 -0.0906 0.9959
vn -0.8858 -0.0965 -0.4539
vn -0.0110 -0.0013 0.9999
vn 0.8405 -0.1244 0.5273
vn -0.8817 -0.0954 -0.4620
vn -0.9913 -0.0845 -0.1006
vn 0.9565 -0.1627 0.2422
vn 0.9738 0.0023 0.2273
vn -0.5080 -0.8372 0.2025
vn 0.0355 -0.1807 0.9829
vn 0.0067 0.0394 0.9992
vn -0.0264 0.1483 0.9886
vn -0.8011 0.0523 0.5963
vn -0.0119 0.0177 0.9998
vn 0.3843 -0.5472 0.7436
vn 0.4588 0.0383 0.8877
vn -0.7330 0.1268 0.6683
vn 0.0726 0.0177 0.9972
vn 0.2888 0.0703 0.9548
vn 0.2226 -0.0202 0.9747
vn 0.3743 0.0645 0.9251
vn 0.2151 -0.0173 0.9764
vn 0.0335 0.0052 0.9994
vn 0.0137 0.0008 0.9999
vn 0.5534 0.0120 0.8328
vn 0.9862 -0.1636 -0.0264
vn 0.6999 0.6874 0.1940
vn -0.8973 -0.4088 0.1668
s 0
f 1//1 2//1 3//1
f 1//2 4//2 5//2
f 5//3 2//3 1//3
f 3//4 6//4 1//4
f 6//5 4//5 1//5
f 4//6 7//6 5//6
f 8//7 3//7 2//7
f 6//8 9//8 4//8
f 5//9 10//9 2//9
f 7//10 10//10 5//10
f 10//11 11//11 2//11
f 11//7 8//7 2//7
f 8//12 12//12 3//12
f 13//13 10//13 7//13
f 14//14 15//14 4//14
f 15//15 7//15 4//15
f 16//16 9//16 6//16
f 17//17 11//17 10//17
f 13//18 18//18 10//18
f 19//19 6//19 3//19
f 19//20 20//20 6//20
f 20//21 16//21 6//21
f 4//22 21//22 14//22
f 22//23 23//23 14//23
f 21//24 22//24 14//24
f 9//25 21//25 4//25
f 23//26 15//26 14//26
f 9//27 24//27 21//27
f 25//28 22//28 21//28
f 24//29 25//29 21//29
f 7//30 26//30 13//30
f 15//31 27//31 7//31
f 27//32 28//32 7//32
f 16//33 29//33 9//33
f 23//34 27//34 15//34
f 29//35 24//35 9//35
f 30//36 17//36 10//36
f 31//37 32//37 3//37
f 12//38 31//38 3//38
f 32//39 19//39 3//39
f 28//40 26//40 7//40
f 29//41 33//41 24//41
f 34//42 25//42 24//42
f 33//43 34//43 24//43
f 35//44 36//44 37//44
f 36//45 38//45 37//45
f 38//46 35//46 37//46
f 39//47 40//47 41//47
f 42//48 39//48 41//48
f 43//49 44//49 35//49
f 44//50 36//50 35//50
f 45//51 43//51 35//51
f 38//52 45//52 35//52
f 46//53 39//53 42//53
f 41//54 47//54 42//54
f 47//55 48//55 42//55
f 48//56 49//56 42//56
f 49//57 46//57 42//57
f 36//58 50//58 38//58
f 50//59 51//59 38//59
f 51//60 40//60 38//60
f 40//61 52//61 38//61
f 53//62 52//62 40//62
f 39//63 53//63 40//63
f 52//64 45//64 38//64
f 54//65 55//65 43//65
f 55//66 56//66 43//66
f 56//67 44//67 43//67
f 57//68 54//68 43//68
f 45//69 57//69 43//69
f 58//70 39//70 46//70
f 49//71 58//71 46//71
f 39//72 59//72 53//72
f 60//73 61//73 54//73
f 61//74 55//74 54//74
f 57//75 60//75 54//75
f 62//76 39//76 58//76
f 49//77 63//77 58//77
f 63//78 62//78 58//78
f 64//79 60//79 57//79
f 65//80 66//80 39//80
f 62//81 65//81 39//81
f 67//82 61//82 60//82
f 68//83 67//83 60//83
f 64//84 68//84 60//84
f 69//85 65//85 62//85
f 63//86 70//86 62//86
f 70//87 69//87 62//87
f 57//88 71//88 64//88
f 72//89 73//89 65//89
f 69//90 72//90 65//90
f 74//91 75//91 68//91
f 75//92 67//92 68//92
f 64//93 74//93 68//93
f 76//94 72//94 69//94
f 70//95 77//95 69//95
f 77//96 76//96 69//96
f 78//97 74//97 64//97
f 79//98 73//98 72//98
f 76//99 80//99 72//99
f 81//100 82//100 74//100
f 82//101 83//101 74//101
f 83//102 75//102 74//102
f 78//103 81//103 74//103
f 84//104 80//104 76//104
f 77//105 84//105 76//105
f 85//106 81//106 78//106
f 86//107 82//107 81//107
f 85//108 86//108 81//108
f 87//109 80//109 84//109
f 77//110 88//110 84//110
f 88//111 87//111 84//111
f 89//112 86//112 85//112
f 87//113 90//113 80//113
f 91//114 92//114 86//114
f 92//115 82//115 86//115
f 89//116 91//116 86//116
f 93//117 90//117 87//117
f 88//118 94//118 87//118
f 94//119 93//119 87//119
f 95//120 91//120 89//120
f 93//121 96//121 90//121
f 95//122 97//122 91//122
f 97//123 92//123 91//123
f 98//124 96//124 93//124
f 94//125 99//125 93//125
f 99//126 98//126 93//126
f 100//127 95//127 89//127
f 101//128 100//128 89//128
f 102//129 95//129 100//129
f 102//130 103//130 95//130
f 104//131 105//131 95//131
f 105//122 97//122 95//122
f 106//132 96//132 98//132
f 99//133 107//133 98//133
f 106//134 108//134 96//134
f 108//135 109//135 96//135
f 110//136 111//136 106//136
f 111//137 108//137 106//137
f 112//138 102//138 100//138
f 113//139 112//139 100//139
f 114//140 113//140 100//140
f 115//141 114//141 100//141
f 113//142 116//142 112//142
f 117//143 118//143 119//143
f 11//144 120//144 8//144
f 120//145 12//145 8//145
f 116//146 119//146 112//146
f 119//147 121//147 112//147
f 122//148 119//148 118//148
f 121//149 119//149 122//149
f 117//150 123//150 118//150
f 124//151 125//151 52//151
f 125//152 45//152 52//152
f 126//153 125//153 52//153
f 125//154 127//154 45//154
f 53//155 126//155 52//155
f 59//156 128//156 53//156
f 128//157 126//157 53//157
f 129//158 57//158 45//158
f 127//159 129//159 45//159
f 39//160 130//160 59//160
f 130//161 128//161 59//161
f 129//162 131//162 57//162
f 131//163 71//163 57//163
f 66//164 130//164 39//164
f 132//165 130//165 66//165
f 131//166 133//166 71//166
f 133//167 64//167 71//167
f 65//168 132//168 66//168
f 134//169 132//169 65//169
f 73//170 134//170 65//170
f 133//171 135//171 64//171
f 135//172 78//172 64//172
f 79//173 134//173 73//173
f 136//174 134//174 79//174
f 72//175 136//175 79//175
f 137//176 85//176 78//176
f 135//177 137//177 78//177
f 137//178 138//178 85//178
f 138//179 89//179 85//179
f 139//180 136//180 72//180
f 80//181 139//181 72//181
f 140//182 139//182 80//182
f 90//183 140//183 80//183
f 141//184 101//184 89//184
f 138//185 141//185 89//185
f 96//186 142//186 90//186
f 142//187 140//187 90//187
f 141//188 143//188 101//188
f 144//189 100//189 101//189
f 143//190 144//190 101//190
f 145//191 142//191 96//191
f 144//192 115//192 100//192
f 109//193 145//193 96//193
f 144//194 146//194 115//194
f 146//195 147//195 115//195
f 147//196 148//196 115//196
f 108//197 149//197 109//197
f 149//198 150//198 109//198
f 150//199 145//199 109//199
f 148//200 114//200 115//200
f 148//201 151//201 114//201
f 151//202 152//202 114//202
f 152//203 153//203 114//203
f 153//204 113//204 114//204
f 154//205 155//205 108//205
f 155//206 149//206 108//206
f 153//207 156//207 113//207
f 111//208 157//208 108//208
f 157//209 154//209 108//209
f 156//210 158//210 113//210
f 158//211 116//211 113//211
f 117//212 157//212 111//212
f 159//213 119//213 116//213
f 159//214 118//214 119//214
f 11//215 160//215 120//215
f 120//216 161//216 12//216
f 17//217 121//217 122//217
f 11//218 17//218 122//218
f 162//219 12//219 123//219
f 117//220 162//220 123//220
f 162//219 31//219 12//219
f 163//221 164//221 10//221
f 164//222 30//222 10//222
f 18//223 163//223 10//223
f 31//224 165//224 32//224
f 111//225 162//225 117//225
f 166//226 167//226 23//226
f 168//227 34//227 33//227
f 32//228 20//228 19//228
f 32//229 16//229 20//229
f 169//230 170//230 16//230
f 32//231 169//231 16//231
f 13//232 163//232 18//232
f 26//233 163//233 13//233
f 30//234 171//234 121//234
f 17//234 30//234 121//234
f 110//235 31//235 162//235
f 111//236 110//236 162//236
f 110//237 165//237 31//237
f 167//238 27//238 23//238
f 29//239 168//239 33//239
f 172//240 102//240 112//240
f 171//241 112//241 121//241
f 22//242 160//242 23//242
f 160//243 173//243 23//243
f 161//244 160//244 22//244
f 159//245 122//245 118//245
f 161//246 120//246 160//246
f 157//247 118//247 123//247
f 12//248 157//248 123//248
f 11//249 173//249 160//249
f 174//250 175//250 163//250
f 175//251 164//251 163//251
f 176//252 177//252 32//252
f 165//253 176//253 32//253
f 158//254 159//254 116//254
f 118//255 157//255 117//255
f 173//256 122//256 159//256
f 158//257 173//257 159//257
f 173//258 11//258 122//258
f 161//259 157//259 12//259
f 161//260 22//260 157//260
f 178//261 173//261 158//261
f 156//262 178//262 158//262
f 28//263 27//263 167//263
f 29//264 179//264 168//264
f 178//265 23//265 173//265
f 164//266 180//266 171//266
f 30//267 164//267 171//267
f 176//268 165//268 110//268
f 171//269 172//269 112//269
f 181//270 178//270 156//270
f 22//271 25//271 157//271
f 25//272 154//272 157//272
f 178//273 181//273 23//273
f 181//274 166//274 23//274
f 153//275 181//275 156//275
f 26//276 182//276 163//276
f 182//277 174//277 163//277
f 183//278 169//278 32//278
f 177//279 183//279 32//279
f 184//280 182//280 26//280
f 185//281 181//281 153//281
f 152//282 185//282 153//282
f 166//283 185//283 152//283
f 151//284 166//284 152//284
f 185//285 166//285 181//285
f 167//286 186//286 28//286
f 34//287 155//287 154//287
f 25//288 34//288 154//288
f 103//289 102//289 172//289
f 180//290 172//290 171//290
f 187//291 176//291 110//291
f 170//292 29//292 16//292
f 148//293 166//293 151//293
f 34//294 149//294 155//294
f 188//295 189//295 180//295
f 164//296 188//296 180//296
f 189//297 172//297 180//297
f 187//298 190//298 176//298
f 175//299 188//299 164//299
f 190//300 191//300 176//300
f 191//252 177//252 176//252
f 106//301 192//301 110//301
f 28//302 184//302 26//302
f 166//303 193//303 167//303
f 179//304 194//304 168//304
f 195//305 34//305 168//305
f 194//306 195//306 168//306
f 193//307 186//307 167//307
f 34//308 196//308 149//308
f 196//309 197//309 149//309
f 198//310 199//310 148//310
f 199//311 166//311 148//311
f 199//312 200//312 166//312
f 200//313 201//313 166//313
f 195//314 196//314 34//314
f 192//315 187//315 110//315
f 197//316 150//316 149//316
f 125//317 51//317 124//317
f 50//318 40//318 51//318
f 147//319 198//319 148//319
f 40//320 36//320 41//320
f 36//321 47//321 41//321
f 50//322 36//322 40//322
f 183//323 170//323 169//323
f 188//324 199//324 189//324
f 188//325 200//325 199//325
f 190//326 187//326 196//326
f 187//327 197//327 196//327
f 201//328 200//328 188//328
f 202//329 47//329 36//329
f 44//330 202//330 36//330
f 203//331 179//331 29//331
f 170//332 203//332 29//332
f 203//333 194//333 179//333
f 199//334 198//334 189//334
f 195//335 204//335 190//335
f 196//336 195//336 190//336
f 205//337 188//337 175//337
f 206//338 172//338 189//338
f 198//339 206//339 189//339
f 172//340 207//340 103//340
f 208//341 198//341 147//341
f 206//342 207//342 172//342
f 208//343 206//343 198//343
f 192//344 209//344 187//344
f 209//345 197//345 187//345
f 205//346 201//346 188//346
f 186//347 184//347 28//347
f 166//348 210//348 193//348
f 211//349 195//349 194//349
f 193//350 210//350 186//350
f 146//351 208//351 147//351
f 98//352 192//352 106//352
f 207//353 95//353 103//353
f 194//354 212//354 183//354
f 211//355 204//355 195//355
f 210//356 182//356 193//356
f 203//357 170//357 212//357
f 170//358 183//358 212//358
f 213//359 207//359 206//359
f 208//360 213//360 206//360
f 214//361 150//361 197//361
f 215//362 201//362 205//362
f 215//363 166//363 201//363
f 182//364 216//364 174//364
f 183//365 217//365 212//365
f 217//366 203//366 212//366
f 214//367 145//367 150//367
f 213//368 218//368 207//368
f 219//369 216//369 182//369
f 184//370 219//370 182//370
f 220//371 166//371 215//371
f 218//372 95//372 207//372
f 221//373 210//373 166//373
f 220//374 221//374 166//374
f 203//375 222//375 194//375
f 222//376 211//376 194//376
f 146//377 223//377 208//377
f 209//378 224//378 197//378
f 224//379 214//379 197//379
f 225//380 190//380 204//380
f 225//381 191//381 190//381
f 144//382 223//382 146//382
f 224//383 226//383 214//383
f 226//384 145//384 214//384
f 205//385 227//385 215//385
f 228//386 47//386 229//386
f 202//387 229//387 47//387
f 227//388 230//388 215//388
f 231//389 220//389 215//389
f 230//390 231//390 215//390
f 232//391 191//391 225//391
f 175//392 227//392 205//392
f 233//393 227//393 175//393
f 174//394 233//394 175//394
f 232//395 234//395 191//395
f 234//396 177//396 191//396
f 235//397 236//397 203//397
f 217//398 235//398 203//398
f 223//399 213//399 208//399
f 237//400 238//400 186//400
f 192//401 239//401 209//401
f 239//402 240//402 209//402
f 240//403 224//403 209//403
f 202//404 241//404 229//404
f 240//405 226//405 224//405
f 242//406 225//406 204//406
f 227//407 218//407 213//407
f 223//408 227//408 213//408
f 233//409 218//409 227//409
f 223//410 230//410 227//410
f 231//411 230//411 223//411
f 225//412 242//412 226//412
f 240//413 225//413 226//413
f 239//414 225//414 240//414
f 239//415 232//415 225//415
f 186//416 219//416 184//416
f 231//417 221//417 220//417
f 211//418 242//418 204//418
f 243//419 210//419 221//419
f 222//420 244//420 211//420
f 228//421 245//421 47//421
f 245//422 48//422 47//422
f 246//423 192//423 98//423
f 218//424 104//424 95//424
f 144//425 247//425 223//425
f 223//426 248//426 231//426
f 248//427 249//427 231//427
f 249//428 250//428 231//428
f 250//429 221//429 231//429
f 251//430 252//430 242//430
f 252//431 226//431 242//431
f 211//432 251//432 242//432
f 252//433 253//433 226//433
f 247//434 248//434 223//434
f 234//435 217//435 183//435
f 107//436 246//436 98//436
f 210//437 243//437 186//437
f 243//438 237//438 186//438
f 244//439 222//439 203//439
f 236//440 244//440 203//440
f 254//441 233//441 174//441
f 238//442 219//442 186//442
f 247//443 249//443 248//443
f 216//444 254//444 174//444
f 234//445 183//445 177//445
f 241//446 228//446 229//446
f 246//447 239//447 192//447
f 255//448 256//448 218//448
f 233//449 255//449 218//449
f 246//450 232//450 239//450
f 254//451 255//451 233//451
f 246//452 257//452 232//452
f 257//453 234//453 232//453
f 249//454 258//454 250//454
f 258//455 259//455 250//455
f 260//456 261//456 251//456
f 261//457 252//457 251//457
f 211//458 260//458 251//458
f 250//459 262//459 221//459
f 262//460 263//460 221//460
f 263//461 243//461 221//461
f 244//462 264//462 211//462
f 264//463 260//463 211//463
f 261//464 253//464 252//464
f 247//465 258//465 249//465
f 236//466 265//466 244//466
f 266//467 267//467 259//467
f 258//468 268//468 259//468
f 268//469 266//469 259//469
f 267//470 250//470 259//470
f 264//471 269//471 260//471
f 269//472 261//472 260//472
f 247//473 268//473 258//473
f 247//474 266//474 268//474
f 219//475 254//475 216//475
f 238//476 254//476 219//476
f 234//477 235//477 217//477
f 270//478 88//478 77//478
f 145//479 246//479 107//479
f 142//480 145//480 107//480
f 266//481 271//481 267//481
f 272//482 104//482 218//482
f 256//483 272//483 218//483
f 269//484 253//484 261//484
f 247//485 273//485 266//485
f 273//486 271//486 266//486
f 267//487 274//487 250//487
f 274//488 262//488 250//488
f 244//489 275//489 264//489
f 131//490 55//490 61//490
f 63//491 49//491 130//491
f 61//492 67//492 131//492
f 276//493 277//493 256//493
f 255//494 276//494 256//494
f 278//495 257//495 246//495
f 279//496 276//496 255//496
f 254//497 279//497 255//497
f 278//498 280//498 257//498
f 280//499 234//499 257//499
f 243//500 263//500 237//500
f 281//501 282//501 267//501
f 271//502 281//502 267//502
f 283//503 284//503 264//503
f 284//504 285//504 264//504
f 285//505 286//505 264//505
f 286//506 269//506 264//506
f 287//507 288//507 271//507
f 273//508 287//508 271//508
f 286//509 288//509 269//509
f 289//510 281//510 271//510
f 288//511 289//511 271//511
f 290//512 288//512 286//512
f 281//513 291//513 282//513
f 288//514 287//514 269//514
f 287//515 253//515 269//515
f 63//516 130//516 132//516
f 292//517 128//517 130//517
f 293//518 253//518 287//518
f 63//519 292//519 130//519
f 99//520 142//520 107//520
f 294//521 246//521 145//521
f 267//522 282//522 283//522
f 264//523 267//523 283//523
f 282//524 291//524 283//524
f 291//525 284//525 283//525
f 295//526 274//526 267//526
f 275//527 267//527 264//527
f 290//528 289//528 288//528
f 132//529 292//529 63//529
f 137//530 296//530 138//530
f 139//531 270//531 136//531
f 92//532 83//532 82//532
f 296//533 92//533 82//533
f 297//534 105//534 104//534
f 272//535 297//535 104//535
f 275//536 295//536 267//536
f 263//537 298//537 237//537
f 256//538 277//538 273//538
f 143//539 297//539 144//539
f 99//540 294//540 142//540
f 235//541 299//541 265//541
f 143//542 247//542 144//542
f 281//543 289//543 277//543
f 276//544 281//544 277//544
f 286//545 280//545 278//545
f 279//546 281//546 276//546
f 286//547 285//547 280//547
f 300//548 234//548 280//548
f 285//549 300//549 280//549
f 226//550 142//550 145//550
f 142//551 294//551 145//551
f 129//552 133//552 131//552
f 253//553 142//553 226//553
f 67//554 55//554 131//554
f 238//555 301//555 254//555
f 299//556 235//556 234//556
f 263//557 301//557 298//557
f 125//558 126//558 241//558
f 127//559 125//559 241//559
f 302//560 133//560 129//560
f 303//561 128//561 292//561
f 132//562 303//562 292//562
f 302//563 135//563 133//563
f 134//564 303//564 132//564
f 304//565 135//565 302//565
f 304//566 137//566 135//566
f 136//567 303//567 134//567
f 305//568 137//568 304//568
f 136//569 306//569 303//569
f 305//570 138//570 137//570
f 139//571 306//571 136//571
f 305//572 141//572 138//572
f 140//573 306//573 139//573
f 143//574 141//574 305//574
f 142//575 306//575 140//575
f 142//576 307//576 306//576
f 273//577 247//577 143//577
f 253//578 307//578 142//578
f 253//579 293//579 307//579
f 293//580 287//580 273//580
f 262//581 298//581 263//581
f 265//582 275//582 244//582
f 272//583 105//583 297//583
f 49//584 70//584 63//584
f 67//585 56//585 55//585
f 273//586 272//586 256//586
f 290//587 286//587 278//587
f 308//588 291//588 281//588
f 309//589 308//589 281//589
f 279//590 309//590 281//590
f 284//591 308//591 285//591
f 309//592 300//592 285//592
f 308//593 309//593 285//593
f 289//594 273//594 277//594
f 290//595 278//595 246//595
f 310//596 236//596 235//596
f 299//597 310//597 235//597
f 128//598 228//598 126//598
f 228//599 241//599 126//599
f 241//600 44//600 127//600
f 44//601 129//601 127//601
f 303//602 228//602 128//602
f 44//603 75//603 129//603
f 75//604 302//604 129//604
f 75//605 304//605 302//605
f 75//606 83//606 304//606
f 83//607 305//607 304//607
f 306//608 70//608 303//608
f 83//609 92//609 305//609
f 92//610 143//610 305//610
f 307//611 99//611 306//611
f 294//612 290//612 246//612
f 291//613 308//613 284//613
f 290//614 273//614 289//614
f 298//615 311//615 237//615
f 311//616 238//616 237//616
f 44//617 241//617 202//617
f 228//618 48//618 245//618
f 228//619 49//619 48//619
f 75//620 44//620 56//620
f 303//621 49//621 228//621
f 67//622 75//622 56//622
f 303//623 70//623 49//623
f 306//624 77//624 70//624
f 306//625 88//625 77//625
f 306//626 94//626 88//626
f 99//627 94//627 306//627
f 97//628 143//628 92//628
f 105//629 143//629 97//629
f 105//630 273//630 143//630
f 294//631 99//631 307//631
f 272//632 273//632 105//632
f 290//633 294//633 307//633
f 293//634 290//634 307//634
f 273//635 290//635 293//635
f 236//636 275//636 265//636
f 274//637 298//637 262//637
f 301//638 279//638 254//638
f 300//639 299//639 234//639
f 311//640 301//640 238//640
f 311//641 279//641 301//641
f 274//642 295//642 298//642
f 295//643 311//643 298//643
f 312//644 275//644 236//644
f 312//645 311//645 295//645
f 295//646 313//646 312//646
f 313//647 275//647 312//647
f 312//648 314//648 311//648
f 310//649 312//649 236//649
f 300//650 310//650 299//650
f 309//651 315//651 300//651
f 315//652 310//652 300//652
f 314//653 279//653 311//653
f 315//654 312//654 310//654
f 295//655 275//655 313//655
f 315//656 314//656 312//656
f 313//657 309//657 279//657
f 314//658 313//658 279//658
f 315//659 313//659 314//659
f 315//660 309//660 313//660
f 316//661 317//661 318//661
f 319//662 320//662 317//662
f 316//663 321//663 317//663
f 320//664 322//664 318//664
f 322//665 316//665 318//665
f 323//666 319//666 317//666
f 321//667 323//667 317//667
f 324//668 325//668 322//668
f 325//669 316//669 322//669
f 326//670 319//670 323//670
f 324//671 327//671 325//671
f 328//672 316//672 325//672
f 327//673 329//673 325//673
f 330//674 326//674 323//674
f 331//675 332//675 325//675
f 329//676 331//676 325//676
f 332//677 328//677 325//677
f 333//678 330//678 323//678
f 334//679 333//679 323//679
f 321//672 334//672 323//672
f 331//680 335//680 332//680
f 336//681 321//681 316//681
f 336//682 337//682 321//682
f 328//683 338//683 316//683
f 338//684 336//684 316//684
f 337//685 334//685 321//685
f 339//686 338//686 328//686
f 340//672 341//672 334//672
f 341//687 333//687 334//687
f 337//688 342//688 334//688
f 342//689 340//689 334//689
f 332//690 343//690 328//690
f 343//672 344//672 328//672
f 344//691 345//691 328//691
f 345//692 339//692 328//692
f 341//693 346//693 333//693
f 347//694 341//694 340//694
f 342//695 348//695 340//695
f 349//672 350//672 340//672
f 350//696 347//696 340//696
f 348//697 349//697 340//697
f 343//672 351//672 344//672
f 351//672 349//672 344//672
f 349//698 342//698 344//698
f 342//699 345//699 344//699
f 351//672 350//672 349//672
f 348//700 342//700 349//700
f 335//701 343//701 332//701
f 335//702 352//702 343//702
f 347//703 346//703 341//703
f 352//704 353//704 343//704
f 353//705 354//705 343//705
f 350//706 355//706 347//706
f 354//707 351//707 343//707
f 351//708 356//708 350//708
f 356//709 355//709 350//709
f 354//710 356//710 351//710
f 317//711 320//711 318//711
f 346//712 357//712 333//712
f 355//713 346//713 347//713
f 319//714 324//714 320//714
f 324//715 322//715 320//715
f 330//716 319//716 326//716
f 324//717 329//717 327//717
f 357//718 330//718 333//718
f 329//719 358//719 331//719
f 358//720 352//720 331//720
f 352//721 335//721 331//721
f 346//722 359//722 357//722
f 354//723 353//723 352//723
f 355//724 359//724 346//724
f 356//725 354//725 355//725
f 324//726 360//726 361//726
f 360//727 362//727 361//727
f 324//728 319//728 360//728
f 363//729 362//729 360//729
f 364//730 363//730 360//730
f 319//731 364//731 360//731
f 362//732 365//732 361//732
f 366//733 364//733 319//733
f 364//734 324//734 361//734
f 365//735 364//735 361//735
f 367//736 366//736 319//736
f 368//737 369//737 324//737
f 364//738 368//738 324//738
f 330//739 367//739 319//739
f 368//740 370//740 369//740
f 329//741 324//741 369//741
f 370//742 329//742 369//742
f 371//743 367//743 330//743
f 372//744 371//744 330//744
f 373//745 374//745 329//745
f 370//746 373//746 329//746
f 330//747 357//747 372//747
f 375//748 371//748 372//748
f 357//749 375//749 372//749
f 358//750 329//750 374//750
f 376//751 375//751 357//751
f 377//752 358//752 374//752
f 373//753 377//753 374//753
f 377//754 378//754 358//754
f 379//755 376//755 357//755
f 379//756 375//756 376//756
f 378//757 352//757 358//757
f 359//758 379//758 357//758
f 380//759 375//759 379//759
f 381//760 354//760 352//760
f 382//761 381//761 352//761
f 378//762 382//762 352//762
f 383//763 380//763 379//763
f 359//764 383//764 379//764
f 384//765 354//765 381//765
f 385//766 384//766 381//766
f 386//767 385//767 381//767
f 382//768 386//768 381//768
f 387//769 383//769 359//769
f 382//770 354//770 384//770
f 386//771 382//771 384//771
f 385//772 386//772 384//772
f 354//773 388//773 355//773
f 355//774 387//774 359//774
f 389//775 388//775 354//775
f 382//776 389//776 354//776
f 388//777 390//777 355//777
f 390//778 387//778 355//778
f 391//779 387//779 390//779
f 392//780 391//780 390//780
f 392//781 390//781 388//781
f 389//782 392//782 388//782
f 363//783 365//783 362//783
f 389//784 391//784 392//784
f 373//785 378//785 377//785
f 364//672 365//672 363//672
f 366//786 336//786 364//786
f 336//787 393//787 364//787
f 393//788 368//788 364//788
f 336//789 368//789 393//789
f 336//790 370//790 368//790
f 367//791 336//791 366//791
f 337//792 336//792 367//792
f 371//793 337//793 367//793
f 373//794 370//794 336//794
f 375//795 337//795 371//795
f 375//796 342//796 337//796
f 338//672 339//672 336//672
f 339//672 382//672 336//672
f 378//797 373//797 336//797
f 382//786 378//786 336//786
f 345//786 382//786 339//786
f 342//786 382//786 345//786
f 380//798 342//798 375//798
f 391//786 382//786 342//786
f 383//799 342//799 380//799
f 387//800 391//800 342//800
f 383//801 387//801 342//801
f 389//802 394//802 382//802
f 391//803 389//803 382//803
f 318//804 395//804 396//804
f 397//805 318//805 396//805
f 398//672 397//672 396//672
f 399//806 400//806 397//806
f 400//807 318//807 397//807
f 401//672 399//672 397//672
f 398//672 401//672 397//672
f 395//808 402//808 396//808
f 402//808 403//808 396//808
f 403//672 398//672 396//672
f 404//809 405//809 399//809
f 405//810 400//810 399//810
f 401//672 404//672 399//672
f 402//811 406//811 403//811
f 406//811 407//811 403//811
f 407//672 398//672 403//672
f 408//812 409//812 404//812
f 409//809 405//809 404//809
f 410//672 408//672 404//672
f 401//672 410//672 404//672
f 406//813 411//813 407//813
f 411//813 412//813 407//813
f 413//672 398//672 407//672
f 412//672 413//672 407//672
f 414//814 415//814 408//814
f 415//812 409//812 408//812
f 410//672 414//672 408//672
f 411//815 416//815 412//815
f 416//815 417//815 412//815
f 417//672 413//672 412//672
f 418//816 419//816 414//816
f 419//814 415//814 414//814
f 420//672 418//672 414//672
f 410//672 420//672 414//672
f 416//817 421//817 417//817
f 421//817 422//817 417//817
f 423//672 413//672 417//672
f 422//672 423//672 417//672
f 424//818 425//818 418//818
f 425//816 419//816 418//816
f 420//672 424//672 418//672
f 421//819 426//819 422//819
f 426//819 427//819 422//819
f 427//672 423//672 422//672
f 428//820 429//820 424//820
f 429//818 425//818 424//818
f 420//672 428//672 424//672
f 426//821 430//821 427//821
f 430//821 431//821 427//821
f 431//672 423//672 427//672
f 432//822 433//822 428//822
f 433//820 429//820 428//820
f 434//672 432//672 428//672
f 420//672 434//672 428//672
f 430//823 435//823 431//823
f 435//823 436//823 431//823
f 437//672 423//672 431//672
f 436//672 437//672 431//672
f 438//824 401//824 398//824
f 316//825 438//825 398//825
f 438//826 439//826 401//826
f 439//827 410//827 401//827
f 413//828 440//828 398//828
f 440//829 316//829 398//829
f 441//830 420//830 410//830
f 439//831 441//831 410//831
f 423//832 442//832 413//832
f 442//833 440//833 413//833
f 441//834 443//834 420//834
f 443//835 444//835 420//835
f 444//836 434//836 420//836
f 437//837 445//837 423//837
f 445//838 442//838 423//838
f 446//839 447//839 432//839
f 447//822 433//822 432//822
f 434//672 446//672 432//672
f 444//840 448//840 434//840
f 448//841 449//841 434//841
f 449//672 446//672 434//672
f 450//842 451//842 437//842
f 451//843 445//843 437//843
f 436//672 452//672 437//672
f 452//672 450//672 437//672
f 435//844 453//844 436//844
f 453//844 452//844 436//844
f 448//845 454//845 449//845
f 454//846 455//846 449//846
f 456//672 446//672 449//672
f 455//672 457//672 449//672
f 457//672 458//672 449//672
f 458//672 456//672 449//672
f 459//847 451//847 450//847
f 460//672 461//672 450//672
f 461//672 459//672 450//672
f 452//672 462//672 450//672
f 462//672 460//672 450//672
f 454//848 349//848 455//848
f 349//849 463//849 455//849
f 463//672 464//672 455//672
f 464//672 465//672 455//672
f 465//672 457//672 455//672
f 466//850 467//850 459//850
f 463//851 466//851 459//851
f 467//852 451//852 459//852
f 461//672 468//672 459//672
f 468//672 469//672 459//672
f 469//672 463//672 459//672
f 470//672 471//672 463//672
f 471//672 464//672 463//672
f 349//853 466//853 463//853
f 469//672 472//672 463//672
f 472//672 473//672 463//672
f 473//672 470//672 463//672
f 456//854 474//854 446//854
f 474//839 447//839 446//839
f 453//855 475//855 452//855
f 475//855 462//855 452//855
f 458//856 476//856 456//856
f 476//854 474//854 456//854
f 475//857 477//857 462//857
f 477//857 460//857 462//857
f 457//858 478//858 458//858
f 478//856 476//856 458//856
f 477//859 479//859 460//859
f 479//859 461//859 460//859
f 465//860 480//860 457//860
f 480//858 478//858 457//858
f 479//861 481//861 461//861
f 481//861 468//861 461//861
f 464//862 482//862 465//862
f 482//860 480//860 465//860
f 481//863 483//863 468//863
f 483//863 469//863 468//863
f 471//864 484//864 464//864
f 484//862 482//862 464//862
f 483//865 485//865 469//865
f 485//865 472//865 469//865
f 470//866 486//866 471//866
f 486//864 484//864 471//864
f 485//867 351//867 472//867
f 351//868 473//868 472//868
f 487//866 486//866 470//866
f 351//869 470//869 473//869
f 351//870 487//870 470//870
f 316//871 395//871 318//871
f 400//872 438//872 318//872
f 438//786 316//786 318//786
f 405//786 439//786 400//786
f 439//786 438//786 400//786
f 316//786 402//786 395//786
f 409//786 439//786 405//786
f 316//786 440//786 402//786
f 440//786 406//786 402//786
f 415//786 439//786 409//786
f 440//786 442//786 406//786
f 442//786 411//786 406//786
f 419//786 439//786 415//786
f 442//786 416//786 411//786
f 425//786 441//786 419//786
f 441//786 439//786 419//786
f 442//786 421//786 416//786
f 429//786 443//786 425//786
f 443//786 441//786 425//786
f 442//786 426//786 421//786
f 433//786 444//786 429//786
f 444//786 443//786 429//786
f 442//786 445//786 426//786
f 445//786 430//786 426//786
f 447//786 448//786 433//786
f 448//786 444//786 433//786
f 445//786 451//786 430//786
f 451//786 435//786 430//786
f 453//786 435//786 451//786
f 474//786 448//786 447//786
f 475//786 453//786 451//786
f 474//786 476//786 448//786
f 477//786 475//786 451//786
f 476//786 478//786 448//786
f 478//786 454//786 448//786
f 479//786 477//786 451//786
f 480//786 349//786 454//786
f 478//786 480//786 454//786
f 481//786 479//786 451//786
f 467//786 481//786 451//786
f 483//786 481//786 467//786
f 480//786 482//786 349//786
f 482//786 484//786 349//786
f 485//786 483//786 467//786
f 466//786 485//786 467//786
f 484//786 486//786 349//786
f 349//786 485//786 466//786
f 351//786 485//786 349//786
f 486//786 487//786 349//786
f 487//786 351//786 349//786
f 488//873 489//873 490//873
f 491//874 492//874 490//874
f 492//875 488//875 490//875
f 493//876 494//876 492//876
f 495//877 496//877 493//877
f 489//878 497//878 498//878
f 499//879 500//879 498//879
f 497//880 499//880 498//880
f 499//881 501//881 500//881
f 501//882 502//882 500//882
f 501//883 503//883 502//883
f 503//884 504//884 502//884
f 504//885 505//885 502//885
f 505//886 506//886 502//886
f 504//887 507//887 505//887
f 507//888 508//888 505//888
f 508//889 509//889 505//889
f 509//890 510//890 505//890
f 510//891 511//891 505//891
f 512//892 513//892 509//892
f 514//893 509//893 513//893
f 494//894 488//894 492//894
f 515//895 516//895 495//895
f 516//896 517//896 495//896
f 517//897 496//897 495//897
f 488//898 518//898 489//898
f 518//899 497//899 489//899
f 519//900 513//900 512//900
f 494//901 520//901 488//901
f 493//902 496//902 494//902
f 521//903 522//903 497//903
f 518//904 521//904 497//904
f 523//905 524//905 518//905
f 525//906 523//906 518//906
f 526//907 503//907 501//907
f 527//908 512//908 509//908
f 528//909 499//909 529//909
f 530//910 528//910 529//910
f 528//911 501//911 499//911
f 531//912 530//912 529//912
f 528//913 526//913 501//913
f 497//914 529//914 499//914
f 532//915 503//915 526//915
f 531//916 529//916 497//916
f 522//917 531//917 497//917
f 533//918 525//918 518//918
f 488//919 533//919 518//919
f 532//920 504//920 503//920
f 534//921 533//921 488//921
f 520//922 534//922 488//922
f 535//923 509//923 508//923
f 536//924 534//924 520//924
f 537//925 536//925 520//925
f 535//926 527//926 509//926
f 494//927 537//927 520//927
f 538//928 537//928 494//928
f 527//929 539//929 512//929
f 540//930 538//930 494//930
f 539//931 519//931 512//931
f 524//932 521//932 518//932
f 523//933 541//933 524//933
f 541//934 521//934 524//934
f 496//935 517//935 494//935
f 517//936 540//936 494//936
f 542//937 507//937 504//937
f 525//938 541//938 523//938
f 542//939 508//939 507//939
f 533//940 541//940 525//940
f 543//941 491//941 490//941
f 544//942 543//942 490//942
f 489//943 544//943 490//943
f 545//944 493//944 492//944
f 491//945 545//945 492//945
f 545//946 495//946 493//946
f 544//947 489//947 498//947
f 546//948 544//948 498//948
f 547//949 546//949 498//949
f 500//950 547//950 498//950
f 502//951 547//951 500//951
f 502//952 548//952 547//952
f 506//953 548//953 502//953
f 505//954 511//954 506//954
f 510//955 549//955 511//955
f 514//956 549//956 510//956
f 509//957 514//957 510//957
f 513//958 550//958 514//958
f 513//959 551//959 550//959
f 545//960 552//960 495//960
f 552//961 553//961 495//961
f 550//962 549//962 514//962
f 554//963 545//963 491//963
f 543//964 554//964 491//964
f 555//965 556//965 554//965
f 554//966 552//966 545//966
f 556//967 552//967 554//967
f 546//968 543//968 544//968
f 555//969 554//969 543//969
f 557//970 555//970 543//970
f 546//971 557//971 543//971
f 558//972 557//972 546//972
f 559//973 546//973 547//973
f 559//974 560//974 546//974
f 560//975 561//975 546//975
f 548//976 559//976 547//976
f 506//977 559//977 548//977
f 511//978 562//978 506//978
f 562//979 559//979 506//979
f 562//980 563//980 559//980
f 549//981 562//981 511//981
f 550//982 562//982 549//982
f 550//983 563//983 562//983
f 561//984 558//984 546//984
f 530//985 564//985 528//985
f 565//986 553//986 566//986
f 567//987 565//987 566//987
f 568//988 567//988 566//988
f 556//672 568//672 566//672
f 553//989 556//989 566//989
f 565//990 569//990 553//990
f 552//991 556//991 553//991
f 570//992 568//992 571//992
f 572//993 570//993 571//993
f 557//994 572//994 571//994
f 555//672 557//672 571//672
f 568//672 555//672 571//672
f 570//992 567//992 568//992
f 556//672 555//672 568//672
f 573//995 572//995 557//995
f 558//996 573//996 557//996
f 574//997 561//997 560//997
f 575//998 574//998 560//998
f 576//999 575//999 560//999
f 559//1000 576//1000 560//1000
f 577//1001 575//1001 576//1001
f 578//1001 577//1001 576//1001
f 559//1002 578//1002 576//1002
f 563//1003 578//1003 559//1003
f 579//1004 577//1004 578//1004
f 580//1004 579//1004 578//1004
f 563//672 580//672 578//672
f 581//1005 579//1005 580//1005
f 582//1006 581//1006 580//1006
f 563//1007 582//1007 580//1007
f 550//1008 582//1008 563//1008
f 583//1009 495//1009 553//1009
f 558//1010 561//1010 573//1010
f 584//1011 528//1011 530//1011
f 531//912 584//912 530//912
f 584//1012 526//1012 528//1012
f 585//1013 513//1013 519//1013
f 574//1014 573//1014 561//1014
f 515//1015 495//1015 583//1015
f 586//1016 587//1016 513//1016
f 585//1017 586//1017 513//1017
f 588//1018 589//1018 590//1018
f 591//1019 592//1019 590//1019
f 592//1020 588//1020 590//1020
f 593//1021 517//1021 516//1021
f 594//1022 595//1022 516//1022
f 596//1023 516//1023 595//1023
f 597//1024 516//1024 596//1024
f 594//1025 598//1025 595//1025
f 598//1026 599//1026 595//1026
f 599//786 596//786 595//786
f 600//1027 597//1027 596//1027
f 599//786 589//786 596//786
f 589//1028 588//1028 596//1028
f 588//1029 600//1029 596//1029
f 601//1030 602//1030 599//1030
f 598//1031 601//1031 599//1031
f 603//1032 590//1032 599//1032
f 602//1033 603//1033 599//1033
f 590//786 589//786 599//786
f 603//1034 604//1034 590//1034
f 604//1035 591//1035 590//1035
f 605//1036 587//1036 586//1036
f 585//1037 606//1037 586//1037
f 607//1038 608//1038 605//1038
f 608//1039 587//1039 605//1039
f 586//1040 609//1040 605//1040
f 610//1041 611//1041 605//1041
f 611//1042 607//1042 605//1042
f 609//1043 610//1043 605//1043
f 612//1044 610//1044 609//1044
f 606//1045 613//1045 609//1045
f 613//1046 612//1046 609//1046
f 614//1047 615//1047 610//1047
f 615//1048 611//1048 610//1048
f 612//1049 614//1049 610//1049
f 616//1050 614//1050 612//1050
f 613//1051 617//1051 612//1051
f 617//1052 616//1052 612//1052
f 616//1053 618//1053 614//1053
f 617//1054 618//1054 616//1054
f 619//1055 614//1055 618//1055
f 586//1056 606//1056 609//1056
f 597//1057 593//1057 516//1057
f 593//1058 540//1058 517//1058
f 551//1059 582//1059 550//1059
f 620//1060 621//1060 594//1060
f 622//1061 598//1061 594//1061
f 623//1062 622//1062 594//1062
f 621//1063 623//1063 594//1063
f 622//1064 624//1064 598//1064
f 624//1065 625//1065 598//1065
f 626//1066 601//1066 598//1066
f 625//1067 626//1067 598//1067
f 627//1068 628//1068 601//1068
f 628//1069 602//1069 601//1069
f 629//1070 630//1070 603//1070
f 631//1071 591//1071 604//1071
f 632//1072 631//1072 604//1072
f 633//1073 634//1073 631//1073
f 634//1074 635//1074 631//1074
f 635//1075 591//1075 631//1075
f 636//1076 637//1076 631//1076
f 637//1077 633//1077 631//1077
f 638//1078 636//1078 631//1078
f 632//1079 638//1079 631//1079
f 637//1078 634//1078 633//1078
f 594//1080 639//1080 620//1080
f 640//1081 623//1081 621//1081
f 641//1078 626//1078 625//1078
f 601//1082 642//1082 627//1082
f 642//1083 643//1083 627//1083
f 643//1083 628//1083 627//1083
f 603//1084 644//1084 629//1084
f 645//1085 603//1085 630//1085
f 604//1082 646//1082 632//1082
f 646//1086 638//1086 632//1086
f 643//1078 647//1078 628//1078
f 647//1078 602//1078 628//1078
f 648//1087 607//1087 649//1087
f 607//1088 650//1088 649//1088
f 607//1089 651//1089 650//1089
f 587//1090 551//1090 513//1090
f 652//1082 653//1082 654//1082
f 653//1082 655//1082 654//1082
f 655//1091 611//1091 654//1091
f 656//1092 652//1092 654//1092
f 611//1093 656//1093 654//1093
f 657//1094 652//1094 656//1094
f 658//1078 659//1078 656//1078
f 611//1095 658//1095 656//1095
f 659//1078 657//1078 656//1078
f 660//1096 615//1096 661//1096
f 662//1082 663//1082 661//1082
f 663//1082 660//1082 661//1082
f 615//786 664//786 661//786
f 664//1092 662//1092 661//1092
f 615//1078 665//1078 664//1078
f 665//1092 662//1092 664//1092
f 611//1097 651//1097 607//1097
f 615//1098 658//1098 611//1098
f 666//1099 614//1099 667//1099
f 614//1100 668//1100 667//1100
f 614//1101 669//1101 668//1101
f 669//1102 670//1102 668//1102
f 670//1103 667//1103 668//1103
f 671//1104 614//1104 672//1104
f 673//1082 671//1082 672//1082
f 674//1105 673//1105 672//1105
f 614//1106 675//1106 672//1106
f 676//786 674//786 672//786
f 675//786 676//786 672//786
f 677//1107 673//1107 674//1107
f 676//1078 677//1078 674//1078
f 660//1108 658//1108 615//1108
f 619//1109 675//1109 614//1109
f 678//1110 679//1110 676//1110
f 679//1078 677//1078 676//1078
f 675//786 678//786 676//786
f 680//1111 681//1111 675//1111
f 619//1112 682//1112 675//1112
f 682//1113 680//1113 675//1113
f 681//786 678//786 675//786
f 681//1078 683//1078 678//1078
f 683//1114 679//1114 678//1114
f 680//1115 684//1115 681//1115
f 684//1078 683//1078 681//1078
f 515//1116 594//1116 516//1116
f 685//1117 594//1117 515//1117
f 583//1118 685//1118 515//1118
f 583//1119 639//1119 685//1119
f 639//1120 594//1120 685//1120
f 640//1121 622//1121 623//1121
f 644//1122 603//1122 602//1122
f 645//1123 604//1123 603//1123
f 587//1124 686//1124 551//1124
f 686//1125 687//1125 551//1125
f 608//1126 686//1126 587//1126
f 608//1127 648//1127 686//1127
f 648//1128 687//1128 686//1128
f 607//1129 648//1129 608//1129
f 611//1130 655//1130 651//1130
f 655//1131 688//1131 651//1131
f 688//1078 650//1078 651//1078
f 653//1132 688//1132 655//1132
f 660//1133 659//1133 658//1133
f 666//1134 689//1134 615//1134
f 689//1135 690//1135 615//1135
f 690//1136 691//1136 615//1136
f 691//1078 692//1078 615//1078
f 692//1078 693//1078 615//1078
f 693//1078 694//1078 615//1078
f 694//1078 665//1078 615//1078
f 614//1137 666//1137 615//1137
f 671//1138 669//1138 614//1138
f 622//1139 640//1139 695//1139
f 696//1140 697//1140 640//1140
f 697//1141 698//1141 640//1141
f 621//1142 696//1142 640//1142
f 695//1082 699//1082 622//1082
f 699//1082 700//1082 622//1082
f 700//1082 624//1082 622//1082
f 701//1078 702//1078 688//1078
f 702//1078 650//1078 688//1078
f 703//1143 701//1143 688//1143
f 704//1144 703//1144 688//1144
f 705//1145 688//1145 653//1145
f 706//1146 705//1146 653//1146
f 652//1082 707//1082 653//1082
f 707//1082 706//1082 653//1082
f 705//1147 704//1147 688//1147
f 660//1148 663//1148 659//1148
f 619//1149 708//1149 682//1149
f 618//1150 708//1150 619//1150
f 641//1151 601//1151 626//1151
f 592//1152 709//1152 588//1152
f 647//1153 644//1153 602//1153
f 635//1154 592//1154 591//1154
f 583//1155 553//1155 569//1155
f 551//1156 581//1156 582//1156
f 650//1157 710//1157 649//1157
f 710//1082 648//1082 649//1082
f 702//1158 710//1158 650//1158
f 567//786 711//786 565//786
f 569//872 565//872 712//872
f 565//1159 713//1159 712//1159
f 583//1160 569//1160 712//1160
f 714//1161 583//1161 712//1161
f 713//1162 714//1162 712//1162
f 714//1163 715//1163 583//1163
f 711//786 567//786 570//786
f 572//786 711//786 570//786
f 716//1164 565//1164 711//1164
f 716//1165 713//1165 565//1165
f 717//786 711//786 572//786
f 573//1166 717//1166 572//1166
f 718//1167 719//1167 711//1167
f 717//1168 718//1168 711//1168
f 719//1169 716//1169 711//1169
f 717//1170 573//1170 574//1170
f 575//1171 717//1171 574//1171
f 720//1172 718//1172 717//1172
f 720//1173 717//1173 575//1173
f 577//1174 720//1174 575//1174
f 577//1175 721//1175 720//1175
f 579//1176 721//1176 577//1176
f 579//1177 722//1177 721//1177
f 581//1178 722//1178 579//1178
f 581//1179 723//1179 722//1179
f 581//1180 551//1180 723//1180
f 715//1181 724//1181 583//1181
f 724//1182 639//1182 583//1182
f 725//1183 695//1183 640//1183
f 726//1184 727//1184 728//1184
f 727//1185 729//1185 728//1185
f 730//1186 731//1186 732//1186
f 669//1187 730//1187 732//1187
f 731//1188 733//1188 732//1188
f 726//1189 646//1189 604//1189
f 645//1190 726//1190 604//1190
f 730//1191 669//1191 671//1191
f 734//1192 726//1192 728//1192
f 700//1193 735//1193 624//1193
f 735//1194 625//1194 624//1194
f 735//1078 641//1078 625//1078
f 601//1082 736//1082 642//1082
f 630//1195 727//1195 645//1195
f 727//1196 726//1196 645//1196
f 737//1197 606//1197 585//1197
f 738//1198 737//1198 585//1198
f 739//1199 715//1199 740//1199
f 741//1200 739//1200 740//1200
f 742//1200 741//1200 740//1200
f 713//672 742//672 740//672
f 715//1201 713//1201 740//1201
f 739//1202 743//1202 715//1202
f 714//1203 713//1203 715//1203
f 744//1204 742//1204 745//1204
f 746//1205 744//1205 745//1205
f 719//1206 746//1206 745//1206
f 716//1207 719//1207 745//1207
f 713//672 716//672 745//672
f 742//672 713//672 745//672
f 744//1204 741//1204 742//1204
f 747//1208 748//1208 719//1208
f 748//1209 746//1209 719//1209
f 719//1210 718//1210 747//1210
f 749//1211 750//1211 747//1211
f 751//1212 749//1212 747//1212
f 718//1213 751//1213 747//1213
f 720//1214 751//1214 718//1214
f 752//1215 749//1215 751//1215
f 753//1215 752//1215 751//1215
f 720//1216 753//1216 751//1216
f 754//1217 752//1217 753//1217
f 755//1217 754//1217 753//1217
f 720//1218 755//1218 753//1218
f 721//1219 755//1219 720//1219
f 722//1220 756//1220 721//1220
f 756//1221 755//1221 721//1221
f 757//1222 754//1222 755//1222
f 756//1222 757//1222 755//1222
f 758//1223 757//1223 756//1223
f 759//1224 758//1224 756//1224
f 722//1225 759//1225 756//1225
f 723//1226 759//1226 722//1226
f 723//1227 551//1227 759//1227
f 737//1228 613//1228 606//1228
f 760//1229 588//1229 709//1229
f 761//1230 747//1230 762//1230
f 617//1231 763//1231 618//1231
f 588//1232 764//1232 600//1232
f 765//1233 617//1233 613//1233
f 760//1234 764//1234 588//1234
f 727//1235 766//1235 729//1235
f 767//1236 734//1236 728//1236
f 729//1237 767//1237 728//1237
f 644//1082 768//1082 629//1082
f 768//1238 769//1238 629//1238
f 769//1239 630//1239 629//1239
f 770//1240 727//1240 630//1240
f 769//870 770//870 630//870
f 771//1241 638//1241 646//1241
f 771//1078 636//1078 638//1078
f 772//1146 666//1146 667//1146
f 670//1242 772//1242 667//1242
f 669//1243 773//1243 670//1243
f 774//1082 671//1082 673//1082
f 687//1244 759//1244 551//1244
f 775//1245 585//1245 519//1245
f 539//1246 775//1246 519//1246
f 760//1247 776//1247 729//1247
f 617//1248 765//1248 777//1248
f 765//1249 778//1249 777//1249
f 778//1250 733//1250 777//1250
f 761//1251 748//1251 747//1251
f 779//1252 637//1252 636//1252
f 779//1078 780//1078 637//1078
f 780//1078 634//1078 637//1078
f 634//1253 780//1253 635//1253
f 775//1254 738//1254 585//1254
f 764//1255 760//1255 729//1255
f 763//1256 617//1256 777//1256
f 648//1257 781//1257 687//1257
f 727//1258 782//1258 766//1258
f 783//1259 726//1259 767//1259
f 726//1260 734//1260 767//1260
f 784//1261 773//1261 733//1261
f 710//1262 781//1262 648//1262
f 725//1263 699//1263 695//1263
f 760//1264 709//1264 776//1264
f 774//1265 730//1265 671//1265
f 785//1266 764//1266 729//1266
f 786//1267 781//1267 710//1267
f 787//1268 621//1268 620//1268
f 639//1269 788//1269 620//1269
f 788//1270 787//1270 620//1270
f 789//1271 592//1271 635//1271
f 743//1272 790//1272 715//1272
f 597//1273 791//1273 593//1273
f 792//1274 777//1274 778//1274
f 793//1275 791//1275 597//1275
f 730//1276 794//1276 731//1276
f 765//1277 792//1277 778//1277
f 792//1278 763//1278 777//1278
f 795//1279 613//1279 737//1279
f 600//1280 793//1280 597//1280
f 796//1281 784//1281 733//1281
f 731//1282 796//1282 733//1282
f 733//1283 669//1283 732//1283
f 531//1284 797//1284 584//1284
f 797//1285 798//1285 584//1285
f 797//1286 761//1286 798//1286
f 766//1287 767//1287 729//1287
f 795//1288 799//1288 613//1288
f 799//1289 765//1289 613//1289
f 764//1290 793//1290 600//1290
f 800//1291 641//1291 735//1291
f 736//1292 801//1292 642//1292
f 801//1293 802//1293 642//1293
f 802//1294 803//1294 642//1294
f 803//1295 643//1295 642//1295
f 803//1078 804//1078 643//1078
f 804//1078 647//1078 643//1078
f 657//1296 707//1296 652//1296
f 659//1297 805//1297 657//1297
f 806//1263 807//1263 662//1263
f 808//1262 806//1262 662//1262
f 807//1082 663//1082 662//1082
f 665//1298 808//1298 662//1298
f 694//1299 808//1299 665//1299
f 733//1300 773//1300 669//1300
f 776//1301 785//1301 729//1301
f 809//1302 759//1302 687//1302
f 809//1303 810//1303 759//1303
f 736//1304 601//1304 641//1304
f 709//1305 811//1305 776//1305
f 811//1306 785//1306 776//1306
f 765//1307 799//1307 792//1307
f 812//1308 763//1308 792//1308
f 698//1309 725//1309 640//1309
f 797//1310 526//1310 584//1310
f 794//1311 796//1311 731//1311
f 750//1312 748//1312 747//1312
f 748//1313 762//1313 747//1313
f 811//1314 764//1314 785//1314
f 531//1315 813//1315 797//1315
f 794//1316 730//1316 774//1316
f 814//1317 646//1317 726//1317
f 783//1318 814//1318 726//1318
f 724//1319 715//1319 790//1319
f 770//1320 782//1320 727//1320
f 782//1321 767//1321 766//1321
f 782//1322 783//1322 767//1322
f 815//1323 773//1323 784//1323
f 796//1324 815//1324 784//1324
f 794//1325 815//1325 796//1325
f 644//1263 816//1263 768//1263
f 817//1078 636//1078 771//1078
f 818//1146 666//1146 772//1146
f 773//1326 819//1326 670//1326
f 819//1327 820//1327 670//1327
f 820//1328 772//1328 670//1328
f 821//1269 774//1269 673//1269
f 791//1329 822//1329 593//1329
f 750//1330 746//1330 748//1330
f 748//1331 761//1331 762//1331
f 823//1332 809//1332 687//1332
f 781//1333 823//1333 687//1333
f 702//1334 824//1334 710//1334
f 824//1082 786//1082 710//1082
f 701//1078 825//1078 702//1078
f 825//1335 824//1335 702//1335
f 696//1336 621//1336 787//1336
f 826//1337 696//1337 787//1337
f 788//1338 826//1338 787//1338
f 827//1339 795//1339 737//1339
f 812//1340 799//1340 795//1340
f 828//1341 592//1341 789//1341
f 763//1342 829//1342 618//1342
f 829//1343 708//1343 618//1343
f 810//1344 758//1344 759//1344
f 764//1345 811//1345 793//1345
f 592//1346 811//1346 709//1346
f 817//1347 830//1347 636//1347
f 830//1348 779//1348 636//1348
f 830//1078 831//1078 779//1078
f 831//1078 780//1078 779//1078
f 684//1078 832//1078 683//1078
f 832//1349 679//1349 683//1349
f 812//1350 829//1350 763//1350
f 593//1351 833//1351 540//1351
f 834//1352 735//1352 700//1352
f 835//1353 800//1353 735//1353
f 834//1354 835//1354 735//1354
f 836//1078 804//1078 803//1078
f 837//1355 707//1355 657//1355
f 838//1356 837//1356 657//1356
f 805//1357 838//1357 657//1357
f 780//1358 831//1358 635//1358
f 831//1359 839//1359 635//1359
f 839//1360 789//1360 635//1360
f 840//1361 684//1361 680//1361
f 682//1362 840//1362 680//1362
f 840//1363 841//1363 684//1363
f 841//1078 832//1078 684//1078
f 822//1364 833//1364 593//1364
f 799//1365 812//1365 792//1365
f 738//1366 842//1366 737//1366
f 774//1367 815//1367 794//1367
f 842//1368 827//1368 737//1368
f 782//1369 770//1369 783//1369
f 770//1370 814//1370 783//1370
f 724//1371 788//1371 639//1371
f 815//1372 819//1372 773//1372
f 843//1373 699//1373 725//1373
f 663//1374 805//1374 659//1374
f 698//1375 843//1375 725//1375
f 647//1376 816//1376 644//1376
f 807//1377 805//1377 663//1377
f 844//1378 795//1378 827//1378
f 793//1379 845//1379 791//1379
f 781//1380 786//1380 823//1380
f 846//786 739//786 741//786
f 744//786 846//786 741//786
f 847//786 743//786 739//786
f 846//786 847//786 739//786
f 846//1381 848//1381 847//1381
f 849//1382 743//1382 847//1382
f 848//1162 849//1162 847//1162
f 849//1383 790//1383 743//1383
f 746//1384 846//1384 744//1384
f 850//1385 848//1385 846//1385
f 851//1386 846//1386 746//1386
f 750//1387 851//1387 746//1387
f 852//1388 853//1388 846//1388
f 851//1389 852//1389 846//1389
f 853//1390 850//1390 846//1390
f 749//1391 851//1391 750//1391
f 854//1392 852//1392 851//1392
f 854//1393 851//1393 749//1393
f 752//1394 854//1394 749//1394
f 855//1395 854//1395 752//1395
f 754//1396 855//1396 752//1396
f 757//1397 855//1397 754//1397
f 758//1398 855//1398 757//1398
f 758//1399 856//1399 855//1399
f 810//1400 856//1400 758//1400
f 666//1401 818//1401 689//1401
f 844//1402 812//1402 795//1402
f 857//1403 845//1403 793//1403
f 791//1404 858//1404 822//1404
f 859//1405 682//1405 708//1405
f 816//1406 860//1406 768//1406
f 860//1082 861//1082 768//1082
f 861//1407 862//1407 768//1407
f 862//1408 769//1408 768//1408
f 863//28 770//28 769//28
f 862//28 863//28 769//28
f 814//1082 864//1082 646//1082
f 864//1409 771//1409 646//1409
f 865//1078 817//1078 771//1078
f 866//1262 818//1262 772//1262
f 820//1410 866//1410 772//1410
f 819//1411 867//1411 820//1411
f 868//1412 673//1412 677//1412
f 679//1078 869//1078 677//1078
f 869//1078 868//1078 677//1078
f 859//1413 840//1413 682//1413
f 870//1414 803//1414 802//1414
f 870//1078 693//1078 803//1078
f 693//1078 836//1078 803//1078
f 838//1415 871//1415 837//1415
f 872//1262 806//1262 808//1262
f 693//1078 870//1078 694//1078
f 870//1416 808//1416 694//1416
f 821//1417 815//1417 774//1417
f 873//1418 592//1418 828//1418
f 705//1419 703//1419 704//1419
f 811//1420 857//1420 793//1420
f 821//1421 819//1421 815//1421
f 812//1422 874//1422 829//1422
f 873//1423 811//1423 592//1423
f 845//1424 858//1424 791//1424
f 873//1425 857//1425 811//1425
f 809//1426 856//1426 810//1426
f 875//1427 788//1427 724//1427
f 876//1428 875//1428 724//1428
f 877//1429 790//1429 878//1429
f 790//1430 849//1430 878//1430
f 849//1431 848//1431 878//1431
f 879//1432 880//1432 850//1432
f 878//1433 848//1433 880//1433
f 848//1434 850//1434 880//1434
f 853//1435 879//1435 850//1435
f 852//1436 879//1436 853//1436
f 881//1437 879//1437 852//1437
f 854//1438 882//1438 852//1438
f 882//1439 881//1439 852//1439
f 883//1440 882//1440 854//1440
f 855//1441 883//1441 854//1441
f 856//1442 884//1442 855//1442
f 884//1443 883//1443 855//1443
f 884//1444 885//1444 883//1444
f 886//1445 885//1445 884//1445
f 809//1446 884//1446 856//1446
f 800//1447 736//1447 641//1447
f 724//1448 790//1448 876//1448
f 887//1449 888//1449 823//1449
f 889//1450 844//1450 827//1450
f 823//1451 786//1451 887//1451
f 888//1452 809//1452 823//1452
f 825//1453 890//1453 824//1453
f 890//1454 786//1454 824//1454
f 701//1455 890//1455 825//1455
f 858//1456 891//1456 822//1456
f 891//1457 833//1457 822//1457
f 892//1458 788//1458 875//1458
f 892//1459 826//1459 788//1459
f 842//1460 893//1460 827//1460
f 894//1461 809//1461 888//1461
f 890//1462 895//1462 887//1462
f 896//1463 895//1463 890//1463
f 804//1464 816//1464 647//1464
f 818//1465 690//1465 689//1465
f 699//1082 897//1082 700//1082
f 897//1466 834//1466 700//1466
f 871//1467 835//1467 834//1467
f 801//1293 872//1293 802//1293
f 897//1082 706//1082 707//1082
f 837//1468 897//1468 707//1468
f 834//1469 897//1469 837//1469
f 871//1470 834//1470 837//1470
f 802//1082 872//1082 808//1082
f 870//1471 802//1471 808//1471
f 898//1472 884//1472 809//1472
f 894//1473 898//1473 809//1473
f 898//1474 886//1474 884//1474
f 833//1475 538//1475 540//1475
f 542//1476 527//1476 535//1476
f 508//1477 542//1477 535//1477
f 534//1478 536//1478 541//1478
f 533//1479 534//1479 541//1479
f 536//1480 521//1480 541//1480
f 536//1481 522//1481 521//1481
f 532//1482 542//1482 504//1482
f 813//1483 526//1483 797//1483
f 887//1484 786//1484 890//1484
f 826//1485 896//1485 890//1485
f 890//1486 696//1486 826//1486
f 706//1487 703//1487 705//1487
f 701//1488 696//1488 890//1488
f 899//1489 697//1489 696//1489
f 900//1490 901//1490 701//1490
f 901//1491 696//1491 701//1491
f 902//1492 877//1492 878//1492
f 880//1493 902//1493 878//1493
f 903//1494 904//1494 902//1494
f 904//1495 877//1495 902//1495
f 904//1496 905//1496 877//1496
f 876//1497 790//1497 877//1497
f 905//1498 876//1498 877//1498
f 879//1499 906//1499 880//1499
f 902//1500 880//1500 906//1500
f 907//1501 903//1501 906//1501
f 903//1502 902//1502 906//1502
f 905//1503 908//1503 876//1503
f 908//1504 909//1504 876//1504
f 909//1505 875//1505 876//1505
f 881//1506 910//1506 879//1506
f 906//1507 879//1507 910//1507
f 881//1508 911//1508 910//1508
f 911//1509 912//1509 910//1509
f 912//1510 906//1510 910//1510
f 912//1511 907//1511 906//1511
f 909//1512 913//1512 875//1512
f 913//1513 892//1513 875//1513
f 914//1514 911//1514 881//1514
f 913//1515 915//1515 892//1515
f 915//1516 896//1516 892//1516
f 882//1517 914//1517 881//1517
f 896//1518 826//1518 892//1518
f 883//1519 916//1519 882//1519
f 916//1520 914//1520 882//1520
f 885//1521 916//1521 883//1521
f 885//1522 917//1522 916//1522
f 888//1523 887//1523 895//1523
f 918//1524 919//1524 895//1524
f 919//1525 888//1525 895//1525
f 896//1526 918//1526 895//1526
f 886//1527 920//1527 885//1527
f 920//1528 917//1528 885//1528
f 898//1529 920//1529 886//1529
f 921//1530 920//1530 898//1530
f 922//786 894//786 923//786
f 894//1531 888//1531 923//1531
f 888//1532 919//1532 923//1532
f 919//1533 924//1533 923//1533
f 924//1534 922//1534 923//1534
f 922//1535 921//1535 898//1535
f 894//786 922//786 898//786
f 922//1536 925//1536 921//1536
f 924//1537 925//1537 922//1537
f 703//1538 900//1538 701//1538
f 858//1539 926//1539 891//1539
f 927//1540 893//1540 842//1540
f 699//1269 706//1269 897//1269
f 928//1541 859//1541 708//1541
f 829//1542 928//1542 708//1542
f 901//1543 899//1543 696//1543
f 874//1544 812//1544 844//1544
f 839//1545 828//1545 789//1545
f 531//1546 526//1546 813//1546
f 832//1547 869//1547 679//1547
f 841//1078 929//1078 832//1078
f 929//1548 869//1548 832//1548
f 915//1549 918//1549 896//1549
f 893//1550 889//1550 827//1550
f 706//1551 900//1551 703//1551
f 697//1552 843//1552 698//1552
f 930//1553 858//1553 845//1553
f 931//1554 542//1554 532//1554
f 932//1555 844//1555 889//1555
f 542//1556 539//1556 527//1556
f 927//1557 933//1557 893//1557
f 934//1558 841//1558 840//1558
f 859//1559 934//1559 840//1559
f 934//1560 935//1560 841//1560
f 935//1078 929//1078 841//1078
f 891//1561 936//1561 833//1561
f 925//1562 927//1562 842//1562
f 858//1563 937//1563 926//1563
f 938//1564 925//1564 842//1564
f 536//1565 939//1565 522//1565
f 537//1566 939//1566 536//1566
f 522//1567 939//1567 531//1567
f 931//1568 532//1568 526//1568
f 925//1569 924//1569 927//1569
f 924//1570 940//1570 927//1570
f 937//1571 941//1571 926//1571
f 941//1572 933//1572 927//1572
f 926//1573 936//1573 891//1573
f 942//1574 936//1574 926//1574
f 936//1575 943//1575 833//1575
f 944//1576 942//1576 926//1576
f 945//1577 927//1577 940//1577
f 945//1578 941//1578 927//1578
f 941//1579 944//1579 926//1579
f 946//1580 947//1580 939//1580
f 537//1581 946//1581 939//1581
f 537//1582 948//1582 946//1582
f 833//1583 943//1583 538//1583
f 943//1584 537//1584 538//1584
f 908//1585 948//1585 537//1585
f 943//1586 908//1586 537//1586
f 947//1587 907//1587 939//1587
f 907//1588 912//1588 939//1588
f 912//1589 949//1589 939//1589
f 949//1590 531//1590 939//1590
f 949//1591 931//1591 526//1591
f 531//1592 949//1592 526//1592
f 949//1593 950//1593 931//1593
f 951//1594 931//1594 950//1594
f 945//1595 944//1595 941//1595
f 952//1596 931//1596 951//1596
f 952//1597 542//1597 931//1597
f 953//1598 542//1598 952//1598
f 953//1599 539//1599 542//1599
f 953//1600 775//1600 539//1600
f 738//1601 775//1601 953//1601
f 953//1602 938//1602 738//1602
f 842//1603 738//1603 938//1603
f 706//1604 901//1604 900//1604
f 899//1605 699//1605 697//1605
f 800//1606 801//1606 736//1606
f 699//1607 843//1607 697//1607
f 937//1608 933//1608 941//1608
f 807//1609 806//1609 805//1609
f 860//1610 954//1610 861//1610
f 955//1611 862//1611 861//1611
f 955//1612 863//1612 862//1612
f 956//1263 957//1263 864//1263
f 814//1613 956//1613 864//1613
f 958//1614 771//1614 864//1614
f 958//1078 865//1078 771//1078
f 959//1615 818//1615 866//1615
f 867//1616 960//1616 820//1616
f 960//1617 866//1617 820//1617
f 961//1269 821//1269 673//1269
f 962//1615 961//1615 673//1615
f 868//1618 962//1618 673//1618
f 930//1619 937//1619 858//1619
f 857//1620 930//1620 845//1620
f 932//1621 963//1621 844//1621
f 933//1622 889//1622 893//1622
f 804//1623 860//1623 816//1623
f 964//1624 933//1624 937//1624
f 706//1625 899//1625 901//1625
f 965//1626 889//1626 933//1626
f 706//1627 699//1627 899//1627
f 966//1628 930//1628 857//1628
f 963//1629 874//1629 844//1629
f 806//1630 838//1630 805//1630
f 835//1631 801//1631 800//1631
f 873//1632 966//1632 857//1632
f 818//1633 691//1633 690//1633
f 967//1634 928//1634 829//1634
f 908//1635 905//1635 948//1635
f 946//1636 903//1636 947//1636
f 907//1637 947//1637 903//1637
f 904//1638 903//1638 946//1638
f 948//1639 904//1639 946//1639
f 905//1640 904//1640 948//1640
f 943//1641 909//1641 908//1641
f 936//1642 909//1642 943//1642
f 936//672 913//672 909//672
f 942//672 913//672 936//672
f 911//1643 949//1643 912//1643
f 914//1644 949//1644 911//1644
f 942//672 915//672 913//672
f 944//672 915//672 942//672
f 914//1645 950//1645 949//1645
f 944//672 918//672 915//672
f 916//1646 950//1646 914//1646
f 944//672 945//672 918//672
f 916//1647 951//1647 950//1647
f 917//1648 951//1648 916//1648
f 945//672 919//672 918//672
f 940//1649 919//1649 945//1649
f 917//1650 952//1650 951//1650
f 917//1651 953//1651 952//1651
f 920//1652 953//1652 917//1652
f 940//1653 924//1653 919//1653
f 920//1654 938//1654 953//1654
f 921//1655 938//1655 920//1655
f 925//1656 938//1656 921//1656
f 874//1657 967//1657 829//1657
f 963//1658 967//1658 874//1658
f 930//1659 968//1659 937//1659
f 965//1660 932//1660 889//1660
f 969//1661 970//1661 861//1661
f 954//1662 969//1662 861//1662
f 970//1663 955//1663 861//1663
f 971//1664 863//1664 955//1664
f 957//1269 962//1269 864//1269
f 962//1665 958//1665 864//1665
f 970//1082 972//1082 866//1082
f 972//1262 959//1262 866//1262
f 960//1666 970//1666 866//1666
f 867//1616 973//1616 960//1616
f 869//1078 974//1078 868//1078
f 956//1667 814//1667 770//1667
f 863//1668 956//1668 770//1668
f 964//1669 965//1669 933//1669
f 934//1670 859//1670 928//1670
f 818//1671 959//1671 691//1671
f 871//1672 872//1672 835//1672
f 838//1673 872//1673 871//1673
f 966//1674 968//1674 930//1674
f 968//1675 964//1675 937//1675
f 865//1676 975//1676 817//1676
f 975//1677 830//1677 817//1677
f 975//1078 976//1078 830//1078
f 976//1078 831//1078 830//1078
f 831//1678 976//1678 839//1678
f 976//1679 977//1679 839//1679
f 977//1680 828//1680 839//1680
f 978//1681 935//1681 934//1681
f 969//1270 972//1270 970//1270
f 960//1682 955//1682 970//1682
f 960//1411 973//1411 955//1411
f 973//1683 971//1683 955//1683
f 957//1613 979//1613 962//1613
f 868//1684 958//1684 962//1684
f 868//1078 980//1078 958//1078
f 980//1078 865//1078 958//1078
f 954//1685 860//1685 804//1685
f 806//1686 872//1686 838//1686
f 966//1687 981//1687 968//1687
f 836//1688 954//1688 804//1688
f 982//1689 966//1689 873//1689
f 979//1613 961//1613 962//1613
f 974//1078 980//1078 868//1078
f 983//1690 982//1690 873//1690
f 872//1691 801//1691 835//1691
f 821//1692 867//1692 819//1692
f 928//1693 978//1693 934//1693
f 968//1694 984//1694 964//1694
f 828//1695 983//1695 873//1695
f 964//1696 985//1696 965//1696
f 984//1697 985//1697 964//1697
f 969//1698 954//1698 836//1698
f 982//1699 981//1699 966//1699
f 691//1700 972//1700 692//1700
f 693//1701 969//1701 836//1701
f 692//1702 972//1702 693//1702
f 972//1703 969//1703 693//1703
f 957//1704 956//1704 863//1704
f 981//1705 984//1705 968//1705
f 986//1706 975//1706 865//1706
f 986//1078 987//1078 975//1078
f 987//1078 976//1078 975//1078
f 929//1707 974//1707 869//1707
f 935//1078 988//1078 929//1078
f 988//1708 974//1708 929//1708
f 976//1709 987//1709 977//1709
f 987//1710 989//1710 977//1710
f 990//1711 935//1711 978//1711
f 990//1712 991//1712 935//1712
f 991//1078 988//1078 935//1078
f 982//1713 992//1713 981//1713
f 992//1714 984//1714 981//1714
f 821//1715 961//1715 867//1715
f 993//1716 990//1716 978//1716
f 959//1717 972//1717 691//1717
f 971//1718 957//1718 863//1718
f 977//1719 994//1719 828//1719
f 994//1720 983//1720 828//1720
f 932//1721 995//1721 963//1721
f 991//1078 996//1078 988//1078
f 996//1722 974//1722 988//1722
f 985//1723 997//1723 965//1723
f 961//1724 973//1724 867//1724
f 983//1725 992//1725 982//1725
f 995//1726 967//1726 963//1726
f 989//1727 994//1727 977//1727
f 990//1728 998//1728 991//1728
f 998//1078 996//1078 991//1078
f 928//1729 993//1729 978//1729
f 999//1730 985//1730 984//1730
f 1000//1731 992//1731 983//1731
f 967//1732 1001//1732 928//1732
f 995//1733 1001//1733 967//1733
f 999//1734 997//1734 985//1734
f 997//1735 995//1735 932//1735
f 1000//1736 983//1736 994//1736
f 965//1737 997//1737 932//1737
f 992//1738 999//1738 984//1738
f 980//1739 1002//1739 865//1739
f 1002//1740 986//1740 865//1740
f 1002//1078 1003//1078 986//1078
f 1003//1078 987//1078 986//1078
f 996//1741 980//1741 974//1741
f 973//1742 979//1742 971//1742
f 979//1743 957//1743 971//1743
f 961//1744 979//1744 973//1744
f 987//1745 1003//1745 989//1745
f 1003//1746 1004//1746 989//1746
f 1004//1747 1005//1747 989//1747
f 1005//1748 994//1748 989//1748
f 1006//1749 998//1749 990//1749
f 993//1750 1006//1750 990//1750
f 996//1751 1002//1751 980//1751
f 996//1078 998//1078 1002//1078
f 998//1078 1003//1078 1002//1078
f 1000//1752 999//1752 992//1752
f 928//1753 1001//1753 993//1753
f 1005//1754 1007//1754 994//1754
f 1007//1755 1000//1755 994//1755
f 1001//1756 1006//1756 993//1756
f 1003//1757 998//1757 1004//1757
f 998//1758 1006//1758 1004//1758
f 1006//1759 1005//1759 1004//1759
f 999//1760 1008//1760 997//1760
f 997//1761 1008//1761 995//1761
f 1001//1762 1005//1762 1006//1762
f 1007//1763 1008//1763 1000//1763
f 1001//1764 1007//1764 1005//1764
f 1008//1765 1007//1765 995//1765
f 1008//1766 999//1766 1000//1766
f 995//1767 1007//1767 1001//1767
f 1009//1768 1010//1768 1011//1768
f 1012//1769 1013//1769 1011//1769
f 1014//1770 1009//1770 1013//1770
f 1009//1771 1011//1771 1013//1771
f 1015//1772 1011//1772 1010//1772
f 1016//1773 1014//1773 1013//1773
f 1009//1774 1017//1774 1010//1774
f 1018//1775 1015//1775 1010//1775
f 1019//1776 1009//1776 1014//1776
f 1020//1777 1019//1777 1014//1777
f 1019//1778 1021//1778 1009//1778
f 1015//1779 1022//1779 1011//1779
f 1022//1780 1012//1780 1011//1780
f 1023//1078 1019//1078 1020//1078
f 1024//1781 1025//1781 1026//1781
f 1021//1782 1027//1782 1009//1782
f 1026//1783 1028//1783 1024//1783
f 1019//1784 1029//1784 1021//1784
f 1023//1785 1030//1785 1019//1785
f 1030//1786 1029//1786 1019//1786
f 1031//1078 1032//1078 1029//1078
f 1030//1078 1031//1078 1029//1078
f 1033//1078 1031//1078 1030//1078
f 1034//1078 1033//1078 1030//1078
f 1023//1787 1034//1787 1030//1787
f 1035//1788 1016//1788 1013//1788
f 1017//1789 1018//1789 1010//1789
f 1036//1790 1025//1790 1024//1790
f 1037//1791 1036//1791 1024//1791
f 1012//1792 1035//1792 1013//1792
f 1038//1078 1023//1078 1020//1078
f 1028//1793 1037//1793 1024//1793
f 1032//1794 1039//1794 1040//1794
f 1039//1078 1041//1078 1040//1078
f 1032//1795 1031//1795 1039//1795
f 1031//1796 1042//1796 1039//1796
f 1043//1078 1041//1078 1039//1078
f 1042//1078 1043//1078 1039//1078
f 1033//1797 1042//1797 1031//1797
f 1029//1798 1044//1798 1021//1798
f 1044//1799 1045//1799 1021//1799
f 1045//1800 1027//1800 1021//1800
f 1038//1801 1034//1801 1023//1801
f 1032//1078 1044//1078 1029//1078
f 1046//1078 1038//1078 1020//1078
f 1014//1802 1046//1802 1020//1802
f 1025//1803 1047//1803 1026//1803
f 1027//1804 1017//1804 1009//1804
f 1015//1805 1048//1805 1022//1805
f 1022//1806 1049//1806 1012//1806
f 1050//1807 1051//1807 1040//1807
f 1051//1808 1032//1808 1040//1808
f 1041//1078 1050//1078 1040//1078
f 1051//1078 1044//1078 1032//1078
f 1052//1809 1028//1809 1026//1809
f 1053//1082 1025//1082 1036//1082
f 1054//1810 1037//1810 1028//1810
f 1055//1811 1054//1811 1028//1811
f 1044//1812 1056//1812 1045//1812
f 1056//1813 1057//1813 1045//1813
f 1057//1814 1027//1814 1045//1814
f 1058//1815 1034//1815 1038//1815
f 1046//1078 1058//1078 1038//1078
f 1051//1078 1056//1078 1044//1078
f 1059//1078 1033//1078 1034//1078
f 1060//1078 1059//1078 1034//1078
f 1058//1816 1060//1816 1034//1816
f 1014//1817 1016//1817 1046//1817
f 1047//1818 1061//1818 1026//1818
f 1062//1819 1063//1819 1064//1819
f 1061//1820 1052//1820 1026//1820
f 1065//1661 1066//1661 1062//1661
f 1067//1821 1035//1821 1012//1821
f 1049//1822 1067//1822 1012//1822
f 1068//1823 1051//1823 1050//1823
f 1068//1078 1056//1078 1051//1078
f 1059//1824 1042//1824 1033//1824
f 1069//1803 1066//1803 1065//1803
f 1052//1825 1055//1825 1028//1825
f 1070//1826 1036//1826 1037//1826
f 1066//1827 1071//1827 1062//1827
f 1049//1828 1072//1828 1067//1828
f 1071//1829 1063//1829 1062//1829
f 1054//1830 1073//1830 1037//1830
f 1074//1831 1065//1831 1062//1831
f 1064//1832 1074//1832 1062//1832
f 1035//1833 1075//1833 1016//1833
f 1057//1834 1076//1834 1027//1834
f 1076//1835 1017//1835 1027//1835
f 1066//1836 1077//1836 1071//1836
f 1070//1837 1078//1837 1036//1837
f 1067//1838 1079//1838 1035//1838
f 1080//1839 1060//1839 1058//1839
f 1046//1078 1080//1078 1058//1078
f 1081//1078 1059//1078 1060//1078
f 1082//1078 1081//1078 1060//1078
f 1080//1839 1082//1839 1060//1839
f 1048//1840 1049//1840 1022//1840
f 1083//1841 1068//1841 1050//1841
f 1041//1078 1083//1078 1050//1078
f 1059//1842 1084//1842 1042//1842
f 1084//1078 1043//1078 1042//1078
f 1081//1843 1084//1843 1059//1843
f 1078//1844 1053//1844 1036//1844
f 1085//1845 1080//1845 1046//1845
f 1016//1846 1085//1846 1046//1846
f 1086//1803 1069//1803 1065//1803
f 1018//1847 1087//1847 1015//1847
f 1073//1848 1070//1848 1037//1848
f 1017//1849 1088//1849 1018//1849
f 1089//1850 1087//1850 1018//1850
f 1090//1082 1069//1082 1086//1082
f 1091//1851 1075//1851 1035//1851
f 1088//1852 1089//1852 1018//1852
f 1092//1853 1074//1853 1064//1853
f 1093//1854 1065//1854 1074//1854
f 1093//1855 1086//1855 1065//1855
f 1094//1853 1092//1853 1064//1853
f 1063//1856 1094//1856 1064//1856
f 1092//1078 1095//1078 1074//1078
f 1087//1857 1048//1857 1015//1857
f 1096//1082 1097//1082 1098//1082
f 1079//1858 1091//1858 1035//1858
f 1097//1267 1099//1267 1098//1267
f 1099//1859 1100//1859 1098//1859
f 1101//1406 1096//1406 1098//1406
f 1048//1860 1102//1860 1049//1860
f 1072//1861 1079//1861 1067//1861
f 1103//1862 1102//1862 1048//1862
f 1056//1863 1104//1863 1057//1863
f 1104//1864 1105//1864 1057//1864
f 1105//1865 1076//1865 1057//1865
f 1106//1866 1082//1866 1080//1866
f 1085//1867 1106//1867 1080//1867
f 1068//1078 1104//1078 1056//1078
f 1107//1078 1081//1078 1082//1078
f 1108//1078 1107//1078 1082//1078
f 1106//1868 1108//1868 1082//1868
f 1075//1869 1109//1869 1016//1869
f 1100//1870 1110//1870 1098//1870
f 1111//1871 1017//1871 1076//1871
f 1095//1078 1093//1078 1074//1078
f 1112//1872 1113//1872 1083//1872
f 1113//1873 1068//1873 1083//1873
f 1114//1078 1112//1078 1083//1078
f 1041//1078 1114//1078 1083//1078
f 1081//1874 1115//1874 1084//1874
f 1116//1078 1043//1078 1084//1078
f 1115//1078 1116//1078 1084//1078
f 1113//1078 1104//1078 1068//1078
f 1107//1875 1115//1875 1081//1875
f 1043//1876 1025//1876 1041//1876
f 1117//1877 1096//1877 1101//1877
f 1097//1267 1118//1267 1099//1267
f 1069//1878 1054//1878 1066//1878
f 1055//1879 1066//1879 1054//1879
f 1043//1880 1047//1880 1025//1880
f 1087//1881 1103//1881 1048//1881
f 1119//1082 1090//1082 1086//1082
f 1110//1882 1101//1882 1098//1882
f 1047//59 1120//59 1061//59
f 1120//1883 1052//1883 1061//1883
f 1099//1884 1121//1884 1100//1884
f 1122//1078 1055//1078 1052//1078
f 1093//1885 1123//1885 1086//1885
f 1123//1886 1119//1886 1086//1886
f 1102//1887 1072//1887 1049//1887
f 1124//1888 1075//1888 1091//1888
f 1073//1889 1054//1889 1069//1889
f 1055//1890 1077//1890 1066//1890
f 1053//1891 1041//1891 1025//1891
f 1118//1877 1125//1877 1099//1877
f 1111//1892 1076//1892 1105//1892
f 1126//1893 1089//1893 1088//1893
f 1072//1894 1127//1894 1079//1894
f 1047//1146 1128//1146 1120//1146
f 1129//1895 1106//1895 1085//1895
f 1095//1078 1123//1078 1093//1078
f 1073//1078 1130//1078 1070//1078
f 1110//1896 1131//1896 1101//1896
f 1127//1897 1091//1897 1079//1897
f 1089//1898 1103//1898 1087//1898
f 1132//1899 1053//1899 1078//1899
f 1102//1900 1133//1900 1072//1900
f 1125//1901 1121//1901 1099//1901
f 1134//1902 1094//1902 1063//1902
f 1135//1803 1117//1803 1101//1803
f 1131//1903 1135//1903 1101//1903
f 1136//1904 1110//1904 1100//1904
f 1137//1905 1136//1905 1100//1905
f 1136//1291 1138//1291 1110//1291
f 1017//1906 1139//1906 1088//1906
f 1121//1907 1137//1907 1100//1907
f 1140//1908 1052//1908 1120//1908
f 1085//1909 1016//1909 1129//1909
f 1141//1910 1142//1910 1143//1910
f 1143//1911 1144//1911 1145//1911
f 1138//488 1131//488 1110//488
f 1140//1912 1122//1912 1052//1912
f 1146//1910 1141//1910 1143//1910
f 1142//1913 1144//1913 1143//1913
f 1104//1914 1147//1914 1105//1914
f 1148//1915 1108//1915 1106//1915
f 1129//1916 1148//1916 1106//1916
f 1113//1078 1147//1078 1104//1078
f 1149//1917 1150//1917 1145//1917
f 1151//1918 1102//1918 1103//1918
f 1152//1919 1151//1919 1103//1919
f 1153//1920 1016//1920 1109//1920
f 1072//1921 1154//1921 1127//1921
f 1130//1922 1155//1922 1070//1922
f 1155//1923 1078//1923 1070//1923
f 1090//1924 1073//1924 1069//1924
f 1114//1925 1041//1925 1053//1925
f 1156//1926 1113//1926 1112//1926
f 1156//1078 1147//1078 1113//1078
f 1077//59 1157//59 1071//59
f 1133//1927 1154//1927 1072//1927
f 1157//1928 1158//1928 1071//1928
f 1158//1929 1063//1929 1071//1929
f 1127//1930 1159//1930 1091//1930
f 1144//1911 1160//1911 1145//1911
f 1161//1931 1119//1931 1123//1931
f 1109//1932 1075//1932 1124//1932
f 1162//28 1137//28 1121//28
f 1158//1616 1134//1616 1063//1616
f 1159//1933 1124//1933 1091//1933
f 1163//1934 1133//1934 1102//1934
f 1150//1935 1146//1935 1143//1935
f 1151//1936 1163//1936 1102//1936
f 1144//1146 1164//1146 1160//1146
f 1165//1937 1140//1937 1120//1937
f 1150//1938 1143//1938 1145//1938
f 1149//1939 1166//1939 1150//1939
f 1167//1940 1168//1940 1146//1940
f 1152//1941 1103//1941 1089//1941
f 1154//1942 1159//1942 1127//1942
f 1169//1943 1170//1943 1163//1943
f 1170//1944 1171//1944 1163//1944
f 1172//1945 1173//1945 1174//1945
f 1172//1946 1175//1946 1169//1946
f 1163//1947 1172//1947 1169//1947
f 1163//1948 1151//1948 1172//1948
f 1171//1949 1176//1949 1163//1949
f 1176//1950 1133//1950 1163//1950
f 1177//1082 1090//1082 1119//1082
f 1161//1951 1177//1951 1119//1951
f 1178//1952 1175//1952 1172//1952
f 1151//1953 1179//1953 1172//1953
f 1179//1954 1173//1954 1172//1954
f 1180//1955 1181//1955 1176//1955
f 1160//1956 1149//1956 1145//1956
f 1182//1957 1181//1957 1180//1957
f 1181//1958 1133//1958 1176//1958
f 1152//1959 1179//1959 1151//1959
f 1183//1960 1182//1960 1180//1960
f 1181//1961 1154//1961 1133//1961
f 1095//1291 1161//1291 1123//1291
f 1167//1962 1146//1962 1150//1962
f 1150//1963 1166//1963 1167//1963
f 1173//1964 1179//1964 1184//1964
f 1138//1965 1136//1965 1142//1965
f 1136//1966 1144//1966 1142//1966
f 1092//1967 1097//1967 1096//1967
f 1185//1968 1171//1968 1170//1968
f 1186//1969 1166//1969 1169//1969
f 1175//1970 1186//1970 1169//1970
f 1166//1971 1170//1971 1169//1971
f 1166//1972 1185//1972 1170//1972
f 1111//1973 1139//1973 1017//1973
f 1149//1856 1187//1856 1166//1856
f 1167//1974 1188//1974 1168//1974
f 1131//1975 1189//1975 1135//1975
f 1190//1910 1141//1910 1146//1910
f 1182//1976 1191//1976 1181//1976
f 1186//1977 1167//1977 1166//1977
f 1185//1978 1192//1978 1193//1978
f 1171//1979 1185//1979 1193//1979
f 1194//1980 1167//1980 1186//1980
f 1195//1981 1194//1981 1186//1981
f 1175//1982 1195//1982 1186//1982
f 1174//1983 1178//1983 1172//1983
f 1196//1984 1152//1984 1089//1984
f 1130//1985 1073//1985 1090//1985
f 1122//1986 1077//1986 1055//1986
f 1132//1987 1114//1987 1053//1987
f 1043//1988 1128//1988 1047//1988
f 1116//1989 1128//1989 1043//1989
f 1168//1990 1190//1990 1146//1990
f 1197//1991 1171//1991 1193//1991
f 1138//1992 1189//1992 1131//1992
f 1178//1993 1195//1993 1175//1993
f 1191//1994 1154//1994 1181//1994
f 1171//1995 1197//1995 1176//1995
f 1198//1996 1109//1996 1124//1996
f 1199//1997 1200//1997 1088//1997
f 1139//1998 1199//1998 1088//1998
f 1197//1999 1180//1999 1176//1999
f 1201//2000 1198//2000 1124//2000
f 1159//2001 1201//2001 1124//2001
f 1200//2002 1126//2002 1088//2002
f 1202//2003 1159//2003 1154//2003
f 1141//2004 1138//2004 1142//2004
f 1137//2005 1144//2005 1136//2005
f 1095//2006 1092//2006 1096//2006
f 1094//2007 1097//2007 1092//2007
f 1203//2008 1149//2008 1160//2008
f 1129//2009 1016//2009 1153//2009
f 1191//2010 1202//2010 1154//2010
f 1204//2011 1121//2011 1125//2011
f 1118//1877 1204//1877 1125//1877
f 1205//2012 1121//2012 1204//2012
f 1105//2013 1206//2013 1111//2013
f 1202//2014 1201//2014 1159//2014
f 1126//2015 1196//2015 1089//2015
f 1095//1078 1207//1078 1161//1078
f 1208//2016 1165//2016 1120//2016
f 1128//1877 1208//1877 1120//1877
f 1147//2017 1206//2017 1105//2017
f 1209//1078 1107//1078 1108//1078
f 1210//1078 1209//1078 1108//1078
f 1148//2018 1210//2018 1108//2018
f 1205//2019 1162//2019 1121//2019
f 1178//2020 1211//2020 1195//2020
f 1203//2021 1187//2021 1149//2021
f 1114//1078 1212//1078 1112//1078
f 1209//2022 1115//2022 1107//2022
f 1211//2023 1194//2023 1195//2023
f 1194//2024 1188//2024 1167//2024
f 1166//2025 1192//2025 1185//2025
f 1187//2026 1192//2026 1166//2026
f 1213//1082 1090//1082 1177//1082
f 1111//2027 1206//2027 1139//2027
f 1214//2028 1211//2028 1178//2028
f 1117//2029 1095//2029 1096//2029
f 1094//2030 1118//2030 1097//2030
f 1215//2031 1132//2031 1078//2031
f 1155//2032 1215//2032 1078//2032
f 1152//2033 1196//2033 1179//2033
f 1216//2034 1215//2034 1155//2034
f 1217//2035 1132//2035 1215//2035
f 1218//2036 1203//2036 1160//2036
f 1164//453 1218//453 1160//453
f 1196//2037 1173//2037 1179//2037
f 1202//2038 1219//2038 1201//2038
f 1220//2039 1221//2039 1200//2039
f 1221//2040 1126//2040 1200//2040
f 1222//2041 1215//2041 1216//2041
f 1223//2042 1140//2042 1165//2042
f 1214//2043 1178//2043 1174//2043
f 1208//2044 1224//2044 1165//2044
f 1224//2045 1223//2045 1165//2045
f 1222//2046 1225//2046 1215//2046
f 1225//2047 1217//2047 1215//2047
f 1213//2048 1130//2048 1090//2048
f 1212//2049 1114//2049 1132//2049
f 1192//1790 1226//1790 1193//1790
f 1221//2050 1196//2050 1126//2050
f 1223//2051 1227//2051 1140//2051
f 1223//2052 1228//2052 1227//2052
f 1229//2053 1224//2053 1208//2053
f 1226//2054 1197//2054 1193//2054
f 1201//2055 1230//2055 1198//2055
f 1155//2056 1222//2056 1216//2056
f 1230//2057 1231//2057 1198//2057
f 1191//2058 1219//2058 1202//2058
f 1232//2059 1173//2059 1196//2059
f 1233//2060 1182//2060 1183//2060
f 1232//2061 1234//2061 1173//2061
f 1137//2062 1164//2062 1144//2062
f 1162//2063 1164//2063 1137//2063
f 1207//2064 1095//2064 1117//2064
f 1134//2065 1118//2065 1094//2065
f 1190//2066 1235//2066 1236//2066
f 1237//2067 1218//2067 1238//2067
f 1239//2068 1190//2068 1236//2068
f 1240//2069 1237//2069 1238//2069
f 1241//2070 1187//2070 1203//2070
f 1237//2071 1203//2071 1218//2071
f 1168//2072 1235//2072 1190//2072
f 1242//2073 1222//2073 1155//2073
f 1243//2074 1197//2074 1226//2074
f 1225//2075 1244//2075 1217//2075
f 1245//2076 1230//2076 1201//2076
f 1246//2077 1199//2077 1139//2077
f 1247//2078 1220//2078 1200//2078
f 1224//2079 1230//2079 1223//2079
f 1230//2080 1228//2080 1223//2080
f 1248//2081 1225//2081 1222//2081
f 1233//2082 1191//2082 1182//2082
f 1249//2083 1221//2083 1220//2083
f 1239//2084 1235//2084 1190//2084
f 1250//2085 1235//2085 1239//2085
f 1237//2086 1240//2086 1203//2086
f 1240//2087 1238//2087 1203//2087
f 1238//2088 1218//2088 1203//2088
f 1248//2089 1199//2089 1220//2089
f 1147//2090 1251//2090 1206//2090
f 1251//2091 1252//2091 1206//2091
f 1253//2092 1210//2092 1148//2092
f 1129//2093 1253//2093 1148//2093
f 1156//1078 1251//1078 1147//1078
f 1254//1078 1209//1078 1210//1078
f 1253//2094 1254//2094 1210//2094
f 1255//2095 1224//2095 1229//2095
f 1241//2096 1192//2096 1187//2096
f 1248//2097 1200//2097 1199//2097
f 1252//2098 1156//2098 1112//2098
f 1212//2099 1252//2099 1112//2099
f 1209//2100 1256//2100 1115//2100
f 1256//1078 1116//1078 1115//1078
f 1252//2101 1251//2101 1156//2101
f 1254//2102 1256//2102 1209//2102
f 1257//2103 1243//2103 1226//2103
f 1258//2104 1140//2104 1227//2104
f 1228//2105 1258//2105 1227//2105
f 1231//2106 1259//2106 1198//2106
f 1255//2107 1230//2107 1224//2107
f 1242//2108 1248//2108 1222//2108
f 1259//2109 1245//2109 1201//2109
f 1231//2110 1245//2110 1259//2110
f 1233//2111 1219//2111 1191//2111
f 1247//2112 1248//2112 1220//2112
f 1122//2113 1260//2113 1077//2113
f 1260//1082 1157//1082 1077//1082
f 1225//2114 1248//2114 1244//2114
f 1261//1899 1141//1899 1190//1899
f 1258//2115 1262//2115 1140//2115
f 1153//2116 1253//2116 1129//2116
f 1263//2117 1229//2117 1208//2117
f 1128//1262 1263//1262 1208//1262
f 1255//2118 1231//2118 1230//2118
f 1248//2119 1247//2119 1200//2119
f 1230//2120 1258//2120 1228//2120
f 1246//2121 1220//2121 1199//2121
f 1261//2122 1264//2122 1141//2122
f 1264//2123 1138//2123 1141//2123
f 1264//1078 1189//1078 1138//1078
f 1243//2124 1265//2124 1197//2124
f 1265//2125 1180//2125 1197//2125
f 1263//2126 1266//2126 1229//2126
f 1266//2127 1255//2127 1229//2127
f 1244//2128 1242//2128 1155//2128
f 1248//2129 1242//2129 1244//2129
f 1258//2130 1266//2130 1262//2130
f 1263//2131 1262//2131 1266//2131
f 1192//1267 1267//1267 1226//1267
f 1267//1913 1257//1913 1226//1913
f 1258//2132 1255//2132 1266//2132
f 1268//2133 1153//2133 1109//2133
f 1245//2134 1231//2134 1230//2134
f 1139//2135 1269//2135 1246//2135
f 1262//2136 1122//2136 1140//2136
f 1259//2137 1109//2137 1198//2137
f 1270//2138 1259//2138 1201//2138
f 1219//2139 1270//2139 1201//2139
f 1246//2140 1249//2140 1220//2140
f 1271//2141 1270//2141 1219//2141
f 1268//2142 1109//2142 1259//2142
f 1270//2143 1268//2143 1259//2143
f 1249//2144 1272//2144 1221//2144
f 1272//2145 1196//2145 1221//2145
f 1241//2146 1267//2146 1192//2146
f 1265//2147 1183//2147 1180//2147
f 1155//2148 1273//2148 1244//2148
f 1274//2149 1214//2149 1174//2149
f 1275//2150 1273//2150 1177//2150
f 1161//2151 1275//2151 1177//2151
f 1255//2152 1258//2152 1230//2152
f 1269//2153 1132//2153 1217//2153
f 1244//2154 1269//2154 1217//2154
f 1233//2155 1271//2155 1219//2155
f 1272//2156 1232//2156 1196//2156
f 1263//2157 1276//2157 1262//2157
f 1276//2158 1122//2158 1262//2158
f 1277//2159 1158//2159 1157//2159
f 1260//1803 1277//1803 1157//1803
f 1277//2160 1278//2160 1158//2160
f 1164//2161 1279//2161 1218//2161
f 1280//1406 1194//1406 1211//1406
f 1252//2162 1139//2162 1206//2162
f 1281//2163 1205//2163 1204//2163
f 1118//1269 1281//1269 1204//1269
f 1168//2164 1282//2164 1190//2164
f 1283//2165 1282//2165 1168//2165
f 1188//2166 1283//2166 1168//2166
f 1284//1078 1162//1078 1205//1078
f 1267//2167 1285//2167 1257//2167
f 1278//1078 1134//1078 1158//1078
f 1286//2168 1241//2168 1203//2168
f 1243//2169 1287//2169 1265//2169
f 1207//1078 1275//1078 1161//1078
f 1257//2170 1287//2170 1243//2170
f 1288//1803 1117//1803 1135//1803
f 1189//2171 1288//2171 1135//2171
f 1264//1992 1289//1992 1189//1992
f 1282//1911 1261//1911 1190//1911
f 1130//2172 1273//2172 1155//2172
f 1273//2173 1213//2173 1177//2173
f 1174//2174 1173//2174 1234//2174
f 1290//2175 1203//2175 1218//2175
f 1290//2176 1291//2176 1203//2176
f 1291//2177 1286//2177 1203//2177
f 1292//2178 1233//2178 1183//2178
f 1234//2179 1293//2179 1174//2179
f 1293//2180 1274//2180 1174//2180
f 1292//2181 1271//2181 1233//2181
f 1274//2182 1280//2182 1214//2182
f 1257//2183 1291//2183 1287//2183
f 1294//2184 1295//2184 1292//2184
f 1295//2185 1271//2185 1292//2185
f 1280//2186 1211//2186 1214//2186
f 1232//2187 1293//2187 1234//2187
f 1232//2188 1272//2188 1293//2188
f 1272//672 1296//672 1293//672
f 1296//2189 1297//2189 1293//2189
f 1297//2190 1274//2190 1293//2190
f 1285//2191 1291//2191 1257//2191
f 1283//2192 1194//2192 1280//2192
f 1283//2193 1188//2193 1194//2193
f 1241//2194 1285//2194 1267//2194
f 1286//2195 1291//2195 1285//2195
f 1241//1007 1286//1007 1285//1007
f 1280//2196 1282//2196 1283//2196
f 1280//2197 1298//2197 1282//2197
f 1279//2198 1290//2198 1218//2198
f 1289//410 1261//410 1282//410
f 1298//2199 1289//2199 1282//2199
f 1289//672 1264//672 1261//672
f 1162//2200 1279//2200 1164//2200
f 1284//2201 1290//2201 1279//2201
f 1162//2202 1284//2202 1279//2202
f 1298//2203 1189//2203 1289//2203
f 1205//2204 1290//2204 1284//2204
f 1281//2205 1290//2205 1205//2205
f 1298//2206 1288//2206 1189//2206
f 1249//2207 1296//2207 1272//2207
f 1299//2208 1246//2208 1269//2208
f 1300//2209 1275//2209 1288//2209
f 1298//2210 1300//2210 1288//2210
f 1275//2211 1117//2211 1288//2211
f 1275//2212 1207//2212 1117//2212
f 1134//2213 1281//2213 1118//2213
f 1278//2214 1290//2214 1281//2214
f 1134//2215 1278//2215 1281//2215
f 1277//2216 1290//2216 1278//2216
f 1295//672 1270//672 1271//672
f 1246//2217 1296//2217 1249//2217
f 1294//2218 1268//2218 1295//2218
f 1268//2219 1270//2219 1295//2219
f 1299//2220 1296//2220 1246//2220
f 1300//2221 1273//2221 1275//2221
f 1299//2222 1300//2222 1296//2222
f 1300//2223 1297//2223 1296//2223
f 1273//2224 1130//2224 1213//2224
f 1122//2225 1277//2225 1260//2225
f 1276//2226 1290//2226 1277//2226
f 1122//2227 1276//2227 1277//2227
f 1300//2228 1299//2228 1273//2228
f 1153//2229 1290//2229 1276//2229
f 1263//2230 1153//2230 1276//2230
f 1299//2231 1244//2231 1273//2231
f 1299//2232 1269//2232 1244//2232
f 1139//2233 1252//2233 1269//2233
f 1252//2234 1132//2234 1269//2234
f 1252//2235 1212//2235 1132//2235
f 1116//2236 1263//2236 1128//2236
f 1253//2237 1153//2237 1263//2237
f 1116//2238 1256//2238 1263//2238
f 1256//2239 1253//2239 1263//2239
f 1254//2240 1253//2240 1256//2240
f 1287//2241 1183//2241 1265//2241
f 1287//2242 1292//2242 1183//2242
f 1291//2243 1292//2243 1287//2243
f 1297//2244 1280//2244 1274//2244
f 1291//2245 1294//2245 1292//2245
f 1298//2246 1280//2246 1297//2246
f 1290//2247 1294//2247 1291//2247
f 1297//672 1300//672 1298//672
f 1153//2248 1294//2248 1290//2248
f 1153//2249 1268//2249 1294//2249
f 1301//2250 1239//2250 1236//2250
f 1235//2251 1301//2251 1236//2251
f 1301//2252 1235//2252 1239//2252
