# Blender 4.4.3
# www.blender.org
mtllib Link7_l.mtl
o Link7_l
v 0.014636 -0.011000 -0.024455
v 0.014250 -0.037700 -0.024682
v 0.014250 -0.011000 -0.024682
v 0.013861 -0.037700 -0.024903
v 0.013861 -0.011000 -0.024903
v 0.014998 -0.011000 -0.022587
v 0.014636 -0.037700 -0.024455
v 0.014191 -0.037700 -0.024358
v 0.014052 -0.045500 -0.023883
v 0.011287 -0.044450 -0.026144
v 0.016239 -0.044450 -0.023342
v 0.013907 -0.043700 -0.024531
v 0.009373 -0.037700 -0.026915
v 0.009373 -0.011000 -0.026915
v 0.008825 -0.011000 -0.025650
v 0.018622 -0.011000 -0.021574
v 0.011950 -0.037700 -0.025543
v 0.018625 -0.037673 -0.021572
v 0.018798 -0.043521 -0.021014
v 0.018956 -0.045350 -0.021049
v 0.009274 -0.043700 -0.026631
v 0.008123 -0.044450 -0.027289
v 0.007647 -0.045500 -0.027020
v 0.018120 -0.040888 -0.021606
v 0.009491 -0.037700 -0.026545
v 0.019231 -0.045500 -0.019231
v 0.007039 -0.045500 -0.026269
v 0.004606 -0.037700 -0.028125
v 0.004606 -0.011000 -0.028125
v 0.003320 -0.011000 -0.026922
v 0.022054 -0.011000 -0.018051
v 0.019773 -0.011000 -0.018596
v 0.007403 -0.037700 -0.027211
v 0.022054 -0.037700 -0.018051
v 0.018564 -0.039012 -0.020034
v 0.017324 -0.041157 -0.020141
v 0.021440 -0.043206 -0.018303
v 0.021875 -0.044450 -0.018210
v 0.004557 -0.043700 -0.027829
v 0.018645 -0.042472 -0.019539
v 0.004081 -0.044450 -0.028173
v 0.020079 -0.038171 -0.018951
v 0.022241 -0.045500 -0.017298
v 0.008995 -0.045220 -0.024714
v 0.015599 -0.045220 -0.022278
v 0.017822 -0.045220 -0.017822
v 0.012650 -0.045220 -0.021910
v 0.005040 -0.037700 -0.027746
v 0.020116 -0.042768 -0.018067
v 0.013723 -0.008800 -0.023434
v 0.008594 -0.008500 -0.025235
v 0.015370 -0.008500 -0.021951
v 0.008882 -0.008800 -0.025673
v 0.017792 -0.008800 -0.020528
v 0.021378 -0.039323 -0.018382
v 0.008500 -0.008500 -0.024372
v 0.008500 -0.008500 -0.015867
v 0.010565 -0.008500 -0.014444
v 0.002370 -0.045220 -0.027093
v 0.022278 -0.045220 -0.015599
v 0.020029 -0.039960 -0.018155
v -0.000298 -0.037700 -0.028498
v -0.000298 -0.011000 -0.028498
v 0.024830 -0.011000 -0.013991
v 0.022738 -0.011000 -0.014831
v 0.001039 -0.037993 -0.028121
v 0.024830 -0.037700 -0.013991
v 0.023030 -0.037700 -0.016229
v 0.002336 -0.008500 -0.026496
v 0.004723 -0.008800 -0.026787
v 0.021144 -0.008800 -0.017045
v 0.021951 -0.008500 -0.015370
v 0.016790 -0.040309 -0.018522
v 0.017029 -0.041572 -0.018295
v 0.001000 -0.044075 -0.028341
v -0.000782 -0.043843 -0.028226
v 0.002295 -0.041488 -0.028101
v 0.024568 -0.043700 -0.013843
v 0.017737 -0.039427 -0.017609
v 0.023953 -0.044450 -0.015438
v 0.018492 -0.041007 -0.016822
v 0.003941 -0.010297 -0.026205
v 0.007989 -0.010300 -0.025192
v 0.008500 -0.010300 -0.015867
v 0.008500 -0.010300 -0.024372
v 0.000799 -0.045494 -0.028179
v -0.002370 -0.045500 -0.027093
v 0.002197 -0.045220 -0.025108
v 0.021910 -0.045220 -0.012650
v 0.023642 -0.045500 -0.013650
v 0.000597 -0.008725 -0.027017
v 0.001708 -0.040473 -0.027000
v 0.001449 -0.038632 -0.027000
v 0.025832 -0.045500 -0.010982
v 0.025654 -0.044450 -0.012318
v 0.000662 -0.042452 -0.027000
v 0.012106 -0.044920 -0.021835
v 0.016532 -0.044920 -0.018689
v 0.013213 -0.044920 -0.021151
v 0.023825 -0.008800 -0.013024
v 0.014696 -0.008500 -0.010394
v 0.025367 -0.037700 -0.012221
v 0.011863 -0.018200 -0.021905
v 0.012181 -0.035700 -0.021778
v 0.012770 -0.018200 -0.021438
v 0.011773 -0.018200 -0.020045
v 0.013248 -0.035700 -0.021201
v 0.013039 -0.035700 -0.021226
v 0.011737 -0.035700 -0.022074
v 0.011179 -0.035700 -0.021969
v 0.009217 -0.035700 -0.022857
v 0.007309 -0.035700 -0.023908
v 0.008551 -0.044920 -0.023492
v 0.017050 -0.035700 -0.018284
v 0.014844 -0.035700 -0.019664
v 0.007289 -0.044920 -0.023830
v 0.011179 -0.018200 -0.021969
v 0.013436 -0.018200 -0.020666
v 0.013436 -0.035700 -0.020666
v 0.000000 -0.010300 -0.026500
v 0.010627 -0.018200 -0.019845
v 0.009542 -0.018025 -0.022200
v 0.009120 -0.018200 -0.022900
v 0.015272 -0.018200 -0.019348
v 0.013686 -0.018200 -0.018814
v -0.005194 -0.037700 -0.028023
v -0.005194 -0.011000 -0.028023
v -0.003114 -0.011000 -0.026977
v 0.026865 -0.011000 -0.009513
v 0.025734 -0.011000 -0.008322
v -0.003335 -0.038838 -0.027967
v 0.026865 -0.037700 -0.009513
v -0.000953 -0.038928 -0.027000
v 0.017175 -0.035700 -0.017646
v 0.006974 -0.035700 -0.023643
v 0.009021 -0.017500 -0.022931
v 0.009741 -0.017500 -0.021177
v 0.013420 -0.017500 -0.018844
v 0.015348 -0.017500 -0.019278
v 0.005032 -0.017500 -0.024131
v 0.018382 -0.017500 -0.016423
v 0.005029 -0.035700 -0.024121
v 0.018367 -0.035700 -0.016410
v 0.004773 -0.035700 -0.024184
v 0.002613 -0.035700 -0.024863
v 0.004341 -0.044920 -0.024620
v 0.020225 -0.035700 -0.014695
v 0.019151 -0.044920 -0.016070
v -0.005521 -0.045500 -0.027559
v 0.026582 -0.043700 -0.009413
v 0.001039 -0.040401 -0.024978
v -0.004530 -0.044450 -0.028103
v -0.005139 -0.043700 -0.027728
v 0.020151 -0.044920 -0.014642
v -0.000263 -0.041823 -0.024988
v 0.002605 -0.044920 -0.024772
v -0.002247 -0.041253 -0.027280
v -0.004741 -0.045220 -0.026885
v 0.025654 -0.045220 -0.009337
v 0.024345 -0.045220 -0.006523
v 0.025654 -0.045500 -0.009337
v -0.000714 -0.039897 -0.024980
v 0.000574 -0.017500 -0.024643
v 0.021055 -0.017500 -0.012818
v 0.019458 -0.035700 -0.015132
v 0.020766 -0.035700 -0.013281
v 0.010854 -0.012200 -0.020145
v 0.011773 -0.012080 -0.019845
v 0.002532 -0.035700 -0.024520
v 0.025885 -0.008500 -0.006936
v 0.025750 -0.008800 -0.008592
v -0.004697 -0.008650 -0.026639
v -0.003941 -0.008500 -0.026205
v 0.016580 -0.008500 -0.007006
v 0.027180 -0.044450 -0.008476
v 0.011163 -0.018200 -0.018962
v 0.011323 -0.012200 -0.018939
v -0.003941 -0.010300 -0.026205
v -0.008500 -0.010300 -0.015867
v 0.000421 -0.035700 -0.024640
v -0.002179 -0.035700 -0.024905
v 0.021038 -0.035700 -0.012809
v 0.022658 -0.035700 -0.010565
v 0.021651 -0.044920 -0.012500
v -0.000000 -0.044920 -0.025000
v 0.010554 -0.012200 -0.019372
v 0.009732 -0.017500 -0.017957
v 0.026696 -0.037700 -0.009044
v -0.008251 -0.017500 -0.023228
v -0.003903 -0.017500 -0.024339
v 0.023030 -0.017500 -0.008789
v -0.002171 -0.044920 -0.024810
v -0.004393 -0.045220 -0.024916
v 0.022571 -0.044920 -0.010525
v -0.009934 -0.037700 -0.026713
v -0.009934 -0.011000 -0.026713
v -0.009449 -0.011000 -0.025420
v 0.028101 -0.011000 -0.004753
v -0.006982 -0.037700 -0.027322
v 0.028101 -0.037700 -0.004753
v 0.027477 -0.037700 -0.006345
v 0.022845 -0.035700 -0.009260
v 0.021898 -0.035700 -0.011318
v -0.012325 -0.017500 -0.021348
v -0.019127 -0.017500 -0.015550
v -0.015991 -0.017500 -0.018759
v -0.001995 -0.035700 -0.024569
v -0.009094 -0.044450 -0.026961
v -0.009830 -0.043700 -0.026431
v 0.027805 -0.043700 -0.004703
v 0.028008 -0.043700 -0.005141
v -0.009271 -0.008800 -0.025418
v -0.009337 -0.045220 -0.025654
v -0.009337 -0.045500 -0.025654
v 0.026885 -0.045220 -0.004741
v 0.026885 -0.045500 -0.004741
v -0.006800 -0.017500 0.021800
v -0.021629 -0.017500 -0.011825
v 0.006800 -0.017500 0.021800
v -0.007794 -0.010300 -0.025328
v -0.008620 -0.008725 -0.025209
v -0.008500 -0.010300 -0.024372
v -0.004072 -0.035700 -0.024304
v -0.006891 -0.035700 -0.024032
v -0.004341 -0.044920 -0.024620
v 0.024257 -0.035700 -0.006048
v 0.023013 -0.035700 -0.008783
v 0.023492 -0.044920 -0.008551
v -0.009563 -0.037700 -0.026518
v 0.028089 -0.045350 -0.003600
v 0.026860 -0.008800 -0.003891
v -0.012104 -0.045500 -0.025472
v -0.006867 -0.044920 -0.023943
v -0.010652 -0.045220 -0.022842
v 0.024169 -0.044920 -0.006024
v 0.028044 -0.040663 -0.002774
v 0.024242 -0.017500 -0.004469
v 0.010905 -0.017500 0.017925
v 0.023599 -0.035700 -0.007122
v 0.024189 -0.035700 -0.004695
v -0.006455 -0.035700 -0.023790
v -0.014379 -0.037700 -0.024607
v -0.014379 -0.011000 -0.024607
v -0.014891 -0.011000 -0.022675
v 0.028500 -0.011000 0.000149
v 0.027127 -0.011000 -0.001292
v -0.011554 -0.037700 -0.025725
v 0.028500 -0.037677 0.000150
v 0.027576 -0.038342 -0.001432
v 0.010565 -0.010300 -0.014444
v 0.009307 -0.010300 -0.011997
v -0.014311 -0.044638 -0.024556
v -0.014228 -0.043700 -0.024348
v 0.028331 -0.043550 -0.000761
v 0.014696 -0.010300 -0.010394
v -0.015599 -0.045220 -0.022278
v -0.013650 -0.045500 -0.023642
v 0.027300 -0.045220 -0.000000
v 0.025108 -0.045220 0.002197
v 0.027485 -0.045500 0.002814
v -0.008429 -0.035700 -0.023155
v -0.011350 -0.035700 -0.022275
v -0.008551 -0.044920 -0.023492
v 0.024966 -0.035700 -0.001308
v 0.024503 -0.035700 -0.002686
v 0.024977 -0.040037 -0.000963
v 0.024620 -0.044920 -0.004341
v -0.015370 -0.008500 -0.021951
v 0.026126 -0.008499 0.005265
v -0.008500 -0.008500 -0.024372
v 0.017696 -0.008500 -0.003293
v -0.008500 -0.008500 -0.015867
v -0.013722 -0.037700 -0.024637
v 0.013610 -0.010300 -0.006122
v 0.016580 -0.010300 -0.007006
v -0.011316 -0.044920 -0.022203
v 0.024886 -0.044920 -0.001301
v 0.027000 -0.040316 -0.001691
v -0.013600 -0.008800 -0.023556
v 0.027200 -0.008800 0.000000
v 0.024985 -0.041752 -0.000702
v 0.028396 -0.044450 0.001922
v -0.017880 -0.045500 -0.021686
v 0.024650 -0.017500 0.000000
v 0.024646 -0.035700 -0.000425
v 0.027000 -0.042400 -0.001001
v -0.010697 -0.035700 -0.022208
v 0.027593 -0.038170 0.000915
v 0.002221 -0.008000 -0.012000
v 0.005250 -0.008000 -0.010743
v 0.009000 -0.008000 -0.012000
v 0.006377 -0.008000 -0.010220
v 0.010491 -0.008000 -0.010580
v -0.009000 -0.010300 -0.012000
v -0.003673 -0.008000 -0.008607
v 0.009047 -0.008000 -0.006468
v 0.006900 -0.008000 -0.009093
v 0.010071 -0.008000 -0.007493
v -0.014218 -0.037700 -0.024332
v 0.017696 -0.010300 -0.003293
v 0.011514 -0.008000 -0.006932
v -0.018396 -0.037700 -0.021768
v -0.018396 -0.011000 -0.021768
v 0.028050 -0.011000 0.005047
v 0.028046 -0.025989 0.004886
v 0.028128 -0.027030 0.004389
v 0.028207 -0.029332 0.004073
v 0.026935 -0.011000 0.003499
v -0.016874 -0.037700 -0.022547
v 0.028003 -0.038211 0.003019
v 0.028050 -0.037700 0.005047
v 0.027000 -0.042372 0.001005
v 0.027000 -0.039871 0.000982
v -0.018214 -0.044450 -0.021880
v -0.018637 -0.042836 -0.021138
v -0.017681 -0.041716 -0.021274
v -0.018234 -0.039583 -0.021509
v 0.027754 -0.043700 0.004994
v 0.028132 -0.042033 0.001824
v -0.012505 -0.035700 -0.021233
v 0.024982 -0.039742 0.000758
v -0.017628 -0.008800 -0.020516
v 0.013681 -0.008000 -0.005964
v -0.019231 -0.045500 -0.019231
v 0.026269 -0.045220 0.007039
v -0.015392 -0.035700 -0.019700
v -0.012500 -0.044920 -0.021651
v 0.024757 -0.035700 0.003479
v 0.024608 -0.035700 0.000920
v 0.026778 -0.008800 0.003794
v 0.024848 -0.044920 0.001737
v -0.011787 -0.008500 -0.013604
v 0.017991 -0.008500 0.000572
v 0.024976 -0.041232 0.001042
v -0.016263 -0.045220 -0.019381
v -0.015713 -0.044920 -0.019401
v 0.027000 -0.040473 0.002634
v 0.024242 -0.017500 0.004469
v 0.024376 -0.029410 0.003668
v 0.024270 -0.026559 0.004316
v 0.024168 -0.033655 0.004749
v 0.005662 -0.016000 -0.010633
v 0.005437 -0.016300 -0.009165
v 0.006679 -0.016000 -0.009918
v 0.010446 -0.012225 -0.007118
v 0.011817 -0.012000 -0.006190
v -0.014578 -0.035700 -0.019877
v 0.004123 -0.008000 -0.010220
v 0.004425 -0.016000 -0.010522
v 0.006789 -0.016000 -0.008681
v 0.011471 -0.008000 -0.005069
v 0.014561 -0.008000 -0.003269
v 0.027735 -0.044450 0.006320
v 0.014892 -0.010300 -0.001794
v 0.017991 -0.010300 0.000572
v 0.003711 -0.016000 -0.009506
v 0.006377 -0.008000 -0.007966
v 0.009097 -0.012000 -0.005906
v 0.003600 -0.008000 -0.009093
v 0.010794 -0.012000 -0.004732
v 0.028037 -0.030860 0.004385
v 0.025954 -0.028536 0.003248
v 0.025772 -0.031556 0.003750
v 0.009696 -0.012000 -0.004794
v 0.006075 -0.016000 -0.007664
v 0.025501 -0.030775 0.004493
v 0.025363 -0.026332 0.004873
v 0.025615 -0.025816 0.004180
v -0.016161 -0.035700 -0.018600
v 0.004837 -0.016000 -0.007554
v -0.017491 -0.039458 -0.020693
v 0.027689 -0.024470 0.006445
v 0.027776 -0.033621 0.006065
v 0.009411 -0.008000 -0.005079
v 0.010446 -0.008000 -0.004593
v 0.003821 -0.008000 -0.008268
v 0.003821 -0.016000 -0.008268
v 0.005250 -0.008000 -0.007443
v -0.021862 -0.037651 -0.018283
v -0.021864 -0.011000 -0.018281
v -0.019904 -0.011000 -0.018496
v 0.026764 -0.011000 0.009794
v 0.027130 -0.023373 0.008627
v 0.025272 -0.011000 0.009845
v -0.019905 -0.038008 -0.019930
v 0.027306 -0.034764 0.007932
v 0.026764 -0.037700 0.009794
v 0.027032 -0.037700 0.008033
v 0.027622 -0.037700 0.005683
v -0.018299 -0.042084 -0.020294
v -0.021259 -0.043514 -0.018720
v 0.026456 -0.043700 0.010433
v 0.026482 -0.043700 0.009691
v -0.018570 -0.039647 -0.019613
v -0.011787 -0.010300 -0.013604
v -0.018868 -0.035700 -0.016401
v -0.017737 -0.039730 -0.017593
v -0.016993 -0.041429 -0.018329
v 0.023638 -0.035700 0.008139
v 0.024620 -0.044920 0.004341
v -0.020913 -0.045220 -0.017548
v 0.022842 -0.045220 0.010652
v -0.023778 -0.045500 -0.015001
v 0.024562 -0.045500 0.011639
v 0.009696 -0.008000 -0.004794
v -0.020607 -0.008500 -0.017291
v 0.025419 -0.008650 0.009252
v -0.014495 -0.008500 -0.010673
v 0.024113 -0.024471 0.008306
v 0.024704 -0.023830 0.006683
v 0.025061 -0.034148 0.005702
v -0.021203 -0.045200 -0.018981
v 0.004514 -0.008000 -0.007678
v 0.014686 -0.008000 -0.001437
v 0.005892 -0.010300 0.013794
v 0.009245 -0.010300 0.015441
v 0.012282 -0.008000 0.002727
v -0.019301 -0.038193 -0.018883
v -0.019381 -0.045220 -0.016263
v 0.023605 -0.044920 0.008130
v -0.018844 -0.044920 -0.016377
v 0.025357 -0.010300 0.004825
v 0.025792 -0.009850 0.005607
v 0.024665 -0.010300 0.009690
v 0.022950 -0.010300 0.013250
v 0.017758 -0.010300 0.020058
v 0.024240 -0.026351 0.004474
v 0.023700 -0.024664 0.006706
v 0.023511 -0.034185 0.007261
v 0.024113 -0.033929 0.008306
v 0.013226 -0.017500 0.018774
v 0.023030 -0.017500 0.008789
v -0.019892 -0.042327 -0.018291
v -0.007995 -0.008000 -0.012000
v -0.006075 -0.008000 -0.010522
v -0.005250 -0.008000 -0.010743
v -0.004425 -0.008000 -0.010522
v -0.003753 -0.008000 -0.009681
v 0.008896 -0.008000 -0.000120
v 0.009594 -0.008000 -0.001329
v 0.010623 -0.008000 -0.001645
v 0.004647 -0.008000 0.007557
v 0.011325 -0.008000 -0.001429
v 0.011346 -0.008000 -0.001408
v 0.011929 -0.008000 -0.000825
v 0.012039 -0.008000 0.000413
v -0.017968 -0.035700 -0.016876
v 0.024665 -0.008500 0.009690
v 0.025673 -0.045350 0.011834
v 0.024347 -0.034992 0.007664
v -0.020102 -0.040217 -0.018082
v -0.020836 -0.008800 -0.017484
v -0.004806 -0.016000 -0.010626
v 0.010132 -0.016000 -0.001504
v 0.011325 -0.016000 -0.001429
v -0.005098 -0.016300 -0.009503
v -0.003747 -0.016000 -0.009586
v 0.010750 -0.016300 0.000250
v 0.012004 -0.016000 -0.000499
v 0.026723 -0.023346 0.009645
v -0.006078 -0.016000 -0.010452
v -0.018463 -0.041170 -0.016855
v -0.021474 -0.039764 -0.018271
v 0.026352 -0.037700 0.010005
v 0.026479 -0.035008 0.010318
v -0.006900 -0.008000 -0.009093
v -0.009000 -0.008000 -0.012000
v -0.006679 -0.008000 -0.009918
v 0.011847 -0.016000 0.000884
v -0.003774 -0.016000 -0.008445
v -0.011223 -0.008000 -0.009952
v -0.011223 -0.010300 -0.009952
v -0.014495 -0.010300 -0.010673
v -0.019113 -0.035700 -0.015538
v -0.004344 -0.008000 -0.007764
v 0.008953 -0.016000 -0.000266
v 0.023577 -0.023408 0.009779
v 0.023220 -0.034570 0.010760
v 0.022477 -0.024727 0.010039
v -0.006845 -0.016000 -0.009335
v 0.011325 -0.008000 0.001429
v -0.004985 -0.016000 -0.007577
v -0.006471 -0.016150 -0.008619
v 0.010820 -0.016000 0.001552
v -0.024682 -0.037700 -0.014250
v -0.024682 -0.011000 -0.014250
v -0.022849 -0.011000 -0.014709
v 0.024682 -0.011000 0.014250
v 0.026209 -0.023451 0.011139
v 0.024682 -0.037700 0.014250
v 0.025259 -0.037700 0.012540
v -0.023426 -0.044450 -0.016212
v -0.024422 -0.043700 -0.014100
v 0.024422 -0.043700 0.014100
v -0.019442 -0.035700 -0.015154
v -0.021651 -0.035700 -0.012500
v -0.019151 -0.044920 -0.016070
v 0.021651 -0.035700 0.012500
v 0.021743 -0.035700 0.011557
v 0.023492 -0.044920 0.008551
v -0.024247 -0.045220 -0.012494
v -0.023808 -0.045500 -0.013355
v 0.022173 -0.045220 0.015652
v -0.022847 -0.008800 -0.014612
v 0.024078 -0.008800 0.012480
v -0.024246 -0.037700 -0.014377
v -0.025389 -0.008500 -0.007998
v 0.023123 -0.008500 0.013350
v -0.006679 -0.008000 -0.008268
v 0.010095 -0.008000 0.001541
v -0.021910 -0.045220 -0.012650
v 0.021651 -0.044920 0.012500
v -0.021651 -0.044920 -0.012500
v 0.009394 -0.016000 0.001148
v -0.005373 -0.008000 -0.007448
v 0.009137 -0.008000 0.000929
v -0.006355 -0.016000 -0.007942
v 0.021055 -0.017500 0.012818
v 0.022264 -0.033354 0.010488
v -0.006075 -0.008000 -0.007664
v 0.025123 -0.033529 0.013246
v 0.022796 -0.025669 0.011925
v 0.022553 -0.032657 0.012594
v -0.020751 -0.035700 -0.013305
v 0.022863 -0.024252 0.011741
v 0.025300 -0.024557 0.012969
v -0.026002 -0.045200 -0.011491
v -0.012990 -0.008000 -0.007500
v -0.013610 -0.010300 -0.006122
v 0.022849 -0.011000 0.014709
v -0.025408 -0.043700 -0.012854
v -0.016490 -0.008500 -0.007217
v -0.016490 -0.010300 -0.007217
v 0.024246 -0.037700 0.014377
v 0.023647 -0.043700 0.015830
v 0.023381 -0.026172 0.013834
v -0.021748 -0.035700 -0.011579
v 0.021308 -0.026805 0.012391
v 0.021024 -0.032711 0.012857
v 0.023843 -0.045350 0.015293
v 0.024461 -0.031627 0.014560
v 0.022296 -0.028075 0.013300
v 0.021725 -0.030445 0.012988
v 0.021970 -0.029864 0.014195
v -0.024641 -0.011000 -0.011506
v -0.025259 -0.037700 -0.012540
v -0.026482 -0.043700 -0.009691
v -0.026764 -0.037700 -0.009794
v -0.026764 -0.011000 -0.009794
v -0.025253 -0.008800 -0.009687
v -0.022834 -0.035700 -0.009285
v -0.023638 -0.035700 -0.008139
v -0.023492 -0.044920 -0.008551
v -0.024345 -0.045220 -0.006523
v -0.026236 -0.045220 -0.007118
v -0.014230 -0.008000 -0.004743
v 0.000000 -0.008000 0.024000
v -0.011929 -0.008000 -0.000825
v -0.011325 -0.008000 -0.001429
v -0.010500 -0.008000 -0.001650
v -0.009675 -0.008000 -0.001429
v -0.008868 -0.008000 -0.000246
v -0.009107 -0.008000 0.000804
v -0.009137 -0.008000 -0.000929
v 0.005910 -0.008000 0.007621
v 0.004040 -0.008000 0.007971
v 0.006679 -0.008000 0.009918
v 0.006789 -0.008000 0.008681
v 0.019263 -0.035700 0.015339
v 0.018868 -0.035700 0.016401
v 0.019151 -0.044920 0.016070
v 0.020665 -0.008500 0.016903
v 0.021488 -0.008800 0.016554
v 0.021864 -0.011000 0.018281
v 0.024409 -0.026973 0.014649
v 0.021863 -0.037650 0.018282
v 0.021284 -0.043329 0.018488
v 0.021463 -0.039722 0.018284
v 0.019381 -0.045220 0.016263
v 0.021996 -0.027873 0.014124
v 0.021050 -0.028046 0.012826
v 0.021028 -0.028182 0.012863
v 0.018382 -0.017500 0.016423
v -0.020779 -0.017500 0.000237
v -0.022874 -0.017500 -0.002185
v -0.023414 -0.017500 -0.007708
v 0.018375 -0.035700 0.016416
v -0.026496 -0.045500 -0.006091
v -0.027166 -0.045500 -0.006959
v 0.020338 -0.045500 0.018211
v -0.026352 -0.037700 -0.010005
v -0.017675 -0.008500 -0.003406
v -0.017675 -0.010300 -0.003406
v -0.014892 -0.010300 -0.001794
v 0.021474 -0.044450 0.018641
v 0.019554 -0.045500 0.020216
v -0.026336 -0.011000 -0.006506
v 0.019904 -0.011000 0.018496
v -0.027240 -0.043700 -0.008290
v -0.014892 -0.008000 -0.001794
v 0.019905 -0.038008 0.019930
v -0.023493 -0.035700 -0.007425
v -0.010437 -0.016000 -0.001636
v -0.009675 -0.016000 -0.001429
v 0.005308 -0.016000 0.007459
v 0.006355 -0.016000 0.007942
v -0.009819 -0.016300 0.000288
v -0.009114 -0.016000 -0.000868
v -0.011100 -0.016300 -0.000094
v 0.005483 -0.016300 0.009176
v -0.028009 -0.044825 -0.004941
v -0.011457 -0.016000 -0.001295
v 0.006746 -0.016000 0.009586
v -0.009000 -0.016000 0.000501
v 0.004246 -0.016000 0.007886
v 0.017413 -0.008500 0.019805
v 0.017752 -0.010300 0.019533
v 0.020237 -0.039648 0.017947
v 0.019529 -0.041421 0.018655
v 0.020693 -0.041942 0.017491
v -0.024113 -0.044920 -0.006236
v 0.018844 -0.044920 0.016377
v 0.014456 -0.045220 0.020646
v 0.015713 -0.044920 0.019401
v 0.019301 -0.038193 0.018883
v 0.018948 -0.008800 0.019372
v 0.016993 -0.041429 0.018329
v 0.018463 -0.041170 0.016855
v -0.024147 -0.035700 -0.004953
v -0.024757 -0.035700 -0.003479
v 0.015392 -0.035700 0.019700
v 0.016988 -0.035700 0.017861
v 0.017737 -0.039730 0.017593
v 0.017750 -0.044450 0.022186
v -0.027032 -0.037700 -0.008033
v -0.027754 -0.043700 -0.004994
v 0.018202 -0.042898 0.021539
v 0.019518 -0.043408 0.019515
v 0.018396 -0.011000 0.021768
v 0.003673 -0.008000 0.008607
v -0.012049 -0.016000 -0.000321
v -0.028050 -0.037700 -0.005047
v -0.028050 -0.011000 -0.005047
v 0.018396 -0.037700 0.021768
v -0.024360 -0.018200 -0.003768
v 0.015272 -0.018200 0.019348
v -0.024360 -0.017500 -0.003768
v 0.014636 -0.017850 0.019315
v -0.012150 -0.008000 -0.000000
v 0.006075 -0.008000 0.010522
v 0.006207 -0.016000 0.010388
v -0.009706 -0.016000 0.001374
v 0.003663 -0.016000 0.008857
v 0.014618 -0.045500 0.022923
v -0.009897 -0.008000 0.001536
v 0.003618 -0.008000 0.009339
v 0.003763 -0.016000 0.009644
v -0.026900 -0.008500 -0.000000
v -0.017991 -0.008500 0.000572
v -0.017991 -0.010300 0.000572
v -0.009491 -0.010300 0.015295
v -0.005892 -0.010300 0.013794
v -0.012132 -0.016000 0.000246
v -0.011605 -0.016000 0.001151
v 0.004806 -0.016000 0.010626
v -0.011929 -0.008000 0.000825
v 0.004845 -0.008000 0.010635
v -0.010558 -0.016000 0.001634
v -0.010623 -0.008000 0.001645
v 0.003887 -0.008000 0.010023
v 0.018570 -0.039647 0.019613
v -0.027746 -0.037700 -0.004911
v -0.011325 -0.008000 0.001429
v 0.015186 -0.035700 0.019411
v 0.018299 -0.042084 0.020294
v -0.026912 -0.008800 -0.003294
v 0.016308 -0.008800 0.021660
v 0.016339 -0.011000 0.021705
v 0.017491 -0.039458 0.020693
v -0.024451 -0.035700 -0.003023
v 0.015546 -0.037700 0.023439
v -0.005250 -0.008000 0.007443
v -0.004425 -0.008000 0.007664
v -0.006377 -0.008000 0.007966
v -0.003821 -0.008000 0.008268
v -0.003600 -0.008000 0.009093
v -0.001353 -0.008000 0.011343
v -0.000429 -0.008000 0.010694
v 0.000964 -0.008000 0.011067
v 0.001346 -0.008000 0.012468
v 0.004195 -0.008000 0.014271
v 0.017681 -0.041716 0.021274
v 0.013450 -0.008500 0.023296
v 0.009491 -0.008500 0.015295
v 0.005996 -0.008500 0.016972
v -0.024696 -0.044920 -0.003474
v 0.018234 -0.039583 0.021509
v -0.026763 -0.045220 0.003492
v -0.025108 -0.045220 0.002197
v 0.012500 -0.044920 0.021651
v -0.004837 -0.016000 0.007554
v -0.005437 -0.016300 0.009165
v -0.003821 -0.016000 0.008268
v -0.023100 -0.018200 -0.002324
v -0.024423 -0.018200 -0.003336
v 0.003007 -0.010300 0.014695
v 0.002223 -0.010300 0.017862
v 0.005996 -0.010300 0.016972
v -0.000566 -0.012000 0.010831
v 0.000579 -0.012451 0.012459
v 0.001177 -0.012000 0.011830
v -0.006075 -0.016000 0.007664
v -0.003600 -0.016000 0.009093
v 0.012873 -0.035700 0.021385
v -0.027102 -0.011000 -0.002170
v 0.010905 -0.018200 0.017925
v 0.011746 -0.018200 0.018999
v -0.021260 -0.018200 -0.000237
v -0.022427 -0.018200 -0.000646
v 0.013436 -0.035700 0.020666
v 0.013436 -0.018200 0.020666
v -0.024616 -0.018200 -0.001303
v -0.024943 -0.044920 0.000651
v -0.024977 -0.040100 -0.000791
v -0.024983 -0.041705 0.000439
v 0.012500 -0.035700 0.021651
v -0.024616 -0.035700 -0.001303
v -0.024956 -0.035700 -0.000456
v -0.025000 -0.035700 0.000000
v 0.014379 -0.011000 0.024607
v 0.011973 -0.018200 0.019845
v -0.025555 -0.008500 0.005063
v -0.025357 -0.010300 0.004825
v -0.024665 -0.010300 0.009690
v 0.012358 -0.045500 0.025157
v -0.028112 -0.039296 -0.002198
v 0.014228 -0.043700 0.024348
v -0.028323 -0.043589 -0.000354
v -0.027570 -0.042420 -0.001405
v -0.028500 -0.037700 -0.000149
v -0.028500 -0.011000 -0.000149
v 0.014379 -0.037700 0.024607
v -0.006789 -0.016000 0.008681
v -0.003821 -0.008000 0.009918
v -0.003821 -0.016000 0.009918
v -0.023346 -0.018200 -0.000200
v 0.010900 -0.018200 0.018879
v -0.022592 -0.018200 0.000864
v 0.011773 -0.045220 0.024443
v -0.026930 -0.045500 0.003734
v -0.028063 -0.045500 0.001871
v -0.006900 -0.008000 0.009093
v -0.004425 -0.008000 0.010522
v -0.001554 -0.008000 0.012093
v -0.001453 -0.012000 0.012468
v 0.001558 -0.008000 0.014842
v 0.000321 -0.008000 0.013493
v -0.000128 -0.012000 0.013361
v -0.004837 -0.016000 0.010633
v 0.011773 -0.012200 0.020045
v 0.011007 -0.011960 0.019300
v 0.011754 -0.012200 0.019001
v -0.021824 -0.012200 0.000088
v -0.022580 -0.012140 -0.000609
v 0.010959 -0.012200 0.018861
v -0.023330 -0.012200 -0.000115
v 0.010554 -0.018200 0.019372
v -0.022775 -0.012200 0.000642
v 0.010647 -0.012200 0.019842
v -0.028169 -0.038160 0.000517
v -0.024956 -0.018200 -0.000456
v 0.012873 -0.018200 0.021385
v 0.009565 -0.017850 0.020606
v -0.001504 -0.010300 0.014848
v -0.001654 -0.010300 0.017924
v -0.021961 -0.017500 0.001831
v -0.001084 -0.008000 0.013113
v -0.027000 -0.039792 -0.001879
v -0.006679 -0.008000 0.009918
v -0.006679 -0.016000 0.009918
v -0.005523 -0.008000 0.010670
v -0.006075 -0.016000 0.010522
v -0.024616 -0.018200 0.001303
v -0.024956 -0.018200 0.000456
v 0.011027 -0.018200 0.020245
v 0.012083 -0.018200 0.021841
v 0.002223 -0.008500 0.017862
v 0.006936 -0.008500 0.025885
v 0.013425 -0.044450 0.025079
v -0.027200 -0.008800 -0.000000
v 0.012894 -0.010450 0.023919
v -0.006280 -0.008000 0.010317
v -0.027127 -0.011000 0.001292
v 0.011179 -0.018200 0.021969
v 0.009392 -0.017850 0.022586
v -0.027000 -0.042400 0.000915
v -0.005892 -0.008000 0.013794
v -0.006075 -0.008000 0.010522
v -0.004639 -0.008000 0.014186
v -0.001920 -0.008000 0.014806
v -0.007441 -0.017500 0.022572
v -0.008376 -0.017500 0.022936
v -0.009370 -0.017500 0.022799
v -0.012325 -0.017500 0.021348
v -0.015039 -0.017500 0.019531
v -0.027000 -0.039028 0.001005
v -0.028326 -0.044450 0.002468
v -0.024956 -0.035700 0.000456
v -0.024966 -0.035700 0.001308
v -0.024967 -0.040422 0.001279
v 0.011350 -0.035700 0.022275
v 0.012083 -0.035700 0.021841
v 0.011316 -0.044920 0.022203
v 0.008653 -0.045220 0.023774
v -0.024616 -0.035700 0.001303
v 0.011179 -0.035700 0.021969
v -0.021014 -0.017500 0.012885
v -0.023002 -0.017500 0.008862
v -0.024227 -0.017500 0.004545
v -0.024175 -0.017675 0.003115
v -0.018330 -0.017500 0.016481
v -0.007227 -0.010300 0.016371
v 0.007138 -0.017500 0.022303
v -0.024360 -0.018200 0.003768
v -0.024255 -0.026610 0.004369
v -0.024337 -0.029936 0.003886
v 0.009246 -0.018200 0.022841
v -0.024130 -0.035700 0.004915
v 0.009370 -0.035700 0.022799
v -0.026860 -0.008800 0.003891
v -0.026161 -0.008500 0.005293
v 0.009271 -0.008800 0.025418
v -0.024620 -0.044920 0.004341
v 0.008551 -0.044920 0.023492
v -0.024257 -0.035700 0.006048
v 0.006891 -0.035700 0.024032
v -0.024169 -0.044920 0.006024
v 0.009934 -0.011000 0.026713
v 0.013722 -0.037700 0.024637
v -0.027805 -0.043700 0.004703
v 0.009830 -0.043700 0.026431
v 0.011554 -0.037700 0.025725
v -0.028232 -0.028985 0.003899
v -0.028127 -0.027025 0.004391
v -0.028100 -0.011002 0.004761
v -0.028037 -0.032104 0.004762
v -0.028124 -0.029494 0.004017
v -0.028101 -0.037700 0.004753
v 0.009934 -0.037698 0.026713
v -0.001654 -0.008500 0.017924
v -0.000000 -0.008500 0.026900
v -0.027560 -0.041668 0.002377
v -0.027636 -0.045350 0.006192
v 0.007934 -0.045500 0.026122
v 0.008477 -0.017500 0.022945
v 0.007610 -0.017500 0.022682
v 0.008477 -0.035700 0.022945
v -0.027969 -0.038918 0.003427
v -0.025195 -0.026105 0.005335
v -0.025769 -0.030031 0.003757
v 0.007138 -0.035700 0.022303
v 0.006800 -0.035700 0.021800
v 0.004200 -0.027204 0.021800
v 0.002441 -0.025338 0.021800
v -0.001220 -0.024944 0.021800
v -0.002613 -0.035700 0.024863
v -0.006800 -0.035700 0.021800
v 0.002179 -0.035700 0.024905
v -0.000000 -0.033850 0.021800
v 0.002441 -0.033062 0.021800
v 0.004200 -0.031196 0.021800
v 0.007610 -0.035700 0.022682
v -0.026895 -0.026783 0.004140
v -0.025615 -0.032584 0.004180
v 0.009510 -0.045012 0.026809
v -0.024375 -0.033492 0.006174
v -0.023658 -0.024655 0.006820
v 0.006867 -0.044920 0.023943
v 0.006163 -0.011000 0.026418
v -0.026473 -0.011000 0.006042
v -0.022842 -0.045220 0.010652
v 0.002197 -0.045220 0.025108
v 0.002182 -0.045220 0.027079
v -0.005453 -0.008500 0.017154
v -0.009200 -0.008500 0.025278
v -0.004671 -0.008500 0.026491
v -0.026453 -0.024779 0.005599
v -0.024704 -0.034570 0.006683
v 0.009563 -0.037700 0.026518
v 0.004200 -0.027204 0.023800
v 0.004200 -0.031196 0.023800
v 0.002441 -0.033062 0.023800
v -0.025792 -0.010300 0.005607
v -0.023035 -0.035700 0.008709
v -0.025584 -0.008725 0.008922
v 0.002441 -0.025338 0.023800
v -0.023492 -0.044920 0.008551
v 0.004341 -0.044920 0.024620
v -0.022658 -0.035700 0.010565
v -0.024347 -0.023408 0.007664
v -0.027268 -0.023602 0.008054
v -0.023405 -0.034046 0.008949
v -0.027019 -0.034713 0.008664
v 0.005757 -0.031394 0.027804
v 0.006151 -0.028326 0.027704
v 0.006049 -0.029521 0.023800
v 0.005343 -0.026042 0.023800
v -0.009245 -0.008500 0.015441
v -0.018226 -0.008500 0.020338
v 0.005193 -0.011001 0.028022
v -0.023962 -0.024292 0.008722
v 0.005420 -0.026166 0.027888
v 0.004836 -0.033118 0.023800
v 0.004600 -0.045500 0.027745
v -0.027477 -0.037700 0.006345
v -0.027440 -0.043700 0.007656
v -0.026582 -0.043700 0.009413
v 0.005139 -0.043700 0.027728
v 0.008112 -0.043700 0.027294
v 0.006982 -0.037700 0.027322
v -0.021837 -0.010300 0.014883
v -0.018038 -0.010300 0.019414
v -0.016857 -0.010300 0.019547
v -0.000000 -0.033850 0.023800
v -0.027862 -0.024869 0.005920
v -0.024665 -0.008500 0.009690
v 0.004478 -0.033473 0.028050
v 0.003491 -0.024106 0.023800
v -0.026865 -0.011000 0.009513
v 0.006372 -0.029200 0.027778
v -0.026865 -0.037700 0.009513
v 0.005194 -0.037700 0.028023
v 0.003682 -0.024215 0.028145
v 0.002773 -0.034708 0.023800
v -0.023839 -0.045500 0.013071
v -0.024369 -0.045500 0.013745
v 0.003078 -0.045500 0.027126
v 0.001089 -0.035308 0.028410
v -0.023220 -0.023830 0.010760
v -0.026761 -0.023265 0.009648
v -0.023577 -0.034992 0.009779
v -0.001220 -0.024944 0.023800
v -0.002441 -0.033062 0.021800
v -0.002441 -0.033062 0.023800
v -0.022473 -0.024699 0.010068
v -0.022571 -0.044920 0.010525
v 0.001085 -0.044920 0.024905
v 0.001084 -0.023069 0.023800
v 0.001692 -0.023227 0.028339
v -0.026696 -0.037700 0.009044
v -0.022180 -0.045220 0.015697
v -0.022535 -0.027154 0.012643
v -0.000106 -0.035423 0.023800
v 0.004723 -0.008800 0.026787
v -0.026753 -0.044825 0.009659
v -0.023866 -0.011000 0.012716
v -0.020759 -0.035700 0.013247
v -0.022427 -0.033134 0.011362
v 0.003335 -0.038838 0.027967
v -0.026080 -0.023618 0.011279
v -0.022863 -0.034148 0.011741
v -0.025601 -0.034194 0.012297
v -0.001245 -0.023151 0.023800
v -0.000861 -0.023092 0.028368
v -0.021651 -0.044920 0.012500
v 0.000911 -0.041395 0.024980
v 0.004873 -0.044450 0.028068
v -0.004200 -0.027204 0.021800
v -0.004200 -0.031196 0.021800
v -0.004200 -0.031196 0.023800
v -0.020225 -0.035700 0.014695
v -0.000082 -0.039544 0.024989
v 0.001267 -0.008800 0.027089
v -0.023296 -0.008500 0.013450
v -0.022950 -0.008500 0.013250
v -0.023825 -0.008800 0.013024
v 0.001713 -0.011000 0.027130
v -0.003271 -0.034340 0.023800
v -0.002153 -0.035009 0.028346
v 0.000298 -0.011000 0.028498
v 0.001616 -0.039270 0.027000
v -0.000724 -0.039068 0.027000
v -0.004200 -0.027204 0.023800
v 0.001454 -0.041919 0.027000
v -0.022212 -0.030862 0.013529
v -0.021040 -0.029930 0.012842
v -0.022309 -0.025816 0.013263
v -0.021078 -0.027886 0.012779
v -0.025986 -0.037700 0.010953
v -0.024788 -0.044450 0.013983
v -0.024568 -0.043700 0.013843
v 0.001285 -0.043620 0.028308
v 0.001733 -0.042754 0.028143
v -0.000992 -0.041356 0.027000
v -0.000992 -0.041440 0.024977
v -0.024686 -0.025732 0.014006
v -0.023332 -0.032075 0.013917
v 0.003304 -0.023953 0.028284
v -0.020151 -0.044920 0.014642
v -0.002605 -0.044920 0.024772
v -0.024830 -0.011000 0.013991
v 0.001339 -0.023062 0.028454
v -0.024830 -0.037700 0.013991
v -0.000072 -0.037931 0.028337
v -0.018312 -0.035700 0.016464
v -0.018907 -0.035700 0.015816
v -0.019381 -0.045220 0.016263
v -0.004393 -0.045220 0.024916
v -0.005205 -0.045220 0.026718
v -0.003736 -0.024237 0.023800
v -0.003802 -0.024294 0.028154
v -0.001879 -0.045500 0.027235
v -0.000423 -0.044544 0.028421
v -0.023029 -0.028830 0.014600
v -0.005999 -0.030540 0.023800
v -0.007441 -0.035700 0.022572
v -0.000296 -0.043207 0.027000
v -0.024749 -0.037700 0.013489
v -0.004877 -0.032976 0.027984
v -0.024545 -0.026354 0.014417
v -0.005815 -0.027304 0.023800
v -0.019151 -0.044920 0.016070
v -0.018492 -0.041007 0.016822
v -0.004341 -0.044920 0.024620
v -0.001828 -0.008800 0.027040
v -0.001678 -0.011000 0.027100
v -0.017050 -0.035700 0.018284
v -0.017737 -0.039427 0.017609
v -0.007309 -0.035700 0.023908
v -0.008376 -0.035700 0.022936
v -0.020724 -0.008500 0.016516
v -0.002328 -0.045500 0.027925
v -0.025367 -0.024434 0.012964
v -0.002120 -0.041888 0.027569
v -0.005418 -0.026211 0.027914
v -0.024347 -0.031307 0.014695
v -0.021086 -0.008725 0.016997
v -0.017375 -0.035700 0.017485
v -0.016532 -0.044920 0.018689
v -0.017029 -0.041572 0.018295
v -0.007289 -0.044920 0.023830
v -0.006101 -0.029528 0.027745
v -0.004606 -0.011000 0.028125
v -0.018513 -0.045220 0.020021
v -0.014456 -0.045220 0.020646
v -0.008653 -0.045220 0.023774
v -0.020029 -0.039960 0.018155
v -0.018645 -0.042472 0.019539
v -0.015360 -0.035700 0.019259
v -0.000185 -0.022869 0.028496
v -0.009370 -0.035700 0.022799
v -0.017883 -0.040430 0.020301
v -0.023030 -0.037700 0.016229
v -0.023151 -0.043700 0.016590
v -0.021822 -0.043700 0.017861
v -0.004557 -0.043700 0.027829
v -0.008551 -0.044920 0.023492
v -0.015001 -0.042615 0.019836
v -0.013248 -0.035700 0.021201
v -0.011737 -0.035700 0.022074
v -0.013884 -0.035700 0.020368
v -0.011319 -0.035700 0.021868
v -0.017445 -0.041160 0.019300
v -0.022055 -0.037696 0.018051
v -0.019516 -0.045500 0.019090
v -0.009111 -0.045500 0.025615
v -0.022054 -0.011000 0.018051
v -0.004606 -0.037700 0.028125
v -0.003123 -0.039090 0.028010
v -0.012500 -0.035700 0.021651
v -0.012106 -0.044920 0.021835
v -0.017557 -0.008725 0.020060
v -0.022255 -0.045200 0.017717
v -0.002155 -0.023320 0.028401
v -0.011776 -0.045220 0.024442
v -0.024155 -0.029706 0.015126
v -0.004723 -0.008800 0.026787
v -0.004961 -0.011000 0.026744
v -0.018634 -0.011000 0.019711
v -0.008882 -0.008800 0.025673
v -0.021378 -0.039323 0.018382
v -0.020587 -0.042740 0.018406
v -0.020079 -0.038171 0.018951
v -0.017792 -0.008800 0.020528
v -0.008825 -0.011000 0.025650
v -0.009371 -0.011000 0.026915
v -0.018565 -0.038320 0.020447
v -0.018879 -0.042642 0.020922
v -0.005492 -0.044450 0.027935
v -0.018623 -0.037701 0.021574
v -0.021206 -0.043700 0.019002
v -0.018622 -0.011000 0.021574
v -0.019158 -0.045350 0.020843
v -0.015741 -0.045500 0.022305
v -0.011103 -0.045500 0.025784
v -0.005040 -0.037700 0.027746
v -0.016359 -0.043700 0.022828
v -0.009336 -0.044450 0.026884
v -0.009274 -0.043700 0.026631
v -0.007403 -0.037700 0.027211
v -0.013723 -0.008800 0.023434
v -0.009373 -0.037700 0.026915
v -0.018061 -0.039833 0.021656
v -0.014526 -0.011000 0.022949
v -0.013861 -0.011000 0.024903
v -0.014636 -0.011000 0.024455
v -0.014250 -0.011000 0.024682
v -0.009491 -0.037700 0.026545
v -0.016814 -0.044450 0.022899
v -0.015352 -0.037700 0.023574
v -0.013715 -0.043700 0.024640
v -0.012701 -0.044450 0.025483
v -0.011950 -0.037700 0.025543
v -0.014636 -0.037700 0.024455
v -0.013861 -0.037700 0.024903
v -0.014250 -0.037700 0.024682
v 0.010711 -0.021600 0.019765
v 0.011896 -0.023627 0.020057
v 0.010621 -0.024845 0.019312
v 0.011618 -0.026118 0.019155
v 0.009960 -0.019700 -0.022184
v 0.009791 -0.018700 -0.022272
v 0.012728 -0.018700 -0.020328
v 0.015142 -0.019700 -0.019133
v 0.011613 -0.019700 -0.020358
v 0.010228 -0.018700 -0.019987
v 0.012383 -0.019700 -0.018947
v 0.017064 -0.019700 -0.017441
v 0.011998 -0.018700 -0.018677
v 0.017064 -0.018700 -0.017441
v 0.004237 -0.019700 -0.024029
v 0.002992 -0.018700 -0.024156
v 0.024282 -0.018700 0.002392
v 0.010639 -0.019700 -0.018854
v 0.024282 -0.019700 0.002392
v -0.001772 -0.019700 -0.024252
v -0.004976 -0.018700 -0.023721
v -0.010070 -0.018700 -0.022225
v -0.022511 -0.018700 -0.007398
v -0.021969 -0.018700 -0.006351
v 0.010446 -0.018700 -0.018718
v 0.023701 -0.018700 0.005800
v -0.010070 -0.019700 -0.022225
v -0.007685 -0.019700 -0.023158
v -0.021945 -0.019700 0.000409
v 0.022794 -0.019700 0.008223
v 0.011335 -0.019700 0.018528
v -0.021720 -0.018700 0.000118
v 0.012750 -0.018700 0.020804
v 0.016939 -0.018700 0.017365
v 0.021662 -0.018700 0.010991
v 0.010536 -0.018700 0.018692
v 0.012207 -0.018700 0.018954
v 0.010050 -0.019700 0.019572
v -0.022638 -0.019700 -0.001164
v -0.021966 -0.019700 -0.006169
v -0.022511 -0.019700 -0.007398
v 0.019374 -0.019700 0.014832
v 0.015284 -0.019700 0.018922
v 0.012464 -0.019700 0.019523
v -0.022789 -0.018700 -0.002986
v -0.023271 -0.019700 -0.004593
v -0.024164 -0.018762 -0.000641
v -0.024325 -0.019700 -0.000233
v -0.023652 -0.019700 0.000427
v 0.011058 -0.019700 0.021751
v 0.011844 -0.019075 0.020572
v -0.012570 -0.018700 0.017838
v -0.008310 -0.018700 0.018336
v 0.010050 -0.018700 0.019572
v -0.012138 -0.019700 0.017871
v 0.011058 -0.018700 0.021751
v -0.023027 -0.018700 0.001052
v 0.010446 -0.018700 0.020426
v 0.010217 -0.019700 0.020197
v -0.013264 -0.019700 0.018015
v -0.008310 -0.019700 0.018336
v -0.023865 -0.018700 0.004814
v -0.022059 -0.018700 0.010305
v -0.023793 -0.019700 0.005409
v -0.021834 -0.019700 0.010727
v -0.012793 -0.018700 0.018630
v -0.009222 -0.018950 0.019222
v -0.012431 -0.019700 0.019218
v -0.009840 -0.019700 0.020709
v -0.017506 -0.019700 0.016891
v -0.019014 -0.018700 0.015207
v -0.013662 -0.018700 0.020067
v -0.012078 -0.019700 0.021129
v 0.011127 -0.019700 -0.021875
v 0.011783 -0.019700 -0.020402
v 0.013208 -0.019700 -0.020873
v 0.011999 -0.019700 -0.019074
v 0.013381 -0.019700 -0.018570
v 0.013153 -0.023503 -0.020836
v 0.011127 -0.023400 -0.021875
v 0.011245 -0.023685 -0.019678
v 0.013381 -0.023400 -0.018570
v 0.012357 -0.023619 -0.018018
v 0.009219 -0.019700 -0.020574
v 0.010601 -0.019700 -0.019987
v 0.009219 -0.023400 -0.020574
v 0.011152 -0.013900 -0.020481
v 0.012079 -0.013900 -0.019540
v 0.010754 -0.013884 -0.019076
v 0.011473 -0.019700 -0.017269
v 0.011473 -0.023400 -0.017269
v 0.009392 -0.023400 -0.018271
v 0.009392 -0.019700 -0.018271
v 0.010686 -0.019700 -0.018888
v 0.010912 -0.019700 0.017296
v 0.011864 -0.019700 0.018881
v 0.013077 -0.019700 0.018098
v 0.013466 -0.019700 0.020374
v 0.010912 -0.023400 0.017296
v 0.013077 -0.023400 0.018098
v 0.013466 -0.023400 0.020374
v 0.011730 -0.023649 0.019258
v 0.009134 -0.019700 0.018770
v 0.010408 -0.019700 0.019312
v 0.010785 -0.015350 0.018959
v 0.009197 -0.023508 0.018793
v 0.011984 -0.013884 0.019500
v 0.011638 -0.019700 0.020364
v 0.011688 -0.019700 0.021849
v 0.011688 -0.023400 0.021849
v 0.009523 -0.023400 0.021047
v 0.009523 -0.019700 0.021047
v 0.010811 -0.016800 0.020372
v 0.013496 -0.023700 -0.020125
v 0.015516 -0.025298 -0.018553
v 0.012280 -0.024699 -0.020297
v 0.011642 -0.025298 -0.021282
v 0.009284 -0.023700 -0.022424
v 0.010641 -0.023700 -0.020512
v 0.012402 -0.023900 -0.019321
v 0.005250 -0.023700 -0.007346
v 0.010887 -0.025298 -0.020705
v 0.021607 -0.025298 0.007884
v 0.010651 -0.023900 -0.018825
v 0.008137 -0.025298 -0.022847
v 0.017024 -0.023700 -0.017246
v 0.004658 -0.023700 -0.023714
v 0.011185 -0.025298 -0.018786
v 0.008275 -0.023700 -0.020527
v 0.004489 -0.025298 -0.023832
v 0.006603 -0.025298 -0.021910
v 0.005915 -0.023700 -0.020887
v 0.019085 -0.024954 -0.014945
v 0.010153 -0.025298 -0.019932
v 0.020471 -0.023713 -0.012410
v 0.020593 -0.025298 -0.011749
v 0.002889 -0.025330 -0.021995
v 0.015649 -0.023912 -0.015283
v 0.015491 -0.025298 -0.015307
v 0.002445 -0.023700 -0.020569
v 0.000525 -0.025298 -0.024235
v 0.000688 -0.023700 -0.024237
v 0.001229 -0.025362 -0.022132
v 0.001146 -0.023700 -0.020149
v 0.000171 -0.023700 -0.020174
v 0.015458 -0.025298 -0.014761
v -0.003049 -0.025298 -0.024054
v -0.003261 -0.023700 -0.024018
v 0.022071 -0.023700 -0.008766
v 0.022285 -0.025298 -0.008362
v 0.004634 -0.023700 -0.017361
v 0.007399 -0.023700 -0.016036
v 0.019383 -0.025298 -0.009097
v 0.019978 -0.023573 -0.008926
v 0.020566 -0.023637 -0.008250
v 0.002199 -0.021280 -0.017361
v 0.002199 -0.021280 -0.014711
v 0.007399 -0.021280 -0.017361
v 0.007399 -0.021280 -0.014711
v 0.023536 -0.023700 -0.005842
v -0.005854 -0.025298 -0.023580
v -0.005804 -0.023700 -0.023597
v -0.008318 -0.023700 -0.022769
v 0.023891 -0.025298 -0.004131
v -0.009352 -0.025298 -0.022429
v -0.001264 -0.025298 -0.018878
v 0.001838 -0.025298 -0.016778
v 0.001838 -0.026398 -0.018878
v 0.001838 -0.026348 -0.017464
v -0.003162 -0.026398 -0.018878
v -0.006712 -0.025298 -0.009524
v 0.017934 -0.025362 -0.006368
v 0.015568 -0.025318 -0.008950
v 0.017929 -0.026078 -0.008949
v 0.017929 -0.026078 -0.001949
v 0.017178 -0.026078 -0.008217
v 0.010929 -0.026078 -0.008949
v -0.004176 -0.025298 -0.020301
v -0.005808 -0.025298 -0.021324
v 0.004785 -0.023700 -0.014711
v 0.002199 -0.023700 -0.016036
v -0.004176 -0.027718 -0.021324
v -0.004176 -0.027718 -0.018674
v -0.009376 -0.027718 -0.021324
v 0.024098 -0.023700 -0.003131
v 0.001838 -0.026298 -0.012892
v -0.003162 -0.026298 -0.017464
v -0.003162 -0.026398 -0.017464
v 0.010929 -0.026078 -0.001949
v -0.010041 -0.023700 -0.022076
v -0.003162 -0.025298 -0.008492
v 0.024252 -0.023700 -0.000296
v 0.024246 -0.025298 -0.000411
v -0.010542 -0.025298 -0.021821
v -0.004840 -0.025298 -0.018674
v 0.019924 -0.025298 -0.001709
v -0.007712 -0.023700 -0.018893
v -0.005317 -0.023700 -0.018208
v -0.009376 -0.027718 -0.018674
v -0.009376 -0.025298 -0.020301
v -0.005317 -0.021700 -0.015083
v -0.005317 -0.023700 -0.015083
v -0.005317 -0.021700 -0.018893
v -0.010143 -0.021700 -0.018893
v -0.003162 -0.026298 -0.012892
v -0.009376 -0.025298 -0.018674
v 0.010922 -0.025298 -0.006159
v 0.010923 -0.025442 -0.004352
v -0.015947 -0.023700 -0.018149
v 0.008961 -0.025298 -0.007935
v -0.010143 -0.023700 -0.018208
v 0.000635 -0.025298 -0.011478
v -0.000662 -0.026398 -0.011478
v -0.000662 -0.026398 -0.012892
v 0.022480 -0.023700 0.001514
v -0.015226 -0.025298 -0.018772
v 0.023179 -0.023700 0.003565
v -0.004615 -0.023700 -0.013511
v -0.002164 -0.023700 -0.013315
v -0.010143 -0.021700 -0.015083
v 0.007037 -0.025298 -0.007985
v 0.015417 -0.025333 -0.001947
v 0.007138 -0.023700 -0.007904
v -0.004615 -0.022250 -0.013511
v -0.002079 -0.022250 -0.012750
v -0.004615 -0.022250 -0.011987
v 0.000886 -0.022250 -0.009533
v 0.002410 -0.022250 -0.009525
v 0.002012 -0.023609 -0.010300
v -0.007712 -0.023700 -0.015083
v -0.010143 -0.023700 -0.015083
v -0.002419 -0.023700 -0.011987
v -0.011988 -0.023700 -0.016686
v -0.011076 -0.023700 -0.014889
v 0.001192 -0.023700 -0.009031
v -0.004615 -0.023700 -0.012352
v -0.003162 -0.025298 -0.011478
v -0.012594 -0.021900 -0.016681
v -0.011076 -0.021900 -0.012495
v -0.011076 -0.021900 -0.016686
v -0.003102 -0.023700 -0.009525
v -0.001275 -0.023668 -0.006724
v -0.014796 -0.023700 -0.015329
v -0.014579 -0.024899 -0.015271
v -0.012589 -0.023700 -0.014895
v -0.012594 -0.021900 -0.012519
v -0.004038 -0.022250 -0.008849
v -0.001506 -0.022250 -0.008083
v -0.001498 -0.022250 -0.009611
v -0.001574 -0.028298 -0.009524
v -0.001574 -0.025298 -0.008586
v -0.001574 -0.028298 -0.005714
v -0.004574 -0.028298 -0.009524
v -0.004574 -0.028298 -0.005714
v -0.019241 -0.025298 -0.014728
v 0.019579 -0.025298 0.013457
v 0.005250 -0.025298 0.009355
v -0.001837 -0.023700 -0.008083
v -0.004038 -0.023700 -0.008087
v -0.004574 -0.025298 -0.009524
v -0.004574 -0.025298 -0.007649
v 0.007923 -0.023700 0.001623
v 0.011474 -0.023700 0.001591
v -0.019167 -0.023700 -0.014828
v -0.011375 -0.023700 -0.012495
v -0.012600 -0.023700 -0.012495
v -0.001574 -0.025298 -0.005714
v -0.006711 -0.025298 -0.008492
v 0.006966 -0.022100 0.001655
v 0.011474 -0.022100 0.005147
v 0.011474 -0.022100 0.001591
v 0.011474 -0.023700 0.003176
v -0.004154 -0.025298 -0.005714
v -0.006711 -0.029298 -0.008492
v -0.006708 -0.029298 -0.002065
v -0.014907 -0.029297 -0.008492
v -0.000719 -0.025330 -0.003642
v 0.013482 -0.024549 0.004974
v 0.010177 -0.023700 0.005147
v -0.021789 -0.025298 -0.010567
v 0.006902 -0.022100 0.005147
v 0.006902 -0.023700 0.003176
v -0.017146 -0.022000 -0.010291
v -0.014098 -0.022000 -0.005211
v -0.014098 -0.022000 -0.010291
v -0.016992 -0.023700 -0.010291
v -0.014098 -0.023700 -0.010291
v -0.014098 -0.023700 -0.005211
v -0.014098 -0.023700 -0.009268
v 0.002402 -0.025298 0.000428
v -0.017969 -0.025298 -0.010533
v -0.021825 -0.023953 -0.010586
v -0.017146 -0.023700 -0.007495
v -0.017146 -0.022000 -0.005211
v -0.017961 -0.025298 -0.009140
v -0.020501 -0.025298 -0.010664
v -0.017965 -0.026748 -0.009903
v -0.020501 -0.026748 -0.009902
v 0.006902 -0.023700 0.005147
v -0.022632 -0.025298 0.005065
v -0.014899 -0.029298 -0.002057
v -0.016473 -0.025298 -0.006712
v -0.016474 -0.025298 -0.008242
v -0.000045 -0.023519 0.001428
v -0.001271 -0.023700 0.000663
v -0.000050 -0.022250 0.001425
v -0.002583 -0.022250 0.001425
v 0.018190 -0.025298 0.013794
v -0.020501 -0.025298 -0.009368
v -0.022862 -0.023725 -0.006207
v -0.017749 -0.026567 -0.008236
v -0.019013 -0.025298 -0.008236
v -0.017743 -0.026748 -0.006712
v -0.002583 -0.023700 0.000663
v 0.004159 -0.024999 0.004184
v 0.004353 -0.023700 0.004180
v 0.005250 -0.025298 0.006800
v 0.003888 -0.023700 0.004322
v 0.018092 -0.024899 0.015170
v 0.016741 -0.025298 0.013491
v -0.001927 -0.023700 0.002187
v 0.017937 -0.023700 0.013569
v -0.022612 -0.025298 -0.008259
v -0.019013 -0.025298 -0.006712
v 0.016221 -0.025298 0.013970
v -0.016487 -0.025298 -0.005270
v -0.022633 -0.025298 -0.005932
v -0.005102 -0.025298 0.001722
v -0.005102 -0.025298 0.000538
v -0.002414 -0.025298 0.006800
v 0.016730 -0.023700 0.013464
v -0.016992 -0.023700 -0.005211
v -0.005905 -0.025298 0.000538
v -0.000403 -0.023700 0.006800
v 0.005250 -0.023700 0.006800
v -0.017762 -0.026386 -0.006155
v -0.019026 -0.025298 -0.006154
v -0.017756 -0.026748 -0.004630
v -0.005102 -0.027098 0.000538
v -0.005108 -0.027098 0.002056
v -0.009293 -0.027098 0.000538
v -0.016923 -0.023700 -0.003555
v -0.014383 -0.023700 -0.003555
v -0.014522 -0.023637 -0.004460
v 0.016205 -0.023700 0.014005
v 0.018057 -0.023700 0.015765
v 0.016148 -0.025298 0.014806
v -0.009293 -0.025298 0.000538
v 0.016341 -0.023700 0.015166
v 0.016691 -0.024499 0.017615
v 0.009952 -0.025298 0.019679
v 0.007185 -0.025298 0.010048
v -0.009867 -0.023700 0.001126
v -0.007127 -0.023700 0.001851
v -0.023703 -0.025298 -0.003952
v -0.019026 -0.025298 -0.004890
v -0.016923 -0.022250 -0.003555
v -0.016923 -0.022250 -0.002031
v -0.014389 -0.022431 -0.002792
v -0.014384 -0.023700 -0.002031
v -0.016488 -0.025298 -0.003734
v -0.005509 -0.025298 0.002050
v -0.009247 -0.027098 0.002050
v -0.012327 -0.021280 0.001126
v -0.012327 -0.021280 0.003776
v -0.007127 -0.021280 0.001126
v -0.007127 -0.021280 0.003776
v -0.009270 -0.025748 0.001971
v -0.017762 -0.026386 -0.004004
v -0.019026 -0.025298 -0.004003
v -0.017756 -0.026748 -0.002479
v 0.016895 -0.024499 0.015678
v -0.016923 -0.023700 -0.002059
v -0.016923 -0.023700 -0.002031
v -0.016486 -0.025298 -0.002479
v -0.020813 -0.023700 -0.003043
v -0.007127 -0.023700 0.003776
v -0.019026 -0.025298 -0.002689
v -0.023913 -0.025298 -0.000510
v -0.012327 -0.023700 0.001126
v 0.007132 -0.023800 0.011468
v -0.016481 -0.026023 -0.001831
v -0.019013 -0.025298 -0.001886
v -0.017743 -0.026748 -0.001124
v 0.014360 -0.025298 0.019523
v 0.014865 -0.023700 0.019131
v -0.009663 -0.023700 0.003776
v -0.012327 -0.023700 0.003176
v 0.014413 -0.023573 0.017129
v -0.016473 -0.025298 -0.000362
v 0.011380 -0.025298 0.018787
v 0.014298 -0.023700 0.018080
v 0.013376 -0.023700 0.020288
v -0.019013 -0.025298 -0.000663
v -0.019013 -0.026748 -0.000362
v -0.005250 -0.025298 0.006800
v -0.018528 -0.025298 0.000426
v -0.022627 -0.025099 0.000633
v -0.023198 -0.023700 -0.000788
v -0.005250 -0.023700 0.006800
v -0.024200 -0.023725 -0.001774
v -0.021923 -0.025298 -0.000952
v 0.012348 -0.023700 0.019037
v 0.011282 -0.023700 0.021123
v -0.005250 -0.023700 0.013430
v -0.005250 -0.025298 0.004234
v -0.021633 -0.023700 0.001092
v 0.010786 -0.023700 0.018684
v -0.016532 -0.024499 0.003299
v -0.016979 -0.023700 0.003283
v -0.009458 -0.025298 0.007092
v 0.012388 -0.024499 0.020066
v 0.009882 -0.023750 0.022147
v -0.013702 -0.023700 0.004511
v -0.013495 -0.024799 0.005029
v 0.008028 -0.023700 0.021703
v -0.017046 -0.025298 0.003511
v 0.009598 -0.025298 0.022138
v 0.012280 -0.025298 0.020648
v -0.015082 -0.023700 0.005710
v 0.005491 -0.024100 0.017300
v 0.007234 -0.024499 0.017300
v 0.007250 -0.023700 0.020291
v 0.007370 -0.025298 0.020677
v -0.006396 -0.023700 0.010414
v -0.015865 -0.024749 0.005832
v 0.010347 -0.024100 0.020332
v -0.021635 -0.023700 0.007804
v -0.016344 -0.025298 0.005756
v -0.019119 -0.025298 0.006883
v -0.009910 -0.025298 0.014921
v -0.011151 -0.025298 0.012567
v -0.010117 -0.023700 0.012897
v -0.010018 -0.023700 0.015556
v -0.012948 -0.024100 0.012498
v -0.013569 -0.024899 0.013611
v -0.005767 -0.024499 0.017300
v -0.007250 -0.025298 0.017300
v -0.007250 -0.023700 0.017300
v -0.013653 -0.023700 0.015491
v -0.016990 -0.025298 0.017297
v -0.018929 -0.025298 0.015238
v -0.007372 -0.023700 0.020770
v -0.007379 -0.025298 0.020799
v -0.008464 -0.023700 0.022072
v -0.010405 -0.023700 0.021931
v -0.012196 -0.023700 0.016381
v -0.013171 -0.025298 0.016068
v -0.017474 -0.023700 0.016784
v -0.011563 -0.024200 0.018960
v -0.012087 -0.024499 0.017669
v -0.013323 -0.023700 0.017810
v -0.013264 -0.025298 0.017702
v -0.013791 -0.024899 0.018437
v -0.013283 -0.025298 0.020262
v -0.014965 -0.023700 0.019044
v -0.011931 -0.025298 0.019581
v -0.009519 -0.025099 0.022152
v -0.018929 -0.023700 0.015238
v -0.013207 -0.024499 0.019664
v 0.015195 -0.025348 -0.014974
v 0.015270 -0.028361 -0.014771
v 0.015395 -0.025348 -0.017074
v 0.009354 -0.025348 -0.017073
v 0.015395 -0.029798 -0.016386
v 0.015395 -0.030048 -0.017074
v 0.010495 -0.028348 -0.017074
v 0.011195 -0.030048 -0.016199
v 0.009470 -0.029861 -0.016887
v 0.014395 -0.029548 -0.016574
v 0.014395 -0.028346 -0.014093
v 0.014395 -0.025848 -0.016574
v 0.014395 -0.025852 -0.011674
v 0.010558 -0.028436 -0.016605
v 0.009695 -0.025848 -0.016574
v 0.014795 -0.029798 -0.015824
v 0.011895 -0.030048 -0.014249
v 0.010370 -0.029611 -0.015099
v 0.014395 -0.029548 -0.014124
v 0.015295 -0.025348 -0.012425
v 0.015319 -0.029229 -0.012415
v 0.015195 -0.030048 -0.012424
v 0.009395 -0.025348 -0.011174
v 0.009395 -0.025597 -0.016825
v 0.009395 -0.025597 -0.011422
v 0.009695 -0.025848 -0.011674
v 0.009470 -0.029861 -0.013874
v 0.014395 -0.029548 -0.012424
v 0.010577 -0.029492 -0.012002
v 0.015653 -0.024769 -0.013167
v 0.015395 -0.025348 -0.011174
v 0.011195 -0.030048 -0.012049
v 0.015395 -0.030048 -0.011174
v 0.013495 -0.029448 -0.011674
v 0.010495 -0.028348 -0.011174
v 0.009395 -0.030048 -0.011174
v 0.010570 -0.027848 -0.011611
v -0.015202 -0.025552 -0.017544
v -0.015202 -0.025552 -0.010939
v -0.007565 -0.025552 -0.017544
v -0.007565 -0.025552 -0.010939
v -0.007565 -0.030198 -0.017544
v -0.015202 -0.030198 -0.017544
v -0.007565 -0.030198 -0.010939
v -0.015202 -0.030198 -0.010939
v 0.019627 -0.023395 -0.006699
v 0.019830 -0.023383 -0.003849
v 0.022127 -0.023395 -0.006699
v 0.022127 -0.023395 -0.003499
v -0.021938 -0.025699 -0.000481
v -0.023141 -0.021298 -0.000660
v -0.022001 -0.021298 0.000118
v -0.023554 -0.025019 -0.000039
v -0.022225 -0.025551 0.000822
v 0.013750 0.000000 -0.023816
v 0.017306 0.000000 -0.021372
v 0.014250 -0.001000 -0.024682
v 0.017936 -0.001000 -0.022149
v 0.010213 -0.001000 -0.026607
v 0.010213 -0.010500 -0.026607
v 0.014250 -0.010500 -0.024682
v 0.014212 -0.010500 -0.023651
v 0.010282 -0.010500 -0.025546
v 0.017936 -0.010500 -0.022149
v 0.017208 -0.010500 -0.021552
v 0.005925 -0.001000 -0.027877
v 0.009855 0.000000 -0.025673
v 0.005925 -0.010500 -0.027877
v 0.020472 0.000000 -0.018361
v 0.021180 -0.001000 -0.019070
v 0.020809 -0.010500 -0.018038
v 0.021180 -0.010500 -0.019070
v 0.015659 -0.007500 -0.022728
v 0.009000 -0.007500 -0.012000
v 0.013332 -0.007500 -0.024160
v 0.008417 -0.007500 -0.026217
v 0.019528 -0.007500 -0.019407
v 0.004895 0.000000 -0.023480
v 0.005665 0.000000 -0.026910
v 0.001492 -0.001000 -0.028461
v 0.001492 -0.010500 -0.028461
v 0.023902 -0.001000 -0.015522
v 0.005375 -0.010500 -0.027063
v 0.023902 -0.010500 -0.015522
v 0.012107 -0.007500 -0.008726
v 0.004877 -0.007500 -0.027157
v 0.016824 0.000000 -0.013490
v 0.005510 0.000500 -0.026432
v 0.020135 0.000500 -0.017988
v 0.023655 0.000500 -0.012844
v 0.016776 0.000500 -0.013957
v 0.022697 -0.007500 -0.015643
v 0.000635 -0.010500 -0.027531
v -0.000770 -0.007500 -0.027479
v 0.001413 0.000500 -0.026963
v 0.001501 0.000500 -0.025045
v 0.003270 0.000500 -0.021315
v 0.000304 0.000500 -0.026078
v 0.019808 0.000500 -0.012700
v 0.020953 0.000500 -0.013857
v 0.021836 0.000500 -0.013756
v -0.002979 -0.001000 -0.028344
v -0.002979 -0.010500 -0.028344
v 0.026036 -0.001000 -0.011592
v 0.026036 -0.010500 -0.011592
v 0.024245 -0.010500 -0.013127
v -0.009000 -0.007500 -0.012000
v 0.024903 -0.007500 -0.011813
v -0.004166 0.000500 -0.026642
v -0.000875 0.000500 -0.025814
v 0.022718 0.000500 -0.012795
v -0.004403 -0.010500 -0.027225
v -0.007376 -0.001000 -0.027529
v -0.006365 0.000000 -0.026742
v -0.007376 -0.010500 -0.027529
v 0.025646 0.000500 -0.008444
v 0.026342 0.000000 -0.007859
v 0.027529 -0.001000 -0.007376
v 0.026035 -0.010500 -0.009084
v 0.027529 -0.010500 -0.007376
v 0.000524 -0.006500 -0.025958
v 0.022603 -0.006500 -0.012845
v 0.021270 -0.006500 -0.013877
v 0.022665 -0.006500 -0.011557
v 0.001097 0.000500 -0.023418
v 0.002334 0.000000 -0.020354
v -0.000777 -0.006500 -0.025894
v -0.001498 -0.006500 -0.024439
v 0.020580 -0.006500 -0.010775
v 0.021628 -0.006500 -0.010673
v 0.022381 -0.006500 -0.011080
v 0.001574 -0.006500 -0.024815
v 0.020327 -0.006500 -0.013588
v -0.000439 -0.006500 -0.022972
v 0.014230 -0.007500 -0.004743
v 0.022700 0.000500 -0.011576
v -0.001604 0.000500 -0.024602
v 0.001083 -0.006500 -0.023434
v 0.026469 -0.007500 -0.007679
v 0.019711 -0.006500 -0.012199
v -0.006283 -0.007500 -0.026875
v 0.022307 0.000500 -0.011030
v 0.006472 0.000000 -0.014537
v -0.008833 -0.010500 -0.026082
v 0.021736 0.000500 -0.010687
v 0.022781 0.000500 -0.007501
v -0.003033 0.000000 -0.021200
v -0.004453 0.000500 -0.022539
v 0.022781 0.000000 -0.007501
v -0.011592 -0.001000 -0.026036
v -0.011592 -0.010500 -0.026036
v 0.027349 0.000000 -0.002875
v 0.028344 -0.001000 -0.002979
v 0.027350 -0.010500 -0.003707
v 0.026960 -0.010500 -0.005904
v 0.028344 -0.010500 -0.002979
v -0.010956 -0.007500 -0.025264
v -0.000652 0.000500 -0.023120
v 0.017218 0.000500 -0.009673
v 0.021071 0.000500 -0.010625
v -0.001613 0.000500 -0.019861
v 0.020710 0.000500 -0.007325
v 0.020259 0.000500 -0.010960
v -0.011185 0.000000 -0.025123
v -0.000000 0.000000 -0.015912
v 0.011825 0.000000 -0.010647
v 0.027196 -0.007500 -0.004708
v -0.016689 0.000000 -0.021750
v -0.020508 0.000000 -0.018321
v 0.027181 0.000000 0.003578
v 0.019358 0.000000 -0.007929
v 0.021820 0.000000 0.007382
v 0.026121 0.000000 0.008600
v 0.014892 -0.007500 -0.001794
v 0.027443 -0.007500 0.001819
v -0.016765 0.000000 -0.013881
v 0.027505 -0.010500 0.001288
v -0.015522 -0.001000 -0.023902
v -0.015522 -0.010500 -0.023902
v 0.028461 -0.001000 0.001492
v -0.013014 -0.010500 -0.024321
v 0.028461 -0.010500 0.001492
v -0.007149 0.000000 -0.014045
v 0.015134 0.000000 -0.004917
v 0.003308 0.000500 -0.015565
v 0.006780 0.000500 -0.012856
v 0.009353 0.000500 -0.012873
v 0.002884 0.000500 -0.012441
v 0.004503 0.000500 -0.013125
v 0.008651 0.000500 -0.011208
v 0.013780 0.000500 -0.007956
v -0.014382 -0.007500 -0.023557
v 0.005812 -0.008000 -0.011193
v 0.007349 -0.008000 -0.009656
v -0.001672 0.000500 -0.015912
v 0.009333 0.000500 -0.008718
v 0.006365 -0.005600 -0.012952
v 0.005812 -0.005600 -0.011193
v 0.008500 -0.005600 -0.011481
v 0.006787 -0.008000 -0.007556
v 0.004114 -0.005600 -0.012958
v 0.007349 -0.005600 -0.009656
v -0.016071 -0.010500 -0.022413
v 0.009316 -0.005600 -0.009408
v 0.003713 -0.005600 -0.010630
v -0.017116 -0.007500 -0.021624
v -0.006472 0.000500 -0.014537
v 0.001699 0.000500 -0.011143
v 0.008801 0.000500 -0.007043
v 0.015825 0.000500 -0.001663
v -0.019070 -0.001000 -0.021180
v -0.019070 -0.010500 -0.021180
v 0.027877 -0.001000 0.005925
v 0.027877 -0.010500 0.005925
v 0.027135 -0.010500 0.005044
v 0.008950 -0.005600 -0.007472
v 0.003638 -0.008000 -0.010349
v 0.002201 -0.005600 -0.011766
v 0.011817 -0.004000 -0.006190
v 0.010446 -0.003099 -0.006093
v 0.010821 -0.004000 -0.007493
v 0.009371 -0.004000 -0.006930
v 0.006787 -0.005600 -0.007556
v 0.010961 -0.004000 -0.004859
v -0.007616 0.000500 -0.012441
v -0.005997 0.000500 -0.013125
v -0.003720 0.000500 -0.012856
v 0.012550 0.000500 -0.003551
v 0.013437 0.000500 -0.002861
v 0.014365 0.000500 -0.001369
v 0.018989 0.000000 0.007774
v 0.016000 0.000000 -0.000000
v 0.008018 -0.005600 -0.006161
v -0.002313 0.000500 -0.011954
v -0.001231 0.000043 -0.009603
v 0.000577 -0.000250 -0.009213
v 0.001217 0.000350 -0.009775
v 0.001371 -0.005600 -0.009878
v 0.008067 0.000000 -0.004990
v 0.009753 0.000500 -0.004031
v 0.007716 0.000178 -0.005843
v 0.011509 0.000500 -0.003974
v 0.009147 -0.004000 -0.005343
v 0.003151 -0.005600 -0.008531
v 0.026659 -0.007500 0.007064
v -0.019873 -0.010500 -0.019063
v 0.006148 -0.005600 -0.005114
v 0.004688 -0.005600 -0.006994
v 0.004713 -0.008000 -0.007001
v -0.002566 -0.005600 -0.012114
v -0.004357 -0.005600 -0.013050
v 0.013017 -0.005600 -0.003120
v -0.004688 -0.005600 -0.011193
v -0.020727 -0.007500 -0.018124
v 0.026293 -0.010500 0.008322
v -0.001427 -0.005600 -0.010550
v 0.010527 -0.005600 -0.004078
v 0.014110 -0.005600 -0.001876
v 0.011625 -0.005600 -0.001949
v -0.006386 -0.005600 -0.012958
v 0.009938 -0.005600 -0.002099
v 0.005892 -0.007500 0.013794
v 0.025571 -0.007500 0.010387
v 0.023366 -0.007500 0.014561
v -0.003301 -0.005600 -0.010218
v 0.012449 -0.005600 -0.001125
v -0.022149 -0.001000 -0.017936
v -0.022149 -0.010500 -0.017936
v 0.026607 -0.001000 0.010213
v 0.026607 -0.010500 0.010213
v 0.001153 -0.003000 -0.008926
v 0.007153 -0.003000 -0.005462
v 0.008726 -0.000035 -0.003667
v 0.003301 -0.008000 -0.007968
v 0.009757 -0.005600 -0.004010
v 0.001640 -0.005600 -0.007217
v 0.003857 -0.005600 -0.005420
v 0.014583 0.000500 0.000375
v 0.014566 -0.005600 -0.000315
v -0.001297 -0.005600 -0.008544
v -0.001160 -0.003000 -0.008822
v 0.007513 -0.005600 -0.002521
v 0.008220 -0.003000 -0.003406
v 0.001849 -0.003000 -0.006978
v 0.005997 -0.003000 -0.005062
v -0.006375 -0.005600 -0.011042
v -0.010706 0.000500 -0.011890
v -0.008801 0.000500 -0.011143
v 0.014715 0.000500 0.005641
v 0.014039 0.000000 0.007161
v -0.003151 -0.005600 -0.008531
v 0.012599 -0.005600 0.000563
v -0.004688 -0.008000 -0.011193
v -0.004688 -0.008000 -0.006994
v -0.003151 -0.008000 -0.008531
v -0.003301 -0.008000 -0.010218
v 0.011745 -0.008000 -0.001828
v 0.010500 -0.008000 -0.002250
v 0.009375 -0.008000 -0.001949
v 0.008551 -0.008000 -0.001125
v 0.012449 -0.008000 -0.001125
v 0.012599 -0.008000 0.000563
v -0.002292 -0.003000 -0.006394
v 0.006683 -0.003000 -0.001213
v 0.003720 -0.003000 -0.005331
v 0.014368 -0.005600 0.001203
v -0.006375 -0.008000 -0.011042
v -0.013168 -0.007500 -0.006735
v -0.008299 -0.005600 -0.011766
v 0.014051 0.000500 0.002050
v -0.007349 -0.005600 -0.009656
v 0.008476 -0.005600 -0.000281
v -0.007349 -0.008000 -0.009656
v -0.020559 0.000500 -0.017490
v 0.025426 0.000500 0.009060
v 0.021820 0.000500 0.007382
v -0.002636 -0.005600 -0.006030
v 0.013549 -0.005600 0.002672
v -0.021041 0.000500 -0.013806
v -0.016765 0.000500 -0.013881
v 0.021092 0.000500 0.010772
v 0.022711 0.000500 0.011872
v -0.009333 0.000500 -0.009468
v -0.009118 -0.005600 -0.010296
v 0.012866 0.000500 0.003348
v -0.004125 -0.005600 -0.007145
v 0.008607 -0.008000 0.000768
v 0.011625 -0.005600 0.001949
v 0.011063 -0.008000 0.002099
v 0.024293 -0.010500 0.012956
v -0.014715 0.000500 -0.005641
v -0.014039 0.000000 -0.007161
v 0.016598 0.000000 0.011177
v -0.019818 0.000500 -0.013038
v -0.024682 -0.001000 -0.014250
v -0.024682 -0.010500 -0.014250
v 0.023383 0.000500 0.013500
v 0.024682 -0.001000 0.014250
v -0.022866 -0.010500 -0.015437
v 0.024682 -0.010500 0.014250
v -0.024295 0.000500 -0.011588
v -0.022636 0.000500 -0.012834
v 0.018221 0.000500 0.008366
v -0.009316 -0.005600 -0.008779
v -0.006506 -0.005600 -0.007481
v -0.006787 -0.008000 -0.007556
v -0.004694 -0.005600 -0.005126
v 0.007039 -0.005600 0.001810
v 0.009938 -0.005600 0.002099
v 0.011636 -0.005600 0.003864
v -0.009115 0.000500 -0.007725
v 0.009115 0.000500 0.007725
v 0.011247 0.000500 0.004031
v -0.005381 -0.003000 -0.005091
v 0.002884 -0.003000 0.005745
v 0.005381 -0.003000 0.005091
v 0.007099 -0.003000 0.002115
v -0.008312 -0.005600 -0.006556
v 0.009607 -0.005600 0.003957
v -0.019793 0.000500 -0.011636
v -0.016485 0.000500 -0.010637
v -0.017979 0.000000 -0.008786
v -0.025099 -0.007500 -0.011177
v -0.011247 0.000500 -0.004031
v -0.009491 0.000500 -0.003974
v -0.007903 0.000281 -0.006004
v 0.009491 0.000500 0.003974
v -0.007099 -0.003000 -0.002115
v -0.013458 0.000500 -0.002699
v -0.020001 -0.006500 -0.013234
v -0.021496 -0.006500 -0.013822
v 0.022280 -0.006500 0.011045
v 0.020951 -0.006500 0.010719
v -0.021298 -0.006500 -0.010700
v 0.020695 -0.006500 0.013656
v -0.025309 -0.010500 -0.010850
v 0.019839 -0.006500 0.011626
v -0.019794 -0.006500 -0.011556
v 0.022535 -0.006500 0.013002
v 0.008813 0.000062 0.003711
v -0.008131 0.000000 -0.004861
v 0.008131 0.000000 0.004861
v 0.007903 0.000281 0.006004
v -0.007153 -0.003000 -0.005462
v -0.008307 -0.003000 -0.003464
v 0.008307 -0.003000 0.003464
v 0.007153 -0.003000 0.005462
v -0.022464 -0.006500 -0.013306
v -0.019540 0.000500 -0.007815
v 0.019746 0.000500 0.011913
v 0.016356 0.000500 0.011597
v 0.021913 0.000500 0.013578
v -0.022665 -0.006500 -0.011856
v -0.026607 -0.010500 -0.010213
v -0.026607 -0.001000 -0.010213
v -0.008963 -0.008000 -0.001537
v -0.011756 -0.008000 -0.001612
v -0.008813 0.000062 -0.003711
v -0.008963 -0.008000 0.001537
v -0.008250 -0.008000 -0.000000
v 0.006641 -0.008000 0.007411
v 0.005250 -0.008000 0.006843
v 0.003713 -0.008000 0.007556
v 0.007349 -0.008000 0.009656
v 0.020559 0.000500 0.017490
v 0.022149 -0.001000 0.017936
v 0.022149 -0.010500 0.017936
v -0.020953 0.000500 -0.010643
v -0.022219 0.000500 -0.011068
v 0.017303 0.000500 0.015205
v 0.020113 0.000500 0.013394
v -0.009938 -0.005600 -0.002099
v -0.007039 -0.005600 -0.001810
v -0.009165 -0.005600 -0.003839
v 0.004694 -0.005600 0.005126
v 0.006375 -0.005600 0.007145
v 0.008312 -0.005600 0.006556
v -0.010559 -0.005600 -0.004060
v 0.004688 -0.005600 0.006994
v -0.024213 0.000500 -0.007972
v -0.008401 -0.005600 -0.000562
v 0.007274 -0.005600 0.009375
v 0.009333 0.000500 0.009468
v 0.010706 0.000500 0.011890
v 0.009353 0.000000 0.012873
v -0.012202 -0.005600 -0.003683
v 0.009217 -0.005600 0.009537
v -0.006417 -0.003000 0.000375
v 0.020929 -0.010500 0.017936
v -0.012112 -0.005600 -0.001256
v 0.002636 -0.005600 0.006030
v 0.017303 0.000000 0.015205
v -0.021820 0.000000 -0.007382
v 0.003256 0.000000 0.020884
v 0.020353 -0.007500 0.018610
v -0.014892 -0.007500 -0.001794
v -0.027124 -0.007500 -0.004883
v -0.006865 -0.005600 0.001729
v -0.013958 -0.005600 -0.001938
v 0.008801 0.000500 0.011143
v -0.006949 -0.003000 0.002050
v 0.001699 -0.003000 0.007043
v 0.003151 -0.005600 0.008531
v -0.008963 -0.005600 0.001537
v -0.015825 0.000000 0.001663
v -0.019347 0.000000 0.007944
v -0.026121 0.000000 -0.008600
v -0.027181 0.000000 -0.003578
v -0.027877 -0.001000 -0.005925
v -0.027877 -0.010500 -0.005925
v 0.020508 0.000000 0.018321
v 0.019070 -0.001000 0.021180
v 0.019070 -0.010500 0.021180
v -0.022781 0.000000 0.007501
v 0.008299 -0.005600 0.011766
v -0.015825 0.000500 0.001663
v -0.014583 0.000500 -0.000375
v 0.006472 0.000500 0.014537
v -0.026594 -0.010500 -0.007361
v 0.007616 0.000500 0.012441
v -0.008220 -0.003000 0.003406
v -0.005997 -0.003000 0.005062
v -0.003017 -0.003000 0.005782
v -0.008160 -0.005600 0.003314
v -0.001385 -0.003000 0.007725
v 0.001160 -0.003000 0.008822
v 0.001297 -0.005600 0.008544
v -0.012750 -0.008000 -0.000000
v 0.003000 -0.008000 0.009093
v 0.005812 -0.005600 0.011193
v 0.005812 -0.008000 0.011193
v 0.016689 0.000000 0.021750
v 0.004895 0.000000 0.023480
v -0.027532 -0.007500 -0.000073
v -0.005892 -0.007500 0.013794
v -0.022934 -0.007500 0.015239
v -0.026143 -0.007500 0.008416
v -0.014566 -0.005600 0.000315
v -0.011756 -0.005600 0.001612
v -0.012449 -0.008000 0.001125
v 0.003713 -0.005600 0.010630
v 0.003301 -0.008000 0.010218
v 0.006952 -0.005600 0.012776
v -0.011063 -0.008000 0.002099
v -0.004021 -0.005600 0.005503
v -0.001640 -0.005600 0.007217
v -0.004688 -0.005600 0.006994
v 0.018818 -0.010500 0.020191
v -0.003151 -0.005600 0.008531
v -0.013901 0.000500 0.002115
v 0.005997 0.000500 0.013125
v -0.007153 -0.003000 0.005462
v 0.017936 -0.007500 0.020978
v -0.027285 -0.010500 -0.004011
v -0.008067 0.000000 0.004990
v -0.009239 0.000233 0.003849
v -0.000577 -0.000250 0.009213
v 0.001193 0.000043 0.009468
v 0.001427 -0.005600 0.010550
v -0.009930 -0.005600 0.004046
v -0.001153 -0.003000 0.008926
v -0.013750 -0.005600 0.002388
v -0.011615 -0.005600 0.003858
v 0.002566 -0.005600 0.012114
v 0.004289 -0.008000 0.011086
v 0.004612 -0.005600 0.013043
v 0.001849 0.000500 0.011208
v -0.006476 -0.005600 0.005181
v -0.001371 -0.005600 0.009878
v -0.008083 -0.005600 0.006269
v -0.006787 -0.005600 0.007556
v -0.004688 -0.008000 0.006994
v -0.006787 -0.008000 0.007556
v -0.003969 -0.008000 0.010699
v -0.003000 -0.008000 0.009093
v -0.003301 -0.008000 0.007968
v 0.001702 -0.008000 0.014828
v -0.001699 0.000500 0.011143
v 0.002472 0.000000 0.015565
v 0.016764 -0.010500 0.021906
v -0.007716 0.000178 0.005843
v -0.001217 0.000350 0.009775
v -0.008801 0.000500 0.007043
v -0.012030 0.000500 0.003762
v 0.004241 0.000500 0.013067
v -0.028461 -0.001000 -0.001492
v -0.028461 -0.010500 -0.001492
v 0.015522 -0.001000 0.023902
v 0.015522 -0.010500 0.023902
v 0.000134 -0.004000 0.010744
v 0.001317 -0.004000 0.011996
v 0.000579 -0.003549 0.012459
v 0.005671 -0.007500 0.026945
v 0.003007 -0.007500 0.014695
v 0.014868 -0.007500 0.023176
v 0.010465 -0.007500 0.025539
v 0.003200 0.000500 0.012644
v -0.004482 -0.005600 0.010987
v -0.001353 -0.004000 0.011343
v -0.002201 -0.005600 0.011766
v -0.013780 0.000500 0.007956
v -0.009333 0.000500 0.008718
v -0.009118 -0.005600 0.007891
v -0.000818 0.000500 0.015738
v -0.002884 0.000500 0.012441
v -0.001316 -0.004000 0.012606
v 0.000547 -0.004000 0.013329
v -0.007500 -0.005600 0.009093
v -0.007500 -0.008000 0.009093
v -0.013780 0.000000 0.007956
v -0.001537 0.000000 0.019997
v 0.012872 -0.010500 0.024344
v 0.001944 -0.007500 0.027531
v -0.001504 -0.007500 0.014848
v -0.027575 -0.010500 0.000402
v -0.009283 -0.005600 0.009830
v -0.006787 -0.005600 0.010630
v -0.009349 -0.005600 0.008986
v -0.007212 -0.008000 0.010168
v -0.004908 -0.005600 0.013063
v -0.009115 0.000500 0.010462
v -0.004503 0.000500 0.013125
v -0.005812 -0.008000 0.011193
v -0.004346 -0.008000 0.014277
v -0.008860 -0.005600 0.010970
v -0.028344 -0.001000 0.002979
v -0.027349 0.000000 0.002875
v 0.011185 0.000000 0.025123
v -0.007196 -0.005600 0.012599
v -0.028344 -0.010500 0.002979
v 0.011592 -0.001000 0.026036
v 0.011592 -0.010500 0.026036
v -0.001440 -0.007500 0.027541
v -0.006429 -0.007500 0.026771
v -0.009353 0.000500 0.012873
v -0.007743 0.000500 0.012299
v -0.006259 0.000500 0.013067
v -0.010706 0.000000 0.011890
v -0.006472 0.000000 0.014537
v -0.016021 -0.007500 0.022370
v -0.019907 -0.007500 0.019072
v -0.010931 -0.007500 0.025343
v -0.027350 -0.010500 0.003707
v -0.012989 0.000000 0.014955
v 0.008176 -0.010500 0.026340
v -0.027529 -0.001000 0.007376
v -0.026342 0.000000 0.007859
v 0.007118 0.000000 0.026563
v -0.021746 0.000500 0.007413
v -0.021377 0.000500 0.010660
v -0.017984 0.000500 0.008563
v -0.020183 0.000500 0.010994
v 0.004130 0.000500 0.021927
v 0.001613 0.000500 0.019861
v -0.000302 0.000500 0.022996
v 0.001104 0.000500 0.023356
v -0.003270 0.000500 0.021315
v -0.019691 0.000500 0.012370
v -0.017824 0.000500 0.015458
v -0.013357 0.000500 0.014280
v -0.027529 -0.010500 0.007376
v 0.007376 -0.001000 0.027529
v 0.007376 -0.010500 0.027529
v -0.026497 -0.010500 0.007494
v 0.001381 0.000494 0.025261
v -0.025156 0.000500 0.009713
v -0.022628 0.000500 0.011499
v 0.005612 0.000000 0.026921
v 0.004166 0.000500 0.026642
v -0.015525 0.000500 0.017074
v -0.012519 0.000500 0.016765
v -0.016324 0.000500 0.015592
v -0.004534 0.000000 0.022613
v 0.004403 -0.010500 0.027225
v 0.002979 -0.001000 0.028344
v -0.021236 -0.006500 0.010644
v -0.019955 -0.006500 0.011388
v 0.000052 -0.006500 0.022873
v 0.001262 -0.006500 0.023638
v -0.020396 -0.006500 0.013504
v 0.000540 -0.006500 0.025921
v -0.022746 -0.006500 0.012412
v -0.021788 -0.006500 0.013774
v -0.001167 -0.006500 0.023482
v -0.012779 0.000000 0.018982
v -0.022355 -0.006500 0.011117
v -0.026036 -0.010500 0.011592
v -0.026036 -0.001000 0.011592
v 0.002979 -0.010500 0.028344
v -0.001467 0.000500 0.024819
v -0.020541 0.000500 0.013663
v -0.001386 -0.006500 0.025095
v -0.022625 0.000500 0.013008
v 0.000003 0.000500 0.026043
v -0.015984 -0.004500 0.015929
v -0.017324 -0.004500 0.015324
v -0.017324 -0.005702 0.017324
v -0.024815 -0.010500 0.012082
v -0.019190 0.000500 0.016824
v -0.023902 -0.001000 0.015522
v -0.022644 0.000500 0.014705
v -0.001413 0.000500 0.026963
v -0.018690 -0.004500 0.015958
v -0.015499 -0.004500 0.017613
v -0.005510 0.000500 0.026432
v -0.000007 -0.010500 0.027579
v -0.013968 0.000500 0.021325
v -0.021836 0.000500 0.013756
v -0.014409 0.000000 0.023410
v -0.009855 0.000000 0.025673
v -0.005665 0.000000 0.026910
v -0.022106 -0.010500 0.016410
v -0.023902 -0.010500 0.015522
v -0.001492 -0.001000 0.028461
v -0.001492 -0.010500 0.028461
v -0.019190 -0.004500 0.017824
v -0.016324 0.000500 0.019056
v -0.017661 -0.004500 0.019151
v -0.016349 -0.004500 0.019019
v -0.021180 -0.001000 0.019070
v -0.018528 0.000500 0.019525
v -0.019056 0.000500 0.018324
v -0.004415 -0.010500 0.027223
v -0.017824 0.000500 0.019190
v -0.021180 -0.010500 0.019070
v -0.005925 -0.001000 0.027877
v -0.005925 -0.010500 0.027877
v -0.017936 -0.001000 0.022149
v -0.018859 -0.010500 0.020104
v -0.008710 -0.010500 0.026167
v -0.017936 -0.010500 0.022149
v -0.010213 -0.001000 0.026607
v -0.010213 -0.010500 0.026607
v -0.013601 -0.010500 0.023910
v -0.014250 -0.010500 0.024682
v -0.014250 -0.001000 0.024682
v 0.011971 -0.025954 -0.019751
v 0.010476 -0.025266 -0.019997
v 0.011613 -0.021600 -0.019895
v 0.011130 -0.023655 -0.018567
v 0.004150 -0.031065 0.013500
v 0.000633 -0.029065 0.013500
v 0.004150 -0.027335 0.013500
v 0.003616 -0.026439 0.013500
v 0.004150 -0.027335 0.023800
v 0.000479 -0.029661 0.013500
v 0.003516 -0.032048 0.013500
v 0.004150 -0.031065 0.023800
v 0.003692 -0.031792 0.023800
v 0.000371 -0.028647 0.013500
v 0.002455 -0.025405 0.013500
v 0.003255 -0.026063 0.023800
v 0.002045 -0.033236 0.013500
v 0.002747 -0.032813 0.023800
v 0.000108 -0.029868 0.013500
v 0.001269 -0.033512 0.023800
v 0.001036 -0.024769 0.013500
v 0.002017 -0.025122 0.023800
v 0.000347 -0.033723 0.013500
v 0.000000 -0.024650 0.013500
v 0.001036 -0.024769 0.023800
v 0.000586 -0.029515 0.032700
v 0.000586 -0.028885 0.032700
v 0.000113 -0.029867 0.032700
v 0.000113 -0.028533 0.032700
v -0.000171 -0.028560 0.013500
v -0.001527 -0.024946 0.013500
v -0.000518 -0.024710 0.023800
v -0.001156 -0.033575 0.013500
v -0.000468 -0.029668 0.013500
v -0.000343 -0.029794 0.032700
v -0.000519 -0.033713 0.023800
v -0.000594 -0.028857 0.013500
v -0.003255 -0.026063 0.013500
v -0.000343 -0.028606 0.032700
v -0.002994 -0.032534 0.013500
v -0.000640 -0.029371 0.032700
v -0.000686 -0.029200 0.013500
v -0.004150 -0.027335 0.013500
v -0.000594 -0.028857 0.032700
v -0.004150 -0.031065 0.013500
v -0.002092 -0.033178 0.023800
v -0.002017 -0.025122 0.023800
v -0.003255 -0.026063 0.023800
v -0.003632 -0.031905 0.023800
v -0.004150 -0.031065 0.023800
v -0.004150 -0.027335 0.023800
v 0.004513 -0.025601 0.024625
v 0.005745 -0.029489 0.025050
v 0.005891 -0.029521 0.023800
v 0.004857 -0.032111 0.025200
v 0.005113 -0.032265 0.023800
v 0.004070 -0.024929 0.023800
v 0.003192 -0.033877 0.025200
v 0.002494 -0.034547 0.023800
v 0.004974 -0.027924 0.025500
v 0.003524 -0.025509 0.025500
v 0.000546 -0.023351 0.023800
v 0.000857 -0.034786 0.025200
v 0.004963 -0.029774 0.025500
v 0.004905 -0.028481 0.032700
v 0.004701 -0.030892 0.025500
v 0.004890 -0.030223 0.032700
v 0.004088 -0.026394 0.032700
v 0.003824 -0.032363 0.025500
v 0.004246 -0.031736 0.032700
v 0.001220 -0.023668 0.025200
v -0.001487 -0.034903 0.023800
v 0.002584 -0.033435 0.032700
v 0.002019 -0.024666 0.025500
v 0.002868 -0.025138 0.032700
v 0.002019 -0.033734 0.025500
v -0.001758 -0.023654 0.024350
v -0.003104 -0.034256 0.024350
v 0.001602 -0.024491 0.032700
v 0.000183 -0.024211 0.025500
v -0.000464 -0.034130 0.025500
v 0.001189 -0.034026 0.032700
v -0.001913 -0.034002 0.025500
v -0.000466 -0.024270 0.032700
v -0.000556 -0.034133 0.032700
v -0.005263 -0.026521 0.023800
v -0.001640 -0.024514 0.025500
v -0.002558 -0.024241 0.025200
v -0.005192 -0.031856 0.024425
v -0.002641 -0.033404 0.032700
v -0.005963 -0.029200 0.023800
v -0.003757 -0.032960 0.025500
v -0.003510 -0.025690 0.025500
v -0.002641 -0.024996 0.032700
v -0.003510 -0.032710 0.025500
v -0.004944 -0.026705 0.025275
v -0.005665 -0.029200 0.025200
v -0.003906 -0.032315 0.032700
v -0.004686 -0.027560 0.025500
v -0.003906 -0.026085 0.032700
v -0.004686 -0.030840 0.025500
v -0.004686 -0.030840 0.032700
v -0.004686 -0.027560 0.032700
v -0.004996 -0.029200 0.025500
v -0.004996 -0.029200 0.032700
v -0.024770 -0.032171 0.004703
v -0.025033 -0.027303 0.004317
v -0.023987 -0.030545 0.003322
v -0.025859 -0.032716 0.006166
v -0.027321 -0.028516 0.003918
v -0.027178 -0.032012 0.004559
v -0.026241 -0.025044 0.005553
v -0.023175 -0.033153 0.009730
v -0.023865 -0.034307 0.007233
v -0.027261 -0.030630 0.004872
v -0.023158 -0.023945 0.008609
v -0.025629 -0.034457 0.006643
v -0.022607 -0.027262 0.010747
v -0.022462 -0.030328 0.011147
v -0.024377 -0.028953 0.005885
v -0.024548 -0.031752 0.007408
v -0.026670 -0.027151 0.006487
v -0.025602 -0.024832 0.007359
v -0.024374 -0.026272 0.008103
v -0.027802 -0.032273 0.006897
v -0.026161 -0.032278 0.008203
v -0.023782 -0.031685 0.010505
v -0.028046 -0.026056 0.006185
v -0.027381 -0.026852 0.006403
v -0.027151 -0.032546 0.007034
v -0.026314 -0.031436 0.009043
v -0.025199 -0.035030 0.009478
v -0.021868 -0.033336 0.011335
v -0.026022 -0.023559 0.008373
v -0.025963 -0.034212 0.008853
v -0.026471 -0.024576 0.010542
v -0.024355 -0.027899 0.011948
v -0.023344 -0.028371 0.013356
v -0.024526 -0.023863 0.011311
v -0.024775 -0.024664 0.011091
v -0.023991 -0.033484 0.012829
v -0.021824 -0.025686 0.011964
v -0.026172 -0.024724 0.009433
v -0.024568 -0.032786 0.012476
v -0.021745 -0.029998 0.013102
v -0.026049 -0.032556 0.009770
v -0.026353 -0.034048 0.010796
v -0.026066 -0.024728 0.010017
v -0.025060 -0.027410 0.012780
v -0.025343 -0.032657 0.012004
v -0.024407 -0.025705 0.013697
v -0.025353 -0.027844 0.013717
v -0.023355 -0.028124 0.014589
v -0.023957 -0.030573 0.014711
v -0.025479 -0.032435 0.013237
v 0.028304 -0.030142 0.005519
v 0.027287 -0.031971 0.004604
v 0.027229 -0.027717 0.003948
v 0.027962 -0.025682 0.006283
v 0.024418 -0.030139 0.003547
v 0.024522 -0.025804 0.004716
v 0.026519 -0.030927 0.006581
v 0.026284 -0.026540 0.005526
v 0.025957 -0.031447 0.005186
v 0.026384 -0.024447 0.006205
v 0.025327 -0.033836 0.009344
v 0.023102 -0.024477 0.008738
v 0.027080 -0.032719 0.007228
v 0.027522 -0.028269 0.006013
v 0.026408 -0.024728 0.009077
v 0.025517 -0.034016 0.006558
v 0.026832 -0.033531 0.009637
v 0.026388 -0.024641 0.010705
v 0.023459 -0.033976 0.006127
v 0.025764 -0.024210 0.009335
v 0.024299 -0.030438 0.006100
v 0.024018 -0.026722 0.007497
v 0.026061 -0.028318 0.006519
v 0.022469 -0.030438 0.011128
v 0.022607 -0.027262 0.010747
v 0.024670 -0.027598 0.011358
v 0.025098 -0.034756 0.010303
v 0.024860 -0.023570 0.010421
v 0.024102 -0.031836 0.010226
v 0.026226 -0.033686 0.009284
v 0.022648 -0.034037 0.010416
v 0.026188 -0.024719 0.009095
v 0.026065 -0.024728 0.010019
v 0.026220 -0.029200 0.009009
v 0.025878 -0.024728 0.009948
v 0.025878 -0.033672 0.009948
v 0.025726 -0.033188 0.010951
v 0.024999 -0.027237 0.012947
v 0.023510 -0.026454 0.012603
v 0.022931 -0.031955 0.012358
v 0.021752 -0.025938 0.012324
v 0.023820 -0.032925 0.013399
v 0.025112 -0.029010 0.014208
v 0.024269 -0.025503 0.013625
v 0.020997 -0.030496 0.013056
v 0.024001 -0.028728 0.014124
v 0.022861 -0.027067 0.014028
v 0.023360 -0.030564 0.014498
v -0.027469 -0.031585 0.006160
v -0.028181 -0.030040 0.005665
v -0.027093 -0.026047 0.007558
v -0.025121 -0.026163 0.012613
v -0.024764 -0.028545 0.013594
v -0.025332 -0.032486 0.012033
v -0.027155 -0.033206 0.008118
v -0.025242 -0.028495 0.013741
v -0.026380 -0.025109 0.010615
v -0.025833 -0.032736 0.012119
v 0.026393 -0.025097 0.009116
v 0.027995 -0.028257 0.005675
v 0.027570 -0.030904 0.005883
v 0.026752 -0.025074 0.009592
v 0.027042 -0.033135 0.008797
v 0.025963 -0.033107 0.010297
v 0.024881 -0.028147 0.013273
v 0.025449 -0.031560 0.013174
v 0.025327 -0.027773 0.013508
v 0.021773 -0.026148 0.003828
v 0.017781 -0.025298 0.002374
v 0.020861 -0.025298 0.006334
v 0.020429 -0.025936 0.005292
v 0.013316 -0.026148 0.000749
v 0.017734 -0.026387 0.003044
v 0.019864 -0.026761 0.003957
v 0.023870 -0.031398 0.008155
v 0.023003 -0.030736 0.005565
v 0.024406 -0.030005 0.006499
v 0.017912 -0.025723 0.003737
v 0.019001 -0.027998 0.003111
v 0.018658 -0.028482 0.003712
v 0.021235 -0.027823 0.005454
v 0.022495 -0.029686 0.005208
v 0.022149 -0.026758 0.005427
v 0.021000 -0.028956 0.004755
v 0.020030 -0.026598 0.004523
v 0.021425 -0.031530 0.005590
v 0.019962 -0.030962 0.004144
v 0.022315 -0.030473 0.005701
v 0.023185 -0.027666 0.006061
v 0.024090 -0.027299 0.007459
v 0.021509 -0.030860 0.007167
v 0.020581 -0.031398 0.005495
v 0.020581 -0.026898 0.005495
v 0.019622 -0.027898 0.004767
v 0.020581 -0.030398 0.005495
v 0.019629 -0.030398 0.004750
v 0.018815 -0.030473 0.004500
v 0.014794 -0.025389 0.004983
v 0.016577 -0.028454 0.003047
v 0.013316 -0.025298 0.000749
v 0.012033 -0.025298 0.004274
v 0.018334 -0.032073 0.004397
v 0.016584 -0.031036 0.003439
v 0.019019 -0.029271 0.005109
v 0.016862 -0.024827 0.003515
v 0.020040 -0.026293 0.007347
v 0.010683 -0.026148 0.007985
v 0.016012 -0.027629 0.003430
v 0.015259 -0.026148 0.003159
v 0.014823 -0.026148 0.004357
v 0.012392 -0.026148 0.003472
v 0.012306 -0.026148 0.003707
v 0.020340 -0.027170 0.006999
v 0.020628 -0.031972 0.007448
v 0.016898 -0.031963 0.005992
v 0.017318 -0.027323 0.004228
v 0.017318 -0.031473 0.004228
v 0.017446 -0.029148 0.003875
v 0.015937 -0.027351 0.004439
v 0.016695 -0.026986 0.006033
v 0.020264 -0.026805 0.008413
v 0.020598 -0.031473 0.007497
v 0.015255 -0.028362 0.006568
v 0.017963 -0.030074 0.004794
v 0.016670 -0.030171 0.006132
v 0.021153 -0.028077 0.007689
v 0.021137 -0.030301 0.007293
v 0.020287 -0.029133 0.006594
v 0.017328 -0.027910 0.006588
v 0.019298 -0.026898 0.009019
v 0.019298 -0.031398 0.009019
v 0.020309 -0.031153 0.007760
v 0.015259 -0.030948 0.003159
v 0.014823 -0.030948 0.004357
v 0.016317 -0.031473 0.006976
v 0.016839 -0.029667 0.008320
v 0.018388 -0.030145 0.006771
v 0.020875 -0.029480 0.008513
v 0.017718 -0.025448 0.007513
v 0.018412 -0.025747 0.005898
v 0.014905 -0.030948 0.006915
v 0.014737 -0.030948 0.004592
v 0.019006 -0.025298 0.006832
v 0.016913 -0.026068 0.006540
v 0.018845 -0.027318 0.006977
v 0.020415 -0.027915 0.008785
v 0.022883 -0.027102 0.010044
v 0.022551 -0.028312 0.010500
v 0.023239 -0.030878 0.009843
v 0.020866 -0.030630 0.010049
v 0.015617 -0.026498 0.005684
v 0.019551 -0.028559 0.008033
v 0.015984 -0.026823 0.007893
v 0.020166 -0.031511 0.009415
v 0.016031 -0.026248 0.005834
v 0.013691 -0.032048 0.004983
v 0.016583 -0.032233 0.007049
v 0.014737 -0.026148 0.004592
v 0.014199 -0.030948 0.006072
v 0.014242 -0.026148 0.005955
v 0.018849 -0.027001 0.009997
v 0.017457 -0.032148 0.009546
v 0.017853 -0.029758 0.008313
v 0.011810 -0.026148 0.005070
v 0.019901 -0.027898 0.009338
v 0.015920 -0.028486 0.008069
v 0.015984 -0.030473 0.007893
v 0.020133 -0.028027 0.010208
v 0.019749 -0.027555 0.009536
v 0.019749 -0.030473 0.009536
v 0.020345 -0.031011 0.010384
v 0.013720 -0.026148 0.007388
v 0.014156 -0.026148 0.006190
v 0.011725 -0.026148 0.005305
v 0.013720 -0.030948 0.007388
v 0.015856 -0.025298 0.009868
v 0.017210 -0.025723 0.008529
v 0.014756 -0.026123 0.008064
v 0.017908 -0.025723 0.009770
v 0.014635 -0.030443 0.008052
v 0.018606 -0.029309 0.009790
v 0.015194 -0.024809 0.008008
v 0.014855 -0.026569 0.008435
v 0.017825 -0.026166 0.010509
v 0.015558 -0.027327 0.009201
v 0.017780 -0.028367 0.010121
v 0.017027 -0.028912 0.009221
v -0.016105 -0.025298 0.004004
v -0.011965 -0.025298 0.004461
v -0.013316 -0.025298 0.000749
v -0.019395 -0.025298 0.002962
v -0.013316 -0.026148 0.000749
v -0.020295 -0.026254 0.003466
v -0.010682 -0.026148 0.007985
v -0.012306 -0.026148 0.003707
v -0.012391 -0.026148 0.003473
v -0.014823 -0.026148 0.004357
v -0.015635 -0.026148 0.003296
v -0.011810 -0.026148 0.005070
v -0.015856 -0.026148 0.005064
v -0.017333 -0.025980 0.003135
v -0.013525 -0.025336 0.005122
v -0.014823 -0.030948 0.004357
v -0.013854 -0.025842 0.005093
v -0.014737 -0.026148 0.004592
v -0.014737 -0.030948 0.004592
v -0.011725 -0.026148 0.005305
v -0.014241 -0.030948 0.005955
v -0.014241 -0.026148 0.005955
v -0.015259 -0.030948 0.003159
v -0.016384 -0.027195 0.003570
v -0.015865 -0.030948 0.003832
v -0.014156 -0.026148 0.006190
v -0.014156 -0.030948 0.006190
v -0.013720 -0.026148 0.007388
v -0.017010 -0.024847 0.003450
v -0.020817 -0.026665 0.004408
v -0.015829 -0.028082 0.005047
v -0.016689 -0.031773 0.003908
v -0.016635 -0.030002 0.003069
v -0.020718 -0.028886 0.004534
v -0.020929 -0.029757 0.004828
v -0.013577 -0.025061 0.005075
v -0.016870 -0.032112 0.006465
v -0.013691 -0.031998 0.004983
v -0.015720 -0.026148 0.004232
v -0.017787 -0.028343 0.002792
v -0.020176 -0.029648 0.003539
v -0.018046 -0.029166 0.003452
v -0.019509 -0.032148 0.003908
v -0.020704 -0.031995 0.007236
v -0.015069 -0.030873 0.006499
v -0.019540 -0.025723 0.004372
v -0.019955 -0.028220 0.004146
v -0.014907 -0.027977 0.007056
v -0.017215 -0.025298 0.010363
v -0.010682 -0.025298 0.007985
v -0.021234 -0.027555 0.005454
v -0.021234 -0.030473 0.005454
v -0.017382 -0.028486 0.004052
v -0.017318 -0.030973 0.004228
v -0.016652 -0.028380 0.006056
v -0.019140 -0.026148 0.011063
v -0.015253 -0.026159 0.009207
v -0.015617 -0.026498 0.005684
v -0.019291 -0.026823 0.004946
v -0.016651 -0.026823 0.006060
v -0.020600 -0.026702 0.007564
v -0.016651 -0.031473 0.006060
v -0.021499 -0.031511 0.005750
v -0.013720 -0.030948 0.007388
v -0.016410 -0.025526 0.005782
v -0.017690 -0.026073 0.006013
v -0.020824 -0.026418 0.006752
v -0.015937 -0.026348 0.005800
v -0.018975 -0.030398 0.004572
v -0.021279 -0.027898 0.005550
v -0.018063 -0.029248 0.004664
v -0.016703 -0.027198 0.006166
v -0.016738 -0.031148 0.006006
v -0.020597 -0.031473 0.007497
v -0.018654 -0.026086 0.007007
v -0.017718 -0.025448 0.007513
v -0.018683 -0.025575 0.005784
v -0.016949 -0.026898 0.008164
v -0.016900 -0.029701 0.008085
v -0.020581 -0.026898 0.005495
v -0.018232 -0.031398 0.004640
v -0.020221 -0.026898 0.007360
v -0.023869 -0.026898 0.008156
v -0.022930 -0.030398 0.006351
v -0.019298 -0.031398 0.009019
v -0.023046 -0.031148 0.006033
v -0.020236 -0.031200 0.007283
v -0.014672 -0.026914 0.007476
v -0.014682 -0.028685 0.008250
v -0.022154 -0.027377 0.005084
v -0.022260 -0.031011 0.005122
v -0.018917 -0.030325 0.005389
v -0.018905 -0.028209 0.006810
v -0.019058 -0.028826 0.005002
v -0.024342 -0.029223 0.006857
v -0.024161 -0.027941 0.007354
v -0.024023 -0.030869 0.007734
v -0.019236 -0.027630 0.005900
v -0.016530 -0.031528 0.009096
v -0.015151 -0.025051 0.008253
v -0.020561 -0.025298 0.007158
v -0.015984 -0.027823 0.007893
v -0.015984 -0.026823 0.007893
v -0.019930 -0.026823 0.009329
v -0.015984 -0.031473 0.007893
v -0.015920 -0.029811 0.008069
v -0.019233 -0.029097 0.009771
v -0.019769 -0.030763 0.010331
v -0.019059 -0.024848 0.006846
v -0.017111 -0.025830 0.008606
v -0.015594 -0.025802 0.008881
v -0.018598 -0.028112 0.009919
v -0.018156 -0.032148 0.009162
v -0.023376 -0.027392 0.005748
v -0.018628 -0.027823 0.009400
v -0.020870 -0.027823 0.009671
v -0.019749 -0.030473 0.009536
v -0.020005 -0.031530 0.009489
v -0.017938 -0.028167 0.008079
v -0.022505 -0.027637 0.009201
v -0.019468 -0.030630 0.008006
v -0.024630 -0.027873 0.006065
v -0.016735 -0.025298 0.009610
v -0.015424 -0.028361 0.009285
v -0.017917 -0.026761 0.009745
v -0.016732 -0.028917 0.009118
v -0.017730 -0.027998 0.010258
v -0.022530 -0.026898 0.009643
v -0.019868 -0.027898 0.009426
v -0.020503 -0.030398 0.009657
v -0.023527 -0.031398 0.009095
v -0.018645 -0.026748 0.009061
v -0.020041 -0.026673 0.010487
v -0.016932 -0.031548 0.008504
v -0.020589 -0.029112 0.008184
v -0.021110 -0.030343 0.007698
v -0.020541 -0.028830 0.006647
v -0.022893 -0.030102 0.010655
v -0.024410 -0.030789 0.006031
v -0.019871 -0.026298 0.009274
v -0.020648 -0.029148 0.010282
v -0.022027 -0.027758 0.010824
v -0.021199 -0.030736 0.010522
v -0.019140 -0.025298 0.011063
v -0.024600 -0.019700 -0.001155
v -0.022576 -0.019700 -0.000879
v -0.022600 -0.019700 -0.002309
v -0.020600 -0.019700 -0.001155
v -0.022600 -0.023400 -0.002309
v -0.024600 -0.023400 -0.001155
v -0.021926 -0.019700 0.000397
v -0.020600 -0.019700 0.001155
v -0.020600 -0.023400 -0.001155
v -0.023068 -0.023644 0.000315
v -0.020600 -0.023400 0.001155
v -0.021828 -0.013900 -0.000430
v -0.023193 -0.015329 -0.000410
v -0.022614 -0.013900 0.000704
v -0.023301 -0.019700 0.000587
v -0.024600 -0.019700 0.001155
v -0.024600 -0.023400 0.001155
v -0.022600 -0.019700 0.002309
v -0.022600 -0.023479 0.002278
vn 0.5068 -0.0000 -0.8621
vn 0.4932 -0.0000 -0.8699
vn -0.0000 1.0000 -0.0000
vn -0.0000 -1.0000 -0.0000
vn 0.4263 -0.5004 -0.7536
vn 0.4869 0.1493 -0.8606
vn 0.4091 -0.0000 -0.9125
vn 0.5857 -0.0000 -0.8106
vn 0.5857 -0.0000 -0.8105
vn 0.0016 -1.0000 0.0073
vn 0.5161 0.4319 -0.7397
vn 0.4352 -0.5335 -0.7252
vn 0.3669 0.4584 -0.8095
vn 0.3258 0.2891 -0.9002
vn 0.3476 -0.6129 -0.7096
vn 0.5839 -0.0042 -0.8118
vn 0.4675 0.0034 -0.8840
vn 0.4128 -0.0189 -0.9106
vn 0.5470 -0.0471 -0.8358
vn 0.5309 -0.0743 -0.8442
vn 0.3774 -0.0004 -0.9261
vn 0.0850 -0.9919 -0.0946
vn 0.3166 -0.3674 -0.8745
vn 0.2462 -0.0000 -0.9692
vn 0.7163 -0.0000 -0.6978
vn 0.6569 0.0712 -0.7506
vn 0.9836 -0.1533 -0.0948
vn 0.8037 -0.4823 0.3484
vn 0.6921 0.1897 -0.6964
vn 0.6838 0.0731 -0.7260
vn 0.2226 0.4267 -0.8765
vn 0.2461 -0.0169 -0.9691
vn 0.3038 0.0027 -0.9527
vn 0.5339 0.7312 0.4247
vn 0.9698 0.2348 -0.0663
vn 0.2039 0.2974 -0.9327
vn 0.6621 -0.5779 -0.4772
vn 0.2018 -0.3278 -0.9230
vn 0.7109 -0.3033 -0.6345
vn -0.1166 -0.9415 0.3161
vn -0.0853 -0.9644 0.2505
vn -0.5804 -0.4956 0.6462
vn 0.2208 -0.0042 -0.9753
vn 0.0583 -0.9942 -0.0907
vn 0.5739 0.6944 -0.4342
vn 0.2403 0.9092 -0.3399
vn 0.4428 -0.0870 -0.8924
vn 0.1909 0.8990 -0.3940
vn 0.2103 0.8654 -0.4549
vn 0.4196 -0.0201 -0.9075
vn 0.4471 0.6389 -0.6260
vn 0.5810 0.0234 -0.8136
vn -0.7019 -0.6617 0.2635
vn -0.1113 -0.9442 0.3099
vn -0.3967 -0.8278 0.3967
vn 0.6384 -0.0960 -0.7637
vn 0.0385 -0.4071 -0.9126
vn 0.0758 -0.0000 -0.9971
vn 0.8256 -0.0000 -0.5642
vn 0.0815 -0.9923 -0.0933
vn 0.0554 -0.6835 -0.7279
vn -0.0177 -0.9998 0.0095
vn 0.1037 0.8509 -0.5149
vn 0.0819 0.9486 -0.3057
vn 0.2588 -0.0165 -0.9658
vn 0.2651 0.9299 -0.2551
vn 0.7200 0.0397 -0.6928
vn 0.0929 0.0063 -0.9957
vn 0.3109 0.8982 -0.3109
vn 0.7464 -0.4560 0.4847
vn -0.1825 -0.0229 -0.9829
vn 0.6166 0.7413 0.2652
vn -0.7567 0.0013 0.6538
vn -0.1495 -0.0354 -0.9881
vn 0.0378 0.6626 -0.7480
vn 0.0950 0.3638 -0.9266
vn 0.0753 -0.0454 -0.9961
vn 0.1735 0.0566 -0.9832
vn 0.8068 0.2416 -0.5392
vn 0.7715 0.0167 -0.6360
vn 0.8175 -0.0193 -0.5756
vn 0.2243 -0.0834 -0.9709
vn 0.6341 -0.7686 0.0849
vn 0.6622 -0.3200 -0.6776
vn 0.6806 0.5259 -0.5101
vn -0.2759 -0.9274 -0.2526
vn 0.7777 -0.2352 -0.5830
vn 0.1299 0.8757 -0.4650
vn -0.3117 -0.5390 -0.7825
vn 0.7071 -0.0000 -0.7071
vn -0.7183 0.5946 -0.3611
vn -0.1975 -0.0181 0.9801
vn -0.2416 0.1044 0.9648
vn 0.0008 1.0000 -0.0000
vn -0.9434 0.3151 -0.1033
vn -0.8483 -0.0000 0.5295
vn 0.1478 -0.4594 -0.8758
vn -0.0008 -1.0000 -0.0007
vn -0.0489 0.8278 0.5589
vn 0.0004 -1.0000 -0.0046
vn -0.7034 0.4426 0.5561
vn 0.0562 0.0255 -0.9981
vn -0.9195 -0.1293 -0.3712
vn -0.9308 -0.3335 0.1496
vn 0.7644 -0.4762 -0.4347
vn 0.0398 -0.1192 -0.9921
vn 0.0444 0.8550 -0.5168
vn 0.7845 -0.0533 -0.6178
vn 0.7977 -0.4178 -0.4349
vn -0.6565 0.3469 -0.6698
vn -1.0000 -0.0000 -0.0000
vn -0.3701 -0.7938 0.4826
vn -0.5761 -0.3704 0.7287
vn -0.4399 -0.6746 0.5929
vn -0.3415 -0.7596 0.5535
vn 0.6320 0.6504 -0.4214
vn 0.8416 0.2848 -0.4589
vn 0.8312 0.0445 -0.5542
vn 0.8637 0.0211 -0.5036
vn -0.4578 -0.0019 0.8891
vn -0.4756 -0.0015 0.8796
vn -0.5539 -0.0006 0.8326
vn -0.5411 0.0019 0.8410
vn -0.5250 0.0066 0.8511
vn -0.4226 0.0066 0.9063
vn -0.3827 -0.0099 0.9238
vn -0.6087 -0.0066 0.7933
vn -0.5978 0.0066 0.8016
vn -0.0954 -0.9742 0.2045
vn -0.6815 0.7297 0.0551
vn -0.5958 -0.0060 0.8031
vn 0.5007 -0.6880 0.5253
vn -0.0774 -0.1025 -0.9917
vn -0.0584 -0.9742 0.2180
vn -0.0169 -0.9563 0.2920
vn -0.1874 0.0037 0.9823
vn -0.0931 -0.0000 0.9957
vn -0.7570 -0.0037 0.6535
vn -0.8157 -0.0000 0.5784
vn -0.5917 0.7830 -0.1919
vn -0.0743 0.0940 0.9928
vn -0.0008 1.0000 0.0007
vn -0.2588 0.0087 0.9659
vn -0.1025 -0.9944 -0.0267
vn -0.1452 -0.9358 0.3214
vn -0.4121 -0.0000 0.9111
vn -0.4118 -0.0000 0.9113
vn -0.5800 -0.0000 0.8146
vn -0.5833 -0.0004 0.8123
vn -0.0967 -0.0000 -0.9953
vn 0.9103 -0.0000 -0.4139
vn -0.0947 -0.2022 -0.9748
vn 0.0895 -0.6072 -0.7895
vn 0.1044 -0.8472 -0.5209
vn -0.6546 0.0024 0.7560
vn -0.3308 0.0005 0.9437
vn -0.8419 -0.0956 0.5311
vn -0.8621 -0.3624 0.3540
vn 0.2178 0.1246 0.9680
vn 0.3167 -0.1290 0.9397
vn -0.6947 0.0021 0.7193
vn -0.2881 0.0017 0.9576
vn -0.6853 0.0017 0.7283
vn -0.2385 -0.0120 0.9711
vn -0.2883 0.0006 0.9576
vn -0.7196 -0.0107 0.6944
vn -0.6852 0.0011 0.7284
vn -0.1994 -0.0116 0.9799
vn -0.7488 -0.0181 0.6625
vn -0.2492 0.2697 0.9301
vn -0.5010 -0.7058 0.5010
vn -0.7069 0.0218 0.7069
vn 0.0006 -1.0000 -0.0040
vn 0.8220 0.4297 -0.3737
vn 0.9103 -0.0093 -0.4139
vn -0.0968 -0.1209 -0.9879
vn -0.7123 0.0149 0.7017
vn -0.8448 0.4463 -0.2952
vn -0.0924 0.3841 -0.9186
vn 0.0520 -0.4975 -0.8659
vn -0.8188 -0.0277 0.5734
vn -0.7451 -0.0238 0.6665
vn -0.6446 0.5936 -0.4819
vn -0.0617 -0.7058 0.7058
vn -0.7063 -0.4350 0.5584
vn -0.7888 0.2697 0.5523
vn -0.7871 0.0099 0.6167
vn -0.0992 0.2915 -0.9514
vn 0.2715 0.4620 -0.8443
vn -0.0000 -0.0000 -1.0000
vn 0.1530 -0.8756 -0.4582
vn 0.0085 -0.0317 -0.9995
vn 0.0261 -0.4426 0.8963
vn -0.6265 -0.7025 0.3377
vn -0.9063 -0.0000 0.4226
vn 0.9034 -0.1047 -0.4159
vn -0.2757 -0.9595 -0.0571
vn -0.4731 -0.8149 -0.3348
vn -0.0872 0.0099 0.9961
vn -0.2385 0.0006 0.9711
vn -0.1142 -0.0012 0.9935
vn -0.7603 0.0011 0.6495
vn -0.8167 -0.0074 0.5769
vn -0.8033 -0.0024 0.5956
vn -0.3063 -0.0311 0.9514
vn -0.1483 -0.0092 0.9889
vn 0.4174 0.8876 -0.1946
vn 0.3282 0.9338 -0.1426
vn -0.0089 0.9497 -0.3129
vn -0.0162 0.9366 -0.3500
vn 0.1717 0.0427 0.9842
vn 0.2725 -0.1480 -0.9507
vn 0.3716 -0.0956 -0.9235
vn 0.8873 -0.2976 -0.3524
vn -0.8963 0.0145 -0.4432
vn -0.8711 0.0251 -0.4905
vn 0.0742 -0.0987 0.9924
vn 0.0462 -0.0000 0.9989
vn 0.8465 -0.4338 -0.3085
vn 0.3875 0.9155 -0.1076
vn -0.0087 -0.0209 0.9997
vn -0.0074 -0.0219 0.9997
vn -0.1021 0.0099 0.9947
vn 0.0001 -1.0000 -0.0000
vn -0.8616 -0.0124 0.5075
vn -0.8191 0.0099 0.5735
vn -0.0696 0.0958 -0.9930
vn 0.9157 -0.0555 -0.3979
vn -0.0417 0.0310 0.9986
vn -0.0872 -0.0113 0.9961
vn -0.5803 -0.7058 0.4064
vn 0.7654 0.1817 -0.6173
vn 0.1151 -0.9923 0.0447
vn 0.0579 -0.9930 -0.1029
vn 0.9321 -0.0172 0.3617
vn -0.4263 -0.8952 0.1299
vn -0.0569 0.0007 0.9984
vn 0.8953 0.2685 -0.3555
vn 0.9226 0.0063 -0.3858
vn -0.9332 0.3594 -0.0026
vn 0.8535 0.0513 -0.5186
vn -0.3182 -0.9281 0.1934
vn 0.0839 0.2698 0.9593
vn 0.0254 -0.4936 0.8693
vn -0.8082 -0.4936 0.3211
vn -0.6421 -0.7058 0.2994
vn 0.4903 -0.0097 -0.8715
vn -0.0318 -0.8408 0.5403
vn -0.8663 0.0010 0.4995
vn -0.2664 -0.0000 -0.9639
vn 0.9679 -0.0000 -0.2512
vn -0.3071 -0.5399 -0.7837
vn 0.0872 0.0036 0.9962
vn -0.9063 0.0103 0.4226
vn 0.0678 -0.0004 0.9977
vn -0.8979 -0.0022 0.4401
vn -0.9085 -0.0076 0.4178
vn 0.2318 0.1298 0.9641
vn 0.0292 -0.0096 0.9995
vn -0.2457 0.3862 -0.8891
vn -0.2333 0.2765 -0.9323
vn -0.1699 0.0145 -0.9854
vn -0.2664 -0.0166 -0.9637
vn 0.8926 0.3386 -0.2977
vn 0.9678 -0.0158 -0.2512
vn 0.9606 -0.0010 -0.2780
vn -0.2342 -0.2634 -0.9358
vn 0.0724 0.0127 0.9973
vn -0.2386 0.0200 -0.9709
vn -0.2567 -0.0342 -0.9659
vn 0.0806 0.0103 0.9967
vn 0.2588 -0.0000 0.9659
vn 0.1440 0.7025 0.6970
vn -0.9659 -0.0000 0.2588
vn 0.2220 -0.0000 0.9750
vn 0.2065 0.0346 0.9778
vn -0.0869 0.9785 -0.1870
vn -0.0694 0.9879 -0.1386
vn 0.0872 0.0103 0.9961
vn 0.1822 -0.0124 0.9832
vn -0.0001 -1.0000 -0.0000
vn -0.9426 -0.0124 0.3338
vn 0.0617 -0.7058 0.7058
vn -0.8727 0.2697 0.4070
vn 0.1267 0.0007 0.9919
vn -0.2974 -0.0006 -0.9548
vn 0.8378 -0.4873 -0.2462
vn 0.1466 -0.9889 -0.0247
vn 0.9673 -0.1458 -0.2074
vn 0.7482 0.6396 -0.1766
vn 0.9727 -0.0352 -0.2295
vn -0.2720 -0.4365 -0.8576
vn -0.9430 0.0010 0.3327
vn 0.2832 -0.4350 0.8547
vn 0.1834 -0.7058 0.6843
vn -0.6843 -0.7058 0.1834
vn 0.9008 -0.2530 -0.3530
vn 0.9893 0.0144 -0.1452
vn 0.2588 0.0099 0.9659
vn -0.9659 0.0099 0.2588
vn 0.2476 -0.0004 0.9689
vn -0.9716 -0.0087 0.2363
vn -0.9628 -0.0006 0.2700
vn 0.2109 -0.0094 0.9775
vn -0.4281 -0.0000 -0.9037
vn 0.9967 -0.0000 -0.0811
vn 0.9800 0.0972 0.1737
vn 0.6365 -0.7698 -0.0481
vn 0.7527 0.3529 0.5559
vn -0.5674 -0.0000 0.8235
vn -0.4151 0.2163 -0.8837
vn -0.4164 0.2323 -0.8790
vn -0.4281 -0.0166 -0.9036
vn -0.3702 0.0030 -0.9289
vn -0.0636 0.9975 -0.0294
vn 0.9912 0.0062 -0.1325
vn -0.4137 -0.0975 -0.9052
vn -0.7001 -0.0000 0.7141
vn 0.3377 -0.7025 0.6264
vn 0.4226 -0.0000 0.9063
vn -0.9962 -0.0000 0.0872
vn 0.1335 -0.9910 -0.0106
vn -0.9877 0.1350 0.0784
vn 0.9750 -0.1097 -0.1932
vn 0.3059 0.0008 0.9521
vn 0.3665 -0.0116 0.9304
vn -0.9890 0.0092 0.1478
vn -0.9889 0.0098 0.1483
vn 0.9971 -0.0189 -0.0730
vn 0.2492 0.2698 0.9301
vn -0.9603 -0.1078 0.2573
vn -0.0549 0.9819 -0.1815
vn 0.3118 0.9501 -0.0062
vn -0.0870 0.9651 -0.2469
vn -0.0000 1.0000 -0.0001
vn 0.9898 -0.0000 -0.1423
vn 1.0000 -0.0000 -0.0000
vn -0.4485 -0.0052 -0.8938
vn -0.8739 -0.0000 0.4862
vn 0.2994 -0.7058 0.6421
vn -0.9593 0.2698 0.0839
vn -0.9593 0.2697 0.0839
vn 0.6444 -0.2810 0.7112
vn -0.1427 0.9325 -0.3318
vn -0.3949 0.0326 -0.9181
vn 0.1923 0.9812 -0.0168
vn 0.9960 0.0181 -0.0871
vn 0.4226 0.0087 0.9063
vn -0.9961 0.0147 0.0871
vn -0.9957 0.0092 0.0919
vn 0.7781 -0.6254 0.0587
vn 0.9970 -0.0627 -0.0452
vn -0.4874 -0.4577 -0.7436
vn 0.4191 -0.0005 0.9079
vn -0.9958 -0.0019 0.0910
vn -0.9980 -0.0082 0.0632
vn -0.9880 0.0009 0.1545
vn -0.4483 -0.0928 -0.8890
vn 0.7367 0.2126 0.6419
vn 0.3854 -0.0091 0.9227
vn 0.3478 0.5592 0.7525
vn 0.5149 -0.8552 0.0587
vn 0.6867 0.0905 -0.7213
vn -0.0000 -0.0013 -1.0000
vn 0.0002 -0.0008 -1.0000
vn 0.3593 0.2934 0.8859
vn 0.1919 0.1487 0.9701
vn -0.5236 0.0031 -0.8519
vn -0.9577 -0.0000 0.2878
vn 0.8056 -0.0515 -0.5902
vn -0.5771 -0.0000 -0.8166
vn 0.9958 -0.0012 0.0915
vn 0.9906 0.0131 0.1362
vn 0.9899 0.0143 0.1407
vn 0.9972 -0.0000 0.0745
vn 0.4108 -0.9065 -0.0976
vn 0.9096 -0.4074 0.0817
vn 0.6547 0.7558 -0.0109
vn 0.9572 -0.2854 0.0475
vn 0.9443 -0.3286 0.0171
vn -0.5431 0.2278 -0.8082
vn -0.5431 0.2290 -0.8078
vn -0.5092 0.3392 -0.7910
vn -0.7209 -0.2579 -0.6433
vn -0.5761 0.0031 -0.8174
vn 0.9228 0.3715 0.1022
vn 0.9944 -0.0374 0.0987
vn -0.5570 -0.0544 -0.8287
vn 0.4749 0.0009 0.8800
vn -0.0810 -0.9832 0.1637
vn -0.0752 -0.9829 0.1683
vn 0.3045 0.9524 -0.0137
vn -0.6020 0.0340 -0.7977
vn 0.8226 0.0136 -0.5684
vn 0.5561 0.4426 0.7035
vn -0.4237 -0.9037 -0.0620
vn 0.5373 -0.0099 0.8433
vn -1.0000 -0.0023 0.0033
vn -0.9987 -0.0263 -0.0436
vn -0.4902 0.5811 -0.6496
vn 0.5236 0.8500 0.0583
vn 0.9923 0.0561 0.1104
vn 0.9976 -0.0566 0.0399
vn -0.7488 -0.6628 -0.0094
vn -0.9994 0.0337 -0.0125
vn 0.1026 0.8614 -0.4974
vn -0.0001 1.0000 -0.0000
vn 0.4715 0.8458 -0.2496
vn -0.9996 0.0009 -0.0287
vn 0.5195 -0.1443 0.8422
vn 0.4064 -0.7058 0.5803
vn 0.5736 0.0066 0.8191
vn -0.9994 0.0320 -0.0147
vn 0.9097 -0.3720 -0.1844
vn -0.2748 0.2783 -0.9203
vn 0.9359 -0.3311 -0.1206
vn 0.0967 -0.1867 -0.9777
vn -0.0233 -0.0092 -0.9997
vn 0.5768 -0.0005 0.8169
vn -0.9937 -0.0114 -0.1114
vn -0.9958 -0.0016 -0.0910
vn -0.9968 -0.0017 -0.0802
vn -0.9923 0.0171 -0.1230
vn -0.4210 -0.0092 0.9070
vn -0.1265 0.9755 0.1800
vn -0.5750 0.0092 0.8181
vn -0.5465 -0.3175 -0.7750
vn -0.5692 0.1080 0.8151
vn -0.3617 0.0505 0.9309
vn 0.3343 0.6136 -0.7153
vn 0.5471 -0.0089 0.8370
vn 0.0889 0.0183 0.9959
vn 0.4209 -0.0183 0.9069
vn -0.9069 -0.0183 0.4209
vn 0.0181 0.9790 0.2029
vn -0.2233 0.9745 0.0199
vn -0.9959 0.0183 0.0889
vn 0.9506 -0.0080 -0.3104
vn 0.7980 -0.5906 0.1200
vn 0.9932 -0.0030 0.1167
vn -0.9971 -0.0000 0.0760
vn -0.9976 -0.0092 -0.0689
vn 0.8181 0.0092 0.5750
vn -0.9070 -0.0092 -0.4210
vn 0.1500 0.9830 0.1055
vn -0.9930 0.0124 -0.1175
vn 0.6745 0.1244 0.7277
vn 0.7030 0.1077 0.7030
vn -0.9965 -0.0798 -0.0231
vn 0.9579 -0.0441 -0.2838
vn 0.9621 0.2313 0.1446
vn -0.1104 0.9909 -0.0775
vn -0.8153 0.0898 -0.5721
vn 0.9205 -0.0224 0.3900
vn -0.9499 -0.3077 0.0553
vn -0.4703 0.0102 0.8825
vn -0.3152 0.1740 0.9330
vn 0.9070 -0.0092 0.4210
vn 0.0054 0.9955 -0.0948
vn 0.1116 0.9919 -0.0602
vn -0.1732 0.9773 -0.1217
vn -0.8181 0.0092 -0.5750
vn -0.1632 -0.4351 0.8855
vn 0.9753 -0.0651 0.2113
vn 0.9397 -0.0000 0.3420
vn -0.2844 -0.3421 0.8956
vn 0.6278 0.0009 0.7784
vn -0.0169 0.9818 -0.1891
vn -0.7261 -0.1134 0.6782
vn -0.2397 -0.7224 0.6485
vn 0.9913 -0.0140 0.1309
vn 0.9948 0.0439 0.0916
vn 0.9670 -0.0235 -0.2538
vn -0.4210 -0.0051 -0.9071
vn 0.9959 0.0183 -0.0889
vn 0.9659 -0.0000 -0.2588
vn -0.4209 -0.0183 -0.9069
vn 0.1742 0.9846 -0.0156
vn -0.0889 0.0183 -0.9959
vn -0.7090 -0.0000 -0.7052
vn -0.7090 -0.0000 -0.7053
vn 0.9742 -0.0026 0.2258
vn 0.9652 0.0038 0.2613
vn 0.9686 -0.0001 0.2485
vn -0.1407 -0.9511 -0.2750
vn -0.5903 -0.5622 -0.5792
vn 0.9692 0.0036 0.2461
vn 0.9652 -0.0124 0.2613
vn 0.3318 -0.9166 0.2231
vn -0.8610 0.1934 -0.4704
vn -0.6909 0.1446 -0.7084
vn 0.9075 0.3599 0.2166
vn 0.9900 0.0057 0.1406
vn 0.9699 -0.0065 0.2435
vn 0.9651 -0.0161 0.2613
vn -0.7519 0.6125 -0.2439
vn -0.6556 0.0586 -0.7528
vn -0.7124 0.1140 -0.6924
vn -0.3737 0.5075 0.7764
vn 0.5670 -0.0000 0.8237
vn -0.6398 -0.0428 -0.7674
vn 0.6882 -0.0214 0.7252
vn 0.6836 -0.0164 0.7297
vn 0.6458 0.0023 0.7635
vn -0.9636 -0.1336 -0.2314
vn -0.9723 -0.0074 -0.2334
vn -0.9962 0.0066 -0.0872
vn 0.1021 0.9841 -0.1452
vn -0.7058 -0.7058 -0.0617
vn 0.5962 -0.4426 0.6698
vn -0.8056 0.5290 -0.2669
vn 0.9667 0.0352 0.2533
vn -0.6537 -0.0846 0.7520
vn -0.3603 0.2468 0.8996
vn 0.2584 0.0559 -0.9644
vn 0.8799 0.0289 -0.4744
vn -0.3812 0.8193 -0.4283
vn 0.6664 0.7312 0.1458
vn -0.1246 -0.7989 0.5885
vn -0.2213 0.6246 0.7489
vn -0.6139 -0.3284 -0.7178
vn -0.7047 0.0858 -0.7043
vn 0.0566 -0.0000 -0.9984
vn 0.6486 -0.0000 -0.7612
vn 0.3038 -0.0025 -0.9527
vn 0.5750 0.0106 -0.8181
vn -0.3525 -0.8221 0.4471
vn 0.9927 0.0995 -0.0676
vn 0.8660 -0.0000 0.5000
vn -0.4074 -0.2166 0.8872
vn -0.7071 -0.0000 -0.7071
vn -0.4815 -0.8675 0.1250
vn 0.4421 -0.7804 0.4421
vn -0.9301 0.2698 -0.2492
vn 0.4988 -0.6960 0.5165
vn 0.6943 0.0337 0.7189
vn -0.9659 0.0037 -0.2588
vn -0.4997 -0.0000 0.8662
vn -0.5000 0.0018 0.8660
vn -0.8960 0.3033 0.3243
vn -0.6329 0.7690 -0.0900
vn -0.2556 -0.6103 0.7498
vn -0.5447 -0.8042 0.2378
vn -0.1863 -0.8049 0.5634
vn -0.7252 0.6364 0.2626
vn -0.9022 0.4042 -0.1508
vn -0.9820 0.0001 -0.1886
vn -0.7655 -0.2507 0.5927
vn -0.8117 -0.4921 0.3145
vn 0.7153 -0.0006 0.6988
vn -0.9720 0.0001 -0.2349
vn -0.9628 -0.0116 -0.2700
vn -0.2282 0.8548 0.4660
vn -0.5949 0.7039 -0.3881
vn -0.2952 0.9479 -0.1200
vn 0.6905 -0.0087 0.7233
vn 0.2385 0.9679 0.0789
vn -0.9384 0.1531 -0.3098
vn -0.9639 -0.0000 -0.2662
vn -0.2944 -0.9197 -0.2597
vn 0.7119 -0.6851 0.1544
vn 0.1265 -0.9911 0.0419
vn -0.1038 0.9269 0.3607
vn 0.2261 -0.9650 -0.1327
vn -0.4873 0.7047 -0.5156
vn -0.6862 0.0432 -0.7261
vn 0.9704 0.0006 0.2416
vn -0.5393 0.7551 -0.3727
vn -0.1599 -0.8977 0.4105
vn -0.2588 -0.0002 0.9659
vn -0.7808 0.0291 0.6241
vn -0.0629 -0.0000 0.9980
vn -0.2946 0.0350 0.9550
vn -0.7071 -0.0000 0.7071
vn -0.2003 0.9583 0.2038
vn -0.7010 0.0081 0.7131
vn -0.1632 0.9794 0.1191
vn -0.0109 0.9850 0.1723
vn -0.8077 0.0006 0.5895
vn -0.7069 0.0222 0.7069
vn 0.1248 -0.9892 0.0767
vn 0.2937 -0.0012 0.9559
vn 0.1357 0.0221 0.9905
vn 0.2588 0.0084 0.9659
vn -0.9960 -0.0057 0.0890
vn 0.0365 0.9631 0.2667
vn 0.6438 0.1386 -0.7525
vn -0.2730 0.8635 -0.4241
vn 0.4589 -0.7914 -0.4040
vn 0.9454 0.0035 0.3258
vn -0.0829 0.9939 0.0725
vn -0.9232 -0.2478 -0.2939
vn -0.9973 0.0002 0.0736
vn 0.7071 0.0060 0.7071
vn -0.9935 0.0172 -0.1126
vn -0.2171 0.9761 -0.0050
vn -0.9997 0.0121 -0.0230
vn -0.2484 0.9682 -0.0282
vn 0.7095 0.0177 0.7045
vn 0.9430 0.0358 0.3307
vn -0.6775 -0.0000 -0.7355
vn 0.7346 -0.0000 0.6785
vn 0.2759 -0.5448 -0.7919
vn 0.7596 0.0010 0.6503
vn -0.7825 -0.0028 -0.6226
vn 0.8660 -0.0030 0.5000
vn 0.7238 0.0336 0.6892
vn 0.1290 0.9840 0.1228
vn 0.9286 -0.0076 0.3710
vn 0.0258 -0.9892 0.1441
vn 0.1205 0.9886 -0.0908
vn 0.1943 0.1275 -0.9726
vn 0.2177 -0.9741 0.0616
vn 0.8240 0.0242 0.5661
vn 0.9659 -0.0012 0.2588
vn -0.8180 -0.0142 -0.5750
vn 0.1794 0.9760 0.1233
vn -0.1053 0.9835 -0.1470
vn -0.5822 0.0276 -0.8126
vn -0.9387 0.0123 -0.3445
vn 0.7177 -0.0046 0.6964
vn 0.0063 -0.3700 -0.9290
vn 0.7676 0.0037 0.6409
vn 0.1786 0.9776 0.1114
vn -0.1400 0.9665 -0.2152
vn -0.8196 -0.0000 -0.5729
vn -0.8197 -0.0000 -0.5729
vn 0.9059 0.0054 0.4234
vn 0.9458 -0.0071 0.3246
vn 0.9059 0.0138 0.4234
vn 0.9318 -0.1700 0.3208
vn -0.5451 0.0215 -0.8381
vn -0.7883 -0.0521 -0.6131
vn -0.7602 0.4100 -0.5040
vn -0.8253 0.0202 -0.5643
vn 0.9058 -0.0163 0.4234
vn 0.9182 -0.0008 0.3961
vn -0.6522 -0.1241 -0.7478
vn 0.7071 0.0037 0.7071
vn 0.8141 -0.0041 0.5807
vn -0.8244 -0.3340 -0.4570
vn -0.9100 -0.0041 -0.4147
vn 0.5010 -0.7058 0.5010
vn 0.7795 -0.3576 0.5143
vn 0.5448 0.7233 0.4244
vn -0.4901 -0.8400 -0.2331
vn -0.5803 0.7058 -0.4064
vn -0.8189 0.0259 -0.5734
vn 0.9222 0.0397 0.3848
vn -0.8421 -0.1577 -0.5158
vn -0.8154 -0.0028 -0.5789
vn -0.3241 0.9312 -0.1668
vn 0.4827 0.8424 0.2396
vn 0.2534 0.9615 0.1067
vn 0.1728 0.1142 -0.9783
vn -0.7746 -0.3492 -0.5273
vn -0.7679 0.0732 -0.6364
vn 0.8878 0.0200 -0.4597
vn 0.9653 0.0358 -0.2587
vn -0.0910 -0.0096 -0.9958
vn 0.5803 -0.7058 0.4064
vn -0.6421 -0.7058 -0.2994
vn 0.8192 -0.0000 0.5736
vn -0.9063 -0.0000 -0.4226
vn 0.1801 0.9820 -0.0563
vn 0.9544 0.0122 -0.2982
vn 0.0085 0.9880 -0.1544
vn -0.2937 0.0012 -0.9559
vn 0.9744 0.0253 -0.2236
vn 0.9840 0.0327 -0.1752
vn 0.0644 0.9717 -0.2274
vn 0.0602 0.9723 -0.2259
vn -0.9216 -0.0000 -0.3882
vn -0.8954 0.1101 -0.4314
vn 0.7596 0.0010 0.6504
vn 0.8301 -0.0022 0.5576
vn -0.8979 -0.0074 -0.4401
vn 0.0133 0.9696 -0.2444
vn -0.9288 0.0380 -0.3687
vn 0.7071 -0.0002 -0.7071
vn 0.2574 0.0245 -0.9660
vn 0.2946 0.0297 -0.9552
vn 0.5383 -0.0057 -0.8427
vn 0.2723 0.0234 -0.9619
vn 0.9083 0.0046 0.4182
vn -0.2770 -0.8775 -0.3915
vn -0.0648 0.9500 -0.3054
vn 0.8161 -0.0076 0.5779
vn 0.0171 -0.9978 -0.0646
vn 0.1605 -0.9266 -0.3400
vn 0.0633 0.9024 -0.4262
vn 0.1256 -0.8756 -0.4664
vn -0.8181 -0.2954 -0.4934
vn -0.0045 -0.9999 -0.0154
vn -0.8487 -0.0000 -0.5289
vn -0.8043 -0.1306 -0.5797
vn 0.8958 -0.0011 0.4445
vn 0.8940 -0.0482 0.4454
vn -0.8665 -0.1006 -0.4888
vn -0.6407 0.5767 -0.5069
vn 0.8757 0.0034 0.4829
vn 0.8866 -0.0290 0.4616
vn 0.9461 -0.0854 -0.3125
vn 0.2614 -0.6781 -0.6869
vn 0.3896 0.7046 -0.5930
vn 0.8657 0.0010 0.5005
vn 0.4434 -0.7696 -0.4595
vn -0.8943 -0.0038 -0.4475
vn -0.8874 -0.0131 -0.4608
vn 0.1224 -0.9904 0.0647
vn 0.8991 0.0103 0.4376
vn 0.1242 -0.5115 -0.8503
vn 0.8500 -0.3832 -0.3615
vn 0.8922 0.3778 -0.2473
vn 0.8521 0.3824 -0.3574
vn -0.8724 0.0222 -0.4883
vn -0.8167 0.2817 -0.5037
vn 0.3832 0.6115 -0.6922
vn -0.8757 0.0034 -0.4829
vn 0.8830 -0.0467 0.4671
vn -0.9058 -0.0163 -0.4234
vn -0.9059 -0.0000 -0.4234
vn -0.3921 0.8997 -0.1915
vn 0.9063 -0.0000 0.4226
vn 0.9100 -0.0041 0.4147
vn 0.6606 -0.7034 0.2625
vn 0.8727 0.2698 0.4069
vn -0.8928 0.1126 -0.4361
vn -0.9120 -0.0000 -0.4102
vn -0.7626 -0.0832 -0.6415
vn -0.9765 -0.1932 -0.0958
vn -0.8141 -0.0041 -0.5807
vn -0.8192 -0.0000 -0.5736
vn 0.4375 0.8468 0.3026
vn 0.5589 0.7492 0.3554
vn -0.8175 0.1101 -0.5654
vn -0.7763 0.2163 -0.5920
vn 0.8416 0.0720 0.5352
vn 0.8197 0.0003 0.5729
vn 0.8856 -0.0035 0.4644
vn 0.8196 0.0005 0.5729
vn 0.0045 -0.9999 0.0155
vn 0.2995 0.9446 0.1342
vn 0.8131 -0.0074 0.5821
vn 0.8152 -0.0028 0.5792
vn -0.7888 0.2698 -0.5523
vn -0.6050 -0.7033 -0.3732
vn 0.1531 -0.6015 -0.7841
vn 0.4676 0.5108 -0.7214
vn 0.7424 -0.5361 0.4019
vn 0.3220 -0.3722 -0.8705
vn -0.8603 -0.0000 -0.5099
vn 0.3331 -0.2962 -0.8952
vn 0.3217 0.0466 -0.9457
vn 0.8838 -0.2636 0.3865
vn 0.1810 0.0012 -0.9835
vn 0.9816 -0.0195 -0.1900
vn -0.8033 -0.0001 -0.5956
vn 0.9174 -0.0007 0.3979
vn -0.7693 -0.0737 -0.6347
vn -0.8268 -0.0174 -0.5623
vn -0.8027 0.0015 -0.5964
vn -0.8018 0.0006 -0.5976
vn 0.8415 -0.1621 0.5154
vn 0.8694 0.3750 0.3217
vn 0.0916 -0.9941 0.0588
vn -0.7301 0.4968 -0.4692
vn 0.3398 -0.4202 -0.8414
vn 0.2260 -0.0377 -0.9734
vn 0.1595 0.0206 -0.9870
vn 0.8213 -0.0017 0.5705
vn 0.8189 -0.0000 0.5739
vn 0.9038 -0.0083 0.4278
vn -0.9182 -0.0008 -0.3961
vn 0.9549 -0.0000 0.2969
vn 0.7999 -0.0973 0.5922
vn 0.8710 0.3710 0.3221
vn 0.7020 -0.3837 0.5999
vn 0.0633 -0.9977 0.0248
vn -0.3686 -0.9165 -0.1553
vn -0.9471 0.0023 -0.3209
vn 0.7891 -0.0263 0.6137
vn -0.9276 0.0294 -0.3724
vn -0.9551 -0.0879 -0.2829
vn -0.9757 -0.0000 -0.2190
vn 0.6522 -0.1253 0.7476
vn 0.7449 0.2125 0.6324
vn 0.9427 0.0011 0.3337
vn -0.2628 -0.0000 0.9649
vn -0.2588 -0.0004 0.9659
vn -0.6802 -0.0000 0.7331
vn -0.4191 0.0132 0.9078
vn -0.1572 0.9750 0.1572
vn -0.0500 0.9845 0.1679
vn -0.0467 0.9841 0.1713
vn -0.7071 0.0034 0.7071
vn -0.0830 0.9802 0.1797
vn -0.7695 -0.0172 0.6384
vn -0.8973 -0.3607 -0.2543
vn -0.9309 0.0001 0.3653
vn -0.0500 -0.0164 0.9986
vn 0.3176 0.0041 0.9482
vn 0.2588 0.0119 0.9659
vn -0.9724 0.0314 0.2314
vn -0.3504 0.9362 0.0291
vn -0.9963 0.0241 0.0827
vn 0.0664 0.9840 0.1651
vn 0.3731 0.0194 0.9276
vn 0.0740 0.9725 0.2209
vn -0.2488 0.9667 0.0592
vn -0.6485 -0.2264 -0.7268
vn 0.9824 0.1866 -0.0104
vn -0.9752 -0.0046 -0.2214
vn 0.5633 0.0057 0.8262
vn 0.7071 -0.0000 0.7071
vn -0.2711 -0.2391 0.9324
vn 0.6843 -0.7057 0.1834
vn 0.9659 0.0037 0.2588
vn -0.5010 -0.7058 -0.5009
vn -0.7071 0.0037 -0.7071
vn -0.6342 -0.2999 -0.7126
vn -0.4988 -0.6960 -0.5165
vn 0.7071 0.0002 0.7071
vn -0.9960 -0.0047 -0.0890
vn -0.2411 -0.6298 0.7384
vn -0.8099 0.0730 0.5820
vn 0.2626 0.9189 0.2943
vn 0.4626 0.7824 0.4169
vn 0.7417 0.0561 0.6684
vn -0.6943 0.0337 -0.7189
vn -0.7095 0.0177 -0.7045
vn -0.7676 0.0037 -0.6409
vn 0.9724 -0.0019 0.2334
vn -0.7177 -0.0046 -0.6964
vn -0.6882 -0.0214 -0.7252
vn 0.6792 -0.1715 0.7137
vn -0.9454 0.0035 -0.3258
vn -0.9651 -0.0161 -0.2613
vn 0.7023 0.2118 0.6797
vn -0.2700 0.8774 -0.3965
vn -0.9427 -0.1838 -0.2784
vn 0.8659 0.0170 0.4999
vn 0.2624 0.9516 0.1597
vn 0.8540 0.0199 0.5199
vn -0.9652 -0.0000 -0.2613
vn 0.7090 -0.0000 0.7053
vn 0.7090 -0.0000 0.7052
vn 0.5903 -0.5621 0.5792
vn 0.9724 -0.0006 0.2335
vn -0.6851 0.0006 -0.7284
vn -0.7217 -0.0120 -0.6921
vn 0.9723 -0.0000 0.2336
vn -0.1281 -0.9511 -0.2811
vn -0.3727 -0.7312 -0.5713
vn -0.4524 -0.7965 0.4011
vn 0.7385 0.2642 0.6203
vn 0.3639 0.6410 0.6758
vn -0.7443 -0.5608 0.3627
vn -0.1408 0.4150 0.8989
vn 0.9659 0.0018 0.2588
vn -0.7071 0.0002 -0.7071
vn -0.8295 0.0162 -0.5582
vn -0.2818 0.9320 -0.2279
vn -0.7775 0.0134 -0.6287
vn 0.1470 0.9852 0.0882
vn 0.8573 0.0150 0.5145
vn -0.1897 0.9735 -0.1277
vn -0.0224 0.9882 0.1514
vn -0.2081 -0.9449 -0.2526
vn 0.9667 -0.0056 0.2559
vn -0.6793 -0.0014 -0.7338
vn 0.9972 0.0011 0.0747
vn 0.1662 0.9859 -0.0211
vn 0.9969 -0.0000 0.0792
vn -0.8660 -0.0000 0.5000
vn 0.2918 0.9555 0.0424
vn 0.2349 0.9624 -0.1366
vn -0.0372 0.9750 -0.2191
vn 0.9896 0.0067 0.1438
vn 0.9659 -0.0057 -0.2588
vn -0.0910 0.0152 -0.9957
vn 0.9919 0.0131 -0.1259
vn -0.0788 0.9630 -0.2577
vn -0.2923 0.0124 -0.9563
vn 0.0559 0.9806 -0.1878
vn -0.1490 0.0001 -0.9888
vn 0.9309 0.0029 -0.3653
vn 0.8644 0.0145 -0.5027
vn -0.1674 0.0019 -0.9859
vn 0.0915 0.9759 -0.1981
vn 0.1328 0.9811 -0.1410
vn -0.9748 0.0044 -0.2230
vn 0.0286 -0.9992 0.0291
vn 0.4191 0.0169 -0.9078
vn 0.2948 0.0037 -0.9556
vn 0.6854 0.0239 -0.7278
vn 0.5383 -0.0017 -0.8427
vn -0.6519 0.0005 -0.7583
vn -0.0470 0.9377 0.3442
vn 0.7809 0.4932 0.3834
vn -0.6935 0.6976 -0.1800
vn -0.9618 0.1126 -0.2496
vn 0.2650 0.9145 0.3058
vn 0.6690 -0.0054 0.7433
vn 0.6547 0.0246 0.7555
vn 0.7121 0.2754 0.6459
vn 0.4815 -0.8675 -0.1250
vn -0.9656 0.2120 -0.1507
vn 0.8117 -0.4921 -0.3145
vn -0.6836 -0.0164 -0.7297
vn 0.9878 0.0015 0.1557
vn 0.7655 -0.2507 -0.5927
vn -0.6458 0.0023 -0.7635
vn 0.1776 -0.9363 0.3029
vn -0.7889 -0.5117 -0.3402
vn 0.6859 0.1005 0.7207
vn 0.7124 0.1140 0.6924
vn 0.8610 0.1934 0.4704
vn 0.4724 -0.1355 -0.8709
vn 0.4946 -0.0275 -0.8687
vn -0.4327 -0.0146 -0.9014
vn 0.7073 -0.6910 0.1494
vn 0.9784 0.0066 0.2067
vn 0.6280 0.1061 0.7710
vn 0.3525 -0.8221 -0.4471
vn 0.9593 0.2698 0.0839
vn -0.4064 -0.7058 -0.5803
vn 0.8242 0.4424 0.3535
vn -0.2588 -0.0000 0.9659
vn -0.7069 0.0267 0.7069
vn -0.1021 0.9841 0.1452
vn -0.5751 -0.0000 0.8181
vn 0.7533 -0.0000 -0.6577
vn 0.7255 -0.0984 -0.6811
vn 0.9896 0.0010 0.1441
vn 0.2981 0.0223 0.9543
vn -0.4261 -0.0000 -0.9047
vn -0.2346 0.8818 0.4092
vn -0.4926 0.1377 0.8593
vn -0.2586 0.0420 0.9651
vn 0.0169 0.9818 0.1891
vn -0.1594 0.9863 0.0427
vn -0.4263 0.9010 -0.0805
vn 0.2731 0.9107 0.3100
vn -0.9648 -0.0014 0.2630
vn -0.9847 -0.0038 -0.1740
vn 0.3434 -0.0000 -0.9392
vn 0.3515 -0.0310 -0.9357
vn 0.1306 -0.9861 -0.1023
vn 0.7515 -0.1130 -0.6500
vn 0.7484 -0.0666 -0.6599
vn -0.5830 -0.0000 -0.8125
vn -0.5833 -0.0000 -0.8123
vn 0.9956 0.0001 0.0942
vn -0.3853 -0.7508 -0.5366
vn 0.9706 -0.2335 0.0581
vn 0.9984 0.0320 0.0470
vn 0.9981 0.0164 0.0598
vn 0.9957 0.0066 0.0922
vn -0.5592 0.0074 -0.8290
vn -0.5736 -0.0000 -0.8192
vn 0.0007 -1.0000 -0.0000
vn 0.9975 -0.0072 0.0698
vn -0.0002 -1.0000 -0.0000
vn 0.1238 -0.9918 -0.0332
vn 0.5000 -0.0000 0.8660
vn 0.5096 -0.0573 0.8585
vn 0.7261 -0.1134 -0.6782
vn 0.4909 -0.4976 0.7151
vn -0.9913 0.0032 -0.1318
vn 0.4787 0.3875 0.7878
vn -0.9690 0.2140 -0.1238
vn -0.8801 0.4598 -0.1188
vn -0.9842 -0.1449 0.1022
vn 0.5424 0.1837 0.8198
vn -0.9958 -0.0000 -0.0915
vn 0.5771 -0.0000 0.8166
vn -0.9659 -0.0000 -0.2588
vn 0.1732 0.9773 0.1217
vn -0.1627 0.9857 -0.0436
vn 0.5750 0.0083 0.8181
vn 0.7209 -0.2579 0.6433
vn 0.0952 -0.9809 -0.1696
vn 0.5812 -0.0045 0.8137
vn 0.9955 -0.0000 0.0950
vn -0.7638 0.1328 -0.6316
vn 0.4598 -0.6923 0.5561
vn -0.2472 -0.9238 -0.2924
vn 0.8002 -0.5984 0.0398
vn 0.8735 -0.4853 0.0385
vn 0.8737 0.1112 0.4735
vn 0.9648 0.0485 0.2585
vn -0.7034 0.1023 -0.7034
vn -0.7474 0.1301 -0.6515
vn 0.2155 0.9695 0.1168
vn 0.2048 0.9303 -0.3042
vn -0.1096 0.9817 -0.1559
vn -0.5750 0.0183 -0.8180
vn -0.3041 -0.9526 0.0056
vn -0.9998 0.0013 0.0183
vn -0.6785 -0.0217 0.7343
vn -0.3299 -0.0820 0.9405
vn -0.1399 0.0044 0.9902
vn -0.1732 -0.0000 0.9849
vn -0.9651 -0.0408 0.2586
vn -0.0854 -0.8702 0.4853
vn 0.4367 -0.0139 0.8995
vn 0.5492 0.0087 0.8356
vn -0.6371 -0.0182 -0.7706
vn 0.8170 -0.0527 0.5743
vn 0.9946 -0.0101 -0.1029
vn -0.0307 -0.9981 -0.0527
vn -0.5031 -0.0473 -0.8630
vn 0.8426 -0.0550 0.5357
vn -0.7209 -0.6836 -0.1141
vn -0.9914 0.1122 -0.0677
vn 0.9277 -0.0000 0.3733
vn -0.7872 -0.0000 -0.6168
vn -0.7871 -0.0000 -0.6168
vn -0.2208 -0.9468 -0.2340
vn -0.8945 -0.0000 -0.4470
vn -0.4505 -0.8860 -0.1095
vn 0.0337 -0.0425 0.9985
vn 0.2113 0.0709 0.9748
vn 0.4362 -0.8397 0.3234
vn 0.9079 -0.0165 -0.4189
vn -0.1808 0.2124 0.9603
vn -0.4286 0.2496 0.8683
vn 0.0540 -0.9978 -0.0395
vn 0.0663 -0.9277 -0.3674
vn -0.1337 -0.0068 -0.9910
vn 0.2233 0.9745 -0.0199
vn -0.5913 0.4922 0.6389
vn 0.0185 0.9781 -0.2075
vn 0.1471 0.9781 -0.1471
vn 0.8157 0.0059 -0.5785
vn -0.2054 -0.9723 0.1113
vn 0.8790 0.0237 -0.4763
vn -0.3892 0.0177 -0.9210
vn -0.2296 -0.0000 -0.9733
vn 0.4966 -0.4499 0.7423
vn 0.8068 0.0028 -0.5908
vn 0.2613 0.0025 -0.9653
vn 0.5567 0.0817 -0.8267
vn -0.4623 -0.8214 0.3342
vn -0.7058 0.7058 -0.0617
vn -0.9953 0.0415 -0.0871
vn 0.5029 0.1293 0.8546
vn 0.5432 0.0248 0.8392
vn 0.0890 0.0123 -0.9960
vn -0.9993 -0.0374 -0.0072
vn 0.2670 0.9467 0.1803
vn -0.7246 -0.6853 -0.0736
vn 0.1773 -0.0548 -0.9826
vn -0.1866 -0.9823 0.0165
vn -0.3107 0.9480 0.0685
vn 0.8660 -0.0000 -0.5000
vn 0.2588 -0.0000 -0.9659
vn -0.0106 0.0164 0.9998
vn 0.9954 -0.0000 0.0955
vn 1.0000 -0.0025 -0.0000
vn -0.5000 -0.0025 -0.8660
vn -0.5804 -0.0000 -0.8143
vn -0.2377 -0.9711 -0.0208
vn -0.2738 -0.9297 0.2462
vn -0.9735 -0.2267 -0.0301
vn -0.9926 -0.1160 -0.0365
vn 0.9997 -0.0000 -0.0262
vn 1.0000 0.0060 -0.0039
vn 0.9954 -0.0000 -0.0955
vn -0.4772 -0.0000 -0.8788
vn -0.4150 -0.0000 -0.9098
vn -0.4070 0.2697 -0.8727
vn -0.4226 0.0087 -0.9063
vn 0.5436 0.2105 0.8125
vn -0.4408 -0.3704 -0.8176
vn 0.9277 -0.0000 -0.3733
vn -0.1406 -0.0000 -0.9901
vn -0.6365 -0.7456 0.1974
vn -0.7466 0.6410 0.1782
vn 0.1503 -0.9806 0.1255
vn 0.3094 -0.8547 0.4170
vn -0.5493 -0.8261 -0.1258
vn -0.0974 -0.9931 0.0654
vn 0.8969 -0.4323 -0.0929
vn 0.0574 -0.9626 0.2649
vn 0.9914 -0.0053 -0.1311
vn 0.9942 -0.0000 -0.1073
vn 0.9947 0.0051 -0.1030
vn -0.3687 -0.4428 -0.8173
vn -0.4112 -0.0000 -0.9116
vn 0.9910 0.0118 -0.1333
vn -0.4172 -0.0008 -0.9088
vn -0.5113 0.8564 0.0713
vn -0.7058 0.7058 0.0617
vn 0.2117 0.8193 0.5328
vn 0.4381 0.1575 0.8850
vn 0.7058 -0.7058 -0.0617
vn 0.9962 0.0067 -0.0872
vn -0.2994 -0.7058 -0.6421
vn -0.9960 0.0181 0.0871
vn -0.3611 0.5144 -0.7778
vn 0.9973 0.0311 -0.0671
vn 0.9890 0.0007 -0.1478
vn -0.3665 -0.0116 -0.9304
vn 0.1513 0.0265 -0.9881
vn 0.9610 -0.1013 -0.2575
vn 0.9876 0.0099 -0.1566
vn 0.1715 0.9162 0.3620
vn 0.5488 0.0060 0.8359
vn -0.9343 0.3414 0.1032
vn 0.3943 0.3896 0.8323
vn 0.4485 -0.0052 0.8938
vn 0.4281 -0.0166 0.9036
vn -0.9897 0.0173 0.1424
vn -0.9967 -0.0002 0.0811
vn -0.9978 -0.0000 0.0660
vn -0.0004 1.0000 0.0004
vn 0.4281 -0.0000 0.9037
vn -0.9950 -0.0049 0.0994
vn -0.9372 -0.1228 0.3264
vn -0.9966 0.0113 0.0811
vn -0.8549 -0.5140 0.0695
vn 0.0025 -1.0000 0.0062
vn -0.2222 -0.0224 0.9747
vn -0.2332 -0.0383 0.9717
vn -0.0159 -0.0000 -0.9999
vn -0.2982 -0.0000 0.9545
vn -0.9323 0.0097 -0.3616
vn -0.0679 -0.9968 0.0413
vn -0.3844 0.4550 -0.8032
vn -0.3680 -0.9293 -0.0322
vn -0.0764 -0.9925 0.0954
vn -0.0395 -0.9907 0.1299
vn -0.1609 0.0012 -0.9870
vn -0.9284 0.0036 -0.3717
vn -0.5380 -0.8240 -0.1776
vn -0.2517 0.8234 -0.5086
vn -0.9662 0.2359 0.1041
vn -0.4618 -0.3891 -0.7971
vn -0.1337 -0.0000 -0.9910
vn -0.0596 -0.3648 0.9292
vn 0.6791 -0.1218 0.7238
vn -0.9895 -0.1410 0.0312
vn 0.9640 -0.2574 0.0668
vn 0.9856 0.0003 -0.1689
vn 0.8303 -0.0000 -0.5573
vn 0.2909 -0.0000 -0.9567
vn 0.0902 -0.0859 0.9922
vn 0.6254 -0.0000 -0.7803
vn -0.4813 -0.2654 0.8354
vn 0.2248 -0.1456 0.9635
vn 0.1676 0.2756 0.9465
vn 0.2625 0.1731 0.9493
vn 0.4196 -0.3651 0.8311
vn 0.9935 0.0536 0.1000
vn 0.9619 -0.0103 -0.2731
vn 0.9713 0.0016 -0.2379
vn 0.9301 0.2697 -0.2492
vn -0.1834 -0.7058 -0.6843
vn -0.2588 0.0099 -0.9659
vn -0.9816 -0.0800 -0.1735
vn 0.3524 -0.0740 0.9329
vn -0.0011 1.0000 0.0002
vn -0.9898 -0.0406 0.1362
vn -0.0140 0.9838 0.1788
vn 0.9301 0.2698 -0.2492
vn -0.1694 -0.5462 -0.8203
vn 0.1986 -0.0000 -0.9801
vn 0.2652 0.1527 -0.9520
vn -0.3578 -0.4967 0.7908
vn -0.8406 0.0388 0.5403
vn -0.6299 0.4803 0.6104
vn 0.2858 0.7986 0.5296
vn -0.1108 0.5386 0.8352
vn 0.1787 -0.7899 0.5866
vn 0.0025 -1.0000 0.0063
vn 0.3702 0.0030 0.9289
vn -0.9492 -0.2969 0.1040
vn -0.7276 -0.6860 -0.0000
vn -0.7276 0.6860 -0.0000
vn 0.3778 0.1697 0.9102
vn 0.8733 0.0319 0.4861
vn 0.9287 0.2562 -0.2680
vn -0.6245 0.7671 0.1469
vn 0.9659 0.0099 -0.2588
vn -0.2492 0.2698 -0.9301
vn 0.9426 -0.0124 -0.3338
vn -0.1822 -0.0124 -0.9832
vn -0.3961 -0.5256 0.7529
vn 0.1200 -0.8792 0.4611
vn -0.8233 0.4275 0.3734
vn 0.3422 0.8199 0.4590
vn -0.9673 0.0689 0.2441
vn -0.9918 0.1268 -0.0129
vn -0.8740 -0.0737 0.4803
vn -0.0000 -0.0000 1.0000
vn 0.9288 0.2476 -0.2756
vn -0.1119 -0.9065 -0.4070
vn -0.9764 -0.1981 0.0861
vn 0.4116 -0.0091 -0.9113
vn -0.0000 1.0000 0.0006
vn 0.5333 -0.8111 0.2403
vn 0.3451 0.2298 0.9100
vn -0.9470 -0.3210 0.0081
vn -0.9445 0.3185 0.0802
vn -0.9397 -0.0000 0.3420
vn 0.1870 -0.8068 0.5604
vn -0.8335 -0.4457 0.3266
vn -0.9867 0.0095 0.1625
vn -0.9443 0.3076 0.1169
vn -0.9678 -0.0158 0.2512
vn 0.4440 0.1460 0.8840
vn 0.2664 -0.0166 0.9637
vn 0.2974 -0.0006 0.9548
vn 0.4294 0.0152 -0.9030
vn -0.4742 0.1357 -0.8699
vn -0.5000 -0.0001 -0.8660
vn -0.1071 -0.9943 -0.0000
vn -0.3074 0.9516 -0.0000
vn 0.2703 -0.5788 0.7693
vn 0.2137 -0.6052 0.7669
vn -0.3216 0.9405 0.1094
vn 0.9531 0.1495 -0.2632
vn 0.9467 -0.0000 -0.3222
vn -0.8527 0.5216 -0.0283
vn -0.7226 -0.6912 -0.0073
vn -0.9848 -0.0023 0.1736
vn -0.9642 0.0057 0.2651
vn -0.0009 1.0000 -0.0001
vn 0.2663 -0.0046 0.9639
vn 0.1825 0.0219 0.9830
vn 0.2867 -0.0000 0.9580
vn -0.9677 0.0216 0.2512
vn -0.9658 0.0107 0.2590
vn 0.1919 -0.0426 0.9805
vn 0.0022 -1.0000 0.0069
vn 0.0015 -1.0000 0.0039
vn -0.7455 -0.6663 0.0160
vn -0.9842 -0.0366 0.1734
vn -0.6105 0.7919 0.0147
vn -0.1116 -0.9933 0.0285
vn 0.7285 -0.6411 -0.2412
vn -0.1572 -0.6304 -0.7602
vn -0.4803 0.8749 -0.0616
vn -0.1302 -0.9877 -0.0871
vn 0.0889 -0.9799 0.1788
vn -0.8110 0.4626 0.3582
vn 0.0415 0.9919 0.1200
vn 0.3074 0.9516 -0.0000
vn -0.3606 -0.9251 0.1191
vn 0.9394 0.0116 -0.3426
vn 0.6421 -0.7057 -0.2994
vn 0.9063 0.0103 -0.4226
vn -0.0617 -0.7058 -0.7058
vn -0.0872 0.0103 -0.9961
vn 0.8965 -0.0083 -0.4429
vn -0.4450 -0.8955 -0.0031
vn -0.3953 -0.9183 0.0210
vn -0.9606 -0.0010 0.2780
vn 0.1627 -0.8677 0.4698
vn 0.3871 -0.6720 -0.6313
vn 0.2301 0.6022 0.7645
vn 0.2881 0.0279 0.9572
vn -0.9578 -0.1182 0.2619
vn -0.9272 -0.0962 0.3621
vn 0.8641 0.2559 -0.4334
vn -0.6670 -0.6925 0.2748
vn -0.2408 0.9698 0.0382
vn 0.8653 0.2391 -0.4406
vn -0.9028 0.3648 0.2277
vn 0.3071 -0.5399 0.7837
vn 0.1699 0.0145 0.9854
vn -0.1034 -0.9802 -0.1687
vn -0.8904 0.4339 0.1375
vn 0.1415 0.9708 -0.1938
vn -0.0898 0.9264 -0.3656
vn -0.0532 -0.9982 -0.0276
vn 0.0349 -0.9993 0.0099
vn 0.6421 -0.7058 -0.2994
vn -0.1248 0.0148 -0.9921
vn 0.1341 0.3699 0.9194
vn 0.2510 -0.0890 0.9639
vn 0.6043 -0.7967 -0.0000
vn 0.7276 0.6860 -0.0000
vn 0.2085 -0.3371 0.9181
vn 0.8616 -0.0124 -0.5075
vn -0.0238 -0.0078 -0.9997
vn 0.0087 -0.0270 -0.9996
vn -0.8755 0.2261 0.4270
vn 0.0911 0.7773 0.6225
vn 0.0341 0.9204 0.3896
vn -0.0222 0.9990 -0.0384
vn -0.3727 0.9104 0.1796
vn 0.8782 -0.0000 -0.4783
vn 0.8891 0.1611 -0.4284
vn -0.6372 0.7155 0.2864
vn -0.9186 -0.0375 0.3934
vn 0.1579 -0.0621 0.9855
vn 0.0871 0.0363 0.9955
vn -0.1371 0.0497 0.9893
vn 0.3805 -0.9137 -0.1429
vn -0.8653 -0.2560 -0.4310
vn 0.3232 0.9445 0.0595
vn 0.0928 0.9945 -0.0488
vn 0.0003 1.0000 0.0008
vn -0.0584 -0.6776 0.7331
vn -0.8691 -0.4655 -0.1673
vn -0.9601 0.0588 0.2734
vn -0.7009 0.5259 -0.4818
vn 0.7412 -0.0110 -0.6712
vn -0.9221 0.3092 -0.2326
vn -0.2846 -0.6904 -0.6651
vn 0.8889 -0.0008 -0.4581
vn -0.9537 0.0156 0.3004
vn -0.9679 -0.0055 0.2514
vn -0.9373 0.0037 0.3485
vn -0.8608 0.3252 0.3914
vn -0.8951 0.2204 0.3876
vn -0.9102 -0.0157 0.4138
vn 0.1459 0.3656 0.9192
vn 0.1199 -0.0044 0.9928
vn 0.1501 0.1088 0.9827
vn 0.2203 0.9570 0.1889
vn -0.0236 0.9989 -0.0416
vn 0.0009 0.0212 -0.9998
vn 0.2223 -0.0214 0.9747
vn -0.1609 -0.8182 -0.5520
vn -0.2041 -0.8017 -0.5618
vn -0.6849 0.4482 -0.5744
vn -0.1536 0.6988 -0.6986
vn 0.2662 0.0389 0.9631
vn 0.1779 -0.0061 0.9840
vn 0.7888 0.2697 -0.5523
vn 0.8191 0.0099 -0.5735
vn 0.0317 -0.4766 -0.8786
vn 0.0360 0.0421 -0.9985
vn 0.8014 0.0011 -0.5981
vn -0.9232 -0.0037 0.3843
vn -0.9103 0.0013 0.4139
vn 0.0968 0.0046 0.9953
vn 0.0891 0.0071 0.9960
vn -0.9103 -0.0003 0.4139
vn -0.9328 0.0534 0.3565
vn 0.1001 0.0106 0.9949
vn 0.0619 -0.0553 0.9965
vn 0.0656 -0.1552 0.9857
vn 0.0791 -0.0288 -0.9964
vn 0.8067 -0.0029 -0.5909
vn -0.3370 -0.2466 -0.9086
vn 0.7999 0.0014 -0.6002
vn 0.7346 -0.0760 -0.6742
vn 0.8113 -0.0015 -0.5846
vn -0.5411 -0.3835 -0.7484
vn 0.7129 -0.5462 -0.4398
vn 0.0244 -0.5462 -0.8373
vn 0.3998 -0.9166 -0.0060
vn 0.3797 -0.9249 -0.0200
vn -0.0214 -0.2314 -0.9726
vn -0.4961 0.0304 0.8677
vn -0.8155 0.3541 0.4578
vn 0.0664 -0.0008 0.9978
vn 0.0686 -0.3100 0.9483
vn -0.9769 0.1999 -0.0753
vn 0.9390 -0.1100 0.3258
vn 0.9013 -0.4329 0.0180
vn 0.0342 -0.0102 -0.9994
vn -0.7695 -0.0000 -0.6387
vn 0.1049 0.0099 -0.9944
vn -0.1431 -0.7838 0.6042
vn -0.4783 0.6494 0.5912
vn -0.8987 -0.0011 0.4386
vn 0.6003 0.7992 -0.0301
vn -0.3803 -0.2977 -0.8756
vn -0.2632 -0.5722 -0.7768
vn -0.9117 -0.1689 -0.3745
vn 0.5803 -0.7058 -0.4064
vn 0.8188 -0.0277 -0.5734
vn 0.7871 0.0099 -0.6167
vn 0.0617 -0.7058 -0.7058
vn 0.0872 0.0099 -0.9961
vn -0.0138 0.4909 0.8711
vn -0.0089 0.0169 0.9998
vn -0.0159 0.0263 0.9995
vn 0.7488 -0.0181 -0.6625
vn 0.7451 -0.0238 -0.6665
vn 0.1994 -0.0116 -0.9799
vn 0.8277 -0.5611 0.0052
vn 0.8064 0.5788 0.1209
vn 0.8263 -0.0000 -0.5632
vn 0.0226 -0.4950 0.8686
vn -0.9195 0.0067 0.3929
vn -0.3257 -0.7652 0.5553
vn -0.0641 -0.7445 0.6645
vn 0.4838 0.8109 -0.3292
vn -0.5157 0.4095 0.7526
vn 0.7544 -0.6488 0.0998
vn -0.5031 0.2361 -0.8314
vn -0.5008 0.1921 -0.8440
vn -0.3624 -0.0000 -0.9320
vn -0.6899 0.5547 0.4651
vn -0.0617 0.7058 0.7058
vn -0.2743 0.9337 0.2301
vn 0.7367 0.0014 -0.6762
vn 0.6797 -0.0048 -0.7335
vn 0.5010 -0.7058 -0.5010
vn 0.7123 0.0149 -0.7017
vn 0.7069 0.0218 -0.7069
vn 0.1834 -0.7058 -0.6843
vn 0.2588 0.0087 -0.9659
vn 0.9419 0.3303 -0.0602
vn -0.8211 -0.0637 0.5672
vn -0.8135 -0.4166 0.4058
vn -0.4086 -0.9112 0.0520
vn 0.9791 -0.1993 -0.0414
vn 0.0303 -0.7844 -0.6195
vn -0.9253 -0.2787 0.2571
vn 0.9976 -0.0566 0.0404
vn 0.6415 -0.2627 -0.7208
vn 0.7183 0.5946 0.3611
vn 0.3117 -0.5390 0.7825
vn 0.6608 -0.0005 -0.7505
vn 0.3895 0.1465 0.9093
vn 0.0275 -0.0013 0.9996
vn -0.0292 -0.4283 0.9032
vn -0.0227 -0.6027 0.7976
vn -0.1299 0.8757 0.4650
vn 0.1359 -0.0000 -0.9907
vn 0.1357 -0.9308 -0.3394
vn 0.3887 -0.4444 -0.8071
vn 0.4702 -0.0551 0.8808
vn -0.8719 -0.0026 0.4897
vn -0.8472 0.0059 0.5312
vn -0.8399 0.3269 0.4333
vn -0.8255 -0.0127 0.5642
vn -0.0823 0.2694 0.9595
vn -0.0824 0.2495 0.9649
vn -0.6061 -0.7341 -0.3062
vn 0.6448 0.0194 -0.7641
vn 0.6088 0.0022 -0.7934
vn 0.3827 -0.0099 -0.9238
vn 0.6039 -0.0041 -0.7971
vn 0.6007 0.0013 -0.7995
vn 0.4411 -0.0013 -0.8975
vn 0.4312 -0.0000 -0.9023
vn 0.5563 -0.0029 -0.8310
vn -0.6820 0.5327 -0.5011
vn 0.5276 0.8401 -0.1257
vn 0.5352 0.7765 -0.3327
vn -0.7224 0.2956 0.6251
vn -0.8223 0.0905 0.5619
vn 0.6777 0.5511 -0.4868
vn 0.1712 0.6221 -0.7640
vn -0.8256 0.0003 0.5642
vn -0.0758 0.0029 0.9971
vn -0.0074 -1.0000 0.0060
vn -0.0217 -0.0184 0.9996
vn -0.0485 -0.0375 0.9981
vn -0.0532 -0.1390 0.9889
vn -0.7323 -0.5035 -0.4584
vn 0.5049 0.0032 -0.8632
vn 0.6769 -0.0854 -0.7311
vn 0.2994 -0.7058 -0.6421
vn 0.4226 0.0066 -0.9063
vn -0.2299 0.9365 0.2649
vn 0.7617 0.1085 -0.6387
vn 0.7463 0.0447 -0.6641
vn 0.3880 -0.0061 0.9216
vn 0.2419 -0.7941 0.5575
vn -0.7889 -0.4171 0.4513
vn -0.0509 0.0122 0.9986
vn 0.1561 -0.8033 0.5748
vn 0.4625 -0.2242 -0.8578
vn 0.4620 -0.1734 -0.8697
vn 0.5760 0.0152 -0.8173
vn 0.4848 0.0033 -0.8746
vn -0.5749 0.2766 -0.7700
vn 0.5150 0.0049 -0.8572
vn -0.8560 -0.0361 0.5158
vn -0.2601 -0.2288 -0.9381
vn -0.0617 0.7058 0.7057
vn -0.1079 0.0199 0.9940
vn -0.0872 -0.0100 0.9961
vn -0.8492 0.0128 0.5278
vn -0.7921 -0.1468 0.5925
vn -0.8123 -0.0000 0.5832
vn -0.1834 0.7058 0.6843
vn 0.3332 -0.1550 0.9301
vn 0.1052 0.3500 -0.9308
vn 0.1889 0.0507 0.9807
vn -0.0385 -0.4071 0.9126
vn -0.5140 0.1790 0.8389
vn 0.0912 -0.3867 0.9177
vn 0.1734 -0.0923 0.9805
vn -0.8325 -0.0860 0.5474
vn -0.7307 0.0264 0.6822
vn -0.0958 0.9893 0.1104
vn -0.2724 0.0107 0.9621
vn -0.2588 -0.0165 0.9658
vn 0.6600 -0.5011 -0.5597
vn -0.0001 1.0000 0.0002
vn -0.6830 -0.3128 0.6601
vn -0.1868 0.9783 0.0890
vn -0.0880 0.2454 0.9654
vn -0.0965 -0.2994 0.9492
vn -0.7093 -0.2743 0.6493
vn -0.7714 0.0177 0.6361
vn -0.7784 0.0068 0.6278
vn -0.1444 -0.0066 0.9895
vn -0.1200 -0.9868 0.1090
vn -0.0875 -0.9909 0.1027
vn 0.6344 0.2064 -0.7449
vn 0.2502 -0.6446 -0.7224
vn -0.1146 0.0232 0.9931
vn 0.7567 0.0010 -0.6537
vn -0.5226 -0.6071 0.5986
vn -0.1342 0.0029 0.9909
vn -0.6495 -0.2600 0.7145
vn -0.6648 0.6126 0.4276
vn -0.3528 -0.0752 0.9327
vn -0.2391 0.4210 0.8750
vn -0.2326 0.3278 0.9157
vn -0.2208 -0.0042 0.9753
vn -0.2461 -0.0169 0.9691
vn -0.6331 0.4669 -0.6175
vn -0.4251 -0.8355 -0.3481
vn -0.2286 0.8794 0.4176
vn -0.3360 0.5993 0.7266
vn -0.9175 0.3828 -0.1078
vn -0.2461 0.0149 0.9691
vn -0.1397 -0.0063 0.9902
vn -0.7163 -0.0000 0.6978
vn -0.2461 -0.0003 0.9692
vn -0.9513 -0.3082 0.0102
vn -0.2545 -0.9447 0.2068
vn -0.5793 -0.0794 0.8112
vn -0.6182 0.0529 0.7843
vn -0.5530 -0.3078 0.7743
vn -0.4196 -0.0201 0.9075
vn -0.9048 0.3327 -0.2658
vn -0.0000 1.0000 0.0002
vn 0.7023 -0.6580 -0.2718
vn 0.3209 -0.8111 -0.4890
vn -0.4761 -0.7810 0.4043
vn -0.2206 -0.0108 0.9753
vn -0.2425 0.0007 0.9702
vn -0.4277 -0.0428 0.9029
vn -0.1921 -0.5858 0.7873
vn -0.1008 -0.9858 0.1343
vn 0.3989 0.4501 -0.7989
vn -0.2460 -0.0000 0.9693
vn -0.3038 0.0027 0.9527
vn -0.7091 -0.1016 0.6978
vn -0.5651 0.4103 0.7158
vn -0.6623 0.0138 0.7491
vn -0.2759 -0.8485 0.4517
vn -0.2294 -0.4930 0.8392
vn -0.6952 0.2932 0.6563
vn -0.3700 0.4267 0.8253
vn -0.3637 0.3244 0.8732
vn -0.4091 -0.0170 0.9123
vn -0.3774 -0.0004 0.9261
vn -0.6107 -0.0291 0.7913
vn -0.5749 -0.0052 0.8182
vn -0.4637 -0.4854 0.7412
vn 0.0005 -1.0000 -0.0004
vn -0.5857 -0.0000 0.8105
vn -0.5857 -0.0000 0.8106
vn -0.4091 -0.0000 0.9125
vn -0.3662 -0.3047 0.8792
vn -0.5010 0.0171 0.8653
vn -0.4629 -0.4926 0.7369
vn -0.5210 0.3878 0.7603
vn -0.5182 0.2260 0.8249
vn -0.5653 -0.0076 0.8249
vn -0.5068 -0.0000 0.8621
vn -0.4932 -0.0000 0.8699
vn 0.4178 0.1142 -0.9013
vn 0.2457 0.3057 -0.9199
vn 0.5518 0.0195 -0.8338
vn 0.4980 0.1910 -0.8459
vn 0.5418 0.5725 -0.6153
vn 0.5543 -0.0000 -0.8323
vn 0.2970 0.2529 -0.9208
vn 0.2668 -0.0402 -0.9629
vn 0.9397 -0.0000 -0.3420
vn 0.1332 -0.1774 0.9751
vn -0.6364 0.7181 -0.2817
vn -0.7953 -0.4236 0.4337
vn 0.0370 -0.0804 -0.9961
vn 0.6053 0.6927 0.3922
vn -0.0519 0.2422 -0.9688
vn 0.9640 0.2080 -0.1656
vn -0.0514 0.3353 -0.9407
vn 0.0267 0.1391 -0.9899
vn -0.1816 -0.0602 -0.9815
vn -0.3306 0.4201 -0.8451
vn -0.2817 -0.0000 -0.9595
vn -0.7660 -0.0000 -0.6428
vn 0.9857 -0.0000 0.1683
vn 0.9332 -0.2690 0.2382
vn 0.9300 0.0416 0.3652
vn 0.8582 -0.2578 0.4440
vn 0.7330 0.4095 0.5432
vn 0.7053 -0.0692 0.7055
vn -0.8849 0.0812 0.4586
vn -0.9141 -0.0000 0.4054
vn -0.9706 -0.0457 -0.2365
vn -0.4487 0.8129 -0.3713
vn -0.5618 0.7674 -0.3090
vn -0.9699 0.0647 -0.2346
vn -0.8618 0.4112 0.2970
vn -0.8706 0.3084 0.3834
vn -0.1485 -0.2746 0.9500
vn -0.6402 0.2495 0.7265
vn 0.6431 -0.3955 -0.6558
vn 0.4631 0.2852 0.8391
vn 0.6272 0.1511 0.7641
vn -0.4202 -0.6553 -0.6277
vn 0.1194 -0.8201 0.5596
vn 0.5497 -0.1528 0.8212
vn 0.5749 0.7364 0.3568
vn -0.4058 0.9062 0.1189
vn -0.8759 -0.3882 -0.2865
vn 0.5902 0.3521 0.7264
vn 0.8753 -0.0000 0.4837
vn -0.2454 0.8645 -0.4387
vn 0.4882 -0.0000 0.8727
vn 0.8206 -0.1723 -0.5449
vn -0.5782 -0.1056 -0.8091
vn 0.9015 -0.1105 -0.4184
vn 0.1515 0.1874 -0.9705
vn 0.2692 0.9550 -0.1242
vn -0.0086 0.5338 -0.8455
vn 0.3927 -0.8948 -0.2124
vn -0.0412 0.9991 -0.0092
vn -0.1736 -0.0000 0.9848
vn -0.9803 0.1908 0.0515
vn -0.9954 -0.0163 0.0939
vn -0.9363 -0.0658 0.3450
vn -0.9435 0.1162 0.3103
vn 0.0190 0.9570 0.2894
vn 0.6971 -0.0000 0.7170
vn 0.1555 -0.6695 0.7263
vn 0.2120 -0.9052 -0.3684
vn -0.7909 -0.2571 0.5553
vn -0.8490 0.0309 0.5275
vn 0.1264 0.0867 0.9882
vn -0.8860 -0.3911 -0.2490
vn -0.8815 -0.4315 -0.1919
vn 0.8182 -0.5270 0.2299
vn 0.8216 -0.0372 -0.5688
vn 0.0635 0.9972 0.0384
vn -0.6548 0.2271 0.7209
vn 0.1421 0.8589 0.4921
vn 0.1104 0.8004 0.5893
vn -0.6096 -0.1369 0.7808
vn 0.9971 -0.0151 -0.0747
vn 0.4339 -0.0000 -0.9010
vn 0.4557 -0.0153 -0.8900
vn 0.0157 -0.9915 -0.1294
vn 0.9950 -0.0000 -0.0999
vn 0.2207 -0.9751 0.0224
vn -0.5633 -0.0000 -0.8262
vn -0.0843 -0.9887 -0.1237
vn 0.0844 -0.9963 -0.0170
vn 0.7104 0.0678 -0.7005
vn 0.0089 0.9999 -0.0088
vn -0.3305 -0.0488 -0.9425
vn 0.9867 -0.0265 -0.1606
vn 0.5633 -0.0000 0.8262
vn 0.4937 -0.4815 0.7241
vn -0.9598 0.0680 -0.2723
vn -0.1439 -0.9895 0.0108
vn -0.9972 -0.0000 0.0747
vn 0.3304 0.0710 0.9412
vn -0.9969 0.0142 0.0771
vn 0.1407 0.0304 0.9896
vn -0.1342 -0.9825 0.1289
vn -0.4339 -0.0000 0.9010
vn -0.0591 -0.9907 0.1227
vn 0.3473 -0.0000 -0.9378
vn 0.9858 -0.0000 -0.1681
vn 0.1592 -0.9869 -0.0272
vn 0.0549 -0.9874 -0.1483
vn -0.9682 0.0643 -0.2419
vn 0.8370 0.2166 -0.5026
vn -0.6384 -0.0153 -0.7695
vn -0.6579 -0.0000 -0.7531
vn -0.0350 -0.9931 -0.1115
vn 0.3111 0.0942 -0.9457
vn 0.9879 -0.0365 0.1505
vn 0.6385 -0.0000 0.7696
vn 0.0803 -0.9921 0.0968
vn -0.0661 -0.9962 0.0572
vn -0.9858 -0.0000 0.1681
vn -0.9895 -0.0155 0.1435
vn 0.3997 0.1114 0.9099
vn -0.8555 0.2786 -0.4365
vn -0.9887 0.0951 0.1160
vn -0.7595 0.4469 0.4728
vn 0.3060 0.0846 0.9483
vn -0.3473 -0.0000 0.9378
vn -0.0352 -0.9948 0.0952
vn 0.3978 -0.3367 -0.8535
vn 0.4653 0.5894 -0.6604
vn 0.5186 0.7717 -0.3681
vn 0.6134 0.4325 -0.6608
vn -0.5019 0.6989 -0.5095
vn -0.3210 0.9242 -0.2071
vn 0.2768 -0.8899 0.3625
vn 0.0854 0.9961 0.0229
vn -0.1648 0.9794 0.1169
vn 0.4072 -0.0512 -0.9119
vn -0.4464 -0.6641 0.5998
vn -0.4279 -0.8984 0.0986
vn 0.6317 0.0368 -0.7743
vn 0.2679 0.0620 -0.9615
vn 0.6753 -0.6887 -0.2639
vn -0.2175 -0.1498 0.9645
vn 0.2603 0.0437 -0.9645
vn 0.7120 -0.1043 -0.6944
vn 0.1247 -0.9918 -0.0287
vn 0.0014 1.0000 0.0016
vn 0.7856 0.2647 -0.5592
vn -0.2481 -0.9686 0.0128
vn 0.0123 -0.9999 -0.0066
vn 0.7248 0.0280 0.6884
vn -0.9616 0.1049 0.2536
vn 0.9512 -0.3058 -0.0413
vn -0.0057 0.9998 -0.0201
vn -0.2702 -0.1301 -0.9540
vn 0.9243 -0.0277 -0.3806
vn 0.1013 -0.0114 -0.9948
vn 0.1305 0.0592 -0.9897
vn 0.0032 -0.9995 -0.0312
vn 0.0152 -0.9999 -0.0082
vn 0.8939 -0.1118 -0.4340
vn -0.8803 -0.3269 0.3440
vn -0.0933 0.9938 0.0612
vn -0.9401 0.2257 0.2553
vn -0.0508 0.0152 -0.9986
vn -0.0552 0.0046 -0.9985
vn -0.0003 1.0000 -0.0033
vn 0.8885 -0.1163 -0.4438
vn 0.9154 0.0214 -0.4020
vn -0.0298 -0.9352 -0.3529
vn 0.0572 0.9974 0.0439
vn 0.3876 -0.4427 -0.8086
vn 0.0360 0.9992 -0.0180
vn 0.8939 0.0068 -0.4482
vn -0.1663 -0.0050 -0.9861
vn -0.1635 -0.0000 -0.9865
vn 0.0013 0.9957 0.0924
vn -0.3128 -0.0000 -0.9498
vn 0.9213 -0.1701 -0.3496
vn -0.0024 0.9996 0.0293
vn 0.2998 0.8451 -0.4427
vn -0.0000 -0.9994 0.0353
vn 0.0326 0.9994 -0.0129
vn 0.2964 0.9201 -0.2559
vn -0.0000 -0.0017 -1.0000
vn 1.0000 -0.0066 -0.0000
vn 0.4063 -0.4388 0.8015
vn 0.4998 0.3370 -0.7979
vn -0.4306 -0.4334 -0.7916
vn 0.9792 -0.0000 -0.2027
vn -0.0100 -0.9999 0.0109
vn 0.0100 -1.0000 -0.0000
vn -0.3725 0.0435 -0.9270
vn -0.4992 0.8617 -0.0913
vn -1.0000 -0.0009 0.0001
vn 0.9985 -0.0000 -0.0543
vn 0.9931 -0.0693 -0.0948
vn -0.4547 -0.0000 -0.8907
vn 0.8975 0.2461 0.3659
vn -0.4099 -0.4381 0.8001
vn -0.2552 0.3762 -0.8907
vn 0.2611 -0.3127 -0.9133
vn 0.0029 1.0000 -0.0022
vn -0.1559 0.9512 -0.2663
vn -1.0000 -0.0096 -0.0000
vn -1.0000 -0.0084 -0.0002
vn -0.5533 0.0403 -0.8320
vn 0.7394 0.6520 0.1678
vn 0.4373 -0.5158 0.7367
vn 0.0400 -0.9992 -0.0000
vn -0.5437 0.0804 -0.8354
vn -0.2575 -0.3130 -0.9142
vn 0.9632 -0.0229 0.2676
vn 0.9464 -0.1173 0.3011
vn -0.0026 -1.0000 0.0052
vn -0.7366 0.0126 0.6763
vn 0.2812 0.9472 0.1538
vn 0.2706 0.3358 -0.9022
vn -0.0000 -0.0021 1.0000
vn 0.0044 0.4944 -0.8692
vn 0.0794 -0.0000 -0.9968
vn 0.9738 -0.1295 0.1870
vn -0.7767 -0.3459 -0.5263
vn 0.0233 -0.9981 -0.0562
vn -0.0400 -0.9992 -0.0000
vn -0.1622 -0.9622 0.2187
vn 0.2642 0.4002 0.8775
vn 0.7528 -0.4785 0.4520
vn -0.1591 -0.2409 0.9574
vn -0.0037 0.0019 -1.0000
vn 0.8127 -0.4117 -0.4123
vn 0.4027 0.9153 -0.0000
vn 0.0036 0.9999 -0.0137
vn -0.0048 0.3258 0.9454
vn -0.3699 -0.0218 0.9288
vn -0.9034 -0.3035 -0.3031
vn -1.0000 -0.0031 -0.0000
vn 0.9999 0.0110 0.0004
vn -0.2780 0.2529 -0.9267
vn 0.6065 -0.6941 -0.3878
vn 0.9861 0.1658 0.0054
vn 0.1715 0.2938 -0.9403
vn -0.0266 -0.9994 0.0203
vn -0.1613 0.9703 0.1800
vn -0.9060 0.2066 0.3695
vn -0.2585 0.4494 0.8551
vn -0.0014 0.0003 1.0000
vn -0.0025 -0.9997 0.0244
vn -0.7089 -0.0454 -0.7038
vn -0.8059 -0.2754 -0.5241
vn -0.7179 -0.0103 -0.6961
vn 0.9790 -0.1629 0.1225
vn -0.0153 0.0025 0.9999
vn -0.0000 0.0129 0.9999
vn -1.0000 0.0031 -0.0047
vn -0.0089 -0.0000 -1.0000
vn -0.0141 0.0114 -0.9998
vn -1.0000 -0.0000 0.0006
vn 1.0000 -0.0000 -0.0006
vn 0.0089 -0.9999 -0.0144
vn -0.0181 -0.9793 -0.2015
vn -0.9683 0.1354 0.2098
vn 0.6915 -0.5608 0.4553
vn -0.7509 -0.4392 -0.4931
vn -0.9996 0.0224 -0.0182
vn -0.0153 0.9986 0.0499
vn -0.8476 0.0060 -0.5306
vn -0.8525 -0.0302 -0.5219
vn -0.9945 -0.0899 -0.0547
vn 0.0471 -0.3981 -0.9161
vn -0.0006 -0.4652 -0.8852
vn -0.2925 0.8591 -0.4201
vn -0.0000 -1.0000 -0.0001
vn 0.5291 0.0006 -0.8486
vn -0.0000 0.4652 -0.8852
vn -0.0973 0.9921 -0.0792
vn 1.0000 0.0003 -0.0061
vn -0.0030 0.9986 -0.0526
vn 0.0006 -0.4660 0.8848
vn -0.0842 -0.3440 0.9352
vn 0.2791 -0.8462 -0.4540
vn -0.0025 -0.0019 -1.0000
vn 0.7026 -0.7062 -0.0867
vn 0.7523 -0.6589 -0.0007
vn -0.9861 0.1476 -0.0767
vn 0.0004 -0.9282 0.3721
vn 0.9749 0.1913 0.1138
vn 0.0687 -0.9567 0.2828
vn -0.8993 -0.2034 0.3871
vn -0.0000 0.4652 0.8852
vn 0.3741 0.0033 0.9274
vn 0.1364 -0.9853 0.1026
vn -0.7084 -0.7058 -0.0000
vn -0.7501 -0.6570 -0.0752
vn -0.9596 0.1544 -0.2353
vn -0.9414 -0.0300 -0.3359
vn -0.0862 0.0164 0.9961
vn -0.2035 0.1052 0.9734
vn 0.3071 0.3576 -0.8819
vn 0.7042 -0.6901 -0.1668
vn 0.7139 0.5919 0.3741
vn -0.9870 -0.1593 -0.0237
vn 1.0000 -0.0025 0.0037
vn -0.0000 0.9975 0.0700
vn 0.0131 0.9976 0.0680
vn -0.9098 0.1626 -0.3820
vn -0.0218 -0.9916 -0.1273
vn 0.7175 -0.0081 0.6965
vn 0.6774 0.0171 0.7354
vn 0.8784 0.3039 0.3688
vn 0.8149 -0.0569 0.5768
vn -0.2305 -0.9727 0.0269
vn -0.9937 -0.0898 0.0668
vn 0.0713 0.9975 -0.0000
vn 0.2827 0.4952 -0.8215
vn 1.0000 0.0042 0.0009
vn -0.9893 -0.1458 -0.0087
vn 0.9962 0.0081 0.0870
vn 0.9889 -0.0931 -0.1155
vn -0.6522 -0.7581 -0.0000
vn -0.7291 -0.6665 -0.1556
vn 0.1413 0.2934 0.9455
vn 0.6213 0.1410 0.7708
vn -0.0014 0.0028 1.0000
vn 0.2455 -0.2781 -0.9287
vn 0.1122 -0.8459 -0.5215
vn -0.0280 0.0581 0.9979
vn 0.1048 0.1226 -0.9869
vn 0.6603 -0.7301 -0.1762
vn -0.2287 0.4273 -0.8747
vn -0.0337 -0.9892 0.1424
vn 0.1436 0.9138 -0.3800
vn 0.7274 0.0660 -0.6830
vn -0.3906 -0.4873 0.7810
vn -0.0713 0.9513 0.2998
vn -0.9999 -0.0000 0.0162
vn -0.9994 -0.0154 0.0306
vn 0.5547 -0.7732 -0.3074
vn -0.8498 -0.3204 0.4186
vn -0.0296 -0.8849 0.4648
vn 0.2877 -0.0000 0.9577
vn 0.0002 0.5141 0.8577
vn -0.4591 -0.8884 0.0005
vn -0.0012 1.0000 -0.0071
vn 0.7523 -0.6589 -0.0008
vn -0.7319 -0.6635 -0.1549
vn -0.0822 0.0720 0.9940
vn -0.3123 0.9341 0.1730
vn -0.9217 -0.2833 0.2648
vn 0.2698 0.9526 0.1405
vn -0.1412 -0.5546 -0.8200
vn 0.1912 -0.9665 -0.1713
vn 0.3167 0.9415 -0.1150
vn -0.8607 -0.2068 -0.4653
vn 0.4149 -0.8973 -0.1507
vn 0.6357 -0.0114 0.7718
vn -0.3619 0.8368 -0.4108
vn -0.2688 0.9584 0.0957
vn 0.6064 -0.7145 0.3490
vn -0.7523 -0.6589 -0.0000
vn -0.5065 -0.1754 -0.8442
vn 0.0509 0.9977 0.0450
vn -0.0712 -0.9964 -0.0450
vn 0.3822 -0.6695 0.6370
vn -0.1154 0.2021 0.9726
vn -0.0083 1.0000 -0.0025
vn -0.9528 0.0973 -0.2875
vn -0.0122 0.9998 -0.0129
vn -0.1974 0.9745 0.1064
vn -0.0119 -0.9927 0.1199
vn -0.2137 -0.2352 0.9482
vn -0.4176 -0.2507 -0.8733
vn -0.1498 -0.7810 0.6063
vn -0.0305 0.9995 0.0065
vn 0.4746 0.4466 0.7585
vn -0.9726 -0.2249 -0.0592
vn -0.2201 -0.0188 0.9753
vn -0.6360 -0.5614 0.5295
vn -0.6887 0.6152 -0.3835
vn 0.0276 0.9996 -0.0026
vn -0.2672 -0.0824 -0.9601
vn 0.2162 0.0731 0.9736
vn 0.6135 -0.0000 0.7897
vn -0.8185 0.4380 0.3718
vn -0.0195 0.4232 0.9058
vn -0.7535 -0.5331 -0.3849
vn 0.0427 0.9934 0.1069
vn 0.4687 -0.0910 0.8786
vn 0.4812 -0.1350 0.8661
vn 0.4716 -0.1270 0.8726
vn -0.4120 -0.4993 -0.7622
vn 0.1979 0.1299 0.9716
vn 0.5915 0.4320 0.6808
vn 0.2234 0.9746 0.0136
vn -0.9676 -0.2424 0.0700
vn -0.0874 -0.9702 -0.2261
vn -0.3307 -0.9317 0.1506
vn 0.2229 0.9722 0.0719
vn -0.5231 -0.2503 -0.8147
vn -0.9973 -0.0689 0.0238
vn -0.5168 0.2919 -0.8048
vn -0.7645 -0.3087 -0.5659
vn 0.9675 -0.0209 0.2522
vn 0.8815 0.3483 0.3188
vn 0.4471 -0.5368 0.7155
vn 0.6427 -0.4009 -0.6529
vn -0.9925 0.1219 0.0117
vn 0.3415 0.4575 -0.8210
vn 0.9609 0.2148 -0.1748
vn -0.0304 0.9995 0.0055
vn -0.8151 0.5793 -0.0002
vn 0.1915 -0.9805 -0.0440
vn 0.1090 0.0435 -0.9931
vn -0.2062 0.9497 -0.2358
vn 0.5638 0.2437 -0.7892
vn 0.0215 -0.8928 0.4499
vn -0.9655 0.0315 0.2584
vn -0.9510 0.2187 0.2185
vn -0.7285 0.5851 0.3562
vn -0.1316 0.2485 -0.9597
vn -0.8748 0.0509 0.4817
vn -0.2316 0.0366 0.9721
vn -0.5233 -0.2972 0.7987
vn -0.1259 0.9874 -0.0956
vn -0.7986 0.4299 0.4212
vn -0.9959 -0.0822 0.0368
vn -0.1212 -0.1247 0.9848
vn -0.5082 -0.7824 -0.3599
vn -0.6862 -0.3523 -0.6364
vn 0.9419 -0.3309 0.0575
vn -0.4716 -0.8490 -0.2383
vn 0.7177 0.3100 0.6236
vn 0.4732 -0.8780 0.0724
vn 0.4613 0.8559 0.2339
vn 0.5596 -0.6873 0.4632
vn 0.9994 -0.0000 0.0352
vn 0.9993 -0.0039 0.0370
vn -0.3348 0.3282 -0.8833
vn -0.3095 0.3610 -0.8797
vn 0.9617 0.2483 -0.1157
vn 0.1904 0.9734 0.1274
vn 0.1834 -0.9713 0.1511
vn 0.5308 0.7515 0.3919
vn -0.2318 0.9641 -0.1298
vn -0.1781 0.9794 -0.0952
vn 0.5156 -0.1492 -0.8438
vn 0.5382 -0.7796 0.3202
vn 0.0718 -0.0650 0.9953
vn -0.8439 -0.1889 -0.5022
vn 0.2679 0.9540 0.1343
vn 0.7187 0.4248 0.5505
vn -0.8045 0.0038 -0.5939
vn -0.9138 0.0812 -0.3979
vn 0.7662 0.0079 0.6426
vn 0.4850 -0.3194 0.8141
vn -0.1011 -0.9948 -0.0130
vn 0.8102 -0.0101 0.5861
vn -0.7281 -0.0000 0.6855
vn -0.2123 0.9738 -0.0810
vn -0.3013 -0.3906 -0.8698
vn 0.4974 0.7268 -0.4736
vn 0.8910 -0.3230 -0.3191
vn 0.0424 -0.9989 0.0212
vn 0.4743 0.4624 -0.7491
vn -0.6690 0.0361 0.7424
vn -0.3815 -0.5302 -0.7572
vn -0.6233 -0.0623 0.7795
vn -0.0719 0.1109 0.9912
vn -0.4386 -0.1379 0.8880
vn -0.5332 0.0802 0.8422
vn 0.9950 0.0311 0.0948
vn 0.9976 0.0105 0.0679
vn -0.0001 0.0002 -1.0000
vn -0.0366 -0.9838 -0.1757
vn 0.0710 -0.9374 0.3409
vn -0.0345 -0.0996 -0.9944
vn -0.2977 -0.7245 0.6217
vn -0.0000 0.6000 0.8000
vn -0.0082 -0.0000 1.0000
vn -0.0000 -0.0122 0.9999
vn -0.0000 -1.0000 -0.0007
vn 0.8874 0.0428 -0.4590
vn -0.8098 -0.5280 0.2559
vn 0.0704 0.2699 0.9603
vn 0.0719 -0.9971 -0.0258
vn 0.4142 -0.6229 0.6637
vn -0.0240 0.9227 -0.3847
vn -0.9732 0.0058 -0.2298
vn 0.0187 0.9898 -0.1412
vn 0.7974 0.4236 0.4298
vn -0.7828 0.5341 0.3193
vn -0.1254 -0.9911 0.0450
vn -0.1762 0.7104 0.6814
vn 0.9992 0.0060 -0.0392
vn 0.9996 0.0241 -0.0119
vn 0.3039 -0.7782 -0.5496
vn 0.9861 -0.1482 -0.0750
vn -0.9876 -0.1570 0.0069
vn -0.9331 -0.3550 0.0582
vn -0.7967 0.5660 0.2120
vn -0.4263 -0.8413 0.3322
vn 0.0019 -0.7060 -0.7082
vn -0.6428 -0.7660 -0.0000
vn -0.9005 -0.3039 0.3110
vn -0.0783 0.5922 -0.8020
vn 0.0147 0.9999 -0.0000
vn -0.0704 0.9858 -0.1527
vn -0.0598 -0.9923 0.1082
vn -0.0007 -1.0000 -0.0000
vn -0.8987 -0.0066 -0.4385
vn 0.9968 0.0059 -0.0797
vn -0.0059 -0.0095 0.9999
vn 0.0597 -0.1985 0.9783
vn -0.0088 -0.9956 -0.0937
vn 0.0923 0.1477 0.9847
vn 0.1104 0.0385 0.9931
vn -0.1201 -0.8319 -0.5418
vn 0.9981 -0.0000 -0.0612
vn -0.3848 0.0963 -0.9180
vn 0.2011 -0.1676 -0.9651
vn -0.0189 0.0047 -0.9998
vn -0.0000 -0.0315 -0.9995
vn -0.0340 -0.9970 -0.0700
vn -0.3949 0.9172 0.0526
vn -0.3385 -0.5900 -0.7330
vn 0.1063 0.2010 -0.9738
vn 0.0815 0.5881 -0.8047
vn -0.7566 -0.3484 -0.5533
vn -0.7656 -0.3545 -0.5369
vn -0.8877 -0.3255 0.3255
vn -0.6450 0.4174 -0.6401
vn -0.0000 1.0000 -0.0041
vn 0.0051 1.0000 -0.0000
vn -0.0057 -1.0000 0.0045
vn 0.5593 0.1197 -0.8203
vn -0.3099 -0.1229 -0.9428
vn 0.9761 -0.0155 0.2167
vn -0.5524 0.1965 0.8101
vn -0.4877 0.1675 0.8568
vn -0.3827 -0.9236 0.0208
vn 0.4011 0.7060 -0.5836
vn 0.3049 0.7060 -0.6392
vn 0.4305 -0.0000 -0.9026
vn 0.5664 -0.0000 -0.8241
vn 0.2011 0.7060 -0.6790
vn 0.2840 -0.0000 -0.9588
vn 0.4880 0.7060 -0.5132
vn 0.4864 0.7075 -0.5126
vn 0.6884 -0.0000 -0.7254
vn -0.5239 -0.0092 0.8517
vn -0.4342 0.0253 0.9004
vn -0.3860 -0.0336 0.9219
vn -0.5736 0.0249 0.8187
vn -0.6509 -0.0388 0.7581
vn 0.2000 0.7076 -0.6778
vn 0.0926 0.7045 -0.7036
vn 0.1305 -0.0000 -0.9914
vn 0.5630 0.7045 -0.4320
vn 0.7934 -0.0000 -0.6088
vn -0.6981 0.0282 0.7155
vn -0.2952 0.0302 0.9550
vn -0.2565 -0.0123 0.9665
vn 0.0934 0.7032 -0.7048
vn 0.9716 0.0919 0.2181
vn 0.5902 0.6991 -0.4038
vn 0.5322 0.7587 -0.3757
vn -0.6751 -0.5372 -0.5056
vn -0.7676 -0.0399 -0.6397
vn -0.7644 -0.0328 0.6438
vn -0.0983 0.0148 0.9950
vn -0.0569 -0.0441 0.9974
vn 0.0911 0.7061 -0.7023
vn 0.5749 0.7785 0.2517
vn -0.0185 0.7060 -0.7080
vn -0.0262 -0.0000 -0.9997
vn 0.6224 0.7060 -0.3379
vn 0.8788 -0.0000 -0.4772
vn -0.8179 0.0579 0.5724
vn -0.8662 -0.0286 0.4989
vn -0.0389 0.7360 -0.6758
vn 0.0606 0.0109 0.9981
vn -0.1316 0.6918 -0.7100
vn -0.1268 0.6986 -0.7042
vn -0.1822 -0.0000 -0.9833
vn 0.6122 0.7406 -0.2770
vn 0.6910 0.6821 -0.2393
vn 0.6807 0.6918 -0.2411
vn 0.9426 -0.0000 -0.3338
vn -0.9142 0.0233 0.4046
vn -0.6534 -0.0075 0.7570
vn -0.7367 0.0073 0.6762
vn -0.6116 0.0358 0.7903
vn 0.7539 -0.2242 0.6176
vn -0.1130 -0.0081 0.9936
vn -0.7364 0.0146 0.6764
vn 0.0489 0.0187 0.9986
vn 0.2183 -0.0081 0.9758
vn 0.2936 0.0104 0.9559
vn 0.7101 -0.0365 0.7031
vn -0.9704 -0.0180 -0.2407
vn -0.9997 0.0166 -0.0152
vn -0.9422 0.0027 -0.3349
vn -0.9988 0.0050 0.0482
vn -0.9347 -0.0305 0.3540
vn 0.8963 0.0075 0.4435
vn 0.9140 0.0164 0.4053
vn 0.1087 -0.0477 0.9929
vn 0.8568 0.0251 0.5150
vn -0.8114 0.0024 -0.5845
vn -0.8593 -0.0055 -0.5114
vn 0.2496 0.0436 0.9674
vn -0.4750 0.0056 -0.8800
vn -0.5155 0.0006 -0.8569
vn -0.5898 -0.7255 0.3546
vn -0.2211 0.9751 -0.0154
vn 0.0609 0.7934 0.6056
vn -0.2269 0.7335 -0.6407
vn -0.3338 -0.0000 -0.9426
vn 0.6963 0.7060 -0.1291
vn 0.6699 0.7300 -0.1354
vn 0.9833 -0.0000 -0.1822
vn 0.3127 -0.0000 0.9498
vn 0.3260 -0.0272 0.9450
vn -0.9602 0.0082 0.2793
vn 0.8416 0.0001 -0.5401
vn -0.2905 -0.0291 -0.9564
vn -0.1682 0.0026 -0.9857
vn -0.0935 -0.0005 -0.9956
vn 0.9675 -0.0313 -0.2510
vn 0.0969 0.0146 -0.9952
vn 0.3817 -0.0069 -0.9243
vn 0.8535 0.0253 -0.5205
vn 0.8106 0.0124 -0.5854
vn -0.2257 0.7055 -0.6718
vn -0.9947 -0.0000 0.1026
vn -0.9712 -0.0183 0.2375
vn -0.9845 0.0077 0.1749
vn 0.0844 -0.0000 0.9964
vn -0.0941 -0.6534 0.7511
vn -0.9985 -0.0388 0.0378
vn 0.1732 0.7946 0.5819
vn -0.3439 -0.9258 0.1568
vn -0.0644 -0.9105 0.4084
vn -0.9992 -0.0262 0.0310
vn -0.3379 0.7060 -0.6224
vn 0.7099 0.7041 0.0186
vn 0.5995 0.8002 -0.0157
vn -0.6860 -0.0000 0.7276
vn -0.4980 0.4509 0.7407
vn -0.3303 0.7747 -0.5391
vn 0.3339 0.5710 -0.7500
vn 0.4826 -0.5710 -0.6642
vn 0.3882 0.0233 0.9213
vn 0.1707 -0.5709 -0.8030
vn 0.6101 0.5709 -0.5493
vn 0.4457 -0.0245 0.8948
vn 0.6895 -0.0000 -0.7243
vn 0.7100 0.2046 -0.6738
vn 0.0678 0.2269 -0.9716
vn 0.7110 -0.5710 -0.4105
vn -0.6605 0.0331 0.7501
vn -0.5670 -0.0229 0.8234
vn -0.1174 -0.0077 0.9931
vn -0.0026 0.0275 0.9996
vn 0.7210 -0.4817 -0.4982
vn 0.5292 0.0255 0.8481
vn 0.3887 0.0005 0.9214
vn -0.9641 -0.0272 0.2641
vn -0.9306 0.0066 0.3661
vn 0.5772 -0.0136 0.8165
vn 0.8685 0.1769 -0.4631
vn -0.2391 -0.4966 -0.8344
vn -0.1930 -0.6456 -0.7389
vn 0.7808 0.5710 -0.2537
vn -0.4311 0.7060 -0.5619
vn -0.6088 -0.0000 -0.7934
vn 0.7021 0.7060 0.0924
vn 0.9914 -0.0000 0.1305
vn -0.9824 0.0237 -0.1855
vn 0.3617 -0.0000 0.9323
vn 0.2574 0.1045 0.9606
vn 0.7387 -0.0080 0.6740
vn 0.5286 0.0349 0.8482
vn -0.9531 -0.0021 -0.3028
vn -0.4906 -0.7865 0.3751
vn -0.7933 -0.0524 0.6066
vn -0.3614 0.0678 0.9300
vn 0.2209 -0.7920 0.5692
vn 0.3609 -0.0677 0.9301
vn 0.9139 -0.2750 -0.2984
vn 0.7069 0.0243 0.7069
vn -0.9965 0.0798 -0.0231
vn 0.9757 -0.0000 -0.2190
vn -0.9952 -0.0033 -0.0979
vn -0.5329 -0.7736 -0.3428
vn -0.8385 -0.0786 -0.5393
vn 0.9591 -0.2269 -0.1690
vn -0.8148 0.0208 -0.5794
vn -0.0423 0.9769 0.2093
vn 0.0639 0.9171 0.3935
vn -0.7578 0.6214 -0.1992
vn 0.9149 0.0342 0.4023
vn 0.9423 0.0187 0.3343
vn -0.3381 0.9350 0.1069
vn -0.0435 0.9741 0.2217
vn -0.7417 -0.0018 -0.6707
vn 0.6006 -0.7950 0.0849
vn 0.1671 -0.7617 -0.6260
vn 0.9659 -0.0000 0.2588
vn -0.9874 -0.0574 -0.1476
vn 0.6607 0.0330 0.7500
vn 0.9874 0.0744 0.1395
vn 0.9617 -0.1072 -0.2524
vn -0.4210 -0.0061 -0.9071
vn -0.6371 -0.5434 0.5466
vn -0.2588 -0.0000 -0.9659
vn -0.5394 0.0003 0.8421
vn -0.4630 0.0200 0.8861
vn -0.3764 0.0366 0.9257
vn -0.6139 0.0088 0.7893
vn 0.2567 -0.0968 -0.9616
vn 0.2576 -0.0970 -0.9614
vn 0.6958 -0.0268 0.7178
vn -0.9684 0.0139 -0.2489
vn -0.1173 -0.0195 0.9929
vn -0.9105 -0.0375 0.4118
vn -0.8083 0.0181 0.5886
vn -0.0327 -0.0118 0.9994
vn -0.3589 0.0419 0.9324
vn -0.7508 0.0237 0.6601
vn -0.8492 -0.0085 0.5280
vn 0.0456 0.0244 0.9987
vn 0.9064 -0.4180 -0.0617
vn -0.5326 0.6789 -0.5054
vn -0.4349 0.7591 -0.4843
vn -0.7254 -0.0000 -0.6884
vn 0.5750 0.8002 0.1703
vn 0.9588 -0.0000 0.2840
vn 0.9863 0.0228 0.1634
vn 0.5353 0.1980 0.8211
vn -0.6066 0.0121 -0.7949
vn -0.3892 0.8952 0.2174
vn 0.0873 0.0035 0.9962
vn 0.7071 0.0094 -0.7071
vn 0.5586 -0.1559 -0.8147
vn 0.7606 0.6290 0.1606
vn -0.8887 0.2064 0.4094
vn -0.4872 0.0721 -0.8703
vn 0.3332 0.0035 0.9429
vn -0.9922 -0.0113 0.1240
vn -0.9598 0.0168 0.2803
vn -0.9907 0.0117 0.1352
vn -0.9961 0.0591 0.0647
vn 0.5480 0.1320 0.8260
vn 0.3876 0.0148 0.9217
vn 0.0445 0.1130 0.9926
vn 0.9408 -0.0448 -0.3361
vn 0.9878 0.1193 -0.0998
vn -0.8707 0.1942 0.4519
vn -0.3269 0.0001 -0.9451
vn -0.5265 -0.1157 -0.8423
vn 0.7550 0.6456 0.1147
vn 0.8619 -0.4488 0.2360
vn -0.1671 0.2414 0.9559
vn -0.8772 0.1884 0.4416
vn -0.3206 0.0314 0.9467
vn -0.0887 -0.0831 0.9926
vn 0.1325 0.0276 -0.9908
vn 0.1173 0.0403 -0.9923
vn -0.9915 0.0174 -0.1292
vn 0.0890 -0.0000 0.9960
vn -0.9960 -0.0000 0.0890
vn -0.9530 -0.0075 -0.3028
vn -0.9064 0.0024 -0.4223
vn 0.8187 -0.0276 0.5736
vn 0.6294 0.0206 -0.7768
vn 0.6596 0.0604 -0.7492
vn 0.8181 -0.0000 0.5751
vn 0.7020 -0.1204 0.7020
vn 0.7649 -0.1921 0.6148
vn -0.9503 -0.0144 -0.3111
vn -0.5703 0.6863 -0.4515
vn -0.5387 0.7070 -0.4582
vn 0.5018 0.7544 -0.4231
vn 0.6662 0.7070 0.2374
vn 0.2726 -0.0000 -0.9621
vn 0.2430 0.8175 -0.5222
vn -0.8814 0.0512 -0.4697
vn -0.8732 0.0222 -0.4869
vn 0.6891 -0.0000 -0.7246
vn 0.9530 -0.0075 0.3028
vn 0.8732 0.0222 0.4869
vn -0.7387 -0.0080 -0.6740
vn -0.8181 -0.0000 -0.5751
vn 0.9987 0.0416 -0.0291
vn -0.7020 0.1204 -0.7020
vn -0.9169 0.0518 -0.3957
vn -0.7521 0.4488 -0.4826
vn -0.3186 -0.8926 -0.3189
vn -0.5707 0.7214 -0.3923
vn -0.8241 -0.0000 -0.5664
vn 0.6307 0.7197 0.2903
vn 0.6392 0.7060 0.3049
vn 0.9026 -0.0000 0.4305
vn -0.5498 0.7594 -0.3480
vn -0.2124 0.5933 -0.7765
vn -0.1373 -0.0000 -0.9905
vn 0.9279 -0.0974 -0.3600
vn 0.1393 -0.0946 -0.9857
vn -0.0889 -0.0417 -0.9952
vn -0.5286 0.0349 -0.8482
vn -0.8840 -0.0232 -0.4669
vn 0.7711 0.0202 0.6364
vn 0.9915 0.0174 0.1292
vn 0.9615 0.2538 0.1051
vn 0.9922 -0.0113 -0.1240
vn -0.3887 0.0005 -0.9214
vn -0.3871 -0.0900 -0.9176
vn -0.4014 -0.0745 -0.9129
vn 0.9922 -0.0083 -0.1240
vn 0.8384 -0.1795 -0.5147
vn -0.4478 -0.2099 0.8692
vn 0.4586 0.2228 -0.8603
vn -0.6938 0.5182 -0.5001
vn 0.9963 -0.0000 -0.0859
vn -0.7093 -0.4986 -0.4982
vn 0.4267 -0.8987 0.1017
vn 0.9106 0.0410 -0.4113
vn 0.8397 -0.1253 0.5285
vn 0.1564 0.9876 0.0157
vn 0.8174 -0.0028 -0.5761
vn 0.0327 0.0034 -0.9995
vn -0.0456 0.0244 -0.9987
vn -0.5321 -0.0098 0.8466
vn -0.3661 0.0217 0.9303
vn -0.5609 -0.0630 0.8255
vn -0.2379 -0.0025 0.9713
vn 0.8826 -0.0103 0.4700
vn -0.9906 0.0457 0.1293
vn 0.3563 0.0094 -0.9343
vn 0.4950 0.8158 0.2990
vn -0.4639 0.8559 -0.2287
vn -0.1564 0.9876 -0.0157
vn -0.4950 0.8158 -0.2990
vn 0.2045 0.0671 -0.9766
vn 0.7438 0.0609 -0.6656
vn 0.3585 0.2218 -0.9068
vn 0.6318 0.1727 -0.7556
vn 0.9345 0.2547 0.2488
vn -0.8503 0.1804 -0.4944
vn 0.8520 0.1792 0.4919
vn 0.6559 0.0252 -0.7544
vn -0.8520 0.1792 -0.4919
vn 0.3762 0.0125 -0.9264
vn 0.4707 -0.0326 0.8817
vn -0.9995 0.0256 0.0178
vn 0.5200 -0.0447 0.8530
vn -0.9925 0.0016 0.1221
vn 0.5582 0.5686 0.6042
vn -0.8660 -0.0000 -0.5000
vn 0.6320 -0.0185 0.7748
vn 0.6467 -0.0226 0.7624
vn -0.9049 -0.0456 -0.4233
vn 0.9904 0.0150 0.1376
vn -0.9026 -0.0000 -0.4305
vn -0.6392 0.7060 -0.3049
vn -0.8728 0.2900 -0.3926
vn 0.4639 0.8559 0.2287
vn 0.5784 0.7056 0.4093
vn 0.5707 0.7214 0.3923
vn 0.8241 -0.0000 0.5664
vn -0.4944 0.0313 -0.8687
vn -0.6501 -0.0086 -0.7598
vn -0.3345 0.0477 -0.9412
vn 0.9726 -0.0362 -0.2296
vn 0.9680 0.0715 -0.2404
vn 0.9210 0.0283 -0.3885
vn -0.6852 0.1228 0.7180
vn -0.4132 0.0051 0.9106
vn -0.6559 0.0252 0.7544
vn -0.3585 0.2218 0.9068
vn 0.8503 0.1804 0.4944
vn -0.9345 0.2547 -0.2488
vn -0.7438 0.0609 0.6656
vn -0.2045 0.0671 0.9766
vn -0.3609 0.0014 0.9326
vn -0.1568 0.0135 0.9875
vn -0.0327 -0.0084 0.9994
vn -0.8174 -0.0028 0.5761
vn 0.3177 -0.0080 -0.9482
vn 0.6451 0.0448 -0.7628
vn 0.1016 -0.0288 -0.9944
vn 0.7521 0.4488 0.4826
vn 0.5905 -0.6456 0.4843
vn 0.5158 -0.0319 0.8561
vn 0.2238 0.0206 0.9744
vn -0.9921 0.0202 0.1240
vn -0.9545 0.0701 0.2898
vn -0.9644 0.0087 0.2642
vn 0.2531 -0.0539 0.9659
vn -0.8279 0.0435 -0.5592
vn 0.4017 0.0620 0.9136
vn -0.9673 -0.0000 0.2538
vn -0.8365 -0.5281 0.1463
vn 0.2743 -0.6014 0.7504
vn -0.8021 -0.0199 -0.5969
vn -0.0263 0.2180 0.9756
vn -0.7020 -0.1204 0.7020
vn -0.3770 0.0606 0.9242
vn -0.9257 -0.0612 0.3732
vn -0.9442 -0.0000 -0.3294
vn -0.6248 0.7681 -0.1402
vn -0.9798 0.1938 0.0483
vn 0.3604 -0.0845 0.9290
vn 0.4206 0.0417 0.9063
vn -0.9063 0.0417 0.4206
vn -0.9537 0.0053 0.3009
vn 0.7046 0.0308 0.7089
vn -0.9530 0.0147 -0.3028
vn -0.9530 0.0064 -0.3028
vn 0.7387 0.0037 0.6740
vn -0.9589 -0.1204 -0.2569
vn -0.9071 -0.0000 -0.4210
vn -0.0236 0.7137 0.7001
vn -0.2554 0.9668 0.0057
vn -0.6302 0.7306 -0.2629
vn -0.7606 0.6290 -0.1606
vn -0.5750 0.8002 -0.1703
vn -0.9588 -0.0000 -0.2840
vn 0.5326 0.6789 0.5054
vn 0.5387 0.7070 0.4582
vn 0.7254 -0.0000 0.6884
vn -0.2688 -0.1664 0.9487
vn -0.5743 -0.0000 0.8187
vn -0.4326 0.7840 0.4451
vn -0.9239 0.0372 -0.3808
vn -0.9887 -0.0000 -0.1502
vn -0.7942 -0.5860 -0.1608
vn 0.5162 0.2269 0.8259
vn 0.9380 -0.0278 0.3455
vn 0.9000 -0.0194 0.4354
vn -0.7731 0.0529 -0.6320
vn -0.7296 0.0075 -0.6838
vn 0.8746 0.1336 0.4661
vn 0.9568 0.0192 0.2899
vn 0.8501 0.0484 0.5244
vn 0.9063 0.0417 0.4206
vn -0.7757 -0.0974 -0.6235
vn 0.4349 0.7591 0.4843
vn 0.8993 -0.3651 -0.2410
vn 0.9601 -0.2530 -0.1194
vn -0.0270 -0.0000 -0.9996
vn 0.9589 -0.1204 -0.2569
vn -0.2498 -0.2614 -0.9323
vn -0.2347 -0.0134 0.9720
vn -0.5786 0.1374 0.8040
vn -0.7648 -0.0504 0.6423
vn -0.6002 0.0215 -0.7996
vn 0.9486 -0.0843 0.3052
vn -0.7299 0.0134 -0.6834
vn 0.9650 0.0321 0.2603
vn 0.9641 -0.0272 -0.2641
vn -0.3887 -0.0083 -0.9213
vn -0.6997 -0.0183 -0.7142
vn 0.9793 0.0063 0.2022
vn 0.6943 0.3080 -0.6504
vn 0.1063 0.2055 -0.9729
vn 0.9916 0.0165 -0.1282
vn 0.8707 0.1942 -0.4519
vn -0.3820 0.0240 -0.9239
vn -0.3662 0.0120 -0.9305
vn -0.0445 0.1130 -0.9926
vn 0.9961 0.0591 -0.0647
vn 0.5751 -0.0000 -0.8181
vn 0.6598 0.0157 -0.7512
vn 0.2569 -0.1204 -0.9589
vn 0.0699 -0.0000 -0.9976
vn 0.9377 -0.0275 -0.3463
vn -0.1300 0.0691 0.9891
vn 0.3268 -0.0170 0.9449
vn -0.9802 0.0592 0.1891
vn -0.9878 0.1193 0.0998
vn 0.5597 0.0565 0.8267
vn -0.3149 0.9394 -0.1358
vn 0.9306 0.0066 -0.3661
vn 0.0047 0.9668 -0.2556
vn -0.0919 0.9090 -0.4066
vn 0.2577 -0.7069 0.6588
vn -0.1131 0.0390 -0.9928
vn -0.6411 0.0129 -0.7673
vn -0.5682 -0.1538 0.8084
vn 0.8887 0.2064 -0.4094
vn -0.5353 0.1980 -0.8211
vn 0.6269 0.0176 0.7789
vn -0.9863 0.0228 -0.1634
vn 0.3051 0.9446 -0.1210
vn 0.0980 0.9905 -0.0964
vn 0.1103 -0.0465 -0.9928
vn 0.0297 -0.0137 -0.9995
vn 0.0327 0.0060 -0.9994
vn 0.8084 0.0075 -0.5886
vn -0.7021 0.7060 -0.0924
vn 0.0435 0.9741 -0.2217
vn 0.7578 0.6214 0.1992
vn -0.9914 -0.0000 -0.1305
vn 0.4311 0.7060 0.5619
vn 0.6088 -0.0000 0.7934
vn -0.2587 0.0243 0.9656
vn -0.3392 -0.8844 0.3206
vn -0.7235 -0.0949 0.6837
vn 0.2966 -0.1021 0.9495
vn 0.5670 -0.0229 -0.8234
vn 0.6605 0.0331 -0.7501
vn 0.7283 -0.0162 -0.6851
vn 0.3765 0.0266 -0.9260
vn -0.5822 -0.0242 -0.8127
vn -0.9645 0.0241 0.2630
vn 0.7423 0.0023 0.6701
vn -0.9423 0.0187 -0.3343
vn 0.4130 0.0361 -0.9100
vn -0.8672 -0.1646 -0.4700
vn -0.8499 -0.1198 -0.5132
vn 0.3739 -0.0000 0.9275
vn 0.5727 -0.0908 0.8147
vn 0.0929 -0.9687 0.2304
vn -0.9149 0.0342 -0.4023
vn -0.5719 -0.1002 -0.8142
vn 0.8425 0.0309 0.5378
vn 0.2308 -0.9730 -0.0067
vn 0.1739 -0.8770 -0.4478
vn 0.9980 -0.0556 -0.0291
vn -0.9779 -0.1686 -0.1232
vn 0.9071 -0.0000 0.4210
vn -0.7071 0.0111 -0.7071
vn -0.9511 -0.0000 0.3090
vn 0.1316 0.5882 0.7980
vn 0.9960 -0.0288 0.0844
vn -0.5306 0.0231 -0.8473
vn 0.2082 -0.2971 0.9319
vn 0.0332 0.1735 0.9843
vn 0.9978 -0.0040 0.0656
vn 0.9080 -0.0003 -0.4189
vn 0.9042 -0.0794 -0.4196
vn 0.2609 -0.0542 -0.9638
vn -0.4317 0.0515 -0.9005
vn 0.3602 -0.0967 -0.9278
vn 0.9786 0.0065 0.2059
vn 0.9922 -0.0080 -0.1240
vn -0.3885 0.0351 -0.9208
vn -0.2583 0.0605 -0.9642
vn -0.0061 -0.0791 0.9968
vn 0.5899 0.0506 -0.8059
vn 0.1507 -0.1672 -0.9743
vn 0.9968 -0.0195 -0.0772
vn -0.7099 0.7041 -0.0186
vn -0.5995 0.8002 0.0157
vn 0.3303 0.7747 0.5391
vn -0.9997 -0.0000 0.0262
vn 0.3379 0.7060 0.6224
vn 0.4772 -0.0000 0.8788
vn 0.9374 0.0102 -0.3482
vn 0.8013 -0.0163 -0.5981
vn 0.0327 0.0079 -0.9994
vn 0.6993 0.0277 -0.7143
vn -0.2334 -0.0000 0.9724
vn -0.2550 0.5183 0.8163
vn -0.2118 0.0945 0.9727
vn 0.1986 0.0447 -0.9791
vn 0.4596 -0.0024 -0.8881
vn -0.6101 0.5709 0.5493
vn -0.7879 -0.0000 0.6158
vn -0.0769 -0.7390 0.6693
vn -0.4727 -0.0284 -0.8807
vn 0.9974 -0.0252 -0.0680
vn -0.5162 -0.2269 0.8259
vn -0.1922 0.7971 0.5725
vn 0.9769 -0.1422 -0.1598
vn -0.3907 0.0527 -0.9190
vn -0.6963 0.7060 0.1291
vn -0.6699 0.7300 0.1354
vn 0.2364 0.7060 0.6676
vn 0.2727 0.3608 -0.8919
vn 0.5667 0.4495 -0.6905
vn 0.1051 -0.8163 -0.5680
vn -0.1556 0.8383 -0.5226
vn 0.4772 -0.7649 -0.4328
vn 0.7494 -0.2655 -0.6065
vn -0.9833 -0.0000 0.1822
vn 0.3338 -0.0000 0.9426
vn -0.2811 -0.0415 -0.9588
vn 0.9745 -0.0476 -0.2195
vn 0.1172 -0.4022 -0.9080
vn 0.0013 1.0000 0.0028
vn 0.7944 -0.3423 -0.5017
vn -0.3929 0.7116 -0.5825
vn 0.7406 0.6540 -0.1544
vn 0.3272 0.9449 -0.0025
vn -0.0021 1.0000 -0.0000
vn -0.0247 0.9691 -0.2455
vn 0.9154 0.2581 -0.3090
vn -0.6310 -0.2813 -0.7230
vn -0.2284 0.0055 -0.9736
vn 0.1831 0.6122 0.7692
vn 0.1291 0.7060 0.6963
vn -0.5023 0.0322 0.8641
vn -0.2696 -0.0077 0.9629
vn -0.5344 0.0220 0.8449
vn -0.2481 -0.0296 0.9683
vn -0.9415 -0.0117 0.3368
vn 0.4470 0.0068 0.8945
vn -0.9895 -0.0165 0.1438
vn 0.7986 -0.6004 -0.0415
vn 0.3892 0.0057 0.9211
vn -0.6732 0.6986 0.2423
vn 0.5566 -0.0236 0.8304
vn -0.6807 0.6918 0.2411
vn -0.9426 -0.0000 0.3338
vn 0.1822 -0.0000 0.9833
vn 0.1093 0.7067 0.6991
vn -0.9769 0.0654 -0.2032
vn -0.9500 0.0859 -0.3003
vn 0.8407 -0.0666 0.5374
vn 0.9570 0.0216 0.2893
vn -0.8357 -0.0048 -0.5492
vn 0.9908 0.0168 0.1342
vn 0.9999 -0.0171 -0.0024
vn -0.4933 -0.0228 -0.8696
vn -0.8799 -0.0278 0.4744
vn -0.4113 0.0334 0.9109
vn -0.0889 -0.0356 0.9954
vn -0.2265 0.8349 0.5017
vn -0.1554 -0.0266 -0.9875
vn 0.9389 -0.0051 -0.3443
vn 0.0008 1.0000 -0.0059
vn -0.6336 0.7050 0.3187
vn -0.5872 0.7440 0.3188
vn 0.0389 0.7360 0.6758
vn 0.4209 0.0178 0.9069
vn -0.9606 0.0249 0.2768
vn 0.2325 0.8337 0.5009
vn -0.5605 0.8123 0.1615
vn 0.8985 -0.1187 -0.4226
vn -0.0798 0.0362 -0.9962
vn 0.7276 0.6459 0.2312
vn -0.1902 -0.0038 -0.9817
vn -0.0716 0.0212 -0.9972
vn 0.7062 -0.0517 0.7062
vn 0.6884 0.0029 -0.7254
vn 0.8173 0.0348 -0.5752
vn 0.6398 -0.0229 -0.7682
vn 0.3937 0.0462 -0.9181
vn -0.5654 0.7868 -0.2475
vn -0.9656 0.0556 -0.2541
vn -0.0028 -0.0140 -0.9999
vn 0.8473 0.0270 -0.5305
vn -0.8788 -0.0000 0.4772
vn 0.0185 0.7060 0.7080
vn 0.0262 -0.0000 0.9997
vn 0.9646 0.0517 0.2585
vn -0.9265 -0.0450 -0.3735
vn 0.5635 0.8122 0.1510
vn 0.3935 0.7997 -0.4534
vn -0.4919 0.8183 -0.2972
vn -0.0560 0.8294 -0.5558
vn 0.8004 0.5220 0.2946
vn -0.4996 0.7539 0.4267
vn -0.5619 0.7060 0.4311
vn -0.0911 0.7061 0.7023
vn -0.8559 0.0081 -0.5171
vn 0.0805 0.0259 -0.9964
vn -0.1002 0.0078 -0.9949
vn 0.9959 -0.0178 -0.0889
vn -0.0890 0.0048 -0.9960
vn 0.1524 -0.0464 -0.9872
vn -0.7934 -0.0000 0.6088
vn -0.0926 0.7045 0.7036
vn -0.0934 0.7032 0.7048
vn -0.1305 -0.0000 0.9914
vn 0.6543 0.0579 -0.7540
vn 0.5749 0.0251 -0.8179
vn 0.7845 -0.0251 -0.6196
vn -0.4875 0.7060 0.5137
vn 0.7508 0.0352 -0.6596
vn -0.2000 0.7076 0.6778
vn 0.2387 0.0140 -0.9710
vn -0.0850 0.9728 0.2153
vn -0.4002 0.7537 0.5213
vn 0.6466 -0.0364 -0.7619
vn -0.6884 -0.0000 0.7254
vn -0.2011 0.7060 0.6790
vn -0.2840 -0.0000 0.9588
vn -0.3154 0.7055 0.6346
vn 0.3020 -0.0378 -0.9526
vn 0.5853 0.0570 -0.8088
vn 0.4183 0.0609 -0.9063
vn 0.5041 -0.0362 -0.8629
vn -0.2926 0.7335 0.6134
vn -0.4090 0.6918 0.5951
vn -0.5664 -0.0000 0.8241
vn -0.4305 -0.0000 0.9026
vn 0.1532 -0.0201 -0.9880
vn -0.9505 0.2921 0.1060
vn 0.8846 0.0877 0.4580
vn -0.3690 -0.5288 0.7644
vn 0.8591 0.5118 -0.0000
vn 0.8403 -0.5422 -0.0009
vn 0.8460 -0.5331 -0.0000
vn 0.6650 0.7469 -0.0039
vn 0.8175 0.5759 0.0077
vn 0.7340 -0.6791 0.0043
vn 0.6283 -0.7779 -0.0109
vn 0.4272 -0.9041 0.0080
vn 0.4086 0.9127 -0.0077
vn 0.6056 0.7957 0.0039
vn 0.2757 -0.9612 -0.0049
vn 0.1146 0.9934 -0.0000
vn 0.3377 0.9412 -0.0000
vn -1.0000 -0.0000 -0.0025
vn -0.9680 0.2509 0.0035
vn -0.8464 -0.5326 0.0029
vn -0.4861 0.8739 0.0001
vn -0.5969 0.8023 -0.0028
vn -0.5969 -0.8023 -0.0032
vn -0.1588 -0.9873 0.0037
vn -0.1901 0.9818 -0.0039
vn 0.0384 0.9992 0.0077
vn 0.3265 0.9452 0.0040
vn 0.1573 0.9876 -0.0001
vn 0.1119 -0.9937 0.0104
vn -0.0985 -0.9951 -0.0073
vn 0.1573 -0.9876 -0.0010
vn 0.5751 -0.8181 0.0032
vn 0.8181 0.5751 -0.0016
vn 0.7071 -0.7071 -0.0000
vn 0.9659 -0.2588 -0.0000
vn 0.9071 0.4210 0.0016
vn 0.9960 -0.0890 -0.0032
vn -0.3223 -0.9466 0.0072
vn -0.4927 -0.8701 -0.0112
vn -0.5431 0.8396 -0.0115
vn -0.2649 0.9643 0.0039
vn -0.6056 0.7957 -0.0000
vn -0.6370 -0.7708 0.0076
vn -0.8175 0.5759 -0.0000
vn -0.7857 -0.6186 -0.0109
vn -0.8509 -0.5253 -0.0000
vn 0.9450 0.3105 0.1028
vn 0.4047 0.3223 -0.8557
vn 0.9423 -0.2674 0.2015
vn 0.9425 -0.3124 0.1185
vn 0.8904 0.0295 -0.4542
vn 0.6567 -0.7534 0.0330
vn 0.7124 -0.6716 0.2037
vn 0.8673 0.3166 0.3842
vn 0.6323 0.3797 0.6753
vn 0.3620 0.8085 0.4640
vn 0.3507 -0.9008 0.2561
vn 0.5300 -0.1315 0.8378
vn 0.4995 -0.0031 0.8663
vn 0.9999 -0.0062 0.0092
vn 0.5564 -0.1305 0.8206
vn 0.9736 -0.2283 -0.0044
vn 0.9999 -0.0086 0.0096
vn 0.8573 0.5148 -0.0038
vn 0.9305 0.3643 0.0372
vn 0.3160 -0.1883 0.9299
vn 0.9201 -0.3915 0.0122
vn 0.8590 -0.5119 -0.0058
vn 0.4997 0.8651 -0.0440
vn 0.0887 -0.9939 -0.0661
vn 0.3348 -0.3157 0.8878
vn 0.7146 -0.6993 0.0190
vn 0.5025 0.7097 0.4938
vn 0.4884 0.8726 -0.0005
vn 0.7172 0.6962 0.0295
vn 0.2069 -0.2725 0.9396
vn 0.6045 -0.7964 -0.0144
vn -0.0671 0.9656 0.2514
vn -0.2089 -0.8818 0.4229
vn 0.2586 0.4621 0.8483
vn 0.1714 -0.4403 0.8813
vn 0.4546 0.8907 0.0047
vn -0.1002 0.3646 -0.9258
vn -0.2521 0.1974 -0.9474
vn 0.0868 0.3500 0.9327
vn 0.2408 0.9705 -0.0096
vn 0.0521 -0.3264 0.9438
vn 0.3901 -0.9207 0.0075
vn 0.1575 -0.9873 -0.0220
vn -0.2070 -0.8882 0.4101
vn -0.2894 0.3803 -0.8784
vn -0.3649 -0.1279 -0.9222
vn 0.1064 0.9942 0.0178
vn 0.0612 -0.9981 0.0003
vn -0.2224 -0.2692 -0.9370
vn -0.0585 0.2565 -0.9648
vn -0.1043 0.6265 0.7724
vn -0.0889 0.5863 0.8052
vn -0.1318 0.8692 0.4766
vn -0.1641 0.9864 -0.0067
vn -0.0427 -0.4850 0.8735
vn -0.3639 -0.2889 -0.8855
vn -0.6272 0.7770 -0.0535
vn -0.3683 -0.2273 -0.9015
vn -0.3303 -0.9439 -0.0046
vn -0.0874 -0.9934 0.0738
vn -0.3111 -0.3024 -0.9010
vn -0.4030 -0.7125 0.5744
vn -0.2047 0.3258 0.9230
vn -0.5320 0.8466 -0.0173
vn -0.3166 0.9483 0.0195
vn -0.6289 -0.7775 0.0011
vn -0.6947 0.6798 0.2352
vn -0.7136 -0.6304 0.3055
vn -0.9406 0.2457 0.2342
vn -0.9521 -0.2287 0.2029
vn -0.9427 0.2662 0.2009
vn -0.6524 -0.7579 0.0058
vn -0.4411 0.4507 0.7761
vn -0.2682 0.1685 0.9485
vn -0.8466 0.5320 -0.0173
vn -0.6524 0.7579 0.0058
vn -0.8838 -0.4673 -0.0229
vn -0.8467 -0.5320 -0.0000
vn -0.8841 0.4674 -0.0000
vn -0.7115 -0.3119 0.6297
vn -0.4703 0.0889 0.8780
vn -0.9826 0.1858 -0.0000
vn -0.4081 -0.0771 0.9097
vn -0.7128 -0.3104 0.6290
vn -0.9826 -0.1858 -0.0000
vn -0.4076 0.0904 0.9087
vn -0.8176 -0.0893 -0.5688
vn 0.8041 0.0787 0.5893
vn 0.2054 -0.0664 -0.9764
vn 0.0470 -0.1783 -0.9829
vn -0.0803 0.4450 -0.8919
vn -0.3806 0.8386 0.3896
vn -0.0123 -0.7661 -0.6426
vn 0.6977 -0.6283 -0.3442
vn 0.9547 0.0594 -0.2915
vn -0.3001 0.3491 0.8877
vn 0.4444 0.6010 -0.6643
vn 0.3133 -0.4931 -0.8116
vn -0.5070 -0.3880 -0.7697
vn 0.8813 -0.2664 -0.3903
vn 0.6687 -0.5110 0.5401
vn 0.2858 0.6106 -0.7386
vn 0.8339 0.3512 -0.4257
vn -0.9599 -0.0882 -0.2662
vn 0.7224 -0.3883 0.5721
vn 0.9476 -0.0127 -0.3192
vn 0.7454 -0.6445 -0.1705
vn -0.5201 0.4910 -0.6989
vn -0.0373 -0.7791 0.6258
vn -0.9689 -0.0653 -0.2388
vn -0.1943 0.1040 0.9754
vn -0.1644 0.1022 0.9811
vn -0.3288 -0.3290 -0.8852
vn 0.8292 0.5589 0.0028
vn -0.9240 0.0051 0.3824
vn 0.1549 -0.9636 -0.2181
vn 0.6495 0.6058 -0.4595
vn -0.6993 -0.6654 -0.2610
vn 0.1557 0.8690 -0.4696
vn -0.4352 0.7936 0.4252
vn -0.7447 -0.5021 0.4397
vn -0.5487 0.7565 -0.3558
vn -0.0676 0.9187 0.3891
vn 0.5222 -0.6338 -0.5706
vn 0.1304 0.9908 0.0362
vn 0.4591 -0.8883 -0.0132
vn 0.9834 0.1396 0.1157
vn -0.8140 0.5723 0.0997
vn -0.9476 -0.2311 0.2204
vn 0.2848 -0.9054 0.3148
vn 0.5764 -0.6088 -0.5451
vn -0.7105 -0.7029 -0.0342
vn 0.6243 -0.7343 0.2666
vn -0.9283 -0.0020 0.3718
vn -0.2698 0.9269 -0.2610
vn 0.7595 0.2822 -0.5861
vn 0.5051 0.8316 0.2307
vn 0.4182 0.7099 -0.5667
vn -0.3871 -0.2419 -0.8897
vn 0.2873 -0.9565 -0.0504
vn -0.9397 -0.0000 0.3419
vn 0.0714 0.5551 0.8287
vn -0.8327 0.3173 0.4538
vn 0.5275 0.1348 0.8388
vn -0.6916 -0.7188 -0.0704
vn -0.0760 -0.3651 0.9278
vn -0.4319 0.8477 0.3079
vn 0.9171 -0.3518 -0.1874
vn -0.0038 0.8805 -0.4741
vn -0.9839 -0.0077 0.1787
vn -0.2972 -0.9537 0.0471
vn -0.6944 -0.6260 -0.3549
vn -0.9535 -0.0115 0.3010
vn -0.8763 0.3813 0.2944
vn 0.3678 0.7450 0.5566
vn 0.5445 -0.4081 0.7328
vn -0.5661 -0.6657 -0.4861
vn 0.9360 -0.0221 -0.3514
vn -0.1976 -0.8612 0.4683
vn -0.5998 -0.3627 0.7133
vn 0.9882 0.1429 0.0556
vn 0.4481 0.5501 -0.7047
vn 0.4861 0.4806 0.7299
vn 0.6003 -0.4390 0.6686
vn 0.9310 -0.0791 -0.3563
vn -0.3444 -0.7218 0.6003
vn -0.8264 0.3212 -0.4624
vn 0.7704 0.1758 0.6128
vn 0.8025 -0.0532 -0.5943
vn 0.6030 -0.1088 0.7903
vn -0.4703 0.6872 0.5537
vn -0.7013 0.6841 -0.2007
vn -0.9900 0.0714 -0.1220
vn -0.9598 0.0550 -0.2753
vn -0.7317 0.3294 0.5967
vn 0.7920 -0.0997 -0.6023
vn -0.1496 -0.5354 0.8312
vn -0.6548 -0.0609 0.7534
vn -0.3734 0.1738 0.9112
vn -0.3798 0.1386 0.9146
vn 0.7513 -0.0905 -0.6538
vn 0.9039 0.1385 -0.4048
vn 0.2600 -0.1437 -0.9549
vn -0.0879 0.2612 -0.9613
vn -0.9317 0.0371 0.3614
vn 0.4849 0.5780 -0.6563
vn 0.1956 0.5907 -0.7829
vn -0.8524 0.4986 0.1575
vn -0.9229 0.1207 -0.3656
vn 0.7160 0.1168 0.6883
vn 0.9397 -0.0000 0.3419
vn -0.1193 -0.6298 -0.7676
vn 0.2604 -0.1436 0.9548
vn 0.8210 -0.5435 0.1748
vn 0.7602 -0.6081 -0.2289
vn -0.7284 0.0011 0.6851
vn 0.6151 0.7877 0.0335
vn 0.3558 -0.5852 0.7286
vn -0.8841 0.4628 0.0651
vn -0.3063 0.5827 0.7527
vn 0.1562 -0.5777 -0.8011
vn -0.9931 -0.0747 -0.0900
vn -0.1817 0.3339 -0.9249
vn -0.3130 0.8635 -0.3954
vn 0.2149 0.0144 -0.9765
vn -0.9381 0.0574 -0.3415
vn -0.9169 -0.0079 -0.3992
vn 0.9531 0.1732 0.2482
vn 0.5470 -0.8308 -0.1028
vn 0.6342 0.7702 0.0676
vn -0.9163 0.0593 -0.3960
vn -0.2202 0.9361 -0.2742
vn -0.1357 -0.9364 -0.3237
vn -0.7064 -0.6595 -0.2571
vn 0.8271 -0.1955 0.5270
vn -0.4674 -0.8831 0.0415
vn -0.3781 0.8883 0.2608
vn 0.9250 -0.0100 0.3798
vn -0.7291 0.6722 -0.1284
vn 0.5692 0.8214 0.0350
vn -0.0307 -0.8544 0.5186
vn -0.2840 -0.9341 -0.2162
vn 0.1403 0.8491 0.5093
vn -0.0381 -0.9979 0.0528
vn 0.2218 -0.9749 0.0195
vn 0.0805 -0.0186 0.9966
vn -0.8701 0.0290 0.4921
vn 0.9976 0.0056 0.0697
vn -0.7849 -0.2262 -0.5769
vn 0.0023 -0.9999 -0.0101
vn 0.8858 0.0135 0.4640
vn -0.2726 0.8496 -0.4516
vn -0.1817 0.9765 -0.1157
vn 0.7349 -0.6235 -0.2668
vn -0.0158 -0.9997 -0.0171
vn 0.9868 -0.0219 0.1602
vn 0.3536 -0.0000 -0.9354
vn -0.7781 -0.1173 -0.6171
vn 0.0982 0.9739 0.2044
vn -0.3186 0.6693 -0.6712
vn -0.5497 0.8253 0.1294
vn 0.6077 -0.5478 0.5750
vn -0.2013 -0.5763 -0.7920
vn 0.4213 0.7400 0.5244
vn 0.1906 -0.8656 -0.4630
vn -0.6419 0.4106 -0.6476
vn 0.2675 -0.2819 0.9214
vn -0.2377 -0.8759 0.4198
vn -0.3651 0.8253 0.4308
vn -0.2628 0.1263 0.9566
vn -0.8291 -0.2995 -0.4721
vn 0.9932 0.1025 0.0557
vn 0.2261 0.6478 -0.7275
vn 0.6996 -0.3586 0.6180
vn -0.9710 0.1739 -0.1638
vn -0.8229 -0.4279 -0.3738
vn -0.1905 -0.8820 -0.4311
vn -0.6063 -0.6373 0.4757
vn -0.4507 0.5804 0.6782
vn 0.7358 0.2796 0.6167
vn -0.7804 0.4789 -0.4021
vn 0.0783 0.1821 0.9802
vn -0.7419 0.2242 0.6319
vn -0.4758 -0.4457 0.7583
vn 0.9091 -0.0774 -0.4094
vn 0.4198 -0.3146 0.8514
vn -0.2893 0.0731 -0.9544
vn 0.1042 -0.1744 -0.9791
vn 0.0403 0.1388 0.9895
vn -0.5197 0.0406 0.8534
vn 0.7295 0.1204 -0.6733
vn 0.9314 0.0284 -0.3628
vn 0.9397 -0.0000 -0.3419
vn 0.8910 -0.2692 -0.3655
vn -0.9683 0.1834 0.1697
vn -0.8444 -0.4712 -0.2550
vn -0.9457 -0.0588 0.3196
vn 0.4417 -0.8962 -0.0409
vn 0.8544 0.4063 -0.3240
vn 0.3079 0.4012 0.8627
vn -0.7055 0.3380 0.6229
vn 0.3375 -0.3769 0.8626
vn 0.2349 -0.3870 0.8917
vn -0.8639 0.0999 -0.4937
vn 0.9543 0.0048 0.2988
vn 0.9862 -0.1536 0.0611
vn 0.5240 0.7347 -0.4308
vn -0.7131 -0.4882 -0.5032
vn -0.9397 -0.0000 -0.3419
vn -0.5341 0.7625 0.3650
vn -0.6922 0.6868 0.2214
vn 0.6174 -0.6414 0.4555
vn -0.9829 -0.1610 -0.0893
vn -0.4019 -0.0933 0.9109
vn 0.2780 0.9359 -0.2163
vn 0.3025 -0.8638 0.4030
vn 0.3420 -0.0000 -0.9397
vn 0.1187 -0.9379 -0.3260
vn 0.3042 -0.8625 0.4045
vn 0.1761 -0.6964 -0.6957
vn -0.7147 -0.4242 0.5561
vn -0.7169 -0.4151 0.5601
vn 0.6139 -0.6907 -0.3821
vn 0.4364 0.8700 0.2294
vn 0.4199 0.2943 -0.8586
vn 0.8186 -0.5743 0.0050
vn 0.1016 -0.0626 0.9929
vn 0.3370 0.1101 -0.9350
vn 0.3961 0.0731 -0.9153
vn 0.5299 -0.4558 -0.7152
vn 0.6628 -0.5002 -0.5572
vn 0.7662 0.2925 -0.5722
vn -0.0846 0.7759 0.6251
vn 0.4745 0.0834 -0.8763
vn 0.4884 0.1587 -0.8581
vn 0.2586 -0.9116 -0.3197
vn 0.3402 0.8321 -0.4380
vn 0.2915 0.3903 -0.8733
vn 0.0289 -0.0000 -0.9996
vn -0.1409 -0.9735 0.1799
vn -0.5540 -0.4643 -0.6910
vn -0.4402 -0.4039 0.8019
vn 0.0023 0.5305 0.8477
vn -0.3101 0.2948 0.9038
vn -0.3716 0.1291 0.9194
vn 0.2097 0.9390 0.2727
vn 0.3654 0.0592 -0.9290
vn 0.0184 0.9983 0.0558
vn -0.4006 -0.6087 0.6849
vn -0.0037 0.0070 -1.0000
vn 0.2116 -0.1978 -0.9571
vn 0.4820 0.5682 -0.6669
vn 0.5012 -0.2817 -0.8182
vn 0.3651 -0.6797 -0.6362
vn 0.1898 -0.4737 -0.8600
vn -0.2786 -0.3499 0.8944
vn 0.3677 0.0913 -0.9255
vn 0.2052 -0.1465 -0.9677
vn 0.2871 -0.5455 0.7874
vn -0.3528 -0.5931 -0.7238
vn 0.1105 0.8267 -0.5517
vn 0.7920 -0.6089 0.0440
vn -0.9397 -0.0000 -0.3420
vn -0.7494 -0.2707 0.6042
vn 0.3198 -0.6557 -0.6839
vn -0.1163 -0.6230 0.7735
vn -0.0683 0.7481 0.6601
vn -0.2584 0.1435 -0.9553
vn 0.3487 0.6127 -0.7092
vn 0.2219 -0.9657 -0.1349
vn -0.0217 -0.9985 0.0494
vn 0.0120 0.9837 0.1794
vn 0.2977 0.3587 -0.8847
vn -0.2607 0.2468 0.9334
vn -0.3086 0.1614 0.9374
vn -0.3164 0.2226 0.9222
vn -0.3927 0.0277 0.9193
vn -0.3159 -0.2012 0.9272
vn -0.8572 0.1314 -0.4979
vn 0.0636 -0.9768 0.2046
vn 0.0431 -0.9990 0.0115
vn 0.4601 0.8343 0.3036
vn 0.4047 0.8849 0.2305
vn 0.9175 0.0171 0.3974
vn 0.0205 0.9996 -0.0206
vn 0.4782 0.5270 -0.7025
vn -0.9242 -0.0598 -0.3772
vn 0.0978 0.9950 -0.0224
vn -0.9322 -0.1021 -0.3474
vn -0.0252 0.0070 -0.9997
vn -0.1804 -0.9562 0.2304
vn 0.9452 0.0034 0.3266
vn 0.4780 0.7265 0.4937
vn 0.7214 0.1164 -0.6826
vn 0.9858 0.1656 0.0272
vn -0.4067 0.7595 -0.5076
vn -0.3315 0.9357 -0.1206
vn 0.6449 0.7273 0.2347
vn -0.5649 0.4222 -0.7090
vn -0.4139 -0.8978 -0.1507
vn -0.0792 -0.9920 0.0979
vn 0.4014 -0.9042 0.1461
vn 0.6025 -0.7569 0.2532
vn 0.3380 -0.0000 -0.9411
vn 0.2086 0.0323 -0.9775
vn -0.0613 -0.9979 -0.0223
vn 0.5831 0.0825 0.8082
vn -0.6116 -0.7107 0.3476
vn 0.9454 0.0028 0.3258
vn 0.3621 -0.7073 0.6071
vn 0.9392 -0.0326 0.3418
vn -0.9390 -0.0736 -0.3360
vn 0.0099 0.8878 0.4602
vn -0.5579 -0.8258 -0.0826
vn -0.9534 -0.0306 -0.3003
vn 0.8348 -0.5499 0.0280
vn 0.1325 0.8557 0.5003
vn 0.9691 -0.0501 0.2416
vn -0.3401 -0.9400 0.0275
vn 0.8980 -0.0631 0.4354
vn -0.0614 -0.9979 -0.0223
vn -0.0454 -0.9990 0.0033
vn -0.0082 0.9995 -0.0304
vn 0.3224 -0.8965 0.3039
vn -0.4608 0.0585 -0.8856
vn -0.8383 -0.5389 -0.0825
vn -0.0078 -0.0716 0.9974
vn 0.4526 -0.8159 -0.3598
vn 0.5187 -0.4224 -0.7433
vn 0.0822 0.9925 -0.0909
vn 0.1459 -0.9865 -0.0749
vn -0.0276 -0.7803 0.6247
vn -0.8418 -0.5139 0.1652
vn -0.0327 0.9224 0.3850
vn -0.9579 0.0524 -0.2823
vn -0.7311 -0.2310 -0.6419
vn -0.2274 -0.6874 0.6898
vn -0.3459 0.7969 -0.4953
vn -0.8272 -0.4745 -0.3011
vn -0.5778 -0.8156 0.0299
vn 0.0349 0.5011 0.8647
vn 0.0969 -0.9170 -0.3870
vn -0.0059 -0.9964 0.0848
vn -0.0023 0.9998 0.0190
vn 0.9747 0.0379 0.2203
vn -0.1785 -0.8763 0.4475
vn -0.0948 0.9710 0.2194
vn -0.3420 -0.0000 0.9397
vn -0.3110 -0.4160 0.8545
vn -0.9124 0.2392 -0.3321
vn 0.2860 0.8860 0.3649
vn 0.0845 -0.9713 -0.2226
vn 0.2330 -0.9332 0.2737
vn 0.0631 -0.9979 0.0116
vn 0.0855 0.8322 -0.5479
vn 0.8594 -0.4341 0.2702
vn 0.1044 0.7905 0.6035
vn 0.3166 0.7746 -0.5475
vn 0.2194 0.7304 -0.6468
vn 0.2481 -0.9645 0.0903
vn 0.4846 0.8732 -0.0509
vn 0.7413 -0.0711 -0.6674
vn 0.4969 -0.7853 0.3692
vn 0.4873 -0.4932 -0.7206
vn 0.3193 0.3147 -0.8939
vn -0.8728 -0.3427 -0.3477
vn -0.2314 0.3979 0.8878
vn -0.3938 0.0555 0.9175
vn -0.4334 -0.2684 0.8603
vn 0.9331 0.0021 0.3596
vn 0.9342 0.0038 0.3567
vn 0.9327 -0.0190 0.3602
vn 0.9319 -0.0021 0.3628
vn -0.0275 -0.8254 -0.5639
vn 0.0684 -0.8438 -0.5323
vn 0.3791 -0.1120 -0.9186
vn 0.3864 0.2585 -0.8854
vn 0.8524 0.3837 -0.3553
vn 0.1940 -0.8236 -0.5330
vn 0.3419 -0.0260 -0.9394
vn 0.4811 0.7079 0.5171
vn 0.3927 0.6890 -0.6091
vn 0.2277 -0.8820 0.4127
vn 0.0598 -0.2327 0.9707
vn -0.1310 -0.0971 0.9866
vn -0.3419 -0.0260 0.9394
vn 0.1024 0.9877 0.1182
vn -0.0114 0.9998 -0.0161
vn -0.2358 -0.9693 0.0692
vn -0.7126 -0.2163 0.6674
vn -0.5509 0.6586 0.5125
vn -0.3699 0.1093 0.9226
vn -0.9377 -0.2768 0.2098
vn 0.9514 0.0062 0.3080
vn -0.1965 -0.9743 0.1105
vn -0.1786 0.9788 0.1004
vn 0.9355 -0.0270 0.3524
vn 0.9587 -0.0937 0.2686
vn 0.1732 -0.8843 0.4335
vn 0.7071 0.7053 -0.0496
vn 0.2917 -0.0359 -0.9558
vn 0.3577 -0.0000 -0.9338
vn 0.2169 -0.0000 0.9762
vn 0.3982 0.0937 -0.9125
vn 0.5792 -0.4735 -0.6636
vn 0.4502 0.8640 -0.2252
vn 0.8817 -0.2777 0.3814
vn -0.9600 0.0909 -0.2647
vn -0.9459 0.1079 -0.3060
vn -0.6439 -0.3079 -0.7004
vn -0.2119 -0.0653 0.9751
vn -0.9555 0.0822 -0.2834
vn 0.7845 -0.2847 -0.5509
vn -0.5902 -0.7730 0.2326
vn -0.2023 0.1085 0.9733
vn -0.3832 -0.0693 0.9211
vn -0.3680 -0.0447 0.9288
vn -0.2916 0.0360 0.9559
vn 0.6684 0.4630 0.5822
vn -0.6899 -0.5846 -0.4270
vn -0.5467 0.0130 0.8373
vn 0.0056 -0.9996 0.0284
vn -0.5874 -0.0000 0.8093
vn -0.3723 -0.1106 0.9215
vn -0.4213 0.0931 0.9021
vn -0.4593 0.5063 0.7298
vn 0.5853 -0.7411 -0.3290
vn 0.3222 -0.1399 -0.9363
vn 0.9953 -0.0362 0.0899
vn 0.5163 0.4692 -0.7164
vn 0.2672 0.8863 0.3784
vn 0.2420 -0.5763 -0.7806
vn -0.5896 0.3113 0.7453
vn -0.3328 -0.0594 0.9411
vn -0.4366 -0.1477 0.8874
vn 0.0066 -0.9996 -0.0256
vn 0.0398 0.9988 -0.0272
vn -0.2114 0.9667 0.1445
vn -0.3420 -0.0000 -0.9397
vn -0.3566 -0.1501 -0.9221
vn 0.0009 -1.0000 -0.0000
vn 0.0195 -0.9997 0.0115
vn -0.2508 -0.5575 0.7914
vn -0.0050 0.9990 0.0449
vn 0.8272 -0.4745 -0.3011
vn 0.1260 -0.9297 0.3462
vn -0.1474 -0.9876 0.0536
vn 0.3420 -0.0000 0.9397
vn 0.0005 -1.0000 -0.0000
vn -0.1409 -0.9111 -0.3872
vn 0.7942 -0.0000 -0.6076
vn 0.9364 0.0830 -0.3408
vn -0.3429 -0.0001 -0.9394
vn -0.7347 -0.1478 -0.6620
vn 0.7468 0.3912 -0.5377
vn -0.0752 0.9867 0.1439
vn 0.5094 0.0921 -0.8556
vn -0.2180 -0.4750 -0.8526
vn 0.9575 -0.1466 -0.2482
vn 0.3808 0.2108 0.9003
vn 0.4231 -0.0189 0.9059
vn -0.8201 0.5673 -0.0746
vn 0.9957 -0.0177 0.0906
vn -0.9922 -0.0130 -0.1242
vn -0.1928 -0.0644 -0.9791
vn 0.9321 -0.0190 -0.3617
vn -0.2843 0.1930 -0.9391
vn 0.3961 -0.9068 -0.1442
vn -0.1245 0.1660 -0.9782
vn -0.6724 -0.0411 0.7391
vn -0.3872 0.1997 0.9001
vn -0.2830 -0.0306 -0.9586
vn 0.1151 -0.6436 -0.7567
vn 0.5479 0.0750 -0.8332
vn 0.9392 0.0164 -0.3431
vn 0.0571 -0.4290 -0.9015
vn -0.3221 0.0620 -0.9447
vn 0.1312 -0.9870 0.0925
vn -0.9981 0.0345 -0.0512
vn -0.9516 -0.1095 0.2873
vn -0.0603 -0.9971 0.0461
vn 0.4585 -0.2134 0.8627
vn 0.4923 0.4456 0.7477
vn 0.5163 -0.1617 0.8410
vn -0.3825 0.4888 -0.7841
vn -0.9084 -0.0166 0.4177
vn 0.2759 0.9120 0.3034
vn -0.1573 0.8729 -0.4618
vn -0.0385 0.9987 -0.0343
vn -0.0573 -0.9892 -0.1352
vn -0.9079 -0.0295 0.4182
vn 0.3066 0.0751 0.9489
vn 0.0135 0.9999 0.0024
vn 0.0085 -0.9997 0.0235
vn 0.0010 -1.0000 -0.0049
vn -0.0731 -0.9970 0.0266
vn 0.9360 0.0164 -0.3515
vn 0.9706 -0.2377 0.0372
vn -0.5676 -0.7851 0.2479
vn -0.3888 -0.0021 0.9213
vn 0.3043 -0.1561 0.9397
vn -0.0161 -0.9991 0.0381
vn 0.3150 0.1851 0.9309
vn -0.0248 0.9621 0.2716
vn -0.0732 -0.9970 0.0266
vn 0.7768 0.6274 0.0547
vn 0.1633 0.0338 0.9860
vn 0.1988 0.2331 0.9519
vn 0.0781 0.9476 0.3099
vn -0.1707 -0.3888 -0.9054
vn -0.1351 -0.0997 -0.9858
vn -0.1744 0.2153 -0.9609
vn -0.8994 0.0021 -0.4370
vn 0.5257 -0.0009 -0.8507
vn -0.0066 0.9998 -0.0181
vn -0.4151 -0.2502 -0.8747
vn -0.3479 0.2939 -0.8903
vn 0.5927 -0.8051 -0.0231
vn 0.0216 -0.9979 0.0607
vn 0.9474 0.0257 -0.3189
vn 0.4359 0.6768 -0.5932
vn 0.0965 0.0034 -0.9953
vn 0.9415 -0.0700 -0.3295
vn -0.2237 0.1033 -0.9692
vn -0.3850 -0.3449 -0.8560
vn 0.6092 -0.7790 0.1484
vn -0.2340 0.4090 -0.8820
vn -0.1442 -0.9889 -0.0351
vn -0.0386 -0.9982 0.0457
vn -0.0483 -0.9469 -0.3178
vn 0.4129 0.2569 0.8738
vn 0.3556 -0.3334 0.8732
vn -0.7871 0.0754 0.6122
vn -0.9199 -0.0240 0.3913
vn 0.1285 -0.4048 0.9053
vn 0.0919 -0.0000 0.9958
vn 0.5757 -0.6609 0.4814
vn -0.5498 -0.1477 0.8221
vn -0.8948 0.0211 0.4459
vn 0.9430 0.0899 -0.3205
vn -0.9807 0.0176 0.1945
vn -0.4200 -0.0703 -0.9048
vn -0.3929 0.0308 -0.9191
vn -0.9620 0.1140 0.2482
vn -0.9922 -0.0657 0.1062
vn 0.3016 0.2644 0.9160
vn 0.3314 -0.3818 0.8628
vn 0.3192 0.4932 0.8093
vn -0.6709 -0.7354 0.0959
vn 0.9885 -0.0653 -0.1365
vn -0.9470 -0.2710 0.1724
vn 0.2680 -0.5523 0.7894
vn -0.3976 0.8528 -0.3385
vn -0.0196 0.9224 0.3857
vn 0.8551 -0.3595 -0.3736
vn 0.7254 -0.5811 -0.3690
vn 0.9605 -0.2707 -0.0639
vn -0.1365 0.9833 -0.1204
vn 0.8781 0.3581 -0.3173
vn -0.9673 0.2103 0.1414
vn 0.9487 0.1221 0.2917
vn 0.0885 -0.9562 -0.2791
vn 0.1445 -0.9892 0.0252
vn -0.3933 -0.6210 0.6780
vn -0.8719 -0.0000 -0.4898
vn -0.9391 0.1188 -0.3225
vn -0.5226 0.6767 0.5187
vn -0.7644 0.6087 -0.2125
vn -0.8049 0.5579 -0.2023
vn -0.3536 -0.8660 -0.3535
vn -0.0495 -0.9975 -0.0496
vn 0.2913 0.2193 0.9312
vn 0.1338 0.8609 0.4909
vn -0.3417 0.8062 -0.4830
vn -0.3648 0.9307 0.0276
vn -0.6932 -0.1760 -0.6989
vn 0.3255 -0.3425 0.8813
vn 0.3643 0.0400 0.9304
vn -0.1424 0.6830 0.7164
vn -0.8418 0.3043 -0.4458
vn 0.7553 0.0969 0.6481
vn 0.3806 -0.0813 0.9211
vn 0.3577 -0.9203 0.1582
vn -0.9708 0.2383 -0.0280
vn -0.0004 0.3623 -0.9321
vn -0.0033 0.3618 -0.9322
vn 0.3742 -0.4094 0.8321
vn -0.2454 -0.3943 -0.8856
vn 0.0370 -0.6538 -0.7558
vn -0.4932 -0.0926 -0.8649
vn -0.3723 0.1120 -0.9213
vn -0.3675 0.1296 -0.9210
vn -0.0025 0.9996 0.0290
vn -0.5038 0.8589 -0.0919
vn -0.4397 -0.8820 -0.1698
vn -0.3824 -0.9191 -0.0950
vn -0.3721 0.1104 -0.9216
vn 0.4992 0.1654 0.8506
vn -0.3568 0.0005 -0.9342
vn 0.6433 -0.7011 -0.3076
vn -0.0903 -0.9908 0.1013
vn -0.7674 0.4183 0.4859
vn 0.2124 0.0042 0.9772
vn -0.2754 0.0875 -0.9573
vn -0.3937 -0.1819 -0.9011
vn 0.5574 0.7504 0.3553
vn -0.2821 -0.1678 -0.9446
vn 0.6453 -0.0771 -0.7600
vn 0.0032 0.2810 -0.9597
vn 0.1951 -0.6730 0.7135
vn 0.4165 -0.7451 0.5209
vn -0.3924 -0.6269 0.6730
vn -0.4469 -0.8756 -0.1830
vn -0.8871 -0.0477 0.4590
vn -0.7234 0.4335 0.5374
vn 0.2317 0.4269 0.8741
vn 0.4021 -0.0187 0.9154
vn 0.4119 -0.0827 0.9075
vn -0.0020 -0.9937 -0.1125
vn -0.4492 0.3492 0.8224
vn 0.4027 -0.0177 0.9152
vn -0.1500 0.6280 0.7636
vn -0.2970 0.8931 -0.3378
vn 0.2840 0.3843 0.8784
vn -0.3422 0.9180 0.2007
vn 0.0040 -0.9995 0.0316
vn 0.9259 -0.3757 -0.0402
vn 0.3889 0.0025 0.9213
vn -0.7290 -0.6660 -0.1581
vn 0.1098 -0.8570 0.5035
vn 0.2557 -0.6332 0.7305
vn -0.0722 -0.9900 0.1214
vn -0.5368 0.3562 -0.7649
vn -0.0367 -0.9989 -0.0309
vn -0.2620 -0.4594 -0.8488
vn 0.3439 -0.0256 0.9387
vn -0.9469 0.1135 0.3008
vn -0.1896 0.9535 -0.2344
vn -0.0916 0.0095 -0.9958
vn 0.0048 0.0119 -0.9999
vn 0.4130 0.3376 -0.8458
vn 0.0953 0.9863 0.1347
vn -0.4788 0.5263 -0.7027
vn -0.5634 -0.2337 -0.7925
vn 0.8484 -0.4907 0.1986
vn 0.2549 0.9296 -0.2661
vn -0.6525 0.3731 -0.6596
vn -0.2731 0.8749 -0.4000
vn 0.2137 0.1227 0.9692
vn 0.1705 -0.9853 0.0129
vn -0.7562 -0.1303 -0.6412
vn -0.9568 0.0530 0.2859
vn -0.2547 -0.9669 0.0127
vn -0.9226 0.1308 0.3628
vn -0.9221 0.1427 0.3597
vn -0.2615 -0.9259 0.2725
vn -0.8253 -0.3176 -0.4669
vn -0.4026 0.8769 -0.2624
vn -0.1082 -0.4311 -0.8958
vn -0.9064 0.3735 -0.1972
vn 0.0960 0.3930 0.9145
vn 0.2900 -0.7363 0.6113
vn -0.3340 -0.1134 -0.9357
vn -0.3353 0.2792 -0.8998
vn -0.9716 -0.0761 0.2240
vn -0.9733 -0.0727 0.2178
vn 0.5002 0.4737 0.7249
vn 0.2385 -0.1491 -0.9596
vn 0.6756 -0.6833 0.2769
vn -0.2754 -0.0691 -0.9588
vn 0.2110 0.1144 0.9708
vn -0.9257 -0.0000 0.3782
vn -0.9371 0.0748 0.3411
vn 0.0751 -0.7477 0.6598
vn 0.1649 0.2408 0.9564
vn 0.2753 -0.1699 0.9462
vn 0.7591 -0.4132 -0.5030
vn -0.3260 -0.2054 -0.9228
vn -0.4835 0.7108 -0.5108
vn -0.7882 0.1436 0.5985
vn -0.4851 0.1555 -0.8605
vn -0.7365 -0.3841 0.5568
vn 0.3559 -0.0119 0.9344
vn -0.1416 -0.0471 0.9888
vn 0.3459 0.8225 0.4515
vn 0.6527 0.3613 0.6660
vn 0.0074 -0.9116 0.4111
vn -0.9455 -0.1905 0.2641
vn -0.2939 0.7904 -0.5374
vn -0.2119 -0.7075 0.6742
vn -0.9044 0.3133 0.2896
vn 0.5000 -0.0000 -0.8660
vn -0.5000 -0.0000 -0.8660
vn -0.0593 -0.9929 -0.1028
vn 0.0484 -0.9953 -0.0838
vn 0.0983 -0.9952 -0.0000
vn 0.8882 -0.0796 -0.4526
vn -0.1099 0.0908 -0.9898
vn 0.8199 0.0672 0.5685
vn -0.6490 0.6134 -0.4500
vn 0.1340 0.1245 -0.9831
vn -0.7920 0.1543 0.5907
vn -0.1571 -0.9876 -0.0000
vn 0.0761 -0.9950 0.0651
vn 0.4898 -0.0074 0.8718
vn -0.9307 0.1031 0.3510
vn 0.1365 -0.0362 0.9900
vn -0.0991 -0.9894 0.1064
vn -0.5000 -0.0073 0.8660
vn -0.4896 -0.0000 0.8720
s 0
f 1//1 2//1 3//1
f 2//2 4//2 3//2
f 4//2 5//2 3//2
f 6//3 1//3 3//3
f 5//3 6//3 3//3
f 1//1 7//1 2//1
f 8//4 4//4 2//4
f 7//4 8//4 2//4
f 9//5 10//5 11//5
f 10//6 12//6 11//6
f 4//7 13//7 5//7
f 13//7 14//7 5//7
f 14//3 15//3 5//3
f 15//3 6//3 5//3
f 16//8 7//8 1//8
f 6//3 16//3 1//3
f 17//4 13//4 4//4
f 8//4 17//4 4//4
f 16//9 18//9 7//9
f 18//10 8//10 7//10
f 12//11 19//11 11//11
f 20//12 9//12 11//12
f 21//13 12//13 10//13
f 22//14 21//14 10//14
f 9//15 23//15 10//15
f 8//16 19//16 12//16
f 17//17 8//17 12//17
f 21//18 17//18 12//18
f 8//19 24//19 19//19
f 18//20 24//20 8//20
f 25//4 13//4 17//4
f 21//21 25//21 17//21
f 20//22 26//22 9//22
f 23//23 22//23 10//23
f 27//4 23//4 9//4
f 13//24 28//24 14//24
f 28//24 29//24 14//24
f 29//3 30//3 14//3
f 30//3 15//3 14//3
f 31//25 18//25 16//25
f 32//3 31//3 16//3
f 6//3 32//3 16//3
f 33//4 28//4 13//4
f 25//4 33//4 13//4
f 31//25 34//25 18//25
f 19//26 20//26 11//26
f 35//27 24//27 18//27
f 35//28 36//28 24//28
f 37//29 38//29 19//29
f 38//30 20//30 19//30
f 22//31 39//31 21//31
f 39//32 33//32 21//32
f 33//33 25//33 21//33
f 36//34 40//34 24//34
f 40//35 19//35 24//35
f 41//36 39//36 22//36
f 18//37 42//37 35//37
f 23//38 41//38 22//38
f 43//39 20//39 38//39
f 44//40 27//40 45//40
f 27//41 9//41 45//41
f 46//4 47//4 45//4
f 47//4 44//4 45//4
f 26//42 45//42 9//42
f 48//4 28//4 33//4
f 39//43 48//43 33//43
f 43//44 26//44 20//44
f 40//45 49//45 19//45
f 49//46 37//46 19//46
f 15//47 50//47 6//47
f 51//48 52//48 50//48
f 53//49 51//49 50//49
f 15//50 53//50 50//50
f 52//51 54//51 50//51
f 54//52 6//52 50//52
f 18//53 55//53 42//53
f 51//3 56//3 52//3
f 56//3 57//3 52//3
f 57//3 58//3 52//3
f 59//54 27//54 44//54
f 26//55 60//55 45//55
f 60//4 46//4 45//4
f 32//56 6//56 54//56
f 61//57 42//57 55//57
f 28//58 62//58 29//58
f 62//58 63//58 29//58
f 63//3 30//3 29//3
f 64//59 34//59 31//59
f 32//3 65//3 31//3
f 65//3 64//3 31//3
f 48//60 66//60 28//60
f 66//61 62//61 28//61
f 64//59 67//59 34//59
f 67//4 68//4 34//4
f 68//62 18//62 34//62
f 69//63 51//63 53//63
f 70//64 69//64 53//64
f 15//65 70//65 53//65
f 52//66 71//66 54//66
f 71//67 32//67 54//67
f 39//68 66//68 48//68
f 72//69 71//69 52//69
f 58//3 72//3 52//3
f 73//70 36//70 35//70
f 49//71 55//71 37//71
f 74//72 40//72 36//72
f 18//73 37//73 55//73
f 49//74 61//74 55//74
f 75//75 76//75 39//75
f 41//76 75//76 39//76
f 76//77 77//77 39//77
f 77//78 66//78 39//78
f 78//79 38//79 37//79
f 18//80 68//80 37//80
f 68//81 78//81 37//81
f 30//82 70//82 15//82
f 79//83 73//83 35//83
f 42//84 61//84 35//84
f 78//85 80//85 38//85
f 61//86 79//86 35//86
f 80//87 43//87 38//87
f 74//88 81//88 40//88
f 81//89 79//89 61//89
f 61//90 49//90 40//90
f 81//91 61//91 40//91
f 69//92 82//92 51//92
f 82//93 83//93 51//93
f 84//3 85//3 83//3
f 82//94 84//94 83//94
f 83//95 56//95 51//95
f 85//96 56//96 83//96
f 86//97 41//97 23//97
f 27//98 86//98 23//98
f 87//99 27//99 59//99
f 44//4 88//4 59//4
f 89//4 46//4 60//4
f 87//100 86//100 27//100
f 43//4 90//4 26//4
f 90//101 60//101 26//101
f 91//102 70//102 30//102
f 92//103 93//103 77//103
f 93//104 66//104 77//104
f 80//105 94//105 43//105
f 94//4 90//4 43//4
f 86//106 75//106 41//106
f 91//107 69//107 70//107
f 65//108 32//108 71//108
f 95//109 94//109 80//109
f 96//110 92//110 77//110
f 85//111 57//111 56//111
f 84//111 57//111 85//111
f 97//112 44//112 47//112
f 46//113 98//113 47//113
f 98//114 99//114 47//114
f 99//115 97//115 47//115
f 100//116 71//116 72//116
f 58//3 101//3 72//3
f 78//117 95//117 80//117
f 100//118 65//118 71//118
f 67//4 102//4 68//4
f 102//119 78//119 68//119
f 103//120 104//120 105//120
f 106//4 103//4 105//4
f 107//4 108//4 104//4
f 97//121 107//121 104//121
f 109//122 97//122 104//122
f 108//123 105//123 104//123
f 99//124 107//124 97//124
f 104//4 110//4 109//4
f 110//4 111//4 109//4
f 111//4 112//4 109//4
f 113//125 97//125 109//125
f 112//126 113//126 109//126
f 114//4 115//4 107//4
f 115//4 108//4 107//4
f 73//127 114//127 107//127
f 99//128 73//128 107//128
f 113//129 44//129 97//129
f 74//130 36//130 99//130
f 98//131 74//131 99//131
f 36//132 73//132 99//132
f 86//133 76//133 75//133
f 113//134 116//134 44//134
f 116//135 88//135 44//135
f 110//136 104//136 103//136
f 117//137 110//137 103//137
f 106//4 117//4 103//4
f 118//4 106//4 105//4
f 108//138 118//138 105//138
f 115//4 119//4 108//4
f 119//139 118//139 108//139
f 76//140 96//140 77//140
f 69//141 120//141 82//141
f 120//142 84//142 82//142
f 112//143 116//143 113//143
f 106//4 121//4 117//4
f 121//144 122//144 117//144
f 122//145 123//145 117//145
f 111//146 110//146 117//146
f 123//147 111//147 117//147
f 124//4 125//4 118//4
f 125//4 106//4 118//4
f 119//148 115//148 118//148
f 115//149 124//149 118//149
f 62//150 126//150 63//150
f 126//150 127//150 63//150
f 127//3 128//3 63//3
f 128//3 30//3 63//3
f 129//151 67//151 64//151
f 130//3 129//3 64//3
f 65//3 130//3 64//3
f 131//152 126//152 62//152
f 66//153 131//153 62//153
f 129//151 132//151 67//151
f 132//4 102//4 67//4
f 93//154 133//154 66//154
f 114//4 134//4 115//4
f 134//155 124//155 115//155
f 135//4 112//4 111//4
f 123//156 135//156 111//156
f 123//157 122//157 136//157
f 122//158 137//158 136//158
f 138//159 125//159 139//159
f 124//160 139//160 125//160
f 79//161 114//161 73//161
f 137//4 140//4 136//4
f 140//162 123//162 136//162
f 141//4 138//4 139//4
f 124//163 141//163 139//163
f 142//164 135//164 123//164
f 140//165 142//165 123//165
f 134//166 143//166 124//166
f 143//167 141//167 124//167
f 144//4 145//4 112//4
f 142//4 144//4 112//4
f 135//4 142//4 112//4
f 146//143 116//143 112//143
f 145//168 146//168 112//168
f 147//4 143//4 114//4
f 143//4 134//4 114//4
f 79//169 147//169 114//169
f 146//170 88//170 116//170
f 46//171 148//171 98//171
f 148//172 74//172 98//172
f 87//173 149//173 86//173
f 150//174 95//174 78//174
f 102//175 150//175 78//175
f 149//176 76//176 86//176
f 148//177 81//177 74//177
f 96//178 151//178 92//178
f 152//179 153//179 76//179
f 149//180 152//180 76//180
f 148//181 154//181 81//181
f 81//182 147//182 79//182
f 155//183 151//183 96//183
f 146//184 156//184 88//184
f 89//185 154//185 46//185
f 154//186 148//186 46//186
f 154//187 147//187 81//187
f 153//188 157//188 76//188
f 157//189 96//189 76//189
f 92//190 133//190 93//190
f 133//191 131//191 66//191
f 128//192 91//192 30//192
f 158//193 87//193 59//193
f 88//4 158//4 59//4
f 90//194 159//194 60//194
f 159//4 160//4 60//4
f 160//4 89//4 60//4
f 94//4 161//4 90//4
f 161//195 159//195 90//195
f 130//196 65//196 100//196
f 151//197 162//197 92//197
f 162//198 133//198 92//198
f 145//199 156//199 146//199
f 137//4 163//4 140//4
f 144//200 142//200 140//200
f 163//201 144//201 140//201
f 164//4 138//4 141//4
f 143//202 165//202 141//202
f 165//203 166//203 141//203
f 166//204 164//204 141//204
f 167//205 106//205 168//205
f 147//4 165//4 143//4
f 169//4 145//4 144//4
f 163//206 169//206 144//206
f 170//207 171//207 72//207
f 171//208 100//208 72//208
f 172//209 173//209 91//209
f 173//210 69//210 91//210
f 101//3 174//3 72//3
f 174//3 170//3 72//3
f 121//211 106//211 167//211
f 153//212 131//212 157//212
f 133//213 157//213 131//213
f 175//214 94//214 95//214
f 176//4 106//4 125//4
f 106//215 177//215 168//215
f 176//216 177//216 106//216
f 178//217 120//217 69//217
f 173//218 178//218 69//218
f 178//3 179//3 120//3
f 179//3 84//3 120//3
f 162//219 157//219 133//219
f 157//220 155//220 96//220
f 180//4 181//4 145//4
f 169//4 180//4 145//4
f 181//221 162//221 145//221
f 162//222 151//222 145//222
f 151//223 156//223 145//223
f 182//224 166//224 147//224
f 183//4 182//4 147//4
f 166//4 165//4 147//4
f 184//225 183//225 147//225
f 154//226 184//226 147//226
f 128//227 172//227 91//227
f 171//228 130//228 100//228
f 185//184 88//184 156//184
f 151//229 155//229 156//229
f 155//230 185//230 156//230
f 89//231 184//231 154//231
f 162//232 155//232 157//232
f 186//233 167//233 168//233
f 177//234 186//234 168//234
f 186//235 121//235 167//235
f 187//236 122//236 121//236
f 163//237 180//237 169//237
f 150//238 175//238 95//238
f 132//4 188//4 102//4
f 188//239 150//239 102//239
f 187//4 189//4 137//4
f 189//4 190//4 137//4
f 190//4 163//4 137//4
f 122//240 187//240 137//240
f 164//4 191//4 138//4
f 176//241 121//241 186//241
f 176//242 187//242 121//242
f 185//243 192//243 88//243
f 192//244 193//244 88//244
f 193//4 158//4 88//4
f 160//245 194//245 89//245
f 194//246 184//246 89//246
f 177//247 176//247 186//247
f 125//248 187//248 176//248
f 182//249 164//249 166//249
f 126//250 195//250 127//250
f 195//250 196//250 127//250
f 197//3 128//3 127//3
f 196//3 197//3 127//3
f 198//251 132//251 129//251
f 130//3 198//3 129//3
f 199//4 195//4 126//4
f 131//252 199//252 126//252
f 198//251 200//251 132//251
f 201//4 188//4 132//4
f 200//4 201//4 132//4
f 155//253 192//253 185//253
f 194//254 183//254 184//254
f 190//255 180//255 163//255
f 202//256 191//256 164//256
f 203//257 202//257 164//257
f 182//249 203//249 164//249
f 183//4 203//4 182//4
f 204//4 189//4 187//4
f 205//4 206//4 187//4
f 206//4 204//4 187//4
f 191//4 187//4 138//4
f 187//258 125//258 138//258
f 207//4 181//4 180//4
f 190//259 207//259 180//259
f 208//260 209//260 153//260
f 152//261 208//261 153//261
f 199//262 131//262 153//262
f 209//263 199//263 153//263
f 210//3 211//3 150//3
f 211//264 175//264 150//264
f 201//265 210//265 150//265
f 188//266 201//266 150//266
f 149//267 208//267 152//267
f 162//268 192//268 155//268
f 197//269 212//269 128//269
f 212//270 172//270 128//270
f 181//271 192//271 162//271
f 213//272 214//272 158//272
f 214//273 87//273 158//273
f 193//4 213//4 158//4
f 161//274 215//274 159//274
f 215//4 160//4 159//4
f 214//4 149//4 87//4
f 94//4 216//4 161//4
f 216//274 215//274 161//274
f 217//4 218//4 187//4
f 218//4 205//4 187//4
f 191//4 219//4 187//4
f 183//4 202//4 203//4
f 220//275 178//275 173//275
f 221//276 220//276 173//276
f 172//277 221//277 173//277
f 220//3 222//3 178//3
f 222//3 179//3 178//3
f 212//278 221//278 172//278
f 219//4 217//4 187//4
f 207//4 223//4 181//4
f 223//4 224//4 181//4
f 225//279 192//279 181//279
f 224//280 225//280 181//280
f 226//4 227//4 183//4
f 227//281 202//281 183//281
f 228//282 226//282 183//282
f 194//254 228//254 183//254
f 225//283 193//283 192//283
f 160//284 228//284 194//284
f 190//285 223//285 207//285
f 229//4 195//4 199//4
f 209//286 229//286 199//286
f 175//287 230//287 94//287
f 230//288 216//288 94//288
f 211//289 230//289 175//289
f 170//290 231//290 171//290
f 231//291 130//291 171//291
f 214//4 232//4 149//4
f 232//292 208//292 149//292
f 227//293 191//293 202//293
f 233//294 234//294 193//294
f 225//295 233//295 193//295
f 234//4 213//4 193//4
f 235//296 228//296 160//296
f 200//297 236//297 201//297
f 236//298 210//298 201//298
f 224//299 233//299 225//299
f 235//300 226//300 228//300
f 189//301 223//301 190//301
f 237//4 238//4 191//4
f 238//4 219//4 191//4
f 227//293 239//293 191//293
f 239//302 240//302 191//302
f 240//303 237//303 191//303
f 226//4 239//4 227//4
f 241//4 224//4 223//4
f 189//304 241//304 223//304
f 195//305 242//305 196//305
f 242//305 243//305 196//305
f 243//3 244//3 196//3
f 244//3 197//3 196//3
f 245//306 200//306 198//306
f 246//3 245//3 198//3
f 130//3 246//3 198//3
f 229//4 247//4 195//4
f 247//4 242//4 195//4
f 245//306 248//306 200//306
f 249//307 236//307 200//307
f 248//308 249//308 200//308
f 221//309 222//309 220//309
f 84//310 250//310 58//310
f 57//310 84//310 58//310
f 84//3 251//3 250//3
f 179//3 251//3 84//3
f 208//311 252//311 209//311
f 252//312 253//312 209//312
f 253//313 247//313 209//313
f 247//314 229//314 209//314
f 254//315 211//315 210//315
f 236//316 254//316 210//316
f 226//4 240//4 239//4
f 232//317 252//317 208//317
f 250//318 101//318 58//318
f 251//3 255//3 250//3
f 255//318 101//318 250//318
f 256//319 257//319 213//319
f 257//320 214//320 213//320
f 234//4 256//4 213//4
f 216//321 258//321 215//321
f 258//4 259//4 215//4
f 259//4 160//4 215//4
f 257//4 232//4 214//4
f 230//322 260//322 216//322
f 260//323 258//323 216//323
f 246//324 130//324 231//324
f 261//4 224//4 241//4
f 189//325 261//325 241//325
f 261//4 262//4 224//4
f 263//299 233//299 224//299
f 262//326 263//326 224//326
f 264//4 265//4 226//4
f 265//4 240//4 226//4
f 266//327 264//327 226//327
f 235//328 266//328 226//328
f 254//329 230//329 211//329
f 263//330 234//330 233//330
f 160//296 267//296 235//296
f 267//331 266//331 235//331
f 212//332 268//332 221//332
f 269//333 231//333 170//333
f 268//334 270//334 221//334
f 174//3 271//3 170//3
f 271//335 269//335 170//335
f 270//336 222//336 221//336
f 268//3 272//3 270//3
f 272//337 179//337 270//337
f 179//337 222//337 270//337
f 273//4 242//4 247//4
f 253//338 273//338 247//338
f 255//339 174//339 101//339
f 274//3 275//3 255//3
f 251//3 274//3 255//3
f 275//339 174//339 255//339
f 263//340 276//340 234//340
f 259//341 277//341 160//341
f 277//342 267//342 160//342
f 249//343 278//343 236//343
f 279//344 268//344 212//344
f 197//345 279//345 212//345
f 269//346 280//346 231//346
f 280//347 246//347 231//347
f 262//348 276//348 263//348
f 277//349 281//349 267//349
f 281//350 266//350 267//350
f 282//351 260//351 230//351
f 254//352 282//352 230//352
f 257//4 283//4 232//4
f 283//353 252//353 232//353
f 204//354 261//354 189//354
f 284//4 238//4 237//4
f 285//355 284//355 237//355
f 265//356 285//356 237//356
f 240//357 265//357 237//357
f 244//358 279//358 197//358
f 278//359 286//359 236//359
f 287//4 262//4 261//4
f 204//360 287//360 261//360
f 286//361 254//361 236//361
f 248//362 288//362 249//362
f 289//3 290//3 291//3
f 290//3 292//3 291//3
f 292//3 293//3 291//3
f 293//363 251//363 291//363
f 251//364 289//364 291//364
f 179//3 294//3 251//3
f 294//365 289//365 251//365
f 266//366 286//366 278//366
f 266//367 281//367 286//367
f 295//3 296//3 293//3
f 297//4 295//4 293//4
f 292//3 297//3 293//3
f 296//3 298//3 293//3
f 264//4 285//4 265//4
f 299//4 242//4 273//4
f 253//368 299//368 273//368
f 275//369 271//369 174//369
f 274//3 300//3 275//3
f 300//369 271//369 275//369
f 298//3 301//3 293//3
f 293//370 274//370 251//370
f 242//371 302//371 243//371
f 302//371 303//371 243//371
f 303//3 244//3 243//3
f 304//372 305//372 245//372
f 305//373 306//373 245//373
f 306//374 307//374 245//374
f 307//375 248//375 245//375
f 246//3 308//3 245//3
f 308//3 304//3 245//3
f 309//4 302//4 242//4
f 299//4 309//4 242//4
f 310//376 288//376 248//376
f 311//377 310//377 248//377
f 286//378 312//378 254//378
f 313//379 278//379 249//379
f 288//380 313//380 249//380
f 252//381 314//381 253//381
f 314//382 315//382 253//382
f 315//383 316//383 253//383
f 316//384 317//384 253//384
f 317//385 299//385 253//385
f 318//386 282//386 254//386
f 319//387 318//387 254//387
f 317//388 309//388 299//388
f 320//4 262//4 287//4
f 204//389 320//389 287//389
f 313//390 321//390 278//390
f 321//391 266//391 278//391
f 281//392 312//392 286//392
f 322//393 279//393 244//393
f 301//3 323//3 293//3
f 323//394 274//394 293//394
f 324//395 257//395 256//395
f 260//396 325//396 258//396
f 325//4 259//4 258//4
f 324//4 283//4 257//4
f 320//4 326//4 262//4
f 327//348 276//348 262//348
f 326//397 327//397 262//397
f 328//4 329//4 264//4
f 329//4 285//4 264//4
f 266//398 321//398 264//398
f 321//399 328//399 264//399
f 322//400 268//400 279//400
f 269//401 330//401 280//401
f 330//402 308//402 280//402
f 308//403 246//403 280//403
f 327//340 234//340 276//340
f 259//404 331//404 277//404
f 331//405 281//405 277//405
f 312//406 319//406 254//406
f 332//3 272//3 268//3
f 271//407 333//407 269//407
f 281//408 334//408 312//408
f 329//409 284//409 285//409
f 327//410 335//410 234//410
f 335//4 256//4 234//4
f 336//411 335//411 327//411
f 326//412 336//412 327//412
f 334//413 281//413 331//413
f 337//414 288//414 310//414
f 319//415 337//415 310//415
f 288//416 337//416 313//416
f 337//337 312//337 313//337
f 334//417 321//417 313//417
f 312//418 334//418 313//418
f 206//419 320//419 204//419
f 338//4 238//4 284//4
f 339//420 340//420 284//420
f 340//421 338//421 284//421
f 329//422 339//422 284//422
f 341//423 339//423 329//423
f 290//424 342//424 292//424
f 343//425 344//425 342//425
f 344//426 292//426 342//426
f 314//427 252//427 283//427
f 345//428 346//428 301//428
f 298//429 345//429 301//429
f 312//430 337//430 319//430
f 347//4 326//4 320//4
f 206//431 347//431 320//431
f 289//3 348//3 290//3
f 349//432 342//432 290//432
f 348//433 349//433 290//433
f 344//434 297//434 292//434
f 349//435 343//435 342//435
f 343//436 350//436 344//436
f 350//437 297//437 344//437
f 301//3 351//3 323//3
f 351//4 295//4 323//4
f 295//3 352//3 323//3
f 352//438 274//438 323//438
f 353//439 260//439 282//439
f 310//440 318//440 319//440
f 300//441 333//441 271//441
f 354//3 355//3 300//3
f 274//3 354//3 300//3
f 355//441 333//441 300//441
f 334//442 328//442 321//442
f 356//443 349//443 348//443
f 357//4 295//4 297//4
f 350//444 357//444 297//444
f 356//445 343//445 349//445
f 331//446 328//446 334//446
f 358//447 345//447 298//447
f 296//448 358//448 298//448
f 346//449 351//449 301//449
f 359//3 348//3 289//3
f 295//3 359//3 289//3
f 352//450 354//450 274//450
f 318//451 353//451 282//451
f 345//452 360//452 346//452
f 360//453 351//453 346//453
f 306//454 361//454 307//454
f 328//455 341//455 329//455
f 306//456 362//456 361//456
f 362//457 363//457 361//457
f 359//458 356//458 348//458
f 364//459 360//459 345//459
f 358//460 364//460 345//460
f 343//461 365//461 350//461
f 365//462 357//462 350//462
f 305//463 362//463 306//463
f 361//464 248//464 307//464
f 366//465 363//465 362//465
f 367//465 366//465 362//465
f 368//465 367//465 362//465
f 305//466 368//466 362//466
f 369//4 326//4 347//4
f 206//467 369//467 347//467
f 370//468 365//468 343//468
f 316//469 371//469 317//469
f 372//470 368//470 305//470
f 361//471 373//471 248//471
f 373//472 311//472 248//472
f 295//3 374//3 296//3
f 374//473 358//473 296//473
f 375//4 295//4 351//4
f 360//474 375//474 351//474
f 295//3 376//3 359//3
f 377//475 356//475 359//475
f 376//476 377//476 359//476
f 378//4 295//4 357//4
f 365//477 378//477 357//477
f 377//478 343//478 356//478
f 370//479 378//479 365//479
f 302//480 379//480 303//480
f 379//481 380//481 303//481
f 380//3 381//3 303//3
f 381//3 244//3 303//3
f 372//482 305//482 304//482
f 382//483 383//483 304//483
f 383//484 372//484 304//484
f 384//3 382//3 304//3
f 308//3 384//3 304//3
f 309//485 385//485 302//485
f 385//486 379//486 302//486
f 373//487 386//487 311//487
f 386//488 387//488 311//488
f 387//4 388//4 311//4
f 388//4 389//4 311//4
f 389//489 310//489 311//489
f 316//490 390//490 371//490
f 314//491 391//491 315//491
f 392//492 353//492 318//492
f 393//3 392//3 318//3
f 310//493 389//493 318//493
f 389//494 388//494 318//494
f 388//495 393//495 318//495
f 390//496 316//496 315//496
f 317//497 385//497 309//497
f 390//498 394//498 371//498
f 363//499 373//499 361//499
f 395//500 179//500 272//500
f 332//500 395//500 272//500
f 395//3 294//3 179//3
f 381//501 322//501 244//501
f 369//4 396//4 326//4
f 396//502 397//502 326//502
f 397//503 398//503 326//503
f 398//504 336//504 326//504
f 399//505 341//505 328//505
f 400//506 399//506 328//506
f 331//507 400//507 328//507
f 377//508 370//508 343//508
f 259//509 400//509 331//509
f 401//510 324//510 256//510
f 335//4 401//4 256//4
f 402//4 259//4 325//4
f 403//4 283//4 324//4
f 404//511 325//511 260//511
f 384//512 308//512 330//512
f 367//513 339//513 366//513
f 339//514 341//514 366//514
f 405//4 295//4 375//4
f 360//515 405//515 375//515
f 374//516 364//516 358//516
f 322//517 406//517 268//517
f 407//518 330//518 269//518
f 406//3 408//3 268//3
f 408//3 332//3 268//3
f 409//465 367//465 368//465
f 410//465 409//465 368//465
f 372//519 410//519 368//519
f 366//465 411//465 363//465
f 411//520 373//520 363//520
f 283//521 412//521 314//521
f 412//522 391//522 314//522
f 364//523 405//523 360//523
f 295//3 413//3 376//3
f 413//524 377//524 376//524
f 413//3 295//3 378//3
f 370//525 413//525 378//525
f 413//526 370//526 377//526
f 371//527 385//527 317//527
f 295//3 405//3 374//3
f 405//90 364//90 374//90
f 414//528 354//528 352//528
f 295//3 414//3 352//3
f 415//3 416//3 354//3
f 416//3 355//3 354//3
f 414//529 417//529 354//529
f 417//529 415//529 354//529
f 367//530 340//530 339//530
f 394//531 418//531 371//531
f 418//532 385//532 371//532
f 336//533 419//533 335//533
f 419//4 401//4 335//4
f 402//534 420//534 259//534
f 420//534 400//534 259//534
f 421//535 419//535 336//535
f 398//536 421//536 336//536
f 420//537 399//537 400//537
f 355//538 269//538 333//538
f 355//539 422//539 269//539
f 422//540 423//540 269//540
f 424//3 422//3 355//3
f 425//3 424//3 355//3
f 426//3 425//3 355//3
f 416//3 426//3 355//3
f 424//541 423//541 422//541
f 427//542 340//542 367//542
f 409//543 428//543 367//543
f 428//544 427//544 367//544
f 429//545 430//545 366//545
f 341//546 429//546 366//546
f 430//465 411//465 366//465
f 427//547 338//547 340//547
f 398//548 394//548 390//548
f 398//549 397//549 394//549
f 205//550 369//550 206//550
f 431//4 238//4 338//4
f 432//4 431//4 338//4
f 427//551 428//551 338//551
f 428//552 432//552 338//552
f 411//553 386//553 373//553
f 315//554 433//554 390//554
f 433//555 398//555 390//555
f 434//3 435//3 289//3
f 435//4 436//4 289//4
f 436//3 437//3 289//3
f 437//3 295//3 289//3
f 294//190 434//190 289//190
f 437//4 438//4 295//4
f 439//3 440//3 295//3
f 440//3 441//3 295//3
f 442//3 439//3 295//3
f 441//3 443//3 295//3
f 443//4 444//4 295//4
f 444//3 414//3 295//3
f 444//3 445//3 414//3
f 445//3 446//3 414//3
f 446//3 417//3 414//3
f 447//4 396//4 369//4
f 205//556 447//556 369//556
f 448//557 407//557 269//557
f 423//558 448//558 269//558
f 424//559 448//559 423//559
f 403//560 412//560 283//560
f 353//561 449//561 260//561
f 449//562 404//562 260//562
f 430//465 450//465 411//465
f 450//563 386//563 411//563
f 451//531 418//531 394//531
f 397//564 451//564 394//564
f 452//565 406//565 322//565
f 381//566 452//566 322//566
f 407//567 384//567 330//567
f 391//568 433//568 315//568
f 383//569 410//569 372//569
f 436//570 453//570 437//570
f 453//571 438//571 437//571
f 454//572 455//572 443//572
f 441//573 454//573 443//573
f 455//574 444//574 443//574
f 456//575 457//575 453//575
f 457//576 438//576 453//576
f 458//577 459//577 455//577
f 454//578 458//578 455//578
f 459//579 444//579 455//579
f 459//580 445//580 444//580
f 460//581 410//581 383//581
f 440//582 454//582 441//582
f 461//583 453//583 436//583
f 435//584 461//584 436//584
f 459//585 446//585 445//585
f 461//586 456//586 453//586
f 451//587 462//587 433//587
f 462//588 398//588 433//588
f 418//589 463//589 385//589
f 387//4 464//4 388//4
f 464//590 393//590 388//590
f 450//591 465//591 386//591
f 399//592 429//592 341//592
f 442//4 466//4 434//4
f 467//3 442//3 434//3
f 466//3 468//3 434//3
f 468//3 435//3 434//3
f 294//190 467//190 434//190
f 457//593 295//593 438//593
f 468//594 461//594 435//594
f 459//595 469//595 446//595
f 456//596 470//596 457//596
f 470//597 295//597 457//597
f 458//598 469//598 459//598
f 462//599 421//599 398//599
f 465//600 387//600 386//600
f 471//3 442//3 467//3
f 294//601 472//601 467//601
f 472//601 471//601 467//601
f 395//3 472//3 294//3
f 473//602 395//602 332//602
f 408//602 473//602 332//602
f 473//3 472//3 395//3
f 397//603 462//603 451//603
f 474//4 396//4 447//4
f 205//604 474//604 447//604
f 475//3 442//3 295//3
f 470//605 475//605 295//605
f 439//606 476//606 440//606
f 476//607 454//607 440//607
f 476//608 458//608 454//608
f 382//609 460//609 383//609
f 477//465 409//465 410//465
f 460//610 477//610 410//610
f 430//465 478//465 450//465
f 478//611 465//611 450//611
f 463//612 433//612 391//612
f 479//613 428//613 409//613
f 480//614 461//614 468//614
f 466//615 480//615 468//615
f 481//3 417//3 446//3
f 469//616 481//616 446//616
f 480//617 456//617 461//617
f 456//618 482//618 470//618
f 482//619 475//619 470//619
f 479//620 432//620 428//620
f 396//621 462//621 397//621
f 451//622 463//622 418//622
f 396//623 421//623 462//623
f 480//624 483//624 456//624
f 484//625 469//625 458//625
f 379//626 485//626 380//626
f 485//627 486//627 380//627
f 486//3 487//3 380//3
f 487//3 381//3 380//3
f 488//628 489//628 382//628
f 489//629 460//629 382//629
f 384//3 488//3 382//3
f 465//630 490//630 387//630
f 491//4 464//4 387//4
f 490//4 491//4 387//4
f 392//631 449//631 353//631
f 484//632 481//632 469//632
f 487//633 452//633 381//633
f 492//634 493//634 391//634
f 493//635 463//635 391//635
f 494//3 392//3 393//3
f 491//636 494//636 393//636
f 464//637 491//637 393//637
f 379//638 385//638 463//638
f 495//4 496//4 396//4
f 474//4 495//4 396//4
f 497//639 421//639 396//639
f 496//640 497//640 396//640
f 498//4 499//4 399//4
f 499//641 429//641 399//641
f 500//642 498//642 399//642
f 420//537 500//537 399//537
f 497//643 419//643 421//643
f 402//534 500//534 420//534
f 501//644 502//644 401//644
f 502//645 324//645 401//645
f 419//4 501//4 401//4
f 404//646 503//646 325//646
f 503//4 402//4 325//4
f 502//4 403//4 324//4
f 504//647 406//647 452//647
f 487//648 504//648 452//648
f 505//649 384//649 407//649
f 506//650 379//650 463//650
f 493//651 506//651 463//651
f 504//652 507//652 406//652
f 508//653 505//653 407//653
f 507//3 408//3 406//3
f 448//654 508//654 407//654
f 451//655 433//655 463//655
f 403//656 492//656 412//656
f 492//657 391//657 412//657
f 466//658 483//658 480//658
f 442//4 509//4 466//4
f 509//659 483//659 466//659
f 510//3 417//3 481//3
f 484//660 510//660 481//660
f 497//661 511//661 419//661
f 511//4 501//4 419//4
f 512//662 500//662 402//662
f 513//661 511//661 497//661
f 496//663 513//663 497//663
f 512//664 498//664 500//664
f 514//665 458//665 476//665
f 439//666 514//666 476//666
f 483//667 482//667 456//667
f 515//3 442//3 475//3
f 482//668 515//668 475//668
f 442//3 516//3 439//3
f 516//669 514//669 439//669
f 509//670 517//670 483//670
f 514//671 484//671 458//671
f 517//672 482//672 483//672
f 424//673 508//673 448//673
f 425//674 508//674 424//674
f 495//675 474//675 205//675
f 218//676 495//676 205//676
f 518//4 431//4 432//4
f 479//677 518//677 432//677
f 519//678 430//678 429//678
f 499//679 519//679 429//679
f 442//3 520//3 509//3
f 520//680 517//680 509//680
f 517//681 520//681 482//681
f 520//682 515//682 482//682
f 520//3 442//3 515//3
f 442//3 510//3 516//3
f 510//683 514//683 516//683
f 514//684 510//684 484//684
f 442//3 417//3 510//3
f 521//685 490//685 465//685
f 522//686 479//686 409//686
f 477//465 522//465 409//465
f 519//687 523//687 430//687
f 523//465 478//465 430//465
f 524//4 496//4 495//4
f 218//688 524//688 495//688
f 489//689 477//689 460//689
f 525//465 522//465 477//465
f 489//690 525//690 477//690
f 521//691 465//691 478//691
f 526//692 525//692 489//692
f 527//693 492//693 403//693
f 506//694 485//694 379//694
f 528//3 442//3 471//3
f 472//695 529//695 471//695
f 529//696 528//696 471//696
f 473//3 529//3 472//3
f 488//697 526//697 489//697
f 530//3 488//3 384//3
f 505//698 530//698 384//698
f 527//699 531//699 492//699
f 531//700 493//700 492//700
f 507//3 532//3 408//3
f 533//529 473//529 408//529
f 532//529 533//529 408//529
f 533//3 529//3 473//3
f 490//4 534//4 491//4
f 534//701 494//701 491//701
f 494//3 535//3 392//3
f 535//702 449//702 392//702
f 536//703 522//703 525//703
f 526//704 536//704 525//704
f 523//705 521//705 478//705
f 537//4 496//4 524//4
f 218//706 537//706 524//706
f 522//707 538//707 479//707
f 538//708 518//708 479//708
f 499//709 539//709 519//709
f 540//710 404//710 449//710
f 541//711 490//711 521//711
f 542//712 538//712 522//712
f 536//713 542//713 522//713
f 519//714 543//714 523//714
f 543//715 544//715 523//715
f 486//3 545//3 487//3
f 545//716 504//716 487//716
f 539//717 543//717 519//717
f 523//718 541//718 521//718
f 546//4 485//4 506//4
f 493//719 546//719 506//719
f 535//720 540//720 449//720
f 531//3 547//3 493//3
f 547//721 546//721 493//721
f 485//722 548//722 486//722
f 548//722 549//722 486//722
f 549//3 545//3 486//3
f 546//4 548//4 485//4
f 550//723 507//723 504//723
f 537//4 551//4 496//4
f 551//4 552//4 496//4
f 553//724 513//724 496//724
f 552//725 553//725 496//725
f 554//4 555//4 511//4
f 555//4 501//4 511//4
f 513//726 554//726 511//726
f 553//727 554//727 513//727
f 545//728 550//728 504//728
f 556//3 442//3 528//3
f 529//729 556//729 528//729
f 557//4 558//4 442//4
f 558//4 559//4 442//4
f 559//4 560//4 442//4
f 560//4 561//4 442//4
f 556//3 557//3 442//3
f 562//3 563//3 442//3
f 561//3 564//3 442//3
f 564//3 562//3 442//3
f 563//3 557//3 442//3
f 565//3 417//3 442//3
f 557//4 566//4 442//4
f 557//529 415//529 417//529
f 567//3 557//3 417//3
f 568//3 567//3 417//3
f 565//3 568//3 417//3
f 569//730 539//730 498//730
f 570//4 569//4 498//4
f 539//731 499//731 498//731
f 571//732 570//732 498//732
f 512//733 571//733 498//733
f 572//734 573//734 508//734
f 573//735 505//735 508//735
f 425//736 572//736 508//736
f 426//737 572//737 425//737
f 573//738 530//738 505//738
f 574//739 575//739 488//739
f 575//740 526//740 488//740
f 530//3 574//3 488//3
f 541//741 576//741 490//741
f 576//742 534//742 490//742
f 577//743 535//743 494//743
f 578//744 577//744 494//744
f 534//745 578//745 494//745
f 402//746 571//746 512//746
f 579//747 571//747 402//747
f 503//4 579//4 402//4
f 526//748 575//748 536//748
f 523//749 544//749 541//749
f 580//750 542//750 536//750
f 542//751 581//751 538//751
f 581//752 518//752 538//752
f 582//753 581//753 542//753
f 543//754 582//754 542//754
f 580//755 543//755 542//755
f 539//756 582//756 543//756
f 580//757 544//757 543//757
f 583//758 518//758 581//758
f 217//4 584//4 218//4
f 584//4 585//4 218//4
f 585//4 586//4 218//4
f 586//759 537//759 218//759
f 583//4 431//4 518//4
f 569//760 587//760 539//760
f 582//761 583//761 581//761
f 539//762 587//762 582//762
f 587//763 583//763 582//763
f 576//764 578//764 534//764
f 588//4 589//4 502//4
f 589//4 403//4 502//4
f 501//765 588//765 502//765
f 540//766 590//766 404//766
f 590//767 503//767 404//767
f 575//768 580//768 536//768
f 544//769 580//769 575//769
f 544//770 575//770 541//770
f 576//771 541//771 575//771
f 574//772 576//772 575//772
f 586//773 551//773 537//773
f 591//4 548//4 546//4
f 547//774 591//774 546//774
f 507//3 592//3 532//3
f 593//775 533//775 532//775
f 592//775 593//775 532//775
f 594//3 529//3 533//3
f 593//3 594//3 533//3
f 535//776 595//776 540//776
f 555//777 588//777 501//777
f 595//778 596//778 540//778
f 596//779 590//779 540//779
f 589//780 527//780 403//780
f 549//3 597//3 545//3
f 597//781 550//781 545//781
f 598//3 574//3 530//3
f 573//782 598//782 530//782
f 599//3 547//3 531//3
f 527//783 599//783 531//783
f 600//3 557//3 556//3
f 529//784 594//784 556//784
f 594//785 600//785 556//785
f 601//786 578//786 576//786
f 577//787 595//787 535//787
f 602//4 552//4 551//4
f 586//788 602//788 551//788
f 603//789 604//789 561//789
f 560//790 603//790 561//790
f 604//791 564//791 561//791
f 605//792 606//792 565//792
f 607//793 608//793 604//793
f 609//794 607//794 604//794
f 603//795 609//795 604//795
f 608//796 564//796 604//796
f 605//797 610//797 606//797
f 606//798 568//798 565//798
f 611//799 527//799 589//799
f 608//800 562//800 564//800
f 442//801 605//801 565//801
f 612//802 603//802 560//802
f 559//803 612//803 560//803
f 606//804 613//804 568//804
f 607//805 614//805 608//805
f 614//806 562//806 608//806
f 615//807 610//807 605//807
f 442//808 615//808 605//808
f 612//809 609//809 603//809
f 610//810 613//810 606//810
f 426//811 616//811 572//811
f 617//812 616//812 426//812
f 614//813 563//813 562//813
f 566//814 615//814 442//814
f 618//815 619//815 620//815
f 578//816 618//816 620//816
f 621//817 554//817 553//817
f 552//818 621//818 553//818
f 579//819 622//819 571//819
f 622//820 570//820 571//820
f 623//821 624//821 579//821
f 624//822 622//822 579//822
f 503//4 623//4 579//4
f 558//823 612//823 559//823
f 613//824 567//824 568//824
f 578//825 625//825 618//825
f 577//826 578//826 620//826
f 616//827 626//827 572//827
f 626//828 573//828 572//828
f 626//829 598//829 573//829
f 624//830 627//830 622//830
f 627//831 628//831 622//831
f 628//832 570//832 622//832
f 602//4 629//4 552//4
f 629//4 630//4 552//4
f 630//833 621//833 552//833
f 631//4 632//4 570//4
f 632//4 587//4 570//4
f 587//4 569//4 570//4
f 628//834 633//834 570//834
f 633//835 631//835 570//835
f 595//836 634//836 596//836
f 635//4 548//4 591//4
f 547//837 635//837 591//837
f 599//3 636//3 547//3
f 636//838 635//838 547//838
f 637//839 595//839 577//839
f 638//840 637//840 577//840
f 611//841 599//841 527//841
f 639//3 574//3 598//3
f 557//4 640//4 566//4
f 640//842 615//842 566//842
f 641//843 609//843 612//843
f 558//844 641//844 612//844
f 548//845 642//845 549//845
f 642//845 643//845 549//845
f 643//3 597//3 549//3
f 639//846 576//846 574//846
f 635//4 642//4 548//4
f 639//847 644//847 576//847
f 644//848 601//848 576//848
f 586//849 645//849 602//849
f 646//850 583//850 587//850
f 632//851 646//851 587//851
f 585//4 647//4 586//4
f 647//852 645//852 586//852
f 648//853 431//853 583//853
f 646//854 648//854 583//854
f 578//855 601//855 625//855
f 619//856 638//856 620//856
f 638//857 577//857 620//857
f 619//858 633//858 628//858
f 619//859 618//859 633//859
f 557//4 649//4 558//4
f 649//860 641//860 558//860
f 650//3 557//3 567//3
f 651//861 650//861 567//861
f 613//862 651//862 567//862
f 607//863 652//863 614//863
f 652//864 563//864 614//864
f 653//865 610//865 615//865
f 640//866 653//866 615//866
f 610//867 651//867 613//867
f 627//868 619//868 628//868
f 596//4 654//4 590//4
f 654//869 503//869 590//869
f 645//870 629//870 602//870
f 655//3 557//3 563//3
f 652//871 655//871 563//871
f 557//3 656//3 640//3
f 656//872 653//872 640//872
f 653//873 657//873 610//873
f 658//3 659//3 592//3
f 507//3 658//3 592//3
f 660//874 593//874 592//874
f 659//874 660//874 592//874
f 660//3 661//3 593//3
f 661//3 594//3 593//3
f 594//875 557//875 600//875
f 661//3 662//3 594//3
f 662//875 557//875 594//875
f 641//876 663//876 609//876
f 663//877 664//877 609//877
f 665//878 651//878 610//878
f 649//879 663//879 641//879
f 557//4 666//4 649//4
f 666//880 663//880 649//880
f 667//3 557//3 650//3
f 651//881 667//881 650//881
f 656//882 657//882 653//882
f 607//883 668//883 652//883
f 668//884 655//884 652//884
f 609//885 668//885 607//885
f 669//3 557//3 655//3
f 668//886 669//886 655//886
f 557//3 670//3 656//3
f 670//887 657//887 656//887
f 666//888 664//888 663//888
f 665//889 667//889 651//889
f 671//815 618//815 625//815
f 664//890 668//890 609//890
f 657//891 665//891 610//891
f 672//4 642//4 635//4
f 636//892 672//892 635//892
f 671//893 633//893 618//893
f 557//3 673//3 666//3
f 673//680 664//680 666//680
f 664//894 673//894 668//894
f 673//895 669//895 668//895
f 670//896 665//896 657//896
f 673//3 557//3 669//3
f 557//3 667//3 670//3
f 667//897 665//897 670//897
f 631//4 674//4 632//4
f 674//898 646//898 632//898
f 675//899 619//899 627//899
f 675//900 637//900 638//900
f 676//901 507//901 550//901
f 597//902 676//902 550//902
f 616//903 677//903 626//903
f 678//904 598//904 626//904
f 677//905 678//905 626//905
f 675//906 638//906 619//906
f 678//3 639//3 598//3
f 679//815 671//815 625//815
f 601//907 679//907 625//907
f 611//908 636//908 599//908
f 671//909 627//909 633//909
f 627//910 631//910 633//910
f 680//4 630//4 629//4
f 645//911 680//911 629//911
f 671//912 675//912 627//912
f 624//913 631//913 627//913
f 644//914 681//914 601//914
f 682//4 683//4 557//4
f 684//4 682//4 557//4
f 683//4 685//4 557//4
f 685//4 686//4 557//4
f 687//4 688//4 557//4
f 688//4 689//4 557//4
f 689//4 690//4 557//4
f 690//4 691//4 557//4
f 691//915 415//915 557//915
f 637//916 634//916 595//916
f 679//917 675//917 671//917
f 679//918 692//918 675//918
f 693//3 616//3 694//3
f 695//3 693//3 694//3
f 426//919 416//919 694//919
f 616//920 426//920 694//920
f 416//921 695//921 694//921
f 696//922 554//922 621//922
f 630//923 696//923 621//923
f 681//924 697//924 601//924
f 697//925 679//925 601//925
f 698//4 555//4 554//4
f 699//4 698//4 554//4
f 696//926 699//926 554//926
f 700//927 624//927 623//927
f 692//928 637//928 675//928
f 682//929 701//929 683//929
f 701//930 685//930 683//930
f 702//931 703//931 701//931
f 703//932 685//932 701//932
f 704//933 645//933 647//933
f 585//934 704//934 647//934
f 704//4 705//4 645//4
f 705//935 680//935 645//935
f 706//3 707//3 415//3
f 707//3 708//3 415//3
f 708//3 416//3 415//3
f 691//936 706//936 415//936
f 708//937 695//937 416//937
f 709//938 710//938 711//938
f 689//939 709//939 711//939
f 688//940 709//940 689//940
f 712//432 701//432 682//432
f 684//433 712//433 682//433
f 703//274 686//274 685//274
f 712//941 702//941 701//941
f 702//942 713//942 703//942
f 713//274 686//274 703//274
f 631//4 714//4 674//4
f 676//943 658//943 507//943
f 693//944 677//944 616//944
f 711//945 690//945 689//945
f 643//3 715//3 597//3
f 715//946 676//946 597//946
f 431//947 716//947 238//947
f 431//948 648//948 716//948
f 648//949 717//949 716//949
f 584//950 704//950 585//950
f 718//4 719//4 704//4
f 584//951 718//951 704//951
f 714//4 720//4 674//4
f 720//952 721//952 674//952
f 721//953 646//953 674//953
f 704//4 722//4 705//4
f 722//954 680//954 705//954
f 721//955 648//955 646//955
f 723//956 699//956 696//956
f 724//957 725//957 696//957
f 725//958 723//958 696//958
f 630//959 724//959 696//959
f 726//960 631//960 624//960
f 700//961 726//961 624//961
f 680//4 727//4 630//4
f 727//4 728//4 630//4
f 728//962 729//962 630//962
f 729//963 724//963 630//963
f 726//964 714//964 631//964
f 730//3 639//3 678//3
f 731//965 717//965 648//965
f 658//3 732//3 659//3
f 733//966 660//966 659//966
f 732//967 733//967 659//967
f 733//3 734//3 660//3
f 734//3 661//3 660//3
f 679//968 697//968 692//968
f 634//969 735//969 596//969
f 735//4 654//4 596//4
f 636//970 736//970 672//970
f 692//971 737//971 637//971
f 611//972 738//972 636//972
f 738//973 739//973 636//973
f 739//974 736//974 636//974
f 737//975 634//975 637//975
f 642//976 740//976 643//976
f 740//976 741//976 643//976
f 741//3 715//3 643//3
f 730//977 644//977 639//977
f 672//4 740//4 642//4
f 730//977 742//977 644//977
f 742//4 681//4 644//4
f 743//443 712//443 684//443
f 744//3 557//3 686//3
f 713//978 744//978 686//978
f 743//979 702//979 712//979
f 702//980 745//980 713//980
f 745//978 744//978 713//978
f 687//981 709//981 688//981
f 697//982 737//982 692//982
f 719//4 746//4 704//4
f 746//4 722//4 704//4
f 721//983 731//983 648//983
f 681//984 737//984 697//984
f 722//985 727//985 680//985
f 710//986 690//986 711//986
f 717//4 747//4 716//4
f 584//987 748//987 718//987
f 654//988 749//988 503//988
f 749//4 623//4 503//4
f 750//4 751//4 588//4
f 751//4 589//4 588//4
f 555//989 698//989 588//989
f 698//990 750//990 588//990
f 557//4 752//4 684//4
f 752//458 743//458 684//458
f 753//3 557//3 744//3
f 745//531 753//531 744//531
f 557//4 754//4 687//4
f 755//991 709//991 687//991
f 754//992 755//992 687//992
f 756//3 691//3 690//3
f 757//3 756//3 690//3
f 758//993 757//993 690//993
f 710//994 758//994 690//994
f 755//995 710//995 709//995
f 755//996 758//996 710//996
f 702//997 759//997 745//997
f 759//998 753//998 745//998
f 760//999 761//999 762//999
f 717//1000 760//1000 762//1000
f 763//1001 764//1001 719//1001
f 718//1002 763//1002 719//1002
f 765//1003 747//1003 717//1003
f 762//1004 765//1004 717//1004
f 731//1005 760//1005 717//1005
f 761//1006 765//1006 762//1006
f 766//1007 746//1007 719//1007
f 764//1008 766//1008 719//1008
f 748//1009 763//1009 718//1009
f 767//4 716//4 747//4
f 761//1010 767//1010 747//1010
f 765//1011 761//1011 747//1011
f 768//1012 764//1012 763//1012
f 748//1013 768//1013 763//1013
f 769//1014 767//1014 761//1014
f 770//1015 740//1015 672//1015
f 736//1016 770//1016 672//1016
f 746//4 771//4 722//4
f 728//1017 727//1017 722//1017
f 771//1017 728//1017 722//1017
f 772//4 731//4 721//4
f 720//1018 772//1018 721//1018
f 714//1019 772//1019 720//1019
f 773//1020 219//1020 238//1020
f 716//1021 773//1021 238//1021
f 767//1022 773//1022 716//1022
f 774//3 775//3 706//3
f 775//3 707//3 706//3
f 756//1023 774//1023 706//1023
f 691//1024 756//1024 706//1024
f 217//4 776//4 584//4
f 776//1025 748//1025 584//1025
f 557//3 777//3 754//3
f 777//1026 755//1026 754//1026
f 736//1027 739//1027 778//1027
f 778//1028 739//1028 724//1028
f 768//1029 766//1029 764//1029
f 760//1030 769//1030 761//1030
f 557//4 779//4 752//4
f 780//475 743//475 752//475
f 779//476 780//476 752//476
f 781//3 557//3 753//3
f 759//1031 781//1031 753//1031
f 780//1032 702//1032 743//1032
f 739//1033 725//1033 724//1033
f 782//1034 759//1034 702//1034
f 780//1035 782//1035 702//1035
f 748//4 783//4 746//4
f 784//4 771//4 746//4
f 783//4 784//4 746//4
f 766//1036 748//1036 746//1036
f 785//1037 773//1037 767//1037
f 769//1038 785//1038 767//1038
f 772//4 786//4 731//4
f 786//4 785//4 731//4
f 785//1039 760//1039 731//1039
f 787//3 788//3 695//3
f 788//3 693//3 695//3
f 708//1040 787//1040 695//1040
f 707//1040 787//1040 708//1040
f 789//1041 735//1041 634//1041
f 768//1042 748//1042 766//1042
f 777//3 557//3 757//3
f 557//3 756//3 757//3
f 758//1043 777//1043 757//1043
f 777//1044 758//1044 755//1044
f 770//1045 736//1045 778//1045
f 790//1046 658//1046 676//1046
f 715//1047 790//1047 676//1047
f 693//1048 791//1048 677//1048
f 791//1049 678//1049 677//1049
f 557//3 792//3 779//3
f 792//90 780//90 779//90
f 792//90 782//90 780//90
f 782//1050 781//1050 759//1050
f 741//3 793//3 715//3
f 793//1051 790//1051 715//1051
f 791//1052 730//1052 678//1052
f 751//1053 611//1053 589//1053
f 785//1054 769//1054 760//1054
f 786//4 794//4 785//4
f 794//1055 795//1055 785//1055
f 739//1056 796//1056 725//1056
f 797//4 792//4 557//4
f 662//1057 797//1057 557//1057
f 797//3 798//3 792//3
f 798//90 782//90 792//90
f 799//3 557//3 781//3
f 797//3 799//3 781//3
f 798//3 797//3 781//3
f 782//1058 798//1058 781//1058
f 799//4 800//4 557//4
f 800//4 756//4 557//4
f 800//1059 774//1059 756//1059
f 729//1060 728//1060 771//1060
f 784//1061 729//1061 771//1061
f 726//1062 786//1062 772//1062
f 714//1063 726//1063 772//1063
f 795//1064 773//1064 785//1064
f 217//4 801//4 776//4
f 801//4 802//4 776//4
f 802//4 803//4 776//4
f 803//4 804//4 776//4
f 804//4 805//4 776//4
f 806//1065 778//1065 724//1065
f 751//1066 807//1066 611//1066
f 807//1067 738//1067 611//1067
f 808//4 809//4 729//4
f 809//1068 810//1068 729//1068
f 810//1069 724//1069 729//1069
f 784//1070 808//1070 729//1070
f 811//224 812//224 726//224
f 700//1071 811//1071 726//1071
f 812//1072 786//1072 726//1072
f 623//1073 813//1073 700//1073
f 813//1074 811//1074 700//1074
f 737//1075 789//1075 634//1075
f 814//1076 813//1076 623//1076
f 749//4 814//4 623//4
f 783//1077 815//1077 784//1077
f 815//1077 808//1077 784//1077
f 812//1078 794//1078 786//1078
f 815//4 809//4 808//4
f 811//4 816//4 812//4
f 816//1078 794//1078 812//1078
f 806//1079 770//1079 778//1079
f 738//1080 796//1080 739//1080
f 817//4 818//4 776//4
f 818//4 819//4 776//4
f 819//1081 820//1081 776//1081
f 805//4 821//4 776//4
f 821//4 817//4 776//4
f 820//1082 748//1082 776//1082
f 810//1083 806//1083 724//1083
f 822//3 775//3 774//3
f 823//1084 219//1084 773//1084
f 820//1085 824//1085 783//1085
f 748//1086 820//1086 783//1086
f 825//1087 826//1087 783//1087
f 826//1088 815//1088 783//1088
f 824//1089 825//1089 783//1089
f 827//1090 795//1090 794//1090
f 816//1091 827//1091 794//1091
f 828//4 809//4 815//4
f 826//1092 828//1092 815//1092
f 811//4 829//4 816//4
f 829//1093 827//1093 816//1093
f 830//1094 831//1094 658//1094
f 790//1095 830//1095 658//1095
f 788//1096 832//1096 693//1096
f 832//1097 791//1097 693//1097
f 831//3 732//3 658//3
f 833//1098 699//1098 723//1098
f 725//1099 833//1099 723//1099
f 814//1100 834//1100 813//1100
f 834//1074 811//1074 813//1074
f 793//1101 830//1101 790//1101
f 796//1102 810//1102 725//1102
f 810//1103 833//1103 725//1103
f 809//1104 835//1104 810//1104
f 828//4 835//4 809//4
f 836//4 829//4 811//4
f 834//1105 836//1105 811//1105
f 796//1106 806//1106 810//1106
f 837//1107 833//1107 810//1107
f 835//1108 837//1108 810//1108
f 838//1109 730//1109 791//1109
f 742//4 839//4 681//4
f 839//1110 737//1110 681//1110
f 807//1111 840//1111 738//1111
f 841//1112 789//1112 737//1112
f 839//1113 842//1113 737//1113
f 842//1114 841//1114 737//1114
f 843//1115 844//1115 741//1115
f 844//1116 845//1116 741//1116
f 740//1117 843//1117 741//1117
f 845//1118 793//1118 741//1118
f 838//1119 742//1119 730//1119
f 846//1120 847//1120 740//1120
f 847//1121 843//1121 740//1121
f 848//1122 846//1122 740//1122
f 770//1123 848//1123 740//1123
f 838//1119 849//1119 742//1119
f 849//1124 842//1124 742//1124
f 842//4 839//4 742//4
f 799//1125 774//1125 800//1125
f 662//3 822//3 774//3
f 799//1126 662//1126 774//1126
f 850//3 851//3 787//3
f 851//3 788//3 787//3
f 707//1127 850//1127 787//1127
f 775//1127 850//1127 707//1127
f 797//1128 662//1128 799//1128
f 852//1129 806//1129 796//1129
f 853//1130 751//1130 750//1130
f 735//4 854//4 654//4
f 854//1131 749//1131 654//1131
f 795//1132 855//1132 773//1132
f 856//1133 823//1133 773//1133
f 855//1134 856//1134 773//1134
f 661//3 822//3 662//3
f 836//4 857//4 829//4
f 857//1135 827//1135 829//1135
f 852//1136 858//1136 806//1136
f 858//1137 770//1137 806//1137
f 738//1138 852//1138 796//1138
f 840//1139 852//1139 738//1139
f 827//1140 855//1140 795//1140
f 857//1141 855//1141 827//1141
f 859//1142 860//1142 826//1142
f 825//1143 859//1143 826//1143
f 858//1144 848//1144 770//1144
f 819//1145 824//1145 820//1145
f 819//1146 825//1146 824//1146
f 861//1147 862//1147 219//1147
f 823//1147 861//1147 219//1147
f 862//190 863//190 219//190
f 863//190 864//190 219//190
f 864//190 865//190 219//190
f 865//190 217//190 219//190
f 866//4 867//4 862//4
f 868//4 866//4 862//4
f 861//4 868//4 862//4
f 867//190 869//190 862//190
f 869//190 870//190 862//190
f 870//190 871//190 862//190
f 871//190 863//190 862//190
f 857//1148 856//1148 855//1148
f 836//4 872//4 857//4
f 872//1148 856//1148 857//1148
f 873//1149 847//1149 860//1149
f 872//1150 861//1150 823//1150
f 856//1150 872//1150 823//1150
f 836//4 868//4 861//4
f 872//4 836//4 861//4
f 860//1151 859//1151 873//1151
f 844//1152 847//1152 873//1152
f 847//1153 846//1153 860//1153
f 846//1154 874//1154 860//1154
f 789//1155 875//1155 735//1155
f 826//1156 876//1156 828//1156
f 818//1157 877//1157 819//1157
f 877//1158 825//1158 819//1158
f 837//1159 699//1159 833//1159
f 814//1160 878//1160 834//1160
f 878//1161 836//1161 834//1161
f 840//1162 858//1162 852//1162
f 879//1163 791//1163 832//1163
f 845//1164 880//1164 793//1164
f 880//1165 830//1165 793//1165
f 879//1166 838//1166 791//1166
f 881//4 698//4 699//4
f 837//1167 881//1167 699//1167
f 882//1168 878//1168 814//1168
f 749//4 883//4 814//4
f 883//4 882//4 814//4
f 884//3 885//3 850//3
f 885//3 886//3 850//3
f 886//3 851//3 850//3
f 775//1169 884//1169 850//1169
f 822//1170 884//1170 775//1170
f 859//1171 887//1171 873//1171
f 876//1172 860//1172 874//1172
f 888//1173 876//1173 874//1173
f 846//1174 888//1174 874//1174
f 860//1175 876//1175 826//1175
f 877//1176 859//1176 825//1176
f 849//1177 889//1177 842//1177
f 889//1178 841//1178 842//1178
f 751//1179 853//1179 807//1179
f 890//1180 864//1180 863//1180
f 891//111 890//111 863//111
f 871//111 891//111 863//111
f 870//1181 892//1181 871//1181
f 892//1181 891//1181 871//1181
f 841//1182 875//1182 789//1182
f 893//1183 733//1183 732//1183
f 893//3 734//3 733//3
f 894//4 835//4 828//4
f 876//1184 894//1184 828//1184
f 830//1185 895//1185 831//1185
f 890//1180 896//1180 864//1180
f 897//1159 881//1159 837//1159
f 835//1186 897//1186 837//1186
f 882//1187 898//1187 878//1187
f 898//1161 836//1161 878//1161
f 894//4 899//4 835//4
f 899//1188 897//1188 835//1188
f 898//1189 868//1189 836//1189
f 859//1190 900//1190 887//1190
f 900//1191 901//1191 887//1191
f 902//1192 876//1192 888//1192
f 846//1193 903//1193 888//1193
f 880//1194 895//1194 830//1194
f 904//1195 905//1195 906//1195
f 844//1196 843//1196 847//1196
f 890//1197 891//1197 906//1197
f 902//1198 894//1198 876//1198
f 854//1199 883//1199 749//1199
f 907//1197 890//1197 906//1197
f 905//1200 907//1200 906//1200
f 908//3 909//3 884//3
f 909//3 885//3 884//3
f 822//1201 908//1201 884//1201
f 910//1202 838//1202 879//1202
f 911//1203 859//1203 877//1203
f 831//1204 893//1204 732//1204
f 905//1205 912//1205 907//1205
f 891//1197 913//1197 906//1197
f 913//1206 904//1206 906//1206
f 911//1207 900//1207 859//1207
f 875//1208 914//1208 735//1208
f 914//4 854//4 735//4
f 915//1209 848//1209 858//1209
f 840//1210 915//1210 858//1210
f 807//1211 916//1211 840//1211
f 916//3 917//3 840//3
f 917//1212 915//1212 840//1212
f 918//3 919//3 841//3
f 919//1213 875//1213 841//1213
f 920//1214 918//1214 841//1214
f 889//1215 920//1215 841//1215
f 822//1216 661//1216 908//1216
f 661//1217 909//1217 908//1217
f 734//3 921//3 661//3
f 921//3 922//3 661//3
f 922//3 923//3 661//3
f 923//1218 909//1218 661//1218
f 896//1219 865//1219 864//1219
f 869//1220 924//1220 870//1220
f 924//1220 892//1220 870//1220
f 925//1221 844//1221 873//1221
f 887//1222 925//1222 873//1222
f 895//1223 926//1223 831//1223
f 734//1224 893//1224 831//1224
f 926//1225 734//1225 831//1225
f 927//1226 904//1226 913//1226
f 896//1197 890//1197 907//1197
f 928//1197 896//1197 907//1197
f 912//1227 928//1227 907//1227
f 925//1228 845//1228 844//1228
f 925//1229 901//1229 845//1229
f 929//1230 880//1230 845//1230
f 910//1231 912//1231 838//1231
f 912//1232 930//1232 838//1232
f 930//1233 849//1233 838//1233
f 931//1234 903//1234 848//1234
f 903//1235 846//1235 848//1235
f 915//4 931//4 848//4
f 930//1236 904//1236 849//1236
f 920//1237 889//1237 849//1237
f 932//1238 920//1238 849//1238
f 912//1239 933//1239 928//1239
f 853//1240 916//1240 807//1240
f 892//1197 934//1197 913//1197
f 891//1197 892//1197 913//1197
f 934//1241 927//1241 913//1241
f 935//4 936//4 750//4
f 936//1242 853//1242 750//1242
f 698//1243 935//1243 750//1243
f 914//4 937//4 854//4
f 937//1244 883//1244 854//1244
f 938//1245 927//1245 934//1245
f 911//1207 939//1207 900//1207
f 939//1246 940//1246 900//1246
f 940//1247 901//1247 900//1247
f 941//1248 902//1248 888//1248
f 903//1249 941//1249 888//1249
f 896//1219 942//1219 865//1219
f 943//1250 944//1250 869//1250
f 944//1250 924//1250 869//1250
f 867//190 943//190 869//190
f 945//1251 911//1251 877//1251
f 818//1252 945//1252 877//1252
f 946//1253 881//1253 897//1253
f 899//1254 946//1254 897//1254
f 882//1255 947//1255 898//1255
f 947//1256 868//1256 898//1256
f 817//1257 945//1257 818//1257
f 948//1197 896//1197 928//1197
f 933//1258 949//1258 928//1258
f 949//1259 948//1259 928//1259
f 950//4 931//4 915//4
f 917//1260 950//1260 915//1260
f 901//1261 925//1261 887//1261
f 951//4 698//4 881//4
f 952//1262 911//1262 945//1262
f 948//1197 942//1197 896//1197
f 924//1197 953//1197 892//1197
f 953//1197 934//1197 892//1197
f 788//1263 954//1263 832//1263
f 954//1264 879//1264 832//1264
f 955//1265 916//1265 853//1265
f 929//3 956//3 880//3
f 956//1266 895//1266 880//1266
f 957//4 899//4 894//4
f 902//1267 957//1267 894//1267
f 936//1268 955//1268 853//1268
f 953//1269 938//1269 934//1269
f 958//1270 957//1270 902//1270
f 952//1207 939//1207 911//1207
f 941//1271 958//1271 902//1271
f 932//1272 959//1272 920//1272
f 959//1273 918//1273 920//1273
f 960//1274 940//1274 939//1274
f 961//1275 958//1275 941//1275
f 903//1276 962//1276 941//1276
f 962//1277 961//1277 941//1277
f 963//1197 942//1197 948//1197
f 949//1278 964//1278 948//1278
f 964//1279 963//1279 948//1279
f 965//1280 881//1280 946//1280
f 899//1254 965//1254 946//1254
f 966//1281 868//1281 947//1281
f 918//1282 967//1282 919//1282
f 967//1283 875//1283 919//1283
f 942//1284 968//1284 865//1284
f 968//190 217//190 865//190
f 969//1285 970//1285 943//1285
f 970//1285 944//1285 943//1285
f 867//190 969//190 943//190
f 967//1286 914//1286 875//1286
f 957//4 971//4 899//4
f 971//1287 965//1287 899//1287
f 966//1288 972//1288 868//1288
f 972//1289 866//1289 868//1289
f 955//1290 917//1290 916//1290
f 851//1291 973//1291 788//1291
f 973//1292 954//1292 788//1292
f 974//1293 975//1293 895//1293
f 975//1294 926//1294 895//1294
f 944//1197 953//1197 924//1197
f 921//1295 734//1295 926//1295
f 975//1296 921//1296 926//1296
f 976//1297 974//1297 895//1297
f 956//1298 976//1298 895//1298
f 977//1299 879//1299 954//1299
f 973//1300 977//1300 954//1300
f 904//1301 930//1301 905//1301
f 951//1302 935//1302 698//1302
f 912//1303 905//1303 930//1303
f 944//1197 978//1197 953//1197
f 978//1304 979//1304 953//1304
f 979//1305 938//1305 953//1305
f 977//3 980//3 879//3
f 980//1306 910//1306 879//1306
f 981//1307 982//1307 966//1307
f 982//1308 972//1308 966//1308
f 942//1284 983//1284 968//1284
f 983//337 969//337 968//337
f 969//190 867//190 968//190
f 867//190 217//190 968//190
f 983//337 970//337 969//337
f 984//1309 981//1309 966//1309
f 985//1310 986//1310 958//1310
f 986//1311 957//1311 958//1311
f 987//1207 939//1207 952//1207
f 961//1312 985//1312 958//1312
f 988//1313 952//1313 945//1313
f 817//1314 988//1314 945//1314
f 940//1315 845//1315 901//1315
f 940//1316 929//1316 845//1316
f 989//4 931//4 950//4
f 917//1317 989//1317 950//1317
f 990//1318 991//1318 917//1318
f 955//1319 990//1319 917//1319
f 991//1320 989//1320 917//1320
f 992//1321 967//1321 918//1321
f 959//1322 993//1322 918//1322
f 993//1323 992//1323 918//1323
f 994//1324 984//1324 966//1324
f 995//1325 994//1325 966//1325
f 947//1326 995//1326 966//1326
f 927//1327 849//1327 904//1327
f 996//1328 960//1328 939//1328
f 987//1329 996//1329 939//1329
f 997//1330 985//1330 961//1330
f 962//1331 997//1331 961//1331
f 927//1332 932//1332 849//1332
f 910//1333 998//1333 912//1333
f 999//1334 881//1334 965//1334
f 971//1335 999//1335 965//1335
f 882//1336 1000//1336 947//1336
f 1000//1337 995//1337 947//1337
f 817//1338 821//1338 988//1338
f 940//1339 960//1339 929//1339
f 960//1340 1001//1340 929//1340
f 1001//3 956//3 929//3
f 980//1341 1002//1341 910//1341
f 1002//1342 998//1342 910//1342
f 1003//1343 962//1343 931//1343
f 962//1344 903//1344 931//1344
f 989//4 1003//4 931//4
f 927//1345 938//1345 932//1345
f 938//1346 1004//1346 932//1346
f 1004//1347 959//1347 932//1347
f 986//1348 952//1348 988//1348
f 821//1349 986//1349 988//1349
f 985//1350 952//1350 986//1350
f 821//1351 1005//1351 986//1351
f 1005//1352 1006//1352 986//1352
f 1006//1353 957//1353 986//1353
f 998//1354 933//1354 912//1354
f 1007//4 951//4 881//4
f 999//1355 1007//1355 881//1355
f 1008//1356 1000//1356 882//1356
f 1009//4 1008//4 882//4
f 883//4 1009//4 882//4
f 1010//1197 942//1197 963//1197
f 1011//1357 1010//1357 963//1357
f 964//1358 1011//1358 963//1358
f 914//4 1012//4 937//4
f 1012//1359 883//1359 937//1359
f 959//1360 981//1360 984//1360
f 993//1361 959//1361 984//1361
f 992//1362 1013//1362 967//1362
f 1013//1363 914//1363 967//1363
f 1014//1364 987//1364 952//1364
f 1010//1197 983//1197 942//1197
f 970//1197 1015//1197 944//1197
f 1015//1197 978//1197 944//1197
f 982//1365 994//1365 972//1365
f 994//1366 995//1366 972//1366
f 995//1367 866//1367 972//1367
f 1006//4 971//4 957//4
f 867//1368 801//1368 217//1368
f 866//4 1016//4 867//4
f 1016//1368 801//1368 867//1368
f 1000//1369 866//1369 995//1369
f 959//1370 1004//1370 981//1370
f 1017//1371 993//1371 984//1371
f 1018//4 1003//4 989//4
f 991//1372 1018//1372 989//1372
f 1019//1373 979//1373 978//1373
f 1014//1374 1020//1374 987//1374
f 1020//1375 996//1375 987//1375
f 1021//1197 970//1197 983//1197
f 1010//1197 1021//1197 983//1197
f 1021//1197 1015//1197 970//1197
f 985//1376 1014//1376 952//1376
f 1022//1377 1007//1377 999//1377
f 1023//1378 1022//1378 999//1378
f 971//1379 1023//1379 999//1379
f 1008//1380 1024//1380 1000//1380
f 1024//1381 866//1381 1000//1381
f 851//1382 1025//1382 973//1382
f 1026//1383 977//1383 973//1383
f 1025//1384 1026//1384 973//1384
f 1006//4 1027//4 971//4
f 1027//1385 1028//1385 971//1385
f 1028//1386 1023//1386 971//1386
f 1029//4 1030//4 866//4
f 1030//4 1016//4 866//4
f 1024//1387 1029//1387 866//1387
f 1011//1388 1021//1388 1010//1388
f 1026//3 980//3 977//3
f 1015//1389 1019//1389 978//1389
f 974//3 1031//3 975//3
f 1031//1390 921//1390 975//1390
f 1013//1391 1032//1391 914//1391
f 1032//4 1012//4 914//4
f 1033//1392 1001//1392 960//1392
f 998//1393 949//1393 933//1393
f 1004//1394 982//1394 981//1394
f 1034//1395 992//1395 1017//1395
f 992//1396 993//1396 1017//1396
f 1005//4 1027//4 1006//4
f 1011//1397 1035//1397 1021//1397
f 994//1197 1017//1197 984//1197
f 1036//1398 1014//1398 985//1398
f 997//1399 1036//1399 985//1399
f 1016//1400 802//1400 801//1400
f 1030//1400 802//1400 1016//1400
f 976//1401 1037//1401 974//1401
f 886//1402 1025//1402 851//1402
f 1037//1403 1031//1403 974//1403
f 1038//4 1027//4 1005//4
f 821//1404 1038//1404 1005//1404
f 805//1405 1038//1405 821//1405
f 1039//1406 1007//1406 1022//1406
f 1023//1407 1040//1407 1022//1407
f 1040//1408 1039//1408 1022//1408
f 1008//1409 1041//1409 1024//1409
f 1041//1410 1029//1410 1024//1410
f 1042//1411 1019//1411 1015//1411
f 1037//1412 976//1412 956//1412
f 990//1413 955//1413 936//1413
f 1002//1414 949//1414 998//1414
f 1035//1415 1042//1415 1021//1415
f 1012//1416 1009//1416 883//1416
f 1043//3 980//3 1026//3
f 996//1417 1033//1417 960//1417
f 1042//1418 1015//1418 1021//1418
f 1044//4 951//4 1007//4
f 1045//4 1044//4 1007//4
f 1039//1419 1045//1419 1007//1419
f 1046//1409 1041//1409 1008//1409
f 1009//4 1046//4 1008//4
f 1047//1420 1048//1420 1023//1420
f 1028//1421 1047//1421 1023//1421
f 1049//4 1027//4 1038//4
f 805//1422 1049//1422 1038//1422
f 1034//1423 1017//1423 994//1423
f 980//1424 1050//1424 1002//1424
f 1050//1425 964//1425 1002//1425
f 964//1426 949//1426 1002//1426
f 1048//1427 1040//1427 1023//1427
f 1030//1428 803//1428 802//1428
f 1029//4 1051//4 1030//4
f 1051//1428 803//1428 1030//1428
f 1052//1429 1047//1429 1028//1429
f 1020//1430 1033//1430 996//1430
f 982//1431 1034//1431 994//1431
f 1020//1432 1001//1432 1033//1432
f 1053//4 1003//4 1018//4
f 991//1433 1053//1433 1018//1433
f 990//1434 1054//1434 991//1434
f 1054//3 1055//3 991//3
f 1055//1435 1053//1435 991//1435
f 1056//1436 1013//1436 992//1436
f 1034//1437 1056//1437 992//1437
f 1046//1409 1057//1409 1041//1409
f 1057//1410 1029//1410 1041//1410
f 1058//1438 1052//1438 1028//1438
f 1027//1439 1058//1439 1028//1439
f 1049//4 1059//4 1027//4
f 1059//1440 1058//1440 1027//1440
f 1060//4 1051//4 1029//4
f 1057//1441 1060//1441 1029//1441
f 1058//1442 1039//1442 1040//1442
f 1061//4 1059//4 1049//4
f 805//1443 1061//1443 1049//1443
f 1062//1444 804//1444 803//1444
f 1051//1445 1062//1445 803//1445
f 1060//4 1062//4 1051//4
f 804//1446 1061//1446 805//1446
f 1048//1447 1063//1447 1040//1447
f 1063//1448 1058//1448 1040//1448
f 1063//1449 1052//1449 1058//1449
f 1064//1450 997//1450 962//1450
f 1003//1451 1064//1451 962//1451
f 1065//4 936//4 935//4
f 951//1452 1065//1452 935//1452
f 1032//4 1066//4 1012//4
f 1066//1453 1009//1453 1012//1453
f 1067//1454 1001//1454 1020//1454
f 1067//3 956//3 1001//3
f 1043//1455 1050//1455 980//1455
f 1053//1456 1064//1456 1003//1456
f 938//1457 979//1457 1004//1457
f 979//1458 1068//1458 1004//1458
f 1068//1459 1069//1459 1004//1459
f 1064//1460 1036//1460 997//1460
f 1070//4 1059//4 1061//4
f 1062//4 1070//4 1061//4
f 804//1461 1062//1461 1061//1461
f 1058//1462 1045//1462 1039//1462
f 1046//1463 1071//1463 1057//1463
f 1071//1464 1060//1464 1057//1464
f 1060//4 1070//4 1062//4
f 1037//1465 1072//1465 1031//1465
f 922//1466 921//1466 1031//1466
f 1072//1467 922//1467 1031//1467
f 1069//1468 1034//1468 982//1468
f 1004//1469 1069//1469 982//1469
f 1073//1470 990//1470 936//1470
f 1043//1471 1074//1471 1050//1471
f 1074//1472 964//1472 1050//1472
f 1075//4 1044//4 1045//4
f 1045//1473 1071//1473 1046//1473
f 1075//4 1045//4 1046//4
f 1009//4 1075//4 1046//4
f 1071//1474 1045//1474 1058//1474
f 1059//1475 1071//1475 1058//1475
f 1070//1476 1060//1476 1071//1476
f 1076//1477 1014//1477 1036//1477
f 1070//1478 1071//1478 1059//1478
f 1064//1479 1076//1479 1036//1479
f 1076//1480 1020//1480 1014//1480
f 886//1481 1077//1481 1025//1481
f 1078//1482 1026//1482 1025//1482
f 1077//1483 1078//1483 1025//1483
f 1076//1484 1067//1484 1020//1484
f 1078//3 1043//3 1026//3
f 1067//3 1079//3 956//3
f 1079//1485 1037//1485 956//1485
f 1064//1486 1067//1486 1076//1486
f 885//1487 1080//1487 886//1487
f 1080//1487 1077//1487 886//1487
f 923//1488 1072//1488 909//1488
f 922//1489 1072//1489 923//1489
f 1081//1490 1082//1490 1047//1490
f 1083//1491 1081//1491 1047//1491
f 1048//1492 1047//1492 1082//1492
f 1074//1493 1011//1493 964//1493
f 1069//1494 1056//1494 1034//1494
f 1073//1495 1054//1495 990//1495
f 1084//1496 1037//1496 1079//1496
f 1084//1497 1072//1497 1037//1497
f 1085//1498 1078//1498 1077//1498
f 1080//1499 1085//1499 1077//1499
f 1044//1500 1065//1500 951//1500
f 1086//407 1043//407 1078//407
f 1085//1501 1086//1501 1078//1501
f 1047//1502 1087//1502 1083//1502
f 1088//1503 1048//1503 1082//1503
f 1056//1504 1089//1504 1013//1504
f 1089//1505 1032//1505 1013//1505
f 1052//1506 1087//1506 1047//1506
f 1090//1456 1064//1456 1053//1456
f 1055//1507 1090//1507 1053//1507
f 1091//3 1055//3 1054//3
f 1073//1508 1091//1508 1054//1508
f 1043//1509 1011//1509 1074//1509
f 1067//3 1092//3 1079//3
f 1093//1510 936//1510 1065//1510
f 1094//1511 1093//1511 1065//1511
f 1044//1512 1094//1512 1065//1512
f 1032//4 1095//4 1066//4
f 1075//1513 1009//1513 1066//1513
f 1019//1514 1068//1514 979//1514
f 1055//1515 1081//1515 1090//1515
f 1068//1516 1096//1516 1069//1516
f 1096//1517 1056//1517 1069//1517
f 1091//3 1097//3 1055//3
f 1097//1518 1088//1518 1055//1518
f 1088//1519 1082//1519 1055//1519
f 1082//1520 1081//1520 1055//1520
f 1098//1521 1089//1521 1056//1521
f 1099//1522 1098//1522 1056//1522
f 1096//1523 1100//1523 1056//1523
f 1100//1524 1099//1524 1056//1524
f 1048//1525 1052//1525 1063//1525
f 1084//1526 909//1526 1072//1526
f 909//1527 1101//1527 885//1527
f 1101//1528 1080//1528 885//1528
f 1068//4 1100//4 1096//4
f 1088//1529 1052//1529 1048//1529
f 1102//1530 1068//1530 1019//1530
f 1043//1531 1035//1531 1011//1531
f 1064//1532 1090//1532 1067//1532
f 1090//1532 1092//1532 1067//1532
f 1086//1533 1035//1533 1043//1533
f 1102//4 1100//4 1068//4
f 1052//1534 1103//1534 1087//1534
f 1093//1535 1073//1535 936//1535
f 1092//3 1104//3 1079//3
f 1101//1536 1084//1536 1079//1536
f 1104//1537 1101//1537 1079//1537
f 1101//1538 909//1538 1084//1538
f 1101//1539 1085//1539 1080//1539
f 1088//1540 1103//1540 1052//1540
f 1105//1541 1086//1541 1085//1541
f 1083//1542 1090//1542 1081//1542
f 1075//1543 1094//1543 1044//1543
f 1083//1544 1087//1544 1090//1544
f 1042//1545 1102//1545 1019//1545
f 1035//1546 1086//1546 1042//1546
f 1092//3 1106//3 1104//3
f 1104//3 1105//3 1085//3
f 1101//1547 1104//1547 1085//1547
f 1106//3 1107//3 1104//3
f 1089//1548 1095//1548 1032//1548
f 1107//3 1105//3 1104//3
f 1095//1549 1093//1549 1094//1549
f 1066//4 1095//4 1094//4
f 1075//1550 1066//1550 1094//1550
f 1086//1551 1102//1551 1042//1551
f 1102//4 1108//4 1100//4
f 1108//1552 1099//1552 1100//1552
f 1093//1553 1091//1553 1073//1553
f 1109//1554 1097//1554 1091//1554
f 1093//1555 1109//1555 1091//1555
f 1110//1556 1090//1556 1087//1556
f 1098//1557 1095//1557 1089//1557
f 1103//1558 1110//1558 1087//1558
f 1111//1559 1112//1559 1099//1559
f 1112//1560 1098//1560 1099//1560
f 1113//1561 1111//1561 1099//1561
f 1108//1562 1113//1562 1099//1562
f 1102//4 1113//4 1108//4
f 1097//1563 1103//1563 1088//1563
f 1097//1564 1110//1564 1103//1564
f 1095//1565 1109//1565 1093//1565
f 1114//1566 1090//1566 1110//1566
f 1090//1567 1114//1567 1092//1567
f 1114//1568 1106//1568 1092//1568
f 1105//1569 1102//1569 1086//1569
f 1105//1569 1115//1569 1102//1569
f 1115//4 1113//4 1102//4
f 1098//1570 1112//1570 1095//1570
f 1115//4 1110//4 1113//4
f 1110//1571 1111//1571 1113//1571
f 1112//1572 1109//1572 1095//1572
f 1115//4 1116//4 1110//4
f 1116//4 1114//4 1110//4
f 1097//1573 1109//1573 1111//1573
f 1109//1574 1112//1574 1111//1574
f 1110//1575 1097//1575 1111//1575
f 1114//1576 1116//1576 1106//1576
f 1116//1576 1107//1576 1106//1576
f 1107//1577 1115//1577 1105//1577
f 1107//1577 1116//1577 1115//1577
f 1117//1578 1118//1578 1119//1578
f 1118//1579 1120//1579 1119//1579
f 1121//1580 1122//1580 1123//1580
f 1124//1581 1121//1581 1123//1581
f 1124//4 1125//4 1121//4
f 1126//3 1123//3 1122//3
f 1127//4 1125//4 1124//4
f 1128//4 1127//4 1124//4
f 1123//1582 1128//1582 1124//1582
f 1129//3 1130//3 1123//3
f 1130//1583 1128//1583 1123//1583
f 1125//4 1131//4 1121//4
f 1131//1584 1132//1584 1121//1584
f 1132//1585 1122//1585 1121//1585
f 1132//3 1126//3 1122//3
f 1129//3 1133//3 1130//3
f 1133//1586 1128//1586 1130//1586
f 1134//4 1127//4 1128//4
f 1135//4 1134//4 1128//4
f 1133//1586 1135//1586 1128//1586
f 1126//1587 1125//1587 1123//1587
f 1125//1588 1129//1588 1123//1588
f 1127//1589 1129//1589 1125//1589
f 1125//4 1136//4 1131//4
f 1136//1590 1132//1590 1131//1590
f 1134//1591 1125//1591 1126//1591
f 1134//4 1136//4 1125//4
f 1134//1592 1129//1592 1127//1592
f 1132//3 1137//3 1126//3
f 1138//3 1139//3 1126//3
f 1139//3 1140//3 1126//3
f 1140//3 1141//3 1126//3
f 1137//3 1138//3 1126//3
f 1141//1593 1134//1593 1126//1593
f 1142//3 1133//3 1129//3
f 1143//4 1144//4 1134//4
f 1145//4 1143//4 1134//4
f 1144//4 1136//4 1134//4
f 1146//4 1147//4 1134//4
f 1135//4 1146//4 1134//4
f 1136//1594 1137//1594 1132//1594
f 1140//3 1148//3 1141//3
f 1149//3 1150//3 1129//3
f 1150//3 1151//3 1129//3
f 1151//3 1142//3 1129//3
f 1141//3 1152//3 1129//3
f 1152//3 1153//3 1129//3
f 1153//3 1149//3 1129//3
f 1134//1595 1141//1595 1129//1595
f 1148//3 1152//3 1141//3
f 1147//4 1154//4 1134//4
f 1154//4 1145//4 1134//4
f 1144//1596 1137//1596 1136//1596
f 1143//1597 1137//1597 1144//1597
f 1143//1598 1138//1598 1137//1598
f 1143//1599 1139//1599 1138//1599
f 1145//4 1155//4 1143//4
f 1155//4 1156//4 1143//4
f 1156//4 1157//4 1143//4
f 1157//1599 1139//1599 1143//1599
f 1142//1600 1135//1600 1133//1600
f 1142//1601 1146//1601 1135//1601
f 1151//1602 1146//1602 1142//1602
f 1158//4 1147//4 1146//4
f 1151//1603 1158//1603 1146//1603
f 1150//1604 1158//1604 1151//1604
f 1159//4 1160//4 1158//4
f 1160//4 1147//4 1158//4
f 1150//1605 1159//1605 1158//1605
f 1156//1606 1140//1606 1139//1606
f 1157//1607 1156//1607 1139//1607
f 1161//3 1148//3 1140//3
f 1156//1608 1161//1608 1140//1608
f 1155//4 1162//4 1156//4
f 1162//1609 1161//1609 1156//1609
f 1162//1610 1163//1610 1161//1610
f 1155//4 1164//4 1162//4
f 1164//1611 1163//1611 1162//1611
f 1161//1612 1155//1612 1148//1612
f 1155//1613 1145//1613 1148//1613
f 1152//1614 1147//1614 1153//1614
f 1160//1615 1153//1615 1147//1615
f 1163//1616 1165//1616 1164//1616
f 1155//1617 1163//1617 1164//1617
f 1149//1618 1159//1618 1150//1618
f 1166//1619 1167//1619 1159//1619
f 1167//1620 1160//1620 1159//1620
f 1149//1621 1166//1621 1159//1621
f 1163//1622 1155//1622 1161//1622
f 1167//1623 1149//1623 1153//1623
f 1160//1624 1167//1624 1153//1624
f 1168//3 1169//3 1152//3
f 1169//3 1170//3 1152//3
f 1148//3 1168//3 1152//3
f 1154//1625 1147//1625 1152//1625
f 1170//1626 1154//1626 1152//1626
f 1154//4 1171//4 1145//4
f 1167//1627 1172//1627 1149//1627
f 1172//1628 1166//1628 1149//1628
f 1173//1629 1165//1629 1163//1629
f 1173//3 1168//3 1148//3
f 1145//1630 1173//1630 1148//1630
f 1169//3 1174//3 1170//3
f 1175//476 1154//476 1170//476
f 1174//1631 1175//1631 1170//1631
f 1171//4 1176//4 1145//4
f 1175//4 1177//4 1154//4
f 1177//4 1171//4 1154//4
f 1178//3 1179//3 1173//3
f 1179//3 1168//3 1173//3
f 1167//1632 1175//1632 1174//1632
f 1174//1633 1172//1633 1167//1633
f 1180//4 1164//4 1165//4
f 1181//4 1165//4 1145//4
f 1176//4 1181//4 1145//4
f 1165//1634 1173//1634 1145//1634
f 1167//1635 1166//1635 1175//1635
f 1166//4 1177//4 1175//4
f 1163//1636 1178//1636 1173//1636
f 1169//3 1172//3 1174//3
f 1181//4 1180//4 1165//4
f 1177//1637 1166//1637 1172//1637
f 1169//1637 1177//1637 1172//1637
f 1164//1638 1178//1638 1163//1638
f 1180//1639 1178//1639 1164//1639
f 1181//1640 1179//1640 1180//1640
f 1179//1641 1178//1641 1180//1641
f 1168//3 1182//3 1169//3
f 1182//1642 1183//1642 1169//1642
f 1183//1643 1177//1643 1169//1643
f 1184//4 1171//4 1177//4
f 1183//1644 1184//1644 1177//1644
f 1185//1645 1184//1645 1183//1645
f 1176//4 1186//4 1181//4
f 1186//1646 1187//1646 1181//1646
f 1187//1647 1179//1647 1181//1647
f 1187//3 1168//3 1179//3
f 1176//1648 1171//1648 1168//1648
f 1171//1649 1182//1649 1168//1649
f 1184//1650 1182//1650 1171//1650
f 1187//3 1182//3 1168//3
f 1182//1651 1176//1651 1168//1651
f 1187//3 1188//3 1182//3
f 1184//1652 1176//1652 1182//1652
f 1184//4 1186//4 1176//4
f 1188//1653 1183//1653 1182//1653
f 1185//4 1189//4 1184//4
f 1189//4 1186//4 1184//4
f 1186//1654 1188//1654 1187//1654
f 1188//1655 1185//1655 1183//1655
f 1188//1656 1189//1656 1185//1656
f 1189//1657 1188//1657 1186//1657
f 1190//3 1191//3 1192//3
f 1191//3 1193//3 1192//3
f 1193//3 1194//3 1192//3
f 1194//1658 1195//1658 1192//1658
f 1196//1659 1190//1659 1192//1659
f 1195//1660 1196//1660 1192//1660
f 1197//1661 1196//1661 1195//1661
f 1194//1662 1198//1662 1195//1662
f 1198//1663 1199//1663 1195//1663
f 1200//3 1201//3 1190//3
f 1201//3 1191//3 1190//3
f 1202//1664 1200//1664 1190//1664
f 1196//1664 1202//1664 1190//1664
f 1197//1665 1202//1665 1196//1665
f 1199//1666 1197//1666 1195//1666
f 1191//1667 1203//1667 1204//1667
f 1203//1668 1205//1668 1204//1668
f 1201//1669 1203//1669 1191//1669
f 1204//1670 1193//1670 1191//1670
f 1193//3 1206//3 1194//3
f 1206//1671 1198//1671 1194//1671
f 1207//1672 1199//1672 1198//1672
f 1206//1671 1207//1671 1198//1671
f 1201//1673 1205//1673 1203//1673
f 1208//1674 1202//1674 1197//1674
f 1209//3 1201//3 1200//3
f 1208//1675 1209//1675 1200//1675
f 1202//1675 1208//1675 1200//1675
f 1205//1676 1193//1676 1204//1676
f 1209//3 1210//3 1201//3
f 1210//1677 1205//1677 1201//1677
f 1210//1678 1193//1678 1205//1678
f 1210//3 1206//3 1193//3
f 1209//3 1206//3 1210//3
f 1207//1679 1197//1679 1199//1679
f 1209//1680 1207//1680 1206//1680
f 1208//1681 1197//1681 1207//1681
f 1209//1680 1208//1680 1207//1680
f 1211//3 1212//3 1213//3
f 1212//3 1214//3 1213//3
f 1215//1682 1211//1682 1213//1682
f 1216//1682 1215//1682 1213//1682
f 1214//1683 1216//1683 1213//1683
f 1217//1684 1218//1684 1216//1684
f 1218//1685 1215//1685 1216//1685
f 1214//1683 1217//1683 1216//1683
f 1219//3 1220//3 1211//3
f 1220//1686 1221//1686 1211//1686
f 1221//1687 1212//1687 1211//1687
f 1222//1688 1219//1688 1211//1688
f 1215//1689 1222//1689 1211//1689
f 1218//1690 1222//1690 1215//1690
f 1212//1691 1221//1691 1223//1691
f 1224//3 1214//3 1212//3
f 1223//1692 1224//1692 1212//1692
f 1224//3 1225//3 1214//3
f 1225//1693 1217//1693 1214//1693
f 1226//1694 1218//1694 1217//1694
f 1225//1693 1226//1693 1217//1693
f 1218//1695 1227//1695 1222//1695
f 1228//3 1220//3 1219//3
f 1227//1696 1228//1696 1219//1696
f 1222//1697 1227//1697 1219//1697
f 1229//1698 1224//1698 1223//1698
f 1228//1699 1229//1699 1220//1699
f 1229//1700 1221//1700 1220//1700
f 1229//1701 1223//1701 1221//1701
f 1228//3 1225//3 1224//3
f 1229//1702 1228//1702 1224//1702
f 1228//1703 1226//1703 1225//1703
f 1227//1704 1218//1704 1226//1704
f 1228//1703 1227//1703 1226//1703
f 1230//1705 1231//1705 1232//1705
f 1233//1706 1232//1706 1231//1706
f 1234//1707 1235//1707 1232//1707
f 1233//1708 1234//1708 1232//1708
f 1232//1709 1236//1709 1230//1709
f 1236//1710 1237//1710 1230//1710
f 1232//1711 1238//1711 1233//1711
f 1238//3 1239//3 1233//3
f 1237//1712 1240//1712 1234//1712
f 1240//1713 1235//1713 1234//1713
f 1241//1714 1234//1714 1233//1714
f 1239//4 1241//4 1233//4
f 1236//1715 1232//1715 1231//1715
f 1239//1716 1236//1716 1231//1716
f 1237//3 1242//3 1230//3
f 1242//1717 1231//1717 1230//1717
f 1243//3 1237//3 1234//3
f 1241//1718 1243//1718 1234//1718
f 1244//1719 1236//1719 1239//1719
f 1245//4 1237//4 1243//4
f 1235//1720 1238//1720 1232//1720
f 1246//1721 1243//1721 1241//1721
f 1247//4 1246//4 1241//4
f 1239//4 1247//4 1241//4
f 1248//4 1237//4 1243//4
f 1242//1722 1249//1722 1231//1722
f 1249//1723 1239//1723 1231//1723
f 1238//3 1250//3 1239//3
f 1237//1724 1251//1724 1242//1724
f 1251//1725 1249//1725 1242//1725
f 1252//1726 1239//1726 1249//1726
f 1239//1727 1253//1727 1246//1727
f 1247//4 1239//4 1246//4
f 1250//1728 1238//1728 1235//1728
f 1254//1729 1255//1729 1239//1729
f 1256//3 1237//3 1243//3
f 1240//1730 1250//1730 1235//1730
f 1240//1731 1237//1731 1236//1731
f 1244//1732 1240//1732 1236//1732
f 1240//1733 1239//1733 1250//1733
f 1257//1734 1258//1734 1246//1734
f 1258//1735 1243//1735 1246//1735
f 1259//1736 1257//1736 1246//1736
f 1239//1737 1259//1737 1246//1737
f 1260//3 1237//3 1243//3
f 1258//3 1260//3 1243//3
f 1251//1738 1252//1738 1249//1738
f 1244//1739 1239//1739 1240//1739
f 1237//4 1260//4 1258//4
f 1261//3 1237//3 1258//3
f 1259//1740 1239//1740 1257//1740
f 1262//1741 1239//1741 1254//1741
f 1263//1742 1264//1742 1257//1742
f 1264//1743 1258//1743 1257//1743
f 1239//4 1263//4 1257//4
f 1264//3 1237//3 1258//3
f 1237//1744 1265//1744 1251//1744
f 1266//1745 1252//1745 1251//1745
f 1265//1746 1266//1746 1251//1746
f 1266//4 1239//4 1252//4
f 1267//4 1268//4 1237//4
f 1269//3 1239//3 1266//3
f 1237//1747 1270//1747 1265//1747
f 1270//1748 1271//1748 1265//1748
f 1272//3 1273//3 1274//3
f 1273//3 1275//3 1274//3
f 1268//1749 1267//1749 1274//1749
f 1267//190 1272//190 1274//190
f 1275//337 1268//337 1274//337
f 1271//1750 1276//1750 1265//1750
f 1276//1751 1266//1751 1265//1751
f 1277//1752 1278//1752 1263//1752
f 1278//1753 1264//1753 1263//1753
f 1239//4 1277//4 1263//4
f 1271//1754 1270//1754 1237//1754
f 1278//3 1237//3 1264//3
f 1279//3 1237//3 1278//3
f 1277//1755 1279//1755 1278//1755
f 1280//1756 1266//1756 1276//1756
f 1280//4 1239//4 1266//4
f 1237//1757 1276//1757 1271//1757
f 1281//1755 1279//1755 1277//1755
f 1239//4 1281//4 1277//4
f 1282//1758 1283//1758 1284//1758
f 1283//337 1285//337 1284//337
f 1286//190 1282//190 1284//190
f 1285//1759 1286//1759 1284//1759
f 1239//3 1283//3 1282//3
f 1287//4 1283//4 1239//4
f 1288//1760 1289//1760 1239//1760
f 1288//1761 1290//1761 1289//1761
f 1291//4 1292//4 1290//4
f 1292//4 1293//4 1290//4
f 1293//1762 1289//1762 1290//1762
f 1288//1763 1291//1763 1290//1763
f 1294//3 1295//3 1239//3
f 1273//1197 1296//1197 1275//1197
f 1296//1764 1268//1764 1275//1764
f 1296//3 1237//3 1268//3
f 1297//4 1267//4 1237//4
f 1294//1765 1298//1765 1295//1765
f 1294//337 1299//337 1298//337
f 1300//190 1295//190 1298//190
f 1299//4 1300//4 1298//4
f 1297//1766 1272//1766 1267//1766
f 1237//3 1301//3 1276//3
f 1301//1767 1280//1767 1276//1767
f 1297//111 1273//111 1272//111
f 1283//337 1302//337 1285//337
f 1303//1197 1304//1197 1285//1197
f 1302//1768 1303//1768 1285//1768
f 1304//1769 1286//1769 1285//1769
f 1305//4 1293//4 1292//4
f 1291//4 1305//4 1292//4
f 1306//3 1237//3 1279//3
f 1281//1770 1306//1770 1279//1770
f 1307//3 1239//3 1282//3
f 1286//1771 1307//1771 1282//1771
f 1304//111 1303//111 1286//111
f 1303//1772 1307//1772 1286//1772
f 1237//3 1308//3 1301//3
f 1308//1773 1309//1773 1301//1773
f 1309//1774 1280//1774 1301//1774
f 1309//4 1239//4 1280//4
f 1281//1775 1310//1775 1306//1775
f 1239//4 1310//4 1281//4
f 1311//4 1294//4 1239//4
f 1311//1776 1299//1776 1294//1776
f 1312//3 1239//3 1309//3
f 1313//4 1314//4 1237//4
f 1311//1197 1315//1197 1299//1197
f 1315//4 1300//4 1299//4
f 1297//3 1237//3 1296//3
f 1273//1777 1297//1777 1296//1777
f 1316//3 1239//3 1295//3
f 1300//1778 1316//1778 1295//1778
f 1315//111 1316//111 1300//111
f 1317//337 1318//337 1319//337
f 1318//337 1314//337 1319//337
f 1314//1779 1313//1779 1319//1779
f 1313//190 1320//190 1319//190
f 1320//3 1317//3 1319//3
f 1307//4 1310//4 1239//4
f 1321//111 1307//111 1303//111
f 1302//4 1321//4 1303//4
f 1239//4 1322//4 1311//4
f 1322//1197 1315//1197 1311//1197
f 1323//1780 1239//1780 1289//1780
f 1293//1781 1323//1781 1289//1781
f 1305//1782 1324//1782 1293//1782
f 1324//1783 1323//1783 1293//1783
f 1325//3 1237//3 1306//3
f 1310//1784 1325//1784 1306//1784
f 1287//3 1239//3 1323//3
f 1314//3 1318//3 1237//3
f 1287//4 1326//4 1239//4
f 1327//4 1313//4 1237//4
f 1283//1785 1328//1785 1302//1785
f 1328//1786 1329//1786 1302//1786
f 1329//1787 1330//1787 1302//1787
f 1330//190 1321//190 1302//190
f 1322//3 1239//3 1316//3
f 1315//111 1322//111 1316//111
f 1237//3 1331//3 1308//3
f 1332//1788 1325//1788 1310//1788
f 1307//4 1332//4 1310//4
f 1327//1789 1320//1789 1313//1789
f 1331//3 1333//3 1308//3
f 1333//1790 1309//1790 1308//1790
f 1333//1791 1239//1791 1309//1791
f 1328//3 1283//3 1287//3
f 1334//4 1335//4 1237//4
f 1327//111 1336//111 1320//111
f 1336//3 1317//3 1320//3
f 1287//4 1337//4 1239//4
f 1338//1792 1288//1792 1239//1792
f 1239//1793 1339//1793 1337//1793
f 1338//1794 1291//1794 1288//1794
f 1335//1795 1340//1795 1341//1795
f 1340//3 1342//3 1341//3
f 1338//1796 1305//1796 1291//1796
f 1343//1797 1344//1797 1345//1797
f 1336//1197 1346//1197 1317//1197
f 1346//1197 1318//1197 1317//1197
f 1346//3 1237//3 1318//3
f 1334//1798 1340//1798 1335//1798
f 1237//4 1347//4 1327//4
f 1347//111 1336//111 1327//111
f 1348//3 1237//3 1335//3
f 1341//1799 1348//1799 1335//1799
f 1349//3 1350//3 1237//3
f 1345//1800 1351//1800 1343//1800
f 1237//1801 1351//1801 1345//1801
f 1237//3 1333//3 1331//3
f 1330//1802 1329//1802 1321//1802
f 1329//1803 1307//1803 1321//1803
f 1352//111 1342//111 1340//111
f 1334//111 1352//111 1340//111
f 1237//4 1352//4 1334//4
f 1342//1804 1348//1804 1341//1804
f 1344//1805 1351//1805 1345//1805
f 1287//4 1353//4 1328//4
f 1353//1197 1329//1197 1328//1197
f 1352//3 1237//3 1348//3
f 1342//1806 1352//1806 1348//1806
f 1354//3 1355//3 1356//3
f 1349//1807 1354//1807 1356//1807
f 1350//1808 1349//1808 1356//1808
f 1355//337 1350//337 1356//337
f 1353//3 1287//3 1307//3
f 1329//1809 1353//1809 1307//1809
f 1347//3 1237//3 1346//3
f 1336//1197 1347//1197 1346//1197
f 1357//1810 1358//1810 1237//1810
f 1343//1811 1351//1811 1344//1811
f 1359//1812 1360//1812 1237//1812
f 1325//3 1359//3 1237//3
f 1237//4 1361//4 1349//4
f 1361//1813 1354//1813 1349//1813
f 1362//3 1355//3 1354//3
f 1361//1814 1362//1814 1354//1814
f 1305//1815 1323//1815 1324//1815
f 1363//3 1364//3 1365//3
f 1357//1816 1363//1816 1365//1816
f 1358//1817 1357//1817 1365//1817
f 1364//1818 1358//1818 1365//1818
f 1366//1819 1287//1819 1367//1819
f 1367//337 1368//337 1366//337
f 1369//190 1287//190 1366//190
f 1368//4 1370//4 1366//4
f 1370//4 1369//4 1366//4
f 1338//1820 1239//1820 1323//1820
f 1305//1821 1338//1821 1323//1821
f 1371//4 1332//4 1307//4
f 1333//465 1372//465 1239//465
f 1372//4 1373//4 1239//4
f 1374//1822 1358//1822 1364//1822
f 1363//1823 1375//1823 1364//1823
f 1375//1824 1374//1824 1364//1824
f 1237//1825 1358//1825 1374//1825
f 1369//1197 1376//1197 1287//1197
f 1371//1826 1325//1826 1332//1826
f 1237//4 1375//4 1357//4
f 1375//1827 1363//1827 1357//1827
f 1377//4 1287//4 1376//4
f 1369//111 1377//111 1376//111
f 1370//111 1377//111 1369//111
f 1375//3 1237//3 1374//3
f 1378//3 1379//3 1237//3
f 1380//3 1237//3 1325//3
f 1371//1828 1380//1828 1325//1828
f 1381//1829 1350//1829 1355//1829
f 1362//1830 1381//1830 1355//1830
f 1381//3 1237//3 1350//3
f 1239//3 1287//3 1377//3
f 1382//3 1237//3 1381//3
f 1362//1831 1382//1831 1381//1831
f 1383//3 1367//3 1287//3
f 1239//4 1383//4 1287//4
f 1383//337 1368//337 1367//337
f 1237//4 1382//4 1361//4
f 1382//1832 1362//1832 1361//1832
f 1384//3 1307//3 1287//3
f 1385//3 1386//3 1387//3
f 1379//1833 1378//1833 1387//1833
f 1378//1834 1385//1834 1387//1834
f 1386//337 1388//337 1387//337
f 1388//337 1379//337 1387//337
f 1388//4 1237//4 1379//4
f 1239//4 1389//4 1383//4
f 1370//1197 1368//1197 1383//1197
f 1389//1197 1370//1197 1383//1197
f 1287//1835 1390//1835 1384//1835
f 1390//1197 1307//1197 1384//1197
f 1287//1836 1391//1836 1390//1836
f 1392//190 1307//190 1390//190
f 1391//281 1392//281 1390//281
f 1239//1837 1393//1837 1287//1837
f 1394//1838 1239//1838 1373//1838
f 1389//3 1239//3 1377//3
f 1370//1839 1389//1839 1377//1839
f 1395//4 1237//4 1388//4
f 1386//1840 1395//1840 1388//1840
f 1396//4 1371//4 1307//4
f 1397//3 1386//3 1385//3
f 1378//1841 1398//1841 1385//1841
f 1398//1842 1397//1842 1385//1842
f 1237//3 1398//3 1378//3
f 1399//3 1400//3 1401//3
f 1402//190 1399//190 1401//190
f 1403//190 1402//190 1401//190
f 1400//337 1404//337 1401//337
f 1404//337 1405//337 1401//337
f 1405//337 1403//337 1401//337
f 1237//4 1402//4 1403//4
f 1405//3 1237//3 1403//3
f 1406//4 1287//4 1239//4
f 1407//3 1396//3 1307//3
f 1397//1197 1395//1197 1386//1197
f 1380//1843 1408//1843 1237//1843
f 1404//3 1237//3 1405//3
f 1371//1844 1408//1844 1380//1844
f 1396//1845 1408//1845 1371//1845
f 1409//4 1402//4 1237//4
f 1409//1846 1399//1846 1402//1846
f 1410//3 1400//3 1399//3
f 1409//111 1410//111 1399//111
f 1411//4 1407//4 1307//4
f 1412//3 1396//3 1407//3
f 1413//1847 1412//1847 1407//1847
f 1414//1848 1412//1848 1413//1848
f 1237//3 1415//3 1398//3
f 1415//111 1397//111 1398//111
f 1392//1849 1416//1849 1307//1849
f 1391//1850 1417//1850 1392//1850
f 1396//3 1411//3 1307//3
f 1416//4 1418//4 1307//4
f 1418//4 1419//4 1307//4
f 1419//4 1396//4 1307//4
f 1420//1851 1421//1851 1422//1851
f 1421//1852 1423//1852 1422//1852
f 1237//1853 1421//1853 1420//1853
f 1411//1854 1413//1854 1407//1854
f 1415//4 1237//4 1395//4
f 1397//1197 1415//1197 1395//1197
f 1372//4 1424//4 1373//4
f 1425//4 1396//4 1412//4
f 1414//111 1425//111 1412//111
f 1408//1855 1426//1855 1237//1855
f 1396//3 1425//3 1411//3
f 1414//1856 1413//1856 1411//1856
f 1425//1857 1414//1857 1411//1857
f 1391//1858 1287//1858 1239//1858
f 1427//1859 1428//1859 1419//1859
f 1428//4 1396//4 1419//4
f 1429//1860 1427//1860 1419//1860
f 1418//1861 1429//1861 1419//1861
f 1430//3 1421//3 1237//3
f 1431//1862 1432//1862 1237//1862
f 1433//4 1239//4 1373//4
f 1430//1852 1423//1852 1421//1852
f 1239//1863 1417//1863 1391//1863
f 1237//1864 1434//1864 1431//1864
f 1435//1865 1424//1865 1372//1865
f 1424//4 1436//4 1373//4
f 1237//4 1437//4 1430//4
f 1437//1866 1423//1866 1430//1866
f 1423//1867 1437//1867 1422//1867
f 1437//1868 1420//1868 1422//1868
f 1437//1869 1237//1869 1420//1869
f 1438//3 1333//3 1237//3
f 1439//4 1396//4 1428//4
f 1440//4 1439//4 1428//4
f 1427//1870 1440//1870 1428//1870
f 1429//1871 1440//1871 1427//1871
f 1416//4 1440//4 1418//4
f 1440//1197 1429//1197 1418//1197
f 1436//4 1441//4 1373//4
f 1442//3 1443//3 1416//3
f 1443//4 1440//4 1416//4
f 1444//4 1445//4 1239//4
f 1433//3 1446//3 1239//3
f 1447//3 1438//3 1237//3
f 1439//1872 1426//1872 1408//1872
f 1396//1873 1439//1873 1408//1873
f 1448//1197 1404//1197 1400//1197
f 1410//1197 1448//1197 1400//1197
f 1448//4 1237//4 1404//4
f 1447//1874 1436//1874 1438//1874
f 1436//1875 1424//1875 1438//1875
f 1445//3 1449//3 1239//3
f 1450//3 1451//3 1237//3
f 1452//1876 1453//1876 1442//1876
f 1453//3 1443//3 1442//3
f 1442//1877 1454//1877 1452//1877
f 1435//1878 1333//1878 1438//1878
f 1424//1879 1435//1879 1438//1879
f 1455//190 1449//190 1445//190
f 1444//337 1455//337 1445//337
f 1456//4 1457//4 1455//4
f 1457//190 1449//190 1455//190
f 1444//1880 1456//1880 1455//1880
f 1446//1197 1433//1197 1451//1197
f 1450//1197 1446//1197 1451//1197
f 1433//337 1237//337 1451//337
f 1373//111 1237//111 1433//111
f 1458//1881 1459//1881 1460//1881
f 1459//1882 1237//1882 1460//1882
f 1461//3 1447//3 1237//3
f 1462//1883 1333//1883 1435//1883
f 1441//4 1463//4 1373//4
f 1464//3 1239//3 1449//3
f 1457//190 1464//190 1449//190
f 1237//1884 1458//1884 1460//1884
f 1465//3 1461//3 1237//3
f 1461//1885 1441//1885 1447//1885
f 1441//1886 1436//1886 1447//1886
f 1462//1887 1372//1887 1333//1887
f 1443//4 1439//4 1440//4
f 1466//1888 1372//1888 1462//1888
f 1466//1889 1435//1889 1372//1889
f 1467//3 1468//3 1373//3
f 1469//3 1470//3 1237//3
f 1409//4 1237//4 1448//4
f 1410//1890 1409//1890 1448//1890
f 1471//4 1472//4 1416//4
f 1472//4 1442//4 1416//4
f 1473//1891 1474//1891 1475//1891
f 1459//1892 1473//1892 1475//1892
f 1476//1893 1459//1893 1475//1893
f 1476//3 1237//3 1459//3
f 1458//190 1473//190 1459//190
f 1443//1894 1426//1894 1439//1894
f 1461//1895 1463//1895 1441//1895
f 1465//1896 1463//1896 1461//1896
f 1472//4 1443//4 1453//4
f 1452//1897 1472//1897 1453//1897
f 1454//1898 1472//1898 1452//1898
f 1472//1899 1454//1899 1442//1899
f 1477//3 1471//3 1416//3
f 1444//4 1239//4 1478//4
f 1456//1900 1444//1900 1478//1900
f 1479//4 1457//4 1456//4
f 1478//1901 1479//1901 1456//1901
f 1480//3 1481//3 1482//3
f 1481//3 1483//3 1482//3
f 1470//1902 1469//1902 1482//1902
f 1469//190 1480//190 1482//190
f 1483//337 1470//337 1482//337
f 1239//1903 1484//1903 1478//1903
f 1484//1904 1479//1904 1478//1904
f 1485//1905 1486//1905 1477//1905
f 1486//3 1471//3 1477//3
f 1477//1906 1487//1906 1485//1906
f 1435//1907 1488//1907 1462//1907
f 1466//1908 1373//1908 1435//1908
f 1373//1909 1488//1909 1435//1909
f 1488//1910 1463//1910 1465//1910
f 1488//1911 1373//1911 1463//1911
f 1471//4 1443//4 1472//4
f 1484//1912 1239//1912 1464//1912
f 1457//1913 1484//1913 1464//1913
f 1479//1914 1484//1914 1457//1914
f 1237//1915 1462//1915 1488//1915
f 1465//1916 1237//1916 1488//1916
f 1416//1917 1417//1917 1239//1917
f 1489//111 1474//111 1473//111
f 1458//111 1489//111 1473//111
f 1237//4 1489//4 1458//4
f 1474//1918 1490//1918 1475//1918
f 1490//1919 1476//1919 1475//1919
f 1490//4 1237//4 1476//4
f 1491//3 1477//3 1416//3
f 1417//1920 1416//1920 1392//1920
f 1426//1921 1492//1921 1237//1921
f 1491//1922 1487//1922 1477//1922
f 1493//3 1237//3 1470//3
f 1483//337 1493//337 1470//337
f 1494//4 1471//4 1486//4
f 1485//1897 1494//1897 1486//1897
f 1487//1923 1494//1923 1485//1923
f 1416//4 1494//4 1491//4
f 1494//1924 1487//1924 1491//1924
f 1495//4 1494//4 1416//4
f 1496//3 1469//3 1237//3
f 1466//1925 1462//1925 1237//1925
f 1467//1926 1497//1926 1468//1926
f 1498//1927 1499//1927 1416//1927
f 1499//3 1495//3 1416//3
f 1500//1928 1499//1928 1498//1928
f 1466//1929 1501//1929 1373//1929
f 1502//1930 1466//1930 1237//1930
f 1496//190 1480//190 1469//190
f 1493//4 1503//4 1237//4
f 1237//4 1490//4 1489//4
f 1490//111 1474//111 1489//111
f 1481//1197 1503//1197 1483//1197
f 1503//1197 1493//1197 1483//1197
f 1471//1931 1426//1931 1443//1931
f 1504//4 1496//4 1237//4
f 1504//111 1481//111 1480//111
f 1496//111 1504//111 1480//111
f 1505//1932 1502//1932 1237//1932
f 1495//4 1471//4 1494//4
f 1502//1933 1501//1933 1466//1933
f 1506//1934 1498//1934 1416//1934
f 1501//4 1507//4 1373//4
f 1237//1935 1508//1935 1505//1935
f 1502//4 1508//4 1237//4
f 1506//1936 1500//1936 1498//1936
f 1509//3 1502//3 1237//3
f 1510//4 1495//4 1499//4
f 1500//1937 1510//1937 1499//1937
f 1511//1938 1510//1938 1500//1938
f 1446//3 1512//3 1239//3
f 1510//4 1506//4 1416//4
f 1513//1939 1514//1939 1416//1939
f 1514//1940 1510//1940 1416//1940
f 1511//1941 1500//1941 1506//1941
f 1510//1942 1511//1942 1506//1942
f 1492//3 1515//3 1237//3
f 1516//3 1450//3 1237//3
f 1517//1943 1492//1943 1426//1943
f 1471//1944 1517//1944 1426//1944
f 1517//1945 1515//1945 1492//1945
f 1508//1946 1502//1946 1505//1946
f 1514//1947 1518//1947 1510//1947
f 1518//3 1495//3 1510//3
f 1519//4 1520//4 1237//4
f 1520//3 1509//3 1237//3
f 1450//1197 1512//1197 1446//1197
f 1516//1197 1512//1197 1450//1197
f 1237//4 1521//4 1516//4
f 1522//111 1512//111 1516//111
f 1521//337 1522//337 1516//337
f 1522//4 1239//4 1512//4
f 1515//3 1523//3 1237//3
f 1507//4 1467//4 1373//4
f 1524//3 1519//3 1237//3
f 1481//1948 1504//1948 1503//1948
f 1504//4 1237//4 1503//4
f 1525//1949 1526//1949 1237//1949
f 1522//3 1527//3 1239//3
f 1528//1950 1507//1950 1501//1950
f 1527//4 1416//4 1239//4
f 1529//1951 1524//1951 1237//1951
f 1530//1952 1531//1952 1237//1952
f 1471//1953 1495//1953 1517//1953
f 1519//1954 1524//1954 1507//1954
f 1523//1955 1515//1955 1518//1955
f 1514//1956 1523//1956 1518//1956
f 1532//1957 1529//1957 1237//1957
f 1525//1958 1533//1958 1416//1958
f 1522//3 1416//3 1527//3
f 1526//3 1530//3 1237//3
f 1515//1959 1495//1959 1518//1959
f 1509//1960 1501//1960 1502//1960
f 1528//1961 1519//1961 1507//1961
f 1530//1962 1416//1962 1531//1962
f 1528//1963 1520//1963 1519//1963
f 1520//1964 1529//1964 1509//1964
f 1529//1965 1534//1965 1509//1965
f 1534//1966 1535//1966 1509//1966
f 1535//1967 1501//1967 1509//1967
f 1535//1968 1528//1968 1501//1968
f 1525//1969 1526//1969 1533//1969
f 1526//3 1536//3 1530//3
f 1536//1970 1531//1970 1530//1970
f 1537//1971 1538//1971 1237//1971
f 1538//1972 1539//1972 1237//1972
f 1539//3 1532//3 1237//3
f 1540//1973 1538//1973 1467//1973
f 1237//3 1541//3 1521//3
f 1537//1974 1373//1974 1467//1974
f 1538//1975 1537//1975 1467//1975
f 1536//1976 1237//1976 1531//1976
f 1540//1977 1539//1977 1538//1977
f 1526//4 1237//4 1536//4
f 1237//1978 1542//1978 1536//1978
f 1535//1979 1520//1979 1528//1979
f 1529//1980 1543//1980 1524//1980
f 1543//1981 1507//1981 1524//1981
f 1543//1982 1467//1982 1507//1982
f 1515//1983 1514//1983 1495//1983
f 1537//1984 1237//1984 1373//1984
f 1467//1985 1520//1985 1535//1985
f 1534//4 1467//4 1535//4
f 1544//1986 1514//1986 1515//1986
f 1517//1987 1544//1987 1515//1987
f 1544//1988 1523//1988 1514//1988
f 1416//1989 1495//1989 1514//1989
f 1542//1990 1545//1990 1416//1990
f 1543//1991 1529//1991 1520//1991
f 1467//1992 1543//1992 1520//1992
f 1522//1993 1542//1993 1416//1993
f 1495//1994 1544//1994 1517//1994
f 1416//1995 1544//1995 1495//1995
f 1544//3 1237//3 1523//3
f 1536//1996 1545//1996 1542//1996
f 1546//4 1416//4 1545//4
f 1522//1997 1545//1997 1542//1997
f 1522//4 1546//4 1545//4
f 1534//4 1540//4 1467//4
f 1540//1998 1532//1998 1539//1998
f 1416//3 1546//3 1522//3
f 1532//1999 1534//1999 1529//1999
f 1534//2000 1532//2000 1540//2000
f 1547//4 1548//4 1522//4
f 1549//3 1550//3 1237//3
f 1551//2001 1549//2001 1237//2001
f 1547//2002 1549//2002 1548//2002
f 1547//2003 1550//2003 1549//2003
f 1551//2004 1548//2004 1549//2004
f 1551//2005 1522//2005 1548//2005
f 1552//2006 1551//2006 1237//2006
f 1521//2007 1553//2007 1522//2007
f 1237//2008 1553//2008 1521//2008
f 1551//2009 1552//2009 1522//2009
f 1553//2010 1554//2010 1522//2010
f 1555//2011 1553//2011 1237//2011
f 1237//2012 1556//2012 1552//2012
f 1555//1197 1554//1197 1553//1197
f 1557//4 1558//4 1522//4
f 1558//4 1416//4 1522//4
f 1237//4 1559//4 1555//4
f 1559//2013 1554//2013 1555//2013
f 1560//3 1522//3 1554//3
f 1559//2014 1560//2014 1554//2014
f 1561//3 1559//3 1237//3
f 1562//3 1561//3 1237//3
f 1563//4 1237//4 1550//4
f 1547//2015 1563//2015 1550//2015
f 1564//2016 1563//2016 1547//2016
f 1522//3 1564//3 1547//3
f 1564//2017 1552//2017 1556//2017
f 1564//2018 1522//2018 1552//2018
f 1544//3 1565//3 1237//3
f 1566//2019 1567//2019 1522//2019
f 1568//2020 1567//2020 1237//2020
f 1567//2021 1566//2021 1237//2021
f 1566//2022 1562//2022 1237//2022
f 1556//4 1237//4 1563//4
f 1564//2023 1556//2023 1563//2023
f 1558//1207 1544//1207 1416//1207
f 1567//2024 1569//2024 1522//2024
f 1568//2025 1569//2025 1567//2025
f 1569//2026 1570//2026 1522//2026
f 1570//2027 1571//2027 1522//2027
f 1572//2028 1570//2028 1237//2028
f 1570//2029 1568//2029 1237//2029
f 1565//3 1572//3 1237//3
f 1522//2030 1573//2030 1566//2030
f 1561//2031 1560//2031 1559//2031
f 1561//2032 1574//2032 1560//2032
f 1574//2033 1522//2033 1560//2033
f 1570//2034 1569//2034 1568//2034
f 1575//3 1565//3 1544//3
f 1558//1207 1575//1207 1544//1207
f 1558//2035 1565//2035 1575//2035
f 1557//2035 1565//2035 1558//2035
f 1571//4 1557//4 1522//4
f 1576//2036 1562//2036 1566//2036
f 1573//2037 1576//2037 1566//2037
f 1572//2038 1576//2038 1570//2038
f 1576//2039 1571//2039 1570//2039
f 1574//2040 1571//2040 1522//2040
f 1572//2041 1562//2041 1576//2041
f 1557//2042 1572//2042 1565//2042
f 1522//3 1571//3 1573//3
f 1571//2043 1576//2043 1573//2043
f 1557//2044 1571//2044 1572//2044
f 1562//2045 1574//2045 1561//2045
f 1562//2046 1571//2046 1574//2046
f 1572//2047 1571//2047 1562//2047
f 1577//2048 1578//2048 1579//2048
f 1580//3 1577//3 1579//3
f 1581//337 1582//337 1579//337
f 1578//2049 1581//2049 1579//2049
f 1583//2050 1580//2050 1579//2050
f 1582//190 1583//190 1579//190
f 1584//2051 1585//2051 1582//2051
f 1581//2052 1584//2052 1582//2052
f 1585//2053 1583//2053 1582//2053
f 1578//2054 1586//2054 1581//2054
f 1586//2055 1584//2055 1581//2055
f 1586//111 1587//111 1588//111
f 1587//111 1589//111 1588//111
f 1590//2056 1586//2056 1588//2056
f 1591//2057 1590//2057 1588//2057
f 1589//2058 1591//2058 1588//2058
f 1578//2059 1592//2059 1586//2059
f 1592//2060 1587//2060 1586//2060
f 1590//2061 1584//2061 1586//2061
f 1593//2062 1584//2062 1592//2062
f 1578//2063 1593//2063 1592//2063
f 1584//2064 1594//2064 1592//2064
f 1595//2065 1587//2065 1592//2065
f 1594//2066 1595//2066 1592//2066
f 1594//2067 1584//2067 1590//2067
f 1585//2068 1594//2068 1590//2068
f 1593//2069 1585//2069 1584//2069
f 1594//2070 1593//2070 1595//2070
f 1580//3 1596//3 1577//3
f 1596//2071 1597//2071 1577//2071
f 1597//2072 1578//2072 1577//2072
f 1598//2073 1593//2073 1578//2073
f 1597//2074 1598//2074 1578//2074
f 1599//3 1596//3 1580//3
f 1600//2075 1599//2075 1580//2075
f 1590//2076 1580//2076 1583//2076
f 1585//2077 1590//2077 1583//2077
f 1593//2078 1594//2078 1585//2078
f 1601//111 1599//111 1600//111
f 1580//2079 1591//2079 1600//2079
f 1591//2080 1602//2080 1600//2080
f 1602//2080 1601//2080 1600//2080
f 1590//2081 1591//2081 1580//2081
f 1593//2082 1603//2082 1595//2082
f 1604//111 1587//111 1595//111
f 1605//2083 1604//2083 1595//2083
f 1603//2084 1605//2084 1595//2084
f 1598//2085 1603//2085 1593//2085
f 1589//2086 1602//2086 1591//2086
f 1596//2087 1606//2087 1597//2087
f 1607//2088 1597//2088 1596//2088
f 1599//3 1607//3 1596//3
f 1604//2089 1598//2089 1597//2089
f 1589//2090 1604//2090 1597//2090
f 1608//2091 1603//2091 1598//2091
f 1604//2092 1608//2092 1598//2092
f 1604//111 1589//111 1587//111
f 1605//2093 1608//2093 1604//2093
f 1609//2094 1610//2094 1597//2094
f 1607//2095 1609//2095 1597//2095
f 1610//2096 1589//2096 1597//2096
f 1609//2097 1608//2097 1610//2097
f 1611//1197 1609//1197 1607//1197
f 1599//1197 1611//1197 1607//1197
f 1612//4 1608//4 1609//4
f 1611//1197 1612//1197 1609//1197
f 1610//2098 1613//2098 1589//2098
f 1613//2099 1602//2099 1589//2099
f 1608//2100 1612//2100 1603//2100
f 1612//2101 1605//2101 1603//2101
f 1610//2102 1611//2102 1613//2102
f 1608//2103 1605//2103 1610//2103
f 1605//2104 1611//2104 1610//2104
f 1613//2105 1601//2105 1602//2105
f 1613//2106 1611//2106 1601//2106
f 1611//2107 1599//2107 1601//2107
f 1612//2108 1611//2108 1605//2108
f 1614//3 1615//3 1616//3
f 1615//3 1617//3 1616//3
f 1617//337 1618//337 1616//337
f 1618//190 1619//190 1616//190
f 1619//190 1614//190 1616//190
f 1620//4 1619//4 1618//4
f 1617//337 1620//337 1618//337
f 1619//111 1621//111 1614//111
f 1621//111 1615//111 1614//111
f 1620//4 1621//4 1619//4
f 1615//1197 1620//1197 1617//1197
f 1615//1197 1621//1197 1620//1197
f 1622//2109 1623//2109 1624//2109
f 1623//2110 1625//2110 1624//2110
f 1625//4 1622//4 1624//4
f 1625//2111 1623//2111 1622//2111
f 1626//2112 1627//2112 1628//2112
f 1626//2113 1629//2113 1627//2113
f 1628//2114 1630//2114 1626//2114
f 1629//2115 1628//2115 1627//2115
f 1629//2116 1630//2116 1628//2116
f 1629//2117 1626//2117 1630//2117
f 1631//2118 1632//2118 1633//2118
f 1632//2118 1634//2118 1633//2118
f 1635//2119 1631//2119 1633//2119
f 1636//2120 1635//2120 1633//2120
f 1637//2120 1636//2120 1633//2120
f 1634//2121 1637//2121 1633//2121
f 1638//4 1639//4 1637//4
f 1639//4 1636//4 1637//4
f 1640//4 1641//4 1637//4
f 1641//4 1638//4 1637//4
f 1634//2121 1640//2121 1637//2121
f 1642//2122 1643//2122 1635//2122
f 1643//2119 1631//2119 1635//2119
f 1644//2123 1642//2123 1635//2123
f 1636//2123 1644//2123 1635//2123
f 1632//2124 1645//2124 1634//2124
f 1645//2125 1646//2125 1634//2125
f 1646//2126 1640//2126 1634//2126
f 1639//4 1644//4 1636//4
f 1647//4 1641//4 1640//4
f 1648//4 1647//4 1640//4
f 1646//2126 1648//2126 1640//2126
f 1649//4 1650//4 1651//4
f 1638//2127 1649//2127 1651//2127
f 1651//2128 1639//2128 1638//2128
f 1650//4 1652//4 1651//4
f 1652//2129 1639//2129 1651//2129
f 1641//2130 1649//2130 1638//2130
f 1653//4 1650//4 1649//4
f 1641//2131 1653//2131 1649//2131
f 1654//3 1632//3 1631//3
f 1643//3 1654//3 1631//3
f 1642//2132 1655//2132 1643//2132
f 1655//3 1654//3 1643//3
f 1654//3 1645//3 1632//3
f 1656//2133 1655//2133 1642//2133
f 1657//2134 1656//2134 1642//2134
f 1644//2134 1657//2134 1642//2134
f 1645//2135 1658//2135 1646//2135
f 1658//2136 1648//2136 1646//2136
f 1659//4 1657//4 1644//4
f 1639//4 1659//4 1644//4
f 1660//4 1647//4 1648//4
f 1658//2136 1660//2136 1648//2136
f 1647//2137 1653//2137 1641//2137
f 1661//4 1650//4 1653//4
f 1652//2138 1659//2138 1639//2138
f 1650//4 1662//4 1652//4
f 1662//2139 1659//2139 1652//2139
f 1654//3 1663//3 1645//3
f 1656//2140 1664//2140 1655//2140
f 1664//2141 1654//2141 1655//2141
f 1665//2142 1666//2142 1645//2142
f 1666//2143 1658//2143 1645//2143
f 1663//2144 1667//2144 1645//2144
f 1667//2145 1665//2145 1645//2145
f 1668//4 1661//4 1653//4
f 1647//2146 1668//2146 1653//2146
f 1669//4 1657//4 1659//4
f 1662//2147 1669//2147 1659//2147
f 1650//4 1670//4 1662//4
f 1670//2148 1669//2148 1662//2148
f 1656//2149 1671//2149 1664//2149
f 1672//3 1673//3 1664//3
f 1671//3 1674//3 1664//3
f 1674//3 1672//3 1664//3
f 1673//2150 1654//2150 1664//2150
f 1667//3 1675//3 1665//3
f 1675//3 1676//3 1665//3
f 1676//3 1677//3 1665//3
f 1677//3 1666//3 1665//3
f 1678//2151 1671//2151 1656//2151
f 1679//2152 1678//2152 1656//2152
f 1657//2152 1679//2152 1656//2152
f 1666//2153 1680//2153 1658//2153
f 1680//2154 1660//2154 1658//2154
f 1669//4 1679//4 1657//4
f 1681//4 1682//4 1660//4
f 1682//4 1647//4 1660//4
f 1680//2154 1681//2154 1660//2154
f 1682//2155 1668//2155 1647//2155
f 1650//4 1683//4 1670//4
f 1684//4 1661//4 1668//4
f 1682//2156 1684//2156 1668//2156
f 1678//2157 1685//2157 1671//2157
f 1685//3 1686//3 1671//3
f 1686//3 1674//3 1671//3
f 1677//3 1687//3 1666//3
f 1688//4 1679//4 1669//4
f 1670//2158 1688//2158 1669//2158
f 1689//2159 1690//2159 1678//2159
f 1690//2160 1685//2160 1678//2160
f 1691//2161 1689//2161 1678//2161
f 1679//2161 1691//2161 1678//2161
f 1666//2162 1692//2162 1680//2162
f 1692//2163 1693//2163 1680//2163
f 1693//2164 1694//2164 1680//2164
f 1694//2165 1681//2165 1680//2165
f 1688//4 1691//4 1679//4
f 1695//4 1682//4 1681//4
f 1696//4 1695//4 1681//4
f 1694//2165 1696//2165 1681//2165
f 1695//2166 1684//2166 1682//2166
f 1697//2167 1672//2167 1674//2167
f 1698//2168 1687//2168 1677//2168
f 1699//2169 1698//2169 1677//2169
f 1699//3 1700//3 1698//3
f 1672//3 1701//3 1673//3
f 1702//3 1663//3 1654//3
f 1673//2170 1702//2170 1654//2170
f 1703//3 1704//3 1697//3
f 1705//3 1706//3 1699//3
f 1706//3 1707//3 1699//3
f 1707//3 1700//3 1699//3
f 1676//2171 1699//2171 1677//2171
f 1704//3 1708//3 1697//3
f 1708//2172 1672//2172 1697//2172
f 1703//2173 1697//2173 1674//2173
f 1686//2174 1703//2174 1674//2174
f 1709//2175 1699//2175 1676//2175
f 1709//3 1705//3 1699//3
f 1704//3 1710//3 1708//3
f 1675//2176 1709//2176 1676//2176
f 1711//4 1661//4 1684//4
f 1708//2177 1701//2177 1672//2177
f 1712//3 1666//3 1687//3
f 1698//2178 1712//2178 1687//2178
f 1713//3 1686//3 1685//3
f 1712//3 1692//3 1666//3
f 1710//3 1714//3 1708//3
f 1714//2179 1701//2179 1708//2179
f 1700//2180 1712//2180 1698//2180
f 1715//4 1711//4 1684//4
f 1695//2181 1715//2181 1684//2181
f 1686//2182 1704//2182 1703//2182
f 1716//3 1705//3 1709//3
f 1675//2183 1716//2183 1709//2183
f 1683//4 1717//4 1670//4
f 1717//2184 1688//2184 1670//2184
f 1713//2185 1704//2185 1686//2185
f 1718//2186 1712//2186 1700//2186
f 1718//3 1692//3 1712//3
f 1719//3 1663//3 1702//3
f 1707//2187 1718//2187 1700//2187
f 1720//4 1691//4 1688//4
f 1717//2188 1720//2188 1688//2188
f 1706//2189 1721//2189 1707//2189
f 1721//2190 1718//2190 1707//2190
f 1722//3 1692//3 1718//3
f 1721//3 1722//3 1718//3
f 1723//2191 1724//2191 1690//2191
f 1724//2192 1685//2192 1690//2192
f 1692//2193 1725//2193 1693//2193
f 1685//3 1724//3 1713//3
f 1726//2194 1690//2194 1689//2194
f 1727//2195 1726//2195 1689//2195
f 1691//2195 1727//2195 1689//2195
f 1728//2196 1729//2196 1694//2196
f 1693//2197 1728//2197 1694//2197
f 1729//2198 1696//2198 1694//2198
f 1720//4 1727//4 1691//4
f 1730//4 1731//4 1696//4
f 1732//4 1730//4 1696//4
f 1731//4 1695//4 1696//4
f 1729//2198 1732//2198 1696//2198
f 1722//2199 1725//2199 1692//2199
f 1683//4 1733//4 1717//4
f 1733//2200 1720//2200 1717//2200
f 1731//2201 1715//2201 1695//2201
f 1724//3 1734//3 1713//3
f 1734//2202 1704//2202 1713//2202
f 1667//3 1735//3 1675//3
f 1710//2203 1734//2203 1714//2203
f 1734//2204 1701//2204 1714//2204
f 1736//2205 1721//2205 1706//2205
f 1734//3 1737//3 1701//3
f 1737//3 1673//3 1701//3
f 1738//3 1722//3 1721//3
f 1736//3 1738//3 1721//3
f 1735//3 1739//3 1675//3
f 1739//2206 1716//2206 1675//2206
f 1705//2207 1736//2207 1706//2207
f 1739//3 1738//3 1736//3
f 1705//2208 1739//2208 1736//2208
f 1739//2209 1705//2209 1716//2209
f 1710//2210 1704//2210 1734//2210
f 1735//3 1738//3 1739//3
f 1724//3 1737//3 1734//3
f 1726//2211 1740//2211 1690//2211
f 1740//3 1723//3 1690//3
f 1725//3 1728//3 1693//3
f 1663//2212 1735//2212 1667//2212
f 1741//3 1719//3 1702//3
f 1719//3 1742//3 1663//3
f 1743//4 1711//4 1715//4
f 1731//2213 1743//2213 1715//2213
f 1730//2214 1743//2214 1731//2214
f 1738//2215 1725//2215 1722//2215
f 1740//3 1744//3 1723//3
f 1744//3 1745//3 1723//3
f 1746//3 1728//3 1725//3
f 1747//3 1748//3 1725//3
f 1748//3 1749//3 1725//3
f 1749//3 1746//3 1725//3
f 1738//2216 1747//2216 1725//2216
f 1750//4 1711//4 1743//4
f 1751//4 1750//4 1743//4
f 1730//2217 1751//2217 1743//2217
f 1737//2218 1702//2218 1673//2218
f 1663//2219 1747//2219 1735//2219
f 1723//3 1741//3 1702//3
f 1737//2220 1723//2220 1702//2220
f 1742//3 1747//3 1663//3
f 1745//3 1752//3 1723//3
f 1732//4 1753//4 1730//4
f 1753//2221 1751//2221 1730//2221
f 1754//2222 1740//2222 1726//2222
f 1755//1071 1754//1071 1726//1071
f 1727//1071 1755//1071 1726//1071
f 1728//2223 1746//2223 1729//2223
f 1746//2224 1756//2224 1729//2224
f 1756//1068 1732//1068 1729//1068
f 1757//4 1755//4 1727//4
f 1720//4 1757//4 1727//4
f 1758//4 1753//4 1732//4
f 1756//1068 1758//1068 1732//1068
f 1759//3 1741//3 1723//3
f 1742//3 1760//3 1747//3
f 1723//2225 1737//2225 1724//2225
f 1735//2226 1747//2226 1738//2226
f 1752//3 1759//3 1723//3
f 1760//3 1748//3 1747//3
f 1754//2227 1744//2227 1740//2227
f 1761//3 1762//3 1763//3
f 1719//2228 1761//2228 1763//2228
f 1763//2229 1742//2229 1719//2229
f 1733//2230 1757//2230 1720//2230
f 1764//3 1765//3 1761//3
f 1765//3 1762//3 1761//3
f 1719//2231 1741//2231 1761//2231
f 1766//3 1767//3 1763//3
f 1762//3 1766//3 1763//3
f 1767//2232 1742//2232 1763//2232
f 1683//4 1768//4 1733//4
f 1768//2233 1757//2233 1733//2233
f 293//2234 291//2234 1650//2234
f 1661//2235 293//2235 1650//2235
f 291//190 289//190 1650//190
f 289//190 1683//190 1650//190
f 1769//4 289//4 291//4
f 293//4 1770//4 291//4
f 1770//4 1769//4 291//4
f 1771//3 1764//3 1761//3
f 1741//2236 1771//2236 1761//2236
f 1766//3 1772//3 1767//3
f 1767//2237 1760//2237 1742//2237
f 1773//2238 1766//2238 1762//2238
f 1774//3 1775//3 1773//3
f 1775//2239 1766//2239 1773//2239
f 295//3 1776//3 293//3
f 1776//4 1770//4 293//4
f 1765//2240 1773//2240 1762//2240
f 1777//3 1774//3 1773//3
f 1765//2241 1777//2241 1773//2241
f 1661//2242 323//2242 293//2242
f 1774//3 1778//3 1775//3
f 1779//4 1755//4 1757//4
f 1768//2243 1779//2243 1757//2243
f 1764//2244 1777//2244 1765//2244
f 1780//2245 1772//2245 1766//2245
f 1775//2246 1780//2246 1766//2246
f 1778//3 1780//3 1775//3
f 1781//3 1774//3 1777//3
f 1683//4 1782//4 1768//4
f 1782//2247 1779//2247 1768//2247
f 1711//2248 323//2248 1661//2248
f 1783//3 1784//3 1771//3
f 1784//3 1764//3 1771//3
f 1759//2249 1783//2249 1771//2249
f 1741//2250 1759//2250 1771//2250
f 1772//3 1785//3 1767//3
f 1785//3 1786//3 1767//3
f 1786//2251 1760//2251 1767//2251
f 1787//2252 1744//2252 1754//2252
f 1788//2253 1787//2253 1754//2253
f 1755//2253 1788//2253 1754//2253
f 1746//2254 1789//2254 1756//2254
f 1789//2255 1758//2255 1756//2255
f 1779//4 1788//4 1755//4
f 1790//4 1791//4 1758//4
f 1791//4 1753//4 1758//4
f 1789//2255 1790//2255 1758//2255
f 1769//574 1778//574 1774//574
f 1770//574 1778//574 1769//574
f 1778//3 1792//3 1780//3
f 1792//2256 1772//2256 1780//2256
f 1793//2257 1769//2257 1774//2257
f 1781//2258 1793//2258 1774//2258
f 1793//4 289//4 1769//4
f 1784//2259 1794//2259 1764//2259
f 1794//2260 1777//2260 1764//2260
f 1792//2261 1785//2261 1772//2261
f 1794//3 1781//3 1777//3
f 1795//2262 1796//2262 1797//2262
f 301//2263 1795//2263 1797//2263
f 298//2264 301//2264 1797//2264
f 1796//2265 1798//2265 1797//2265
f 1798//2266 298//2266 1797//2266
f 1799//3 1792//3 1778//3
f 1770//978 1799//978 1778//978
f 1776//978 1799//978 1770//978
f 1711//2267 352//2267 323//2267
f 296//2268 298//2268 1798//2268
f 351//2269 1795//2269 301//2269
f 1750//2270 352//2270 1711//2270
f 1791//2271 1751//2271 1753//2271
f 1800//2272 1796//2272 1795//2272
f 351//2273 1800//2273 1795//2273
f 1801//3 1802//3 1783//3
f 1802//3 1803//3 1783//3
f 1803//3 1784//3 1783//3
f 1785//3 1804//3 1786//3
f 1804//3 1805//3 1786//3
f 1805//3 1806//3 1786//3
f 1807//3 1748//3 1760//3
f 1808//3 1807//3 1760//3
f 1786//2274 1808//2274 1760//2274
f 1799//3 1809//3 1792//3
f 1809//2275 1785//2275 1792//2275
f 1803//3 1810//3 1784//3
f 1810//2276 1811//2276 1784//2276
f 1811//2277 1812//2277 1784//2277
f 1812//2278 1813//2278 1784//2278
f 1814//2279 1794//2279 1784//2279
f 1813//2280 1814//2280 1784//2280
f 1815//2281 1816//2281 1785//2281
f 1817//2282 1815//2282 1785//2282
f 1816//3 1818//3 1785//3
f 1818//3 1804//3 1785//3
f 1809//2283 1817//2283 1785//2283
f 1819//2284 1798//2284 1796//2284
f 1800//2285 1819//2285 1796//2285
f 1794//3 1814//3 1781//3
f 1814//3 1820//3 1781//3
f 1820//2286 1793//2286 1781//2286
f 1821//4 1750//4 1751//4
f 1791//2287 1821//2287 1751//2287
f 1822//4 1788//4 1779//4
f 1782//2288 1822//2288 1779//2288
f 1819//2289 374//2289 1798//2289
f 374//2290 296//2290 1798//2290
f 375//2291 1800//2291 351//2291
f 289//2292 1793//2292 1820//2292
f 1823//3 1809//3 1799//3
f 1824//3 1823//3 1799//3
f 1825//2293 1824//2293 1799//2293
f 1776//2293 1825//2293 1799//2293
f 295//3 1825//3 1776//3
f 1826//2294 1810//2294 1803//2294
f 1827//2295 1826//2295 1803//2295
f 1818//2296 1828//2296 1804//2296
f 1828//2297 1805//2297 1804//2297
f 1829//3 1826//3 1827//3
f 1800//2298 405//2298 1819//2298
f 405//90 374//90 1819//90
f 405//2299 1800//2299 375//2299
f 1683//4 1830//4 1782//4
f 1830//2300 1822//2300 1782//2300
f 1790//4 1831//4 1791//4
f 1831//2301 1821//2301 1791//2301
f 1802//2302 1827//2302 1803//2302
f 1832//2303 1811//2303 1810//2303
f 1826//2304 1832//2304 1810//2304
f 1816//2305 1833//2305 1818//2305
f 1833//2306 1828//2306 1818//2306
f 1828//2307 1834//2307 1805//2307
f 1834//2308 1806//2308 1805//2308
f 1835//3 1834//3 1828//3
f 1833//3 1835//3 1828//3
f 1836//3 1829//3 1827//3
f 1802//2309 1836//2309 1827//2309
f 1837//3 1835//3 1833//3
f 414//2310 352//2310 1750//2310
f 1838//529 417//529 1750//529
f 417//529 414//529 1750//529
f 1821//4 1839//4 1750//4
f 1839//4 1840//4 1750//4
f 1840//4 1838//4 1750//4
f 1841//3 1832//3 1826//3
f 1829//3 1841//3 1826//3
f 1835//3 1842//3 1834//3
f 1843//2311 1745//2311 1787//2311
f 1745//2312 1744//2312 1787//2312
f 1844//2313 1843//2313 1787//2313
f 1788//2313 1844//2313 1787//2313
f 1746//2314 1845//2314 1789//2314
f 1845//2315 1790//2315 1789//2315
f 1822//4 1844//4 1788//4
f 1846//4 1831//4 1790//4
f 1845//2315 1846//2315 1790//2315
f 1847//2316 1814//2316 1813//2316
f 1812//2317 1847//2317 1813//2317
f 1848//2318 1817//2318 1809//2318
f 1849//2319 1816//2319 1815//2319
f 1850//4 295//4 289//4
f 1820//476 1850//476 289//476
f 1851//3 1837//3 1833//3
f 1816//2320 1851//2320 1833//2320
f 1852//3 1824//3 1820//3
f 1814//3 1852//3 1820//3
f 1824//2321 1825//2321 1820//2321
f 1825//2322 1850//2322 1820//2322
f 1853//3 1823//3 1824//3
f 1825//4 295//4 1850//4
f 1749//2323 1845//2323 1746//2323
f 1848//2324 1815//2324 1817//2324
f 1823//2325 1848//2325 1809//2325
f 1801//2244 1836//2244 1802//2244
f 1849//2326 1851//2326 1816//2326
f 1854//3 1786//3 1806//3
f 1855//2327 1854//2327 1806//2327
f 1834//2328 1855//2328 1806//2328
f 1841//3 1856//3 1832//3
f 1857//2329 1811//2329 1832//2329
f 1856//2330 1857//2330 1832//2330
f 1842//3 1855//3 1834//3
f 1858//3 1837//3 1851//3
f 1859//2331 1858//2331 1851//2331
f 1849//2332 1859//2332 1851//2332
f 1857//3 1860//3 1847//3
f 1812//2333 1857//2333 1847//2333
f 1860//2334 1852//2334 1847//2334
f 1852//2335 1814//2335 1847//2335
f 1861//3 1859//3 1848//3
f 1859//2336 1815//2336 1848//2336
f 1823//2337 1861//2337 1848//2337
f 1852//3 1853//3 1824//3
f 1862//3 1829//3 1836//3
f 1863//3 1864//3 1783//3
f 1864//3 1801//3 1783//3
f 1759//2338 1863//2338 1783//2338
f 1854//3 1865//3 1786//3
f 1865//2339 1808//2339 1786//2339
f 1866//3 1807//3 1808//3
f 1865//2340 1866//2340 1808//2340
f 1841//3 1867//3 1856//3
f 1842//3 1868//3 1855//3
f 295//4 1869//4 289//4
f 1869//4 467//4 289//4
f 467//190 1683//190 289//190
f 1870//3 1871//3 295//3
f 442//4 1870//4 295//4
f 1871//3 1872//3 295//3
f 1872//3 1869//3 295//3
f 1873//4 1874//4 295//4
f 1874//4 1875//4 295//4
f 1875//4 1876//4 295//4
f 1876//4 442//4 295//4
f 1877//3 1873//3 295//3
f 414//4 1877//4 295//4
f 417//4 1878//4 414//4
f 1878//4 1877//4 414//4
f 1811//2341 1857//2341 1812//2341
f 1859//2342 1849//2342 1815//2342
f 1869//932 1841//932 1829//932
f 1874//2343 1873//2343 1835//2343
f 1837//2344 1874//2344 1835//2344
f 1873//574 1842//574 1835//574
f 1872//932 1841//932 1869//932
f 1877//574 1842//574 1873//574
f 1857//3 1879//3 1860//3
f 1880//3 1859//3 1861//3
f 1881//3 1880//3 1861//3
f 1823//2345 1853//2345 1861//2345
f 1853//2346 1881//2346 1861//2346
f 1868//3 1882//3 1855//3
f 1882//2347 1854//2347 1855//2347
f 1883//2348 1869//2348 1829//2348
f 1862//2348 1883//2348 1829//2348
f 1872//2349 1867//2349 1841//2349
f 1875//272 1874//272 1837//272
f 1877//2349 1868//2349 1842//2349
f 1883//4 467//4 1869//4
f 1871//2349 1867//2349 1872//2349
f 1878//2349 1868//2349 1877//2349
f 1683//4 1884//4 1830//4
f 1885//2260 1836//2260 1801//2260
f 1864//2259 1885//2259 1801//2259
f 1886//3 1865//3 1854//3
f 1882//2350 1886//2350 1854//2350
f 1856//2351 1879//2351 1857//2351
f 1880//2352 1858//2352 1859//2352
f 1885//3 1862//3 1836//3
f 1860//2353 1853//2353 1852//2353
f 1887//3 1862//3 1885//3
f 1888//3 1837//3 1858//3
f 1879//3 1881//3 1860//3
f 1881//2354 1853//2354 1860//2354
f 1879//3 1880//3 1881//3
f 1889//2355 1883//2355 1862//2355
f 1887//2355 1889//2355 1862//2355
f 1876//2356 1875//2356 1837//2356
f 1888//2357 1876//2357 1837//2357
f 1889//4 467//4 1883//4
f 1831//2358 1839//2358 1821//2358
f 471//2359 1884//2359 1683//2359
f 467//601 471//601 1683//601
f 1889//4 471//4 467//4
f 1843//2360 1890//2360 1745//2360
f 1890//2361 1752//2361 1745//2361
f 1891//2362 1845//2362 1749//2362
f 1748//2363 1892//2363 1749//2363
f 1892//2364 1891//2364 1749//2364
f 1867//3 1893//3 1856//3
f 1893//2365 1879//2365 1856//2365
f 1868//3 1894//3 1882//3
f 1894//2366 1886//2366 1882//2366
f 1895//3 1896//3 1890//3
f 1896//2367 1752//2367 1890//2367
f 1892//3 1897//3 1891//3
f 1897//3 1898//3 1891//3
f 1863//3 1899//3 1864//3
f 1899//2368 1900//2368 1864//2368
f 1900//2369 1885//2369 1864//2369
f 1901//3 1865//3 1886//3
f 1894//2370 1901//2370 1886//2370
f 1885//3 1900//3 1887//3
f 1902//3 1893//3 1867//3
f 1871//2371 1902//2371 1867//2371
f 1903//2372 1876//2372 1888//2372
f 1904//3 1894//3 1868//3
f 1878//2371 1904//2371 1868//2371
f 1870//2373 1902//2373 1871//2373
f 1903//4 442//4 1876//4
f 417//4 1905//4 1878//4
f 1905//2373 1904//2373 1878//2373
f 1846//4 1906//4 1831//4
f 1906//2374 1839//2374 1831//2374
f 1907//3 1899//3 1863//3
f 1908//2375 1907//2375 1863//2375
f 1759//2376 1908//2376 1863//2376
f 1752//3 1908//3 1759//3
f 1909//3 1807//3 1866//3
f 1895//3 1910//3 1896//3
f 1911//2377 1890//2377 1843//2377
f 1912//2378 1911//2378 1843//2378
f 1844//2378 1912//2378 1843//2378
f 1891//2379 1913//2379 1845//2379
f 1913//2380 1914//2380 1845//2380
f 1914//2381 1846//2381 1845//2381
f 1915//4 1912//4 1844//4
f 1822//4 1915//4 1844//4
f 1916//4 1906//4 1846//4
f 1914//2381 1916//2381 1846//2381
f 1911//2382 1917//2382 1890//2382
f 1918//3 1895//3 1890//3
f 1917//3 1918//3 1890//3
f 1898//3 1913//3 1891//3
f 1919//3 1897//3 1892//3
f 1807//2383 1919//2383 1892//2383
f 1748//2384 1807//2384 1892//2384
f 1900//3 1920//3 1887//3
f 1920//3 1921//3 1887//3
f 1922//476 1889//476 1887//476
f 1921//2385 1922//2385 1887//2385
f 1923//3 1893//3 1902//3
f 1921//3 1923//3 1902//3
f 1870//2386 1921//2386 1902//2386
f 1858//3 1924//3 1888//3
f 1925//3 1926//3 1904//3
f 1926//3 1894//3 1904//3
f 1905//2387 1925//2387 1904//2387
f 528//4 471//4 1889//4
f 1922//4 528//4 1889//4
f 1926//2388 1901//2388 1894//2388
f 1906//2389 1840//2389 1839//2389
f 1830//2390 1915//2390 1822//2390
f 1899//2391 1920//2391 1900//2391
f 1880//2392 1924//2392 1858//2392
f 1907//3 1927//3 1899//3
f 1927//2393 1920//2393 1899//2393
f 1928//3 1865//3 1901//3
f 1929//3 1928//3 1901//3
f 1926//2394 1929//2394 1901//2394
f 1930//3 1880//3 1879//3
f 1923//2395 1930//2395 1879//2395
f 1893//2396 1923//2396 1879//2396
f 1930//3 1931//3 1880//3
f 1931//3 1932//3 1880//3
f 1932//3 1933//3 1880//3
f 1933//2397 1924//2397 1880//2397
f 1920//3 1934//3 1921//3
f 1924//3 1925//3 1888//3
f 1925//2398 1903//2398 1888//2398
f 1935//3 1926//3 1925//3
f 1905//2399 417//2399 1925//2399
f 442//4 528//4 1922//4
f 442//4 1922//4 1870//4
f 1922//1058 1921//1058 1870//1058
f 417//4 442//4 1903//4
f 1903//2400 1925//2400 417//2400
f 471//2401 528//2401 1884//2401
f 1934//3 1923//3 1921//3
f 1924//3 1935//3 1925//3
f 1936//3 1937//3 1896//3
f 1910//3 1936//3 1896//3
f 1937//2402 1752//2402 1896//2402
f 1807//2403 1909//2403 1919//2403
f 1938//3 1908//3 1752//3
f 1937//2404 1938//2404 1752//2404
f 1927//2405 1934//2405 1920//2405
f 1884//4 1939//4 1830//4
f 1939//2406 1915//2406 1830//2406
f 1907//3 1940//3 1927//3
f 1940//3 1941//3 1927//3
f 1941//2407 1942//2407 1927//2407
f 1942//2408 1934//2408 1927//2408
f 1943//3 1928//3 1929//3
f 1935//2409 1943//2409 1929//2409
f 1926//2410 1935//2410 1929//2410
f 1944//3 1931//3 1930//3
f 1945//3 1940//3 1907//3
f 1946//2411 1910//2411 1895//2411
f 1947//2412 1946//2412 1895//2412
f 1948//2413 1898//2413 1897//2413
f 1949//2414 1948//2414 1897//2414
f 1947//3 1950//3 1946//3
f 1949//3 1951//3 1948//3
f 1952//4 1912//4 1915//4
f 1939//2415 1952//2415 1915//2415
f 1953//3 1951//3 1949//3
f 1950//3 1954//3 1946//3
f 1951//3 1955//3 1948//3
f 1955//2416 1898//2416 1948//2416
f 1956//2417 1943//2417 1935//2417
f 1941//2418 1957//2418 1942//2418
f 1956//2419 1958//2419 1943//2419
f 1959//2420 1928//2420 1943//2420
f 1958//2421 1959//2421 1943//2421
f 1960//3 1961//3 1930//3
f 1961//3 1944//3 1930//3
f 1923//2422 1960//2422 1930//2422
f 1932//3 1962//3 1933//3
f 1962//2423 1924//2423 1933//2423
f 1934//2424 1960//2424 1923//2424
f 1962//2425 1935//2425 1924//2425
f 1960//2426 1942//2426 1957//2426
f 1956//2427 1962//2427 1958//2427
f 1957//2428 1961//2428 1960//2428
f 1934//2429 1942//2429 1960//2429
f 1932//3 1963//3 1962//3
f 1963//2430 1958//2430 1962//2430
f 1956//2431 1935//2431 1962//2431
f 1964//2432 1947//2432 1895//2432
f 1946//2433 1936//2433 1910//2433
f 1918//2434 1964//2434 1895//2434
f 1954//2435 1936//2435 1946//2435
f 1936//3 1965//3 1937//3
f 1965//2436 1938//2436 1937//2436
f 1966//3 1897//3 1919//3
f 1967//3 1966//3 1919//3
f 1909//2437 1967//2437 1919//2437
f 1964//3 1950//3 1947//3
f 1953//2438 1949//2438 1897//2438
f 1966//2439 1953//2439 1897//2439
f 1968//3 1913//3 1898//3
f 1955//2440 1968//2440 1898//2440
f 1969//3 1950//3 1964//3
f 1969//2441 1964//2441 1918//2441
f 1970//2442 1971//2442 1911//2442
f 1912//2442 1970//2442 1911//2442
f 1952//4 1970//4 1912//4
f 1971//2443 1917//2443 1911//2443
f 528//2444 556//2444 1884//2444
f 442//4 1972//4 528//4
f 1972//4 1973//4 528//4
f 1973//4 556//4 528//4
f 1941//2445 1974//2445 1957//2445
f 1975//4 1976//4 442//4
f 557//4 1975//4 442//4
f 1976//4 1972//4 442//4
f 1977//3 1978//3 442//3
f 1978//3 1979//3 442//3
f 1979//3 557//3 442//3
f 417//4 1977//4 442//4
f 1838//529 557//529 417//529
f 557//4 1980//4 417//4
f 1980//4 1977//4 417//4
f 1981//2446 1914//2446 1913//2446
f 1968//3 1981//3 1913//3
f 1981//2447 1982//2447 1914//2447
f 1982//2448 1916//2448 1914//2448
f 1983//4 1906//4 1916//4
f 1982//2448 1983//2448 1916//2448
f 1950//2449 1984//2449 1954//2449
f 1984//2450 1936//2450 1954//2450
f 1984//3 1965//3 1936//3
f 1951//2451 1968//2451 1955//2451
f 1917//3 1985//3 1918//3
f 1985//2452 1969//2452 1918//2452
f 1967//3 1986//3 1966//3
f 1986//3 1987//3 1966//3
f 1987//2453 1951//2453 1966//2453
f 1951//2454 1953//2454 1966//2454
f 1988//3 1989//3 1990//3
f 1989//2455 1961//2455 1990//2455
f 1961//2456 1974//2456 1990//2456
f 1991//3 1992//3 1993//3
f 1959//2457 1963//2457 1993//2457
f 1963//2458 1991//2458 1993//2458
f 1961//2459 1957//2459 1974//2459
f 1958//2460 1963//2460 1959//2460
f 1989//2461 1944//2461 1961//2461
f 1932//2462 1991//2462 1963//2462
f 1941//2463 1990//2463 1974//2463
f 1994//2464 1990//2464 1941//2464
f 1940//2465 1994//2465 1941//2465
f 1993//2466 1928//2466 1959//2466
f 1985//2467 1984//2467 1950//2467
f 1994//3 1988//3 1990//3
f 1985//3 1965//3 1984//3
f 1995//3 1992//3 1991//3
f 1996//3 1965//3 1985//3
f 1988//3 1997//3 1989//3
f 1992//3 1998//3 1993//3
f 1917//3 1996//3 1985//3
f 1950//2468 1969//2468 1985//2468
f 1987//2469 1968//2469 1951//2469
f 1986//3 1981//3 1968//3
f 1987//3 1986//3 1968//3
f 1928//3 1999//3 1865//3
f 1999//3 2000//3 1865//3
f 2000//2470 1866//2470 1865//2470
f 2001//3 1909//3 1866//3
f 2000//2471 2001//2471 1866//2471
f 1945//2472 2002//2472 1940//2472
f 2002//2473 1994//2473 1940//2473
f 2003//2474 1999//2474 1928//2474
f 1993//2475 2003//2475 1928//2475
f 2004//3 1931//3 1944//3
f 1989//2476 2004//2476 1944//2476
f 1931//2477 1991//2477 1932//2477
f 1998//3 2003//3 1993//3
f 2002//3 1988//3 1994//3
f 1983//4 2005//4 1906//4
f 2005//2478 1840//2478 1906//2478
f 2006//3 1988//3 2002//3
f 2007//3 1995//3 1991//3
f 1931//2479 2007//2479 1991//2479
f 2008//2480 1986//2480 1967//2480
f 1909//2481 2008//2481 1967//2481
f 2009//3 1908//3 1938//3
f 1965//2482 2009//2482 1938//2482
f 2010//3 2008//3 1909//3
f 2001//3 2010//3 1909//3
f 2011//4 1838//4 1840//4
f 2005//2483 2011//2483 1840//2483
f 1973//2484 1972//2484 1988//2484
f 1972//2485 1997//2485 1988//2485
f 1978//2486 1977//2486 1992//2486
f 1995//2344 1978//2344 1992//2344
f 1977//2487 1998//2487 1992//2487
f 2012//4 2013//4 1884//4
f 2013//4 1939//4 1884//4
f 600//2488 2012//2488 1884//2488
f 556//2489 600//2489 1884//2489
f 1973//4 600//4 556//4
f 1997//3 2014//3 1989//3
f 2014//2490 2004//2490 1989//2490
f 2006//2491 1973//2491 1988//2491
f 1979//2492 1978//2492 1995//2492
f 1976//2493 1997//2493 1972//2493
f 1980//2494 1998//2494 1977//2494
f 2015//2495 2002//2495 1945//2495
f 2016//3 2000//3 1999//3
f 2003//2496 2016//2496 1999//2496
f 2017//3 2018//3 2004//3
f 2018//3 1931//3 2004//3
f 2014//2497 2017//2497 2004//2497
f 2018//2498 2007//2498 1931//2498
f 2015//3 2006//3 2002//3
f 2019//3 1995//3 2007//3
f 2020//3 2014//3 1997//3
f 1976//2499 2020//2499 1997//2499
f 2019//2356 1979//2356 1995//2356
f 1975//2500 2020//2500 1976//2500
f 1996//2501 2009//2501 1965//2501
f 2021//3 1908//3 2009//3
f 2022//3 2021//3 2009//3
f 2023//2502 1996//2502 1917//2502
f 1971//2503 2023//2503 1917//2503
f 2024//2504 2023//2504 1971//2504
f 2025//2505 2024//2505 1971//2505
f 2026//2506 2025//2506 1971//2506
f 1970//2506 2026//2506 1971//2506
f 2027//2507 2028//2507 1982//2507
f 1981//2508 2027//2508 1982//2508
f 2028//2509 1983//2509 1982//2509
f 1952//4 2026//4 1970//4
f 2029//4 2005//4 1983//4
f 2028//2509 2029//2509 1983//2509
f 2023//2510 2009//2510 1996//2510
f 2008//2511 1981//2511 1986//2511
f 2030//3 2022//3 2009//3
f 2023//3 2030//3 2009//3
f 2010//3 2027//3 2008//3
f 2027//2512 1981//2512 2008//2512
f 1998//3 2031//3 2003//3
f 2031//2513 2016//2513 2003//2513
f 2032//3 2033//3 1907//3
f 2033//3 1945//3 1907//3
f 2021//2514 2032//2514 1907//2514
f 1908//2515 2021//2515 1907//2515
f 2016//3 2034//3 2000//3
f 2034//2516 2001//2516 2000//2516
f 2035//4 2026//4 1952//4
f 1939//2517 2035//2517 1952//2517
f 2033//2518 2015//2518 1945//2518
f 2036//3 2034//3 2016//3
f 2031//2370 2036//2370 2016//2370
f 2037//3 2038//3 2017//3
f 2038//3 2039//3 2017//3
f 2039//3 2018//3 2017//3
f 2014//2519 2040//2519 2017//2519
f 2040//2520 2037//2520 2017//2520
f 2041//3 2042//3 2018//3
f 2039//3 2041//3 2018//3
f 2043//2521 2007//2521 2018//2521
f 2042//2522 2043//2522 2018//2522
f 2044//2523 1973//2523 2006//2523
f 2040//3 2014//3 2020//3
f 2007//3 2043//3 2019//3
f 2045//2524 1979//2524 2019//2524
f 2046//3 2031//3 1998//3
f 1980//2525 2046//2525 1998//2525
f 2044//4 600//4 1973//4
f 2045//3 557//3 1979//3
f 557//4 2047//4 1980//4
f 2047//531 2046//531 1980//531
f 2024//3 2030//3 2023//3
f 2048//2526 2028//2526 2027//2526
f 2010//3 2049//3 2027//3
f 2049//3 2048//3 2027//3
f 2050//4 2013//4 2012//4
f 2051//4 2052//4 2012//4
f 2052//4 2053//4 2012//4
f 2053//4 2050//4 2012//4
f 600//875 557//875 2012//875
f 557//875 2051//875 2012//875
f 2044//4 557//4 600//4
f 2015//3 2054//3 2006//3
f 2054//3 2055//3 2006//3
f 2056//2527 2044//2527 2006//2527
f 2055//2528 2056//2528 2006//2528
f 2055//3 2040//3 2020//3
f 1975//2529 2055//2529 2020//2529
f 2043//3 2057//3 2019//3
f 2058//2530 2045//2530 2019//2530
f 2057//2530 2058//2530 2019//2530
f 2059//3 2031//3 2046//3
f 2056//3 557//3 2044//3
f 557//4 2060//4 1975//4
f 2060//2531 2055//2531 1975//2531
f 2058//4 557//4 2045//4
f 2038//2532 2061//2532 2039//2532
f 2061//2533 2062//2533 2039//2533
f 2062//2534 2041//2534 2039//2534
f 2063//3 2062//3 2061//3
f 2059//2535 2036//2535 2031//2535
f 2013//2536 2035//2536 1939//2536
f 2029//4 2064//4 2005//4
f 2064//2537 2011//2537 2005//2537
f 2063//3 2065//3 2062//3
f 2033//2538 2054//2538 2015//2538
f 2032//3 2066//3 2033//3
f 2066//2539 2054//2539 2033//2539
f 2067//3 2034//3 2036//3
f 2059//2540 2067//2540 2036//2540
f 2068//3 2038//3 2037//3
f 2069//4 1838//4 2011//4
f 2064//2541 2069//2541 2011//2541
f 2070//4 2026//4 2035//4
f 2013//2542 2070//2542 2035//2542
f 2071//2543 2037//2543 2072//2543
f 2042//2544 2073//2544 2074//2544
f 2075//2545 2042//2545 2074//2545
f 2071//2546 2068//2546 2037//2546
f 2040//2547 2076//2547 2037//2547
f 2076//2548 2072//2548 2037//2548
f 2041//3 2077//3 2042//3
f 2077//2549 2073//2549 2042//2549
f 2075//2550 2043//2550 2042//2550
f 2054//3 2078//3 2055//3
f 2060//2551 2056//2551 2055//2551
f 2076//3 2040//3 2055//3
f 2079//3 2076//3 2055//3
f 2075//3 2080//3 2057//3
f 2043//3 2075//3 2057//3
f 2081//2552 2058//2552 2057//2552
f 2082//3 2059//3 2046//3
f 2057//3 2082//3 2046//3
f 2081//2553 2057//2553 2046//2553
f 2047//2554 2081//2554 2046//2554
f 2060//4 557//4 2056//4
f 2081//4 557//4 2058//4
f 557//4 2081//4 2047//4
f 2083//2555 2075//2555 2074//2555
f 2084//2556 2061//2556 2038//2556
f 2068//2557 2084//2557 2038//2557
f 2062//2558 2077//2558 2041//2558
f 2065//3 2085//3 2062//3
f 2085//2559 2077//2559 2062//2559
f 2084//3 2063//3 2061//3
f 2078//3 2079//3 2055//3
f 2080//3 2082//3 2057//3
f 2086//3 2087//3 2084//3
f 2087//3 2063//3 2084//3
f 2068//2560 2086//2560 2084//2560
f 2088//3 2089//3 557//3
f 2090//4 2091//4 557//4
f 2091//3 2092//3 557//3
f 2092//3 2088//3 557//3
f 691//3 2093//3 557//3
f 2093//3 690//3 557//3
f 1838//2561 691//2561 557//2561
f 2066//2562 2078//2562 2054//2562
f 2094//2563 2083//2563 2074//2563
f 2073//2564 2094//2564 2074//2564
f 2095//3 2010//3 2001//3
f 2034//2565 2095//2565 2001//2565
f 2082//2566 2067//2566 2059//2566
f 2029//4 2096//4 2064//4
f 2096//2567 2069//2567 2064//2567
f 2088//574 2065//574 2063//574
f 2092//2568 2065//2568 2088//2568
f 2097//2569 2068//2569 2071//2569
f 2077//2570 2098//2570 2073//2570
f 2097//2571 2086//2571 2068//2571
f 2085//2572 2098//2572 2077//2572
f 2099//2573 2071//2573 2072//2573
f 2100//2574 2099//2574 2072//2574
f 2076//2575 2079//2575 2072//2575
f 2079//2576 2100//2576 2072//2576
f 2101//3 2034//3 2067//3
f 2082//2577 2101//2577 2067//2577
f 2083//2578 2080//2578 2075//2578
f 2025//2579 2102//2579 2024//2579
f 2089//272 2088//272 2063//272
f 2087//272 2089//272 2063//272
f 2091//274 2065//274 2092//274
f 2099//2580 2097//2580 2071//2580
f 2098//2581 2094//2581 2073//2581
f 2103//2582 2102//2582 2025//2582
f 2026//2582 2103//2582 2025//2582
f 2048//2583 2104//2583 2028//2583
f 2104//2584 2029//2584 2028//2584
f 2070//4 2103//4 2026//4
f 2105//4 2096//4 2029//4
f 2104//2584 2105//2584 2029//2584
f 688//2585 689//2585 2106//2585
f 2107//2586 2108//2586 2106//2586
f 689//2587 2107//2587 2106//2587
f 2109//4 2110//4 1838//4
f 2069//4 2111//4 1838//4
f 2111//4 2112//4 1838//4
f 2112//4 2109//4 1838//4
f 2110//2588 691//2588 1838//2588
f 2032//3 2100//3 2066//3
f 2079//2589 2078//2589 2066//2589
f 2100//2590 2079//2590 2066//2590
f 2094//3 2113//3 2083//3
f 2113//2591 2080//2591 2083//2591
f 2113//3 2034//3 2101//3
f 2082//2592 2113//2592 2101//2592
f 2096//2593 2111//2593 2069//2593
f 690//2594 2107//2594 689//2594
f 2099//2595 2086//2595 2097//2595
f 2085//2596 2094//2596 2098//2596
f 2113//2597 2082//2597 2080//2597
f 2032//3 2099//3 2100//3
f 2094//3 2034//3 2113//3
f 2114//3 2085//3 2065//3
f 2091//2598 2114//2598 2065//2598
f 2090//2599 2114//2599 2091//2599
f 2115//2600 687//2600 2106//2600
f 687//2601 688//2601 2106//2601
f 2108//2602 2115//2602 2106//2602
f 2114//3 2116//3 2085//3
f 2116//2603 2094//2603 2085//2603
f 690//2604 2108//2604 2107//2604
f 2117//3 2118//3 2099//3
f 2032//3 2117//3 2099//3
f 2118//2368 2119//2368 2099//2368
f 2119//2605 2086//2605 2099//2605
f 2120//3 2034//3 2094//3
f 2121//3 2120//3 2094//3
f 2116//2370 2121//2370 2094//2370
f 2122//2606 2115//2606 2108//2606
f 2123//2607 2122//2607 2108//2607
f 2122//2608 754//2608 2115//2608
f 754//2286 687//2286 2115//2286
f 690//2609 2123//2609 2108//2609
f 2086//3 2119//3 2087//3
f 2119//3 2124//3 2087//3
f 2125//2610 2089//2610 2087//2610
f 2124//2610 2125//2610 2087//2610
f 2125//3 557//3 2089//3
f 2093//4 757//4 690//4
f 757//2611 2123//2611 690//2611
f 2126//2612 2117//2612 2032//2612
f 2021//2612 2126//2612 2032//2612
f 2120//2613 2095//2613 2034//2613
f 2022//3 2126//3 2021//3
f 2127//3 2010//3 2095//3
f 2050//2614 2070//2614 2013//2614
f 2105//4 2128//4 2096//4
f 2128//2615 2111//2615 2096//2615
f 2109//4 2129//4 2110//4
f 2129//4 2130//4 2110//4
f 2093//2616 691//2616 2110//2616
f 2130//2617 2093//2617 2110//2617
f 2131//4 2103//4 2070//4
f 2050//2618 2131//2618 2070//2618
f 777//2619 754//2619 2122//2619
f 2132//3 2133//3 2124//3
f 2134//3 2132//3 2124//3
f 2119//3 2134//3 2124//3
f 2135//476 2125//476 2124//476
f 2133//2620 2135//2620 2124//2620
f 2136//3 2116//3 2114//3
f 2135//3 557//3 2125//3
f 2093//4 777//4 757//4
f 777//2621 2123//2621 757//2621
f 2136//2622 2121//2622 2116//2622
f 777//2623 2122//2623 2123//2623
f 2093//4 557//4 777//4
f 2118//2624 2134//2624 2119//2624
f 2117//3 2137//3 2118//3
f 2137//2625 2134//2625 2118//2625
f 2138//3 2120//3 2121//3
f 2136//2626 2138//2626 2121//2626
f 2135//3 797//3 557//3
f 797//1057 2051//1057 557//1057
f 797//4 2139//4 2090//4
f 2140//4 797//4 2090//4
f 557//4 2140//4 2090//4
f 2139//2627 2114//2627 2090//2627
f 800//3 2140//3 557//3
f 2093//3 800//3 557//3
f 2130//2628 800//2628 2093//2628
f 2132//3 2141//3 2133//3
f 2139//2629 2135//2629 2133//2629
f 2133//3 2136//3 2114//3
f 2139//2630 2133//2630 2114//2630
f 2139//4 797//4 2135//4
f 2137//2631 2132//2631 2134//2631
f 2142//2632 2143//2632 2024//2632
f 2102//2633 2142//2633 2024//2633
f 2143//3 2030//3 2024//3
f 2144//2634 2104//2634 2048//2634
f 2049//3 2144//3 2048//3
f 2145//3 2136//3 2133//3
f 2141//3 2145//3 2133//3
f 2146//2635 2142//2635 2102//2635
f 2103//2635 2146//2635 2102//2635
f 2144//2636 2147//2636 2104//2636
f 2147//2637 2105//2637 2104//2637
f 2131//4 2146//4 2103//4
f 2148//4 2128//4 2105//4
f 2147//2637 2148//2637 2105//2637
f 2129//4 2149//4 2130//4
f 2149//4 2150//4 2130//4
f 2137//2638 2141//2638 2132//2638
f 2117//3 2151//3 2137//3
f 2151//3 2152//3 2137//3
f 2152//2639 2141//2639 2137//2639
f 2153//3 2120//3 2138//3
f 2136//2640 2153//2640 2138//2640
f 2152//2641 2145//2641 2141//2641
f 2150//4 2051//4 2130//4
f 2051//2642 797//2642 2130//2642
f 797//2643 2140//2643 2130//2643
f 2140//2644 800//2644 2130//2644
f 2145//2645 2153//2645 2136//2645
f 2151//3 2120//3 2153//3
f 2152//3 2151//3 2153//3
f 2145//2646 2152//2646 2153//2646
f 2154//2647 2151//2647 2117//2647
f 2126//2648 2154//2648 2117//2648
f 2022//3 2154//3 2126//3
f 2155//3 2127//3 2095//3
f 2120//2649 2155//2649 2095//2649
f 2156//4 2157//4 2051//4
f 2157//4 2052//4 2051//4
f 2150//4 2158//4 2051//4
f 2158//4 2156//4 2051//4
f 2128//2650 2112//2650 2111//2650
f 2159//4 2146//4 2131//4
f 2050//2651 2159//2651 2131//2651
f 2154//2652 2155//2652 2151//2652
f 2151//2653 2155//2653 2120//2653
f 2160//3 2155//3 2154//3
f 2022//3 2160//3 2154//3
f 2053//2654 2159//2654 2050//2654
f 2148//4 2161//4 2128//4
f 2161//2655 2112//2655 2128//2655
f 2160//3 2127//3 2155//3
f 2142//2656 2162//2656 2143//2656
f 2162//2657 2163//2657 2143//2657
f 2163//3 2030//3 2143//3
f 2164//2658 2147//2658 2144//2658
f 2049//3 2164//3 2144//3
f 2165//3 2166//3 2167//3
f 2166//3 2168//3 2167//3
f 2022//2659 2165//2659 2167//2659
f 2169//2660 2010//2660 2170//2660
f 2171//3 2172//3 2170//3
f 2172//3 2169//3 2170//3
f 2010//2661 2127//2661 2170//2661
f 2173//3 2171//3 2170//3
f 2127//2662 2173//2662 2170//2662
f 2168//3 2174//3 2167//3
f 2175//3 2176//3 2167//3
f 2174//3 2175//3 2167//3
f 2160//2663 2022//2663 2167//2663
f 2176//2664 2160//2664 2167//2664
f 2177//2665 2162//2665 2142//2665
f 2146//2665 2177//2665 2142//2665
f 2164//2658 2178//2658 2147//2658
f 2178//2666 2148//2666 2147//2666
f 2159//4 2177//4 2146//4
f 2179//4 2161//4 2148//4
f 2178//2666 2179//2666 2148//2666
f 2161//2667 2109//2667 2112//2667
f 2180//4 2177//4 2159//4
f 2053//2668 2180//2668 2159//2668
f 2022//2669 2030//2669 2165//2669
f 2172//2670 2181//2670 2169//2670
f 2169//2671 2049//2671 2010//2671
f 2182//3 2183//3 2165//3
f 2183//3 2166//3 2165//3
f 2030//2672 2182//2672 2165//2672
f 2184//2673 2049//2673 2169//2673
f 2185//2674 2184//2674 2169//2674
f 2181//2675 2185//2675 2169//2675
f 2163//2676 2182//2676 2030//2676
f 2184//3 2164//3 2049//3
f 2186//3 2187//3 2176//3
f 2188//3 2186//3 2176//3
f 2175//3 2188//3 2176//3
f 2187//2677 2160//2677 2176//2677
f 2127//2678 2189//2678 2173//2678
f 2160//3 2189//3 2127//3
f 2179//4 2190//4 2161//4
f 2190//2679 2109//2679 2161//2679
f 2184//2680 2191//2680 2164//2680
f 2191//2681 2178//2681 2164//2681
f 2192//2682 2193//2682 2168//2682
f 2166//2683 2192//2683 2168//2683
f 2194//2684 2195//2684 2172//2684
f 2171//2685 2194//2685 2172//2685
f 2192//3 2196//3 2193//3
f 2194//3 2197//3 2195//3
f 2193//2686 2174//2686 2168//2686
f 2198//3 2199//3 2192//3
f 2199//3 2196//3 2192//3
f 2200//2687 2194//2687 2171//2687
f 2181//2688 2172//2688 2195//2688
f 2201//3 2189//3 2160//3
f 2187//2689 2201//2689 2160//2689
f 2200//3 2197//3 2194//3
f 2202//2690 2192//2690 2166//2690
f 2202//3 2198//3 2192//3
f 2203//4 2177//4 2180//4
f 2163//2691 2204//2691 2182//2691
f 2183//2692 2202//2692 2166//2692
f 2204//2693 2163//2693 2162//2693
f 2203//2694 2204//2694 2162//2694
f 2177//2694 2203//2694 2162//2694
f 2191//2695 2179//2695 2178//2695
f 2205//4 2190//4 2179//4
f 2191//2695 2205//2695 2179//2695
f 2185//2696 2191//2696 2184//2696
f 2196//2697 2174//2697 2193//2697
f 2197//2698 2181//2698 2195//2698
f 2173//3 2206//3 2171//3
f 2206//2699 2200//2699 2171//2699
f 2198//2700 2202//2700 2183//2700
f 2207//2701 2174//2701 2196//2701
f 2207//3 2175//3 2174//3
f 2208//3 2197//3 2200//3
f 2206//2702 2208//2702 2200//2702
f 2182//3 2209//3 2183//3
f 2209//2703 2198//2703 2183//2703
f 2210//2704 2181//2704 2197//2704
f 2211//2705 2186//2705 2188//2705
f 2212//2706 2211//2706 2188//2706
f 2175//2707 2212//2707 2188//2707
f 2212//2708 2213//2708 2211//2708
f 2190//2709 2129//2709 2109//2709
f 2214//4 2203//4 2180//4
f 2053//2710 2214//2710 2180//2710
f 2215//3 2175//3 2207//3
f 2210//2711 2185//2711 2181//2711
f 2216//2712 2217//2712 2182//2712
f 2204//2713 2216//2713 2182//2713
f 2217//3 2209//3 2182//3
f 2218//2714 2191//2714 2185//2714
f 2210//3 2218//3 2185//3
f 2219//2715 2212//2715 2175//2715
f 2211//2716 2220//2716 2186//2716
f 2219//2717 2213//2717 2212//2717
f 2213//2718 2220//2718 2211//2718
f 2173//3 2221//3 2206//3
f 2052//2719 2214//2719 2053//2719
f 2205//4 2222//4 2190//4
f 2222//2720 2129//2720 2190//2720
f 2186//3 2223//3 2187//3
f 2223//2721 2201//2721 2187//2721
f 2199//2722 2224//2722 2196//2722
f 2224//2723 2207//2723 2196//2723
f 2217//3 2215//3 2207//3
f 2224//3 2217//3 2207//3
f 2215//2724 2219//2724 2175//2724
f 2217//3 2224//3 2209//3
f 2224//2725 2199//2725 2209//2725
f 2199//2726 2198//2726 2209//2726
f 2221//3 2210//3 2206//3
f 2210//2727 2208//2727 2206//2727
f 2208//2728 2210//2728 2197//2728
f 2189//2729 2221//2729 2173//2729
f 2201//3 2225//3 2189//3
f 2225//3 2226//3 2189//3
f 2226//3 2227//3 2189//3
f 2227//2730 2221//2730 2189//2730
f 2221//3 2218//3 2210//3
f 2222//2731 2149//2731 2129//2731
f 2228//4 2229//4 2214//4
f 2229//4 2203//4 2214//4
f 2052//2732 2228//2732 2214//2732
f 2229//2733 2216//2733 2204//2733
f 2203//2733 2229//2733 2204//2733
f 2218//2734 2230//2734 2191//2734
f 2230//2735 2205//2735 2191//2735
f 2231//4 2222//4 2205//4
f 2230//2735 2231//2735 2205//2735
f 2232//2736 2219//2736 2215//2736
f 2233//3 2223//3 2186//3
f 2220//2737 2233//2737 2186//2737
f 2232//2738 2213//2738 2219//2738
f 2232//2739 2234//2739 2213//2739
f 2235//2740 2220//2740 2213//2740
f 2234//2741 2235//2741 2213//2741
f 2225//2742 2201//2742 2223//2742
f 2236//2743 2237//2743 2217//2743
f 2216//2744 2236//2744 2217//2744
f 2237//3 2238//3 2217//3
f 2238//3 2215//3 2217//3
f 2221//2745 2230//2745 2218//2745
f 2235//2746 2233//2746 2220//2746
f 2231//4 2239//4 2222//4
f 2239//2747 2149//2747 2222//2747
f 2234//2748 2233//2748 2235//2748
f 2238//2749 2232//2749 2215//2749
f 2237//3 2223//3 2233//3
f 2240//3 2237//3 2233//3
f 2234//2750 2240//2750 2233//2750
f 2239//2751 2150//2751 2149//2751
f 2241//4 2229//4 2228//4
f 2241//2752 2236//2752 2216//2752
f 2229//2752 2241//2752 2216//2752
f 2227//2753 2242//2753 2230//2753
f 2221//2754 2227//2754 2230//2754
f 2242//2755 2231//2755 2230//2755
f 2243//4 2239//4 2231//4
f 2242//2755 2243//2755 2231//2755
f 2237//3 2240//3 2238//3
f 2234//2756 2232//2756 2238//2756
f 2240//2757 2234//2757 2238//2757
f 2157//2758 2228//2758 2052//2758
f 2236//2759 2244//2759 2237//2759
f 2245//4 2241//4 2228//4
f 2157//2760 2245//2760 2228//2760
f 2226//2761 2242//2761 2227//2761
f 2243//4 2246//4 2239//4
f 2246//2762 2150//2762 2239//2762
f 2247//4 2241//4 2245//4
f 2225//2763 2223//2763 2237//2763
f 2244//2764 2225//2764 2237//2764
f 2156//2765 2245//2765 2157//2765
f 2247//2766 2244//2766 2236//2766
f 2241//2766 2247//2766 2236//2766
f 2226//2767 2248//2767 2242//2767
f 2248//2768 2243//2768 2242//2768
f 2249//4 2246//4 2243//4
f 2248//2768 2249//2768 2243//2768
f 2225//2769 2248//2769 2226//2769
f 2246//2770 2158//2770 2150//2770
f 2250//4 2247//4 2245//4
f 2156//2771 2250//2771 2245//2771
f 2249//4 2250//4 2246//4
f 2250//2772 2158//2772 2246//2772
f 2250//2773 2156//2773 2158//2773
f 2251//4 2247//4 2250//4
f 2252//2774 2248//2774 2225//2774
f 2244//2775 2252//2775 2225//2775
f 2249//4 2251//4 2250//4
f 2251//2776 2252//2776 2244//2776
f 2247//2776 2251//2776 2244//2776
f 2252//2777 2249//2777 2248//2777
f 2252//2777 2251//2777 2249//2777
f 2253//2778 2254//2778 2255//2778
f 2254//2779 2256//2779 2255//2779
f 2256//2780 2253//2780 2255//2780
f 2256//2781 2254//2781 2253//2781
f 2257//190 2258//190 2259//190
f 2258//190 2260//190 2259//190
f 2261//337 2257//337 2259//337
f 2260//2782 2261//2782 2259//2782
f 2262//190 2258//190 2257//190
f 2263//190 2262//190 2257//190
f 2261//337 2264//337 2257//337
f 2265//2783 2263//2783 2257//2783
f 2264//2784 2265//2784 2257//2784
f 2258//190 2266//190 2260//190
f 2266//190 2267//190 2260//190
f 2267//2785 2268//2785 2260//2785
f 2268//2786 2261//2786 2260//2786
f 2269//190 2262//190 2263//190
f 2265//2787 2270//2787 2263//2787
f 2270//2788 2269//2788 2263//2788
f 2271//190 2262//190 2269//190
f 2270//2789 2272//2789 2269//2789
f 2266//190 2273//190 2267//190
f 2273//2790 2274//2790 2267//2790
f 2274//2791 2268//2791 2267//2791
f 2275//190 2271//190 2269//190
f 2272//2792 2275//2792 2269//2792
f 2266//190 2276//190 2273//190
f 2276//2793 2277//2793 2273//2793
f 2277//2794 2274//2794 2273//2794
f 2278//2795 2279//2795 2258//2795
f 2262//2796 2278//2796 2258//2796
f 2279//2797 2266//2797 2258//2797
f 2271//2798 2280//2798 2262//2798
f 2280//2799 2278//2799 2262//2799
f 2279//2800 2281//2800 2266//2800
f 2281//2801 2282//2801 2266//2801
f 2282//190 2276//190 2266//190
f 2282//190 2283//190 2276//190
f 2283//2802 2284//2802 2276//2802
f 2284//2803 2277//2803 2276//2803
f 2285//190 2286//190 2271//190
f 2275//190 2285//190 2271//190
f 2286//2804 2287//2804 2271//2804
f 2287//2805 2280//2805 2271//2805
f 2272//2806 2288//2806 2275//2806
f 2288//2807 2285//2807 2275//2807
f 2289//190 2290//190 2282//190
f 2290//190 2283//190 2282//190
f 2281//2808 2291//2808 2282//2808
f 2291//2809 2289//2809 2282//2809
f 2285//190 2292//190 2286//190
f 2293//2810 2287//2810 2286//2810
f 2294//190 2295//190 2289//190
f 2295//190 2290//190 2289//190
f 2291//2811 2296//2811 2289//2811
f 2296//2812 2294//2812 2289//2812
f 2292//190 2297//190 2286//190
f 2297//190 2294//190 2286//190
f 2294//2813 2293//2813 2286//2813
f 2297//190 2295//190 2294//190
f 2296//2814 2293//2814 2294//2814
f 2288//2815 2298//2815 2285//2815
f 2298//2816 2292//2816 2285//2816
f 2290//2817 2299//2817 2283//2817
f 2299//2818 2284//2818 2283//2818
f 2300//2819 2299//2819 2290//2819
f 2298//2820 2301//2820 2292//2820
f 2295//2821 2300//2821 2290//2821
f 2301//2822 2297//2822 2292//2822
f 2302//111 2303//111 2295//111
f 2297//111 2302//111 2295//111
f 2303//2821 2300//2821 2295//2821
f 2301//2823 2302//2823 2297//2823
f 2304//2824 2305//2824 2306//2824
f 2261//2825 2304//2825 2306//2825
f 2264//190 2261//190 2306//190
f 2307//2826 2308//2826 2306//2826
f 2305//2827 2307//2827 2306//2827
f 2308//190 2264//190 2306//190
f 2261//2828 2309//2828 2304//2828
f 2265//190 2264//190 2308//190
f 2261//190 2268//190 2309//190
f 2310//2829 2311//2829 2308//2829
f 2307//2830 2310//2830 2308//2830
f 2311//190 2265//190 2308//190
f 2304//2831 2312//2831 2305//2831
f 2270//190 2265//190 2311//190
f 2274//190 2309//190 2268//190
f 2313//2832 2312//2832 2304//2832
f 2314//2833 2304//2833 2309//2833
f 2274//190 2314//190 2309//190
f 2310//2834 2315//2834 2311//2834
f 2272//190 2270//190 2311//190
f 2316//2835 2307//2835 2305//2835
f 2312//2836 2316//2836 2305//2836
f 2317//2837 2316//2837 2312//2837
f 2318//2838 2307//2838 2316//2838
f 2319//2839 2318//2839 2316//2839
f 2317//2840 2319//2840 2316//2840
f 2277//190 2314//190 2274//190
f 2313//2841 2320//2841 2312//2841
f 2320//2842 2317//2842 2312//2842
f 2321//2843 2307//2843 2318//2843
f 2319//2844 2322//2844 2318//2844
f 2322//2845 2321//2845 2318//2845
f 2323//2846 2304//2846 2314//2846
f 2315//2847 2324//2847 2311//2847
f 2324//190 2272//190 2311//190
f 2321//2848 2310//2848 2307//2848
f 2322//2849 2325//2849 2321//2849
f 2284//190 2314//190 2277//190
f 2323//2850 2313//2850 2304//2850
f 2326//2851 2327//2851 2313//2851
f 2327//2852 2320//2852 2313//2852
f 2328//2853 2310//2853 2321//2853
f 2325//2854 2328//2854 2321//2854
f 2329//2855 2323//2855 2314//2855
f 2324//190 2288//190 2272//190
f 2315//2856 2330//2856 2324//2856
f 2323//2857 2326//2857 2313//2857
f 2328//2858 2315//2858 2310//2858
f 2331//2859 2327//2859 2326//2859
f 2324//190 2298//190 2288//190
f 2299//2860 2329//2860 2284//2860
f 2329//2861 2314//2861 2284//2861
f 2323//2862 2332//2862 2326//2862
f 2332//2863 2331//2863 2326//2863
f 2333//2864 2315//2864 2328//2864
f 2325//2865 2334//2865 2328//2865
f 2334//2866 2333//2866 2328//2866
f 2335//2867 2330//2867 2315//2867
f 2300//2868 2329//2868 2299//2868
f 2324//2869 2330//2869 2298//2869
f 2336//2870 2331//2870 2332//2870
f 2334//2871 2337//2871 2333//2871
f 2330//2872 2301//2872 2298//2872
f 2338//2873 2329//2873 2300//2873
f 2339//2874 2332//2874 2323//2874
f 2340//2875 2339//2875 2323//2875
f 2329//2876 2340//2876 2323//2876
f 2339//2877 2336//2877 2332//2877
f 2335//2878 2315//2878 2333//2878
f 2330//2879 2341//2879 2301//2879
f 2338//2880 2340//2880 2329//2880
f 2303//190 2338//190 2300//190
f 2341//2881 2302//2881 2301//2881
f 2337//2882 2342//2882 2333//2882
f 2342//2883 2335//2883 2333//2883
f 2302//190 2343//190 2303//190
f 2343//190 2338//190 2303//190
f 2341//2884 2343//2884 2302//2884
f 2335//2885 2344//2885 2330//2885
f 2340//2886 2345//2886 2339//2886
f 2345//2887 2346//2887 2339//2887
f 2346//2888 2336//2888 2339//2888
f 2347//1197 2344//1197 2335//1197
f 2342//2889 2347//2889 2335//2889
f 2348//2890 2340//2890 2338//2890
f 2344//2891 2341//2891 2330//2891
f 2343//2892 2348//2892 2338//2892
f 2349//2893 2343//2893 2341//2893
f 2349//2894 2348//2894 2343//2894
f 2342//2895 2350//2895 2347//2895
f 2348//2896 2345//2896 2340//2896
f 2348//2897 2351//2897 2345//2897
f 2351//2898 2352//2898 2345//2898
f 2352//2899 2346//2899 2345//2899
f 2353//1197 2344//1197 2347//1197
f 2350//2900 2354//2900 2347//2900
f 2354//2901 2353//2901 2347//2901
f 2355//2902 2352//2902 2351//2902
f 2341//2903 2344//2903 2353//2903
f 2348//2904 2356//2904 2351//2904
f 2356//2905 2355//2905 2351//2905
f 2356//2906 2349//2906 2353//2906
f 2349//2907 2341//2907 2353//2907
f 2354//2908 2357//2908 2353//2908
f 2357//2908 2356//2908 2353//2908
f 2348//2909 2349//2909 2356//2909
f 2357//2905 2355//2905 2356//2905
f 2279//1197 2319//1197 2317//1197
f 2278//1197 2322//1197 2319//1197
f 2279//1197 2278//1197 2319//1197
f 2320//1197 2279//1197 2317//1197
f 2278//1197 2325//1197 2322//1197
f 2281//1197 2279//1197 2320//1197
f 2327//1197 2281//1197 2320//1197
f 2331//1197 2281//1197 2327//1197
f 2280//1197 2334//1197 2325//1197
f 2278//1197 2280//1197 2325//1197
f 2336//1197 2281//1197 2331//1197
f 2280//1197 2337//1197 2334//1197
f 2336//1197 2291//1197 2281//1197
f 2287//1197 2337//1197 2280//1197
f 2352//1197 2296//1197 2291//1197
f 2346//1197 2352//1197 2291//1197
f 2336//1197 2346//1197 2291//1197
f 2350//1197 2342//1197 2287//1197
f 2293//1197 2350//1197 2287//1197
f 2342//1197 2337//1197 2287//1197
f 2355//1197 2293//1197 2296//1197
f 2352//1197 2355//1197 2296//1197
f 2354//1197 2350//1197 2293//1197
f 2355//1197 2357//1197 2293//1197
f 2357//1197 2354//1197 2293//1197
f 2358//2910 2359//2910 2360//2910
f 2359//2911 2361//2911 2360//2911
f 2362//2912 2359//2912 2358//2912
f 2358//2913 2363//2913 2362//2913
f 2364//2914 2359//2914 2362//2914
f 2361//2915 2365//2915 2360//2915
f 2366//2916 2363//2916 2358//2916
f 2365//2917 2358//2917 2360//2917
f 2365//2918 2366//2918 2358//2918
f 2367//2919 2361//2919 2359//2919
f 2364//2920 2368//2920 2359//2920
f 2366//2921 2369//2921 2363//2921
f 2370//1586 2371//1586 2372//1586
f 2373//2922 2374//2922 2372//2922
f 2371//2923 2373//2923 2372//2923
f 2374//2924 2359//2924 2375//2924
f 2374//2925 2376//2925 2372//2925
f 2376//2926 2370//2926 2372//2926
f 2377//2927 2362//2927 2363//2927
f 2359//2928 2374//2928 2367//2928
f 2374//2929 2378//2929 2367//2929
f 2371//2930 2379//2930 2373//2930
f 2362//2931 2380//2931 2364//2931
f 2375//2932 2359//2932 2368//2932
f 2377//2933 2380//2933 2362//2933
f 2380//2934 2377//2934 2381//2934
f 2377//2935 2382//2935 2381//2935
f 2373//2936 2378//2936 2374//2936
f 2361//2937 2367//2937 2378//2937
f 2382//2938 2383//2938 2381//2938
f 2366//2939 2384//2939 2369//2939
f 2365//2940 2385//2940 2366//2940
f 2369//2941 2377//2941 2363//2941
f 2386//2942 2368//2942 2364//2942
f 2365//2943 2361//2943 2387//2943
f 2388//2944 2380//2944 2381//2944
f 2386//2945 2364//2945 2380//2945
f 2389//2946 2370//2946 2376//2946
f 2368//2947 2390//2947 2375//2947
f 2386//2948 2391//2948 2368//2948
f 2385//2949 2384//2949 2366//2949
f 2378//2950 2387//2950 2361//2950
f 2388//2951 2386//2951 2380//2951
f 2390//2952 2392//2952 2375//2952
f 2385//2953 2393//2953 2384//2953
f 2394//2954 2390//2954 2368//2954
f 2369//2955 2384//2955 2377//2955
f 2395//2956 2388//2956 2381//2956
f 2383//2957 2395//2957 2381//2957
f 2387//2958 2396//2958 2365//2958
f 2397//2959 2385//2959 2365//2959
f 2391//2960 2394//2960 2368//2960
f 2377//2961 2383//2961 2382//2961
f 2397//2962 2390//2962 2394//2962
f 2379//2963 2378//2963 2373//2963
f 2398//2964 2395//2964 2383//2964
f 2383//2965 2399//2965 2398//2965
f 2399//2966 2383//2966 2377//2966
f 2389//2967 2371//2967 2370//2967
f 2384//2968 2399//2968 2377//2968
f 2389//2969 2379//2969 2371//2969
f 2388//2970 2391//2970 2386//2970
f 2392//2971 2374//2971 2375//2971
f 2392//2972 2376//2972 2374//2972
f 2398//2973 2400//2973 2395//2973
f 2400//2974 2388//2974 2395//2974
f 2401//2975 2388//2975 2400//2975
f 2398//2976 2402//2976 2400//2976
f 2402//2964 2401//2964 2400//2964
f 2399//2977 2402//2977 2398//2977
f 2403//2978 2394//2978 2391//2978
f 2397//2979 2393//2979 2385//2979
f 2404//2980 2388//2980 2401//2980
f 2396//2981 2387//2981 2378//2981
f 2393//2982 2399//2982 2384//2982
f 2389//2983 2378//2983 2379//2983
f 2392//2984 2389//2984 2376//2984
f 2390//2985 2397//2985 2365//2985
f 2403//2986 2405//2986 2394//2986
f 2406//2987 2393//2987 2397//2987
f 2389//2988 2396//2988 2378//2988
f 2393//2989 2407//2989 2399//2989
f 2396//2990 2390//2990 2365//2990
f 2405//2991 2397//2991 2394//2991
f 2392//2992 2390//2992 2389//2992
f 2405//2993 2406//2993 2397//2993
f 2388//2994 2403//2994 2391//2994
f 2407//2995 2402//2995 2399//2995
f 2407//2996 2401//2996 2402//2996
f 2407//2997 2404//2997 2401//2997
f 2404//2998 2403//2998 2388//2998
f 2396//2999 2389//2999 2390//2999
f 2393//3000 2406//3000 2407//3000
f 2406//3001 2404//3001 2407//3001
f 2404//3002 2405//3002 2403//3002
f 2406//3003 2405//3003 2404//3003
f 2408//3004 2409//3004 2410//3004
f 2411//3005 2408//3005 2410//3005
f 2409//3006 2412//3006 2410//3006
f 2412//3007 2413//3007 2410//3007
f 2414//3008 2415//3008 2416//3008
f 2417//3009 2411//3009 2410//3009
f 2413//3010 2417//3010 2410//3010
f 2416//3011 2418//3011 2414//3011
f 2419//3012 2413//3012 2412//3012
f 2420//3013 2408//3013 2421//3013
f 2422//3014 2420//3014 2421//3014
f 2423//3015 2412//3015 2409//3015
f 2411//3016 2421//3016 2408//3016
f 2423//3017 2409//3017 2408//3017
f 2424//3018 2423//3018 2408//3018
f 2416//3019 2415//3019 2412//3019
f 2417//3020 2425//3020 2411//3020
f 2415//3021 2419//3021 2412//3021
f 2420//3022 2424//3022 2408//3022
f 2426//3023 2416//3023 2412//3023
f 2426//3024 2412//3024 2423//3024
f 2414//3025 2427//3025 2415//3025
f 2428//3026 2429//3026 2430//3026
f 2413//3027 2419//3027 2417//3027
f 2414//3028 2428//3028 2430//3028
f 2431//3029 2429//3029 2428//3029
f 2431//3030 2432//3030 2429//3030
f 2433//3031 2414//3031 2430//3031
f 2424//3032 2434//3032 2423//3032
f 2429//3033 2433//3033 2430//3033
f 2414//3034 2433//3034 2427//3034
f 2419//3035 2435//3035 2417//3035
f 2414//3036 2436//3036 2428//3036
f 2436//3037 2431//3037 2428//3037
f 2422//3038 2421//3038 2411//3038
f 2425//3039 2422//3039 2411//3039
f 2437//3040 2424//3040 2420//3040
f 2422//3041 2437//3041 2420//3041
f 2426//3042 2438//3042 2416//3042
f 2417//3043 2435//3043 2425//3043
f 2427//3044 2419//3044 2415//3044
f 2438//3045 2423//3045 2434//3045
f 2438//3046 2418//3046 2416//3046
f 2439//3047 2422//3047 2425//3047
f 2440//3048 2439//3048 2425//3048
f 2439//3049 2441//3049 2422//3049
f 2441//3050 2437//3050 2422//3050
f 2439//3051 2437//3051 2441//3051
f 2436//3052 2414//3052 2418//3052
f 2440//3053 2442//3053 2439//3053
f 2443//3054 2437//3054 2439//3054
f 2442//3014 2443//3014 2439//3014
f 2443//3055 2444//3055 2424//3055
f 2437//3056 2443//3056 2424//3056
f 2445//3057 2440//3057 2425//3057
f 2438//3058 2426//3058 2423//3058
f 2444//3059 2443//3059 2440//3059
f 2443//3060 2442//3060 2440//3060
f 2440//3014 2445//3014 2444//3014
f 2433//3061 2446//3061 2427//3061
f 2429//3062 2432//3062 2433//3062
f 2438//3063 2447//3063 2418//3063
f 2448//3064 2435//3064 2419//3064
f 2424//3065 2449//3065 2434//3065
f 2450//3066 2445//3066 2425//3066
f 2451//3067 2425//3067 2435//3067
f 2446//3068 2419//3068 2427//3068
f 2444//3069 2450//3069 2424//3069
f 2433//3070 2431//3070 2436//3070
f 2449//3071 2438//3071 2434//3071
f 2448//3072 2451//3072 2435//3072
f 2432//3073 2431//3073 2433//3073
f 2447//3074 2436//3074 2418//3074
f 2445//3075 2450//3075 2444//3075
f 2452//3076 2447//3076 2438//3076
f 2424//3077 2450//3077 2449//3077
f 2453//3078 2433//3078 2436//3078
f 2433//3079 2453//3079 2446//3079
f 2446//3080 2448//3080 2419//3080
f 2449//3081 2452//3081 2438//3081
f 2454//3082 2451//3082 2448//3082
f 2451//3083 2450//3083 2425//3083
f 2447//3084 2453//3084 2436//3084
f 2454//3085 2450//3085 2451//3085
f 2452//3086 2454//3086 2448//3086
f 2449//3087 2455//3087 2452//3087
f 2446//3088 2453//3088 2447//3088
f 2450//3089 2455//3089 2449//3089
f 2452//3090 2446//3090 2447//3090
f 2452//3091 2448//3091 2446//3091
f 2455//3092 2450//3092 2454//3092
f 2455//3093 2454//3093 2452//3093
f 2456//3094 2457//3094 2458//3094
f 2458//3095 2459//3095 2456//3095
f 2460//3096 2461//3096 2456//3096
f 2459//3096 2460//3096 2456//3096
f 2461//3097 2462//3097 2456//3097
f 2463//2964 2464//2964 2457//2964
f 2464//3098 2458//3098 2457//3098
f 2462//3099 2457//3099 2456//3099
f 2465//2964 2463//2964 2457//2964
f 2462//3100 2465//3100 2457//3100
f 2461//3101 2465//3101 2462//3101
f 2464//3102 2459//3102 2458//3102
f 2463//3103 2460//3103 2459//3103
f 2464//3104 2463//3104 2459//3104
f 2463//3105 2465//3105 2461//3105
f 2460//3106 2463//3106 2461//3106
f 2466//3107 2467//3107 2468//3107
f 2469//3108 2470//3108 2467//3108
f 2470//3109 2468//3109 2467//3109
f 2466//3110 2469//3110 2467//3110
f 2470//3111 2471//3111 2468//3111
f 2471//3112 2466//3112 2468//3112
f 2472//3112 2466//3112 2471//3112
f 2473//3014 2470//3014 2469//3014
f 2474//3014 2473//3014 2469//3014
f 2466//3113 2472//3113 2469//3113
f 2472//3114 2474//3114 2469//3114
f 2473//3115 2471//3115 2470//3115
f 2473//3116 2472//3116 2471//3116
f 2474//3117 2472//3117 2473//3117
f 2475//3118 2476//3118 2477//3118
f 2478//3119 2475//3119 2477//3119
f 2479//3120 2476//3120 2475//3120
f 2480//3121 2479//3121 2475//3121
f 2478//3122 2481//3122 2475//3122
f 2481//3123 2480//3123 2475//3123
f 2478//3124 2477//3124 2476//3124
f 2481//3125 2478//3125 2476//3125
f 2482//3126 2483//3126 2484//3126
f 2485//3127 2481//3127 2476//3127
f 2481//3128 2486//3128 2480//3128
f 2481//3129 2487//3129 2486//3129
f 2488//3130 2489//3130 2490//3130
f 2489//3131 2491//3131 2490//3131
f 2491//3132 2492//3132 2490//3132
f 2493//3133 2494//3133 2489//3133
f 2495//3134 2493//3134 2489//3134
f 2494//3131 2491//3131 2489//3131
f 2484//3135 2496//3135 2497//3135
f 2498//3136 2482//3136 2484//3136
f 2491//3137 2496//3137 2484//3137
f 2483//3138 2491//3138 2484//3138
f 2482//3139 2499//3139 2483//3139
f 2500//3140 2497//3140 2496//3140
f 2491//3141 2501//3141 2496//3141
f 2499//3142 2502//3142 2483//3142
f 2502//3143 2503//3143 2483//3143
f 2487//3144 2480//3144 2486//3144
f 2488//3145 2491//3145 2489//3145
f 2491//3146 2495//3146 2489//3146
f 2491//3147 2504//3147 2495//3147
f 2480//3148 2487//3148 2481//3148
f 2505//3149 2485//3149 2476//3149
f 2506//3150 2492//3150 2491//3150
f 2507//3 2508//3 2476//3
f 2508//3151 2505//3151 2476//3151
f 2479//3120 2507//3120 2476//3120
f 2485//3152 2480//3152 2481//3152
f 2503//3153 2501//3153 2491//3153
f 2483//3154 2503//3154 2491//3154
f 2480//3155 2485//3155 2492//3155
f 2506//3156 2480//3156 2492//3156
f 2493//3157 2509//3157 2494//3157
f 2509//3158 2510//3158 2494//3158
f 2497//3159 2511//3159 2484//3159
f 2494//3160 2506//3160 2491//3160
f 2510//3161 2506//3161 2494//3161
f 2488//3162 2504//3162 2491//3162
f 2505//3163 2512//3163 2485//3163
f 2478//3164 2505//3164 2477//3164
f 2513//3165 2478//3165 2477//3165
f 2479//3166 2508//3166 2507//3166
f 2514//3166 2508//3166 2479//3166
f 2515//3167 2516//3167 2479//3167
f 2480//3168 2515//3168 2479//3168
f 2516//4 2517//4 2479//4
f 2517//4 2518//4 2479//4
f 2518//4 2519//4 2479//4
f 2519//4 2514//4 2479//4
f 2520//3169 2511//3169 2497//3169
f 2511//3170 2498//3170 2484//3170
f 2506//3171 2512//3171 2480//3171
f 2490//3172 2492//3172 2478//3172
f 2521//3173 2509//3173 2493//3173
f 2521//3174 2522//3174 2509//3174
f 2520//3175 2497//3175 2500//3175
f 2501//3176 2500//3176 2496//3176
f 2490//3177 2523//3177 2488//3177
f 2524//3178 2493//3178 2495//3178
f 2504//3179 2524//3179 2495//3179
f 2525//3180 2504//3180 2488//3180
f 2523//3181 2525//3181 2488//3181
f 2526//3182 2512//3182 2506//3182
f 2527//3183 2523//3183 2490//3183
f 2528//3184 2527//3184 2490//3184
f 2513//3185 2528//3185 2490//3185
f 2478//3186 2513//3186 2490//3186
f 2529//3187 2521//3187 2493//3187
f 2524//3188 2529//3188 2493//3188
f 2492//3189 2485//3189 2478//3189
f 2526//3190 2506//3190 2510//3190
f 2485//3191 2505//3191 2478//3191
f 2530//3192 2526//3192 2506//3192
f 2503//3193 2531//3193 2501//3193
f 2502//3194 2531//3194 2503//3194
f 2523//3195 2532//3195 2525//3195
f 2532//3196 2504//3196 2525//3196
f 2533//3197 2534//3197 2535//3197
f 2510//3198 2515//3198 2526//3198
f 2501//3199 2536//3199 2500//3199
f 2536//3200 2537//3200 2500//3200
f 2537//3201 2520//3201 2500//3201
f 2531//3202 2536//3202 2501//3202
f 2499//1058 2531//1058 2502//1058
f 2538//3203 2531//3203 2499//3203
f 2482//3204 2539//3204 2499//3204
f 2539//3205 2538//3205 2499//3205
f 2480//3206 2526//3206 2515//3206
f 2540//3207 2516//3207 2515//3207
f 2510//3208 2540//3208 2515//3208
f 2541//3209 2540//3209 2510//3209
f 2526//3210 2480//3210 2512//3210
f 2509//3211 2530//3211 2510//3211
f 2527//3212 2532//3212 2523//3212
f 2532//3213 2524//3213 2504//3213
f 2532//3214 2542//3214 2524//3214
f 2542//3 2529//3 2524//3
f 2526//3215 2510//3215 2530//3215
f 2540//3166 2517//3166 2516//3166
f 2541//3166 2517//3166 2540//3166
f 2498//3216 2539//3216 2482//3216
f 2538//3217 2543//3217 2531//3217
f 2543//3218 2536//3218 2531//3218
f 2520//3219 2544//3219 2511//3219
f 2544//3220 2498//3220 2511//3220
f 2533//3221 2545//3221 2534//3221
f 2513//3222 2546//3222 2547//3222
f 2530//3223 2548//3223 2510//3223
f 2549//3224 2541//3224 2510//3224
f 2548//3225 2549//3225 2510//3225
f 2550//3226 2477//3226 2505//3226
f 2546//3227 2551//3227 2547//3227
f 2521//3228 2529//3228 2534//3228
f 2533//3229 2528//3229 2513//3229
f 2552//3230 2544//3230 2520//3230
f 2553//3231 2520//3231 2554//3231
f 2555//3232 2553//3232 2554//3232
f 2520//3233 2537//3233 2554//3233
f 2538//3234 2539//3234 2556//3234
f 2557//3235 2538//3235 2556//3235
f 2545//3236 2535//3236 2534//3236
f 2551//3237 2513//3237 2547//3237
f 2530//3238 2558//3238 2526//3238
f 2509//3239 2522//3239 2530//3239
f 2551//3240 2558//3240 2513//3240
f 2559//3241 2533//3241 2535//3241
f 2541//3120 2518//3120 2517//3120
f 2549//3242 2518//3242 2541//3242
f 2545//3243 2559//3243 2535//3243
f 2559//3244 2545//3244 2533//3244
f 2520//3245 2553//3245 2552//3245
f 2560//3246 2527//3246 2528//3246
f 2542//3247 2561//3247 2529//3247
f 2561//3248 2521//3248 2529//3248
f 2551//3249 2562//3249 2513//3249
f 2563//3250 2564//3250 2522//3250
f 2519//3251 2549//3251 2565//3251
f 2566//3166 2567//3166 2565//3166
f 2549//3166 2566//3166 2565//3166
f 2505//3252 2519//3252 2565//3252
f 2567//3253 2505//3253 2565//3253
f 2519//3242 2518//3242 2549//3242
f 2548//4 2566//4 2549//4
f 2568//3254 2528//3254 2513//3254
f 2564//3255 2522//3255 2521//3255
f 2561//3256 2569//3256 2521//3256
f 2569//3257 2564//3257 2521//3257
f 2526//3258 2558//3258 2551//3258
f 2477//3259 2568//3259 2513//3259
f 2544//3260 2539//3260 2498//3260
f 2539//3261 2570//3261 2556//3261
f 2551//3262 2546//3262 2513//3262
f 2505//3263 2571//3263 2519//3263
f 2571//964 2514//964 2519//964
f 2570//3264 2539//3264 2544//3264
f 2552//3265 2553//3265 2544//3265
f 2553//3266 2570//3266 2544//3266
f 2570//3267 2553//3267 2555//3267
f 2570//3268 2555//3268 2556//3268
f 2564//3269 2530//3269 2522//3269
f 2555//3270 2554//3270 2537//3270
f 2572//3271 2555//3271 2537//3271
f 2543//3272 2538//3272 2557//3272
f 2560//3273 2573//3273 2532//3273
f 2527//3274 2560//3274 2532//3274
f 2574//3275 2542//3275 2532//3275
f 2573//3276 2574//3276 2532//3276
f 2528//3277 2575//3277 2576//3277
f 2560//3278 2528//3278 2576//3278
f 2573//3279 2560//3279 2576//3279
f 2561//3280 2574//3280 2577//3280
f 2578//3281 2561//3281 2577//3281
f 2571//3282 2505//3282 2567//3282
f 2566//3283 2571//3283 2567//3283
f 2568//3284 2575//3284 2528//3284
f 2542//3285 2574//3285 2561//3285
f 2578//3286 2569//3286 2561//3286
f 2557//3287 2556//3287 2555//3287
f 2575//3288 2557//3288 2555//3288
f 2566//3166 2579//3166 2580//3166
f 2581//3289 2566//3289 2580//3289
f 2514//4 2581//4 2580//4
f 2579//4 2514//4 2580//4
f 2582//3166 2579//3166 2566//3166
f 2548//4 2582//4 2566//4
f 2581//3242 2571//3242 2566//3242
f 2572//3290 2575//3290 2555//3290
f 2583//3291 2477//3291 2505//3291
f 2584//3292 2583//3292 2505//3292
f 2572//3293 2537//3293 2536//3293
f 2543//3294 2572//3294 2536//3294
f 2581//4 2514//4 2571//4
f 2543//3295 2557//3295 2572//3295
f 2557//3296 2575//3296 2572//3296
f 2526//3297 2585//3297 2530//3297
f 2586//3298 2583//3298 2584//3298
f 2585//3299 2586//3299 2584//3299
f 2585//3300 2587//3300 2530//3300
f 2530//3301 2587//3301 2548//3301
f 2587//3302 2582//3302 2548//3302
f 2577//3303 2588//3303 2578//3303
f 2588//3304 2575//3304 2578//3304
f 2577//3305 2573//3305 2576//3305
f 2588//3306 2577//3306 2576//3306
f 2574//3307 2573//3307 2577//3307
f 2588//3308 2576//3308 2575//3308
f 2589//3309 2584//3309 2505//3309
f 2589//3310 2585//3310 2526//3310
f 2530//3311 2589//3311 2526//3311
f 2590//3312 2589//3312 2530//3312
f 2564//3313 2587//3313 2530//3313
f 2568//3314 2588//3314 2575//3314
f 2587//3315 2590//3315 2530//3315
f 2590//3316 2585//3316 2589//3316
f 2569//3317 2587//3317 2564//3317
f 2585//3318 2584//3318 2589//3318
f 2590//3319 2587//3319 2588//3319
f 2568//3320 2590//3320 2588//3320
f 2588//3321 2569//3321 2578//3321
f 2477//3322 2591//3322 2568//3322
f 2591//3323 2586//3323 2568//3323
f 2579//3324 2587//3324 2585//3324
f 2514//3325 2579//3325 2585//3325
f 2579//3326 2582//3326 2587//3326
f 2586//3327 2590//3327 2568//3327
f 2587//3328 2569//3328 2588//3328
f 2585//3329 2590//3329 2586//3329
f 2592//3330 2584//3330 2586//3330
f 2593//3331 2592//3331 2586//3331
f 2591//3332 2593//3332 2586//3332
f 2594//3333 2592//3333 2593//3333
f 2583//3334 2591//3334 2477//3334
f 2592//3335 2585//3335 2584//3335
f 2591//3336 2585//3336 2592//3336
f 2583//3337 2514//3337 2591//3337
f 2591//3338 2592//3338 2593//3338
f 2591//3339 2514//3339 2585//3339
f 2508//3340 2583//3340 2505//3340
f 2514//3341 2583//3341 2508//3341
f 2595//3 2596//3 2597//3
f 2598//3 2595//3 2597//3
f 2599//3342 2598//3342 2597//3342
f 2596//1586 2599//1586 2597//1586
f 2600//3343 2598//3343 2599//3343
f 2596//1586 2601//1586 2599//1586
f 2602//3344 2603//3344 2599//3344
f 2603//4 2604//4 2599//4
f 2604//4 2605//4 2599//4
f 2606//4 2602//4 2599//4
f 2601//4 2606//4 2599//4
f 2605//3 2607//3 2599//3
f 2607//3345 2600//3345 2599//3345
f 2598//3346 2608//3346 2595//3346
f 2609//3347 2596//3347 2595//3347
f 2610//3342 2604//3342 2603//3342
f 2602//3348 2610//3348 2603//3348
f 2611//3349 2612//3349 2602//3349
f 2606//3350 2611//3350 2602//3350
f 2612//3351 2613//3351 2602//3351
f 2613//3348 2610//3348 2602//3348
f 2614//3348 2615//3348 2606//3348
f 2615//3342 2616//3342 2606//3342
f 2601//3352 2614//3352 2606//3352
f 2616//3353 2611//3353 2606//3353
f 2604//3354 2610//3354 2605//3354
f 2610//3355 2617//3355 2605//3355
f 2617//3356 2618//3356 2605//3356
f 2619//3357 2618//3357 2617//3357
f 2610//4 2619//4 2617//4
f 2620//3351 2621//3351 2614//3351
f 2621//3348 2615//3348 2614//3348
f 2622//4 2620//4 2614//4
f 2601//4 2622//4 2614//4
f 2618//3358 2608//3358 2607//3358
f 2608//3359 2600//3359 2607//3359
f 2623//3360 2618//3360 2608//3360
f 2618//3361 2624//3361 2608//3361
f 2625//3362 2626//3362 2627//3362
f 2628//3363 2629//3363 2627//3363
f 2630//3364 2631//3364 2632//3364
f 2618//3365 2633//3365 2605//3365
f 2633//3366 2625//3366 2605//3366
f 2625//3367 2607//3367 2605//3367
f 2628//3368 2624//3368 2618//3368
f 2618//3369 2625//3369 2627//3369
f 2627//3370 2628//3370 2618//3370
f 2616//3371 2612//3371 2611//3371
f 2608//3372 2634//3372 2600//3372
f 2613//4 2619//4 2610//4
f 2619//3373 2633//3373 2618//3373
f 2595//3374 2611//3374 2609//3374
f 2635//3375 2600//3375 2634//3375
f 2636//3376 2635//3376 2634//3376
f 2623//3377 2595//3377 2608//3377
f 2616//1586 2613//1586 2612//1586
f 2616//1586 2615//1586 2613//1586
f 2615//4 2619//4 2613//4
f 2607//3378 2625//3378 2618//3378
f 2626//3379 2637//3379 2627//3379
f 2637//3380 2628//3380 2627//3380
f 2626//3381 2638//3381 2637//3381
f 2619//3382 2625//3382 2633//3382
f 2639//3383 2625//3383 2619//3383
f 2615//3384 2639//3384 2619//3384
f 2640//3385 2634//3385 2608//3385
f 2641//3386 2636//3386 2634//3386
f 2640//3387 2641//3387 2634//3387
f 2624//3388 2640//3388 2608//3388
f 2642//3389 2607//3389 2625//3389
f 2640//3390 2608//3390 2598//3390
f 2640//3391 2595//3391 2608//3391
f 2643//3 2644//3 2596//3
f 2609//3392 2643//3392 2596//3392
f 2644//1586 2601//1586 2596//1586
f 2631//3393 2638//3393 2626//3393
f 2639//3394 2642//3394 2625//3394
f 2645//3351 2646//3351 2647//3351
f 2648//1207 2649//1207 2647//1207
f 2646//3395 2648//3395 2647//3395
f 2595//3396 2643//3396 2609//3396
f 2643//3351 2601//3351 2644//3351
f 2643//3351 2650//3351 2601//3351
f 2650//3397 2651//3397 2601//3397
f 2651//3398 2622//3398 2601//3398
f 2621//3399 2639//3399 2615//3399
f 2652//3400 2625//3400 2607//3400
f 2631//3401 2626//3401 2625//3401
f 2647//3402 2649//3402 2653//3402
f 2649//3403 2654//3403 2653//3403
f 2645//3404 2647//3404 2653//3404
f 2654//3405 2655//3405 2653//3405
f 2656//1207 2649//1207 2648//1207
f 2646//3406 2657//3406 2648//3406
f 2657//3407 2656//3407 2648//3407
f 2658//1586 2621//1586 2620//1586
f 2622//1586 2658//1586 2620//1586
f 2658//3408 2639//3408 2621//3408
f 2659//3409 2652//3409 2607//3409
f 2659//3410 2660//3410 2652//3410
f 2660//3411 2661//3411 2652//3411
f 2661//3412 2655//3412 2652//3412
f 2661//3413 2660//3413 2662//3413
f 2660//3414 2659//3414 2662//3414
f 2663//3415 2664//3415 2665//3415
f 2649//3416 2666//3416 2654//3416
f 2667//3417 2649//3417 2656//3417
f 2657//3418 2668//3418 2656//3418
f 2669//3419 2659//3419 2652//3419
f 2655//3420 2669//3420 2652//3420
f 2640//3421 2624//3421 2600//3421
f 2659//3422 2670//3422 2671//3422
f 2672//3423 2673//3423 2665//3423
f 2674//3424 2672//3424 2665//3424
f 2675//3425 2663//3425 2665//3425
f 2673//3426 2675//3426 2665//3426
f 2676//3 2672//3 2674//3
f 2677//3 2676//3 2674//3
f 2664//3427 2674//3427 2665//3427
f 2675//3428 2678//3428 2663//3428
f 2673//3429 2679//3429 2675//3429
f 2680//3430 2678//3430 2675//3430
f 2679//3431 2681//3431 2675//3431
f 2681//3432 2680//3432 2675//3432
f 2655//3433 2661//3433 2662//3433
f 2659//3434 2669//3434 2662//3434
f 2669//3435 2655//3435 2662//3435
f 2641//3436 2640//3436 2600//3436
f 2635//3437 2641//3437 2600//3437
f 2636//3438 2641//3438 2635//3438
f 2682//3439 2658//3439 2622//3439
f 2651//3440 2682//3440 2622//3440
f 2682//3441 2639//3441 2658//3441
f 2607//3442 2642//3442 2682//3442
f 2683//3443 2639//3443 2625//3443
f 2639//3444 2683//3444 2642//3444
f 2628//3445 2684//3445 2624//3445
f 2637//3446 2685//3446 2628//3446
f 2683//3447 2682//3447 2642//3447
f 2686//3448 2687//3448 2688//3448
f 2689//3449 2686//3449 2688//3449
f 2690//3450 2689//3450 2688//3450
f 2689//3451 2691//3451 2686//3451
f 2651//3452 2607//3452 2682//3452
f 2683//3453 2639//3453 2682//3453
f 2687//3454 2692//3454 2688//3454
f 2692//3455 2690//3455 2688//3455
f 2669//3456 2670//3456 2659//3456
f 2671//3457 2669//3457 2659//3457
f 2683//3458 2625//3458 2642//3458
f 2683//3459 2693//3459 2625//3459
f 2693//3460 2631//3460 2625//3460
f 2661//3461 2669//3461 2660//3461
f 2694//3462 2682//3462 2607//3462
f 2651//3463 2694//3463 2607//3463
f 2694//3464 2683//3464 2682//3464
f 2598//3465 2595//3465 2640//3465
f 2695//3 2595//3 2598//3
f 2694//3466 2643//3466 2595//3466
f 2628//3467 2645//3467 2684//3467
f 2646//3468 2645//3468 2628//3468
f 2629//3469 2646//3469 2628//3469
f 2685//3470 2646//3470 2629//3470
f 2600//3471 2695//3471 2598//3471
f 2624//3472 2695//3472 2600//3472
f 2660//3473 2669//3473 2671//3473
f 2696//1207 2697//1207 2654//1207
f 2649//1207 2696//1207 2654//1207
f 2697//4 2698//4 2654//4
f 2698//3474 2655//3474 2654//3474
f 2699//1207 2649//1207 2656//1207
f 2668//3 2699//3 2656//3
f 2700//1207 2696//1207 2649//1207
f 2699//1207 2700//1207 2649//1207
f 2701//3475 2702//3475 2683//3475
f 2691//3476 2681//3476 2686//3476
f 2695//3477 2703//3477 2595//3477
f 2704//3478 2694//3478 2595//3478
f 2705//3479 2643//3479 2694//3479
f 2706//3480 2701//3480 2683//3480
f 2702//3481 2693//3481 2683//3481
f 2704//3482 2705//3482 2694//3482
f 2681//3483 2687//3483 2686//3483
f 2694//3484 2705//3484 2683//3484
f 2705//3485 2706//3485 2683//3485
f 2693//3486 2707//3486 2631//3486
f 2661//3487 2695//3487 2624//3487
f 2664//3488 2629//3488 2708//3488
f 2664//3489 2663//3489 2629//3489
f 2678//3490 2680//3490 2663//3490
f 2680//3491 2629//3491 2663//3491
f 2705//3492 2694//3492 2651//3492
f 2696//3342 2698//3342 2697//3342
f 2700//3493 2709//3493 2696//3493
f 2709//4 2710//4 2696//4
f 2710//3342 2698//3342 2696//3342
f 2699//3494 2711//3494 2700//3494
f 2712//3495 2711//3495 2699//3495
f 2668//3496 2712//3496 2699//3496
f 2684//3497 2661//3497 2624//3497
f 2637//3498 2657//3498 2685//3498
f 2638//3499 2657//3499 2637//3499
f 2711//3500 2709//3500 2700//3500
f 2684//3501 2629//3501 2628//3501
f 2685//3502 2684//3502 2628//3502
f 2670//3503 2669//3503 2671//3503
f 2713//3504 2714//3504 2687//3504
f 2681//3505 2715//3505 2687//3505
f 2684//3506 2685//3506 2629//3506
f 2716//3507 2708//3507 2629//3507
f 2680//3508 2716//3508 2629//3508
f 2717//3509 2643//3509 2705//3509
f 2718//3510 2719//3510 2705//3510
f 2651//3511 2718//3511 2705//3511
f 2720//3512 2719//3512 2718//3512
f 2718//3513 2721//3513 2720//3513
f 2645//3514 2653//3514 2661//3514
f 2684//3515 2645//3515 2661//3515
f 2655//3516 2661//3516 2653//3516
f 2638//3517 2668//3517 2657//3517
f 2715//3518 2713//3518 2687//3518
f 2722//3519 2723//3519 2672//3519
f 2723//3520 2673//3520 2672//3520
f 2676//3 2722//3 2672//3
f 2724//3521 2679//3521 2673//3521
f 2725//3522 2681//3522 2679//3522
f 2657//3523 2646//3523 2685//3523
f 2724//3524 2673//3524 2723//3524
f 2726//3525 2705//3525 2704//3525
f 2727//3526 2705//3526 2726//3526
f 2712//3527 2707//3527 2728//3527
f 2707//3528 2693//3528 2728//3528
f 2693//3529 2712//3529 2728//3529
f 2729//3530 2730//3530 2731//3530
f 2651//3531 2721//3531 2718//3531
f 2692//3532 2687//3532 2676//3532
f 2677//3533 2692//3533 2676//3533
f 2677//3534 2690//3534 2692//3534
f 2691//3535 2680//3535 2681//3535
f 2732//3536 2713//3536 2715//3536
f 2707//3537 2638//3537 2631//3537
f 2732//3538 2714//3538 2713//3538
f 2727//3539 2706//3539 2705//3539
f 2655//3540 2695//3540 2661//3540
f 2677//3541 2674//3541 2708//3541
f 2674//3542 2664//3542 2708//3542
f 2733//3543 2716//3543 2680//3543
f 2668//3544 2638//3544 2730//3544
f 2695//3545 2704//3545 2595//3545
f 2719//3546 2643//3546 2705//3546
f 2714//3547 2676//3547 2687//3547
f 2643//3548 2719//3548 2704//3548
f 2695//3549 2643//3549 2704//3549
f 2714//3550 2722//3550 2676//3550
f 2681//3551 2725//3551 2715//3551
f 2734//3552 2726//3552 2704//3552
f 2650//3553 2734//3553 2704//3553
f 2719//3554 2650//3554 2704//3554
f 2638//3555 2712//3555 2668//3555
f 2691//3556 2733//3556 2680//3556
f 2734//3557 2695//3557 2655//3557
f 2655//3558 2698//3558 2734//3558
f 2707//3559 2712//3559 2638//3559
f 2721//3560 2719//3560 2720//3560
f 2716//3561 2677//3561 2708//3561
f 2735//3562 2710//3562 2709//3562
f 2711//3563 2701//3563 2709//3563
f 2721//3564 2651//3564 2719//3564
f 2651//3565 2650//3565 2719//3565
f 2701//3566 2735//3566 2709//3566
f 2735//3567 2701//3567 2711//3567
f 2690//1207 2677//1207 2716//1207
f 2733//3568 2689//3568 2716//3568
f 2689//1207 2690//1207 2716//1207
f 2691//3569 2689//3569 2733//3569
f 2736//3570 2701//3570 2723//3570
f 2701//3571 2724//3571 2723//3571
f 2701//3572 2737//3572 2724//3572
f 2698//3573 2710//3573 2734//3573
f 2710//3574 2726//3574 2734//3574
f 2650//3575 2738//3575 2734//3575
f 2738//3576 2695//3576 2734//3576
f 2738//3 2643//3 2695//3
f 2693//3577 2702//3577 2712//3577
f 2732//3578 2737//3578 2701//3578
f 2736//3579 2732//3579 2701//3579
f 2706//3580 2702//3580 2701//3580
f 2702//3581 2735//3581 2701//3581
f 2710//3582 2727//3582 2726//3582
f 2735//3583 2727//3583 2710//3583
f 2712//3584 2735//3584 2711//3584
f 2702//3585 2735//3585 2712//3585
f 2727//3586 2702//3586 2706//3586
f 2738//3351 2650//3351 2643//3351
f 2702//3587 2727//3587 2735//3587
f 2722//3588 2736//3588 2723//3588
f 2737//3589 2679//3589 2724//3589
f 2737//3590 2725//3590 2679//3590
f 2714//3591 2736//3591 2722//3591
f 2725//3592 2732//3592 2715//3592
f 2737//3593 2732//3593 2725//3593
f 2732//3594 2736//3594 2714//3594
f 2739//3 2740//3 2741//3
f 2740//3 2742//3 2741//3
f 2742//3595 2743//3595 2741//3595
f 2744//3596 2739//3596 2741//3596
f 2743//3596 2744//3596 2741//3596
f 2745//3 2746//3 2742//3
f 2740//3 2745//3 2742//3
f 2746//337 2747//337 2742//337
f 2747//3595 2743//3595 2742//3595
f 2748//3597 2744//3597 2743//3597
f 2747//3598 2748//3598 2743//3598
f 2749//3599 2748//3599 2747//3599
f 2746//337 2749//337 2747//337
f 2750//3600 2745//3600 2740//3600
f 2740//3601 2751//3601 2750//3601
f 2752//3602 2745//3602 2750//3602
f 2751//3603 2752//3603 2750//3603
f 2739//3604 2751//3604 2740//3604
f 2753//3605 2751//3605 2739//3605
f 2754//3 2753//3 2739//3
f 2755//111 2754//111 2739//111
f 2744//111 2755//111 2739//111
f 2745//3 2756//3 2746//3
f 2756//966 2749//966 2746//966
f 2748//3606 2755//3606 2744//3606
f 2757//3607 2748//3607 2749//3607
f 2756//3608 2757//3608 2749//3608
f 2753//3609 2752//3609 2751//3609
f 2753//3 2756//3 2745//3
f 2752//3610 2753//3610 2745//3610
f 2754//3 2756//3 2753//3
f 2755//3611 2748//3611 2757//3611
f 2757//3612 2756//3612 2754//3612
f 2755//3613 2757//3613 2754//3613
