# Blender 4.4.3
# www.blender.org
mtllib Link6_l.mtl
o Link6_l
v 0.000861 -0.028850 0.127628
v -0.003773 -0.028163 0.126490
v 0.001272 -0.028444 0.120000
v -0.011678 -0.025999 0.119985
v -0.009413 -0.026901 0.110000
v -0.002555 -0.028385 0.110000
v 0.002149 -0.028469 0.110000
v -0.011673 -0.026000 0.110000
v 0.000000 -0.028500 0.085000
v 0.002555 -0.028385 0.085000
v -0.002555 -0.028385 0.085000
v -0.009413 -0.026901 0.085000
v -0.011673 -0.026000 0.085000
v -0.009351 -0.026907 0.066850
v -0.000245 -0.028822 0.066809
v 0.000000 -0.028500 0.075000
v -0.011673 -0.026000 0.075000
v 0.002555 -0.028385 0.075000
v -0.002311 -0.028450 0.134492
v 0.009413 -0.026901 0.120000
v 0.009413 -0.026901 0.110000
v 0.009413 -0.026901 0.085000
v 0.009413 -0.026901 0.075000
v 0.009413 -0.026901 0.066800
v 0.000000 -0.022000 0.066800
v 0.006023 -0.021159 0.066800
v -0.009411 -0.020221 0.066809
v 0.007870 -0.027252 0.134000
v 0.015602 -0.023637 0.134486
v 0.015329 -0.020725 0.133918
v 0.011673 -0.026000 0.120000
v 0.012450 -0.025637 0.134000
v -0.011101 -0.026193 0.134517
v 0.011673 -0.026000 0.110000
v 0.011673 -0.026000 0.085000
v 0.011673 -0.026000 0.075000
v -0.015701 -0.023785 0.066800
v 0.015701 -0.023785 0.066800
v 0.006471 -0.024650 0.132250
v -0.001120 -0.025200 0.131375
v 0.010136 -0.026000 0.115282
v -0.008492 -0.023547 0.124573
v -0.002653 -0.025968 0.115300
v -0.015787 -0.023687 0.133257
v -0.010369 -0.022792 0.113903
v 0.010352 -0.026000 0.079857
v -0.010285 -0.026000 0.079934
v 0.008312 -0.023585 0.080798
v 0.013739 -0.020890 0.080788
v 0.010159 -0.019493 0.079653
v -0.013548 -0.021037 0.080758
v -0.008943 -0.020569 0.080713
v -0.009489 -0.023948 0.134319
v 0.001609 -0.025033 0.129478
v 0.021665 -0.013453 0.134329
v 0.001172 -0.021976 0.080800
v -0.002241 -0.024899 0.080800
v 0.001811 -0.024986 0.080800
v 0.008257 -0.023597 0.130500
v -0.008257 -0.023597 0.080800
v 0.014316 -0.016827 0.066795
v 0.021036 -0.019228 0.066800
v 0.020814 -0.019633 0.125179
v 0.018263 -0.021880 0.127326
v -0.016264 -0.014815 0.066800
v -0.021036 -0.019228 0.066800
v -0.020627 -0.019795 0.125214
v -0.020698 -0.019584 0.134192
v 0.019818 -0.020720 0.130672
v 0.013772 -0.020864 0.130500
v 0.010440 -0.022706 0.114612
v -0.013772 -0.020864 0.130500
v 0.024961 -0.013475 0.134489
v -0.018037 -0.017491 0.131200
v 0.018075 -0.017380 0.127262
v 0.018453 -0.016867 0.080800
v 0.016525 -0.014566 0.080800
v -0.018453 -0.016867 0.080800
v -0.027266 -0.008302 0.134534
v 0.025097 -0.013505 0.066800
v -0.019699 -0.009796 0.066800
v -0.025097 -0.013505 0.066800
v -0.025002 -0.013462 0.134450
v -0.021871 -0.018273 0.127256
v -0.016264 -0.014815 0.080800
v -0.023425 -0.010703 0.132011
v 0.022002 -0.011867 0.130587
v -0.022015 -0.011847 0.130500
v 0.022015 -0.011847 0.080800
v -0.022015 -0.011847 0.080800
v 0.019699 -0.009796 0.066800
v -0.020047 -0.009260 0.080769
v 0.027636 -0.006964 0.066800
v 0.026926 -0.009308 0.082866
v 0.026688 -0.010000 0.085000
v 0.026688 -0.009996 0.106912
v 0.027558 -0.007070 0.080528
v -0.022114 -0.000921 0.066792
v -0.028452 -0.003655 0.066806
v -0.026717 -0.010005 0.083353
v -0.027807 -0.006764 0.080125
v -0.027567 -0.007207 0.109437
v -0.026889 -0.009429 0.107032
v 0.027574 -0.007189 0.109464
v 0.025778 -0.012155 0.134000
v 0.025555 -0.002523 0.131594
v 0.024242 -0.006109 0.130500
v 0.027657 -0.006523 0.134464
v 0.027588 0.007272 0.134525
v 0.024180 -0.006327 0.109789
v 0.022933 -0.009989 0.107149
v -0.024242 -0.006109 0.130500
v -0.022969 -0.009869 0.100763
v -0.023757 -0.007680 0.108941
v 0.020903 -0.006759 0.080469
v 0.022915 -0.009998 0.083410
v 0.022101 -0.001064 0.066795
v -0.027171 0.008065 0.134530
v -0.028769 -0.000260 0.129686
v 0.028452 0.003655 0.066807
v 0.028552 0.000394 0.079985
v 0.028530 0.000293 0.110075
v 0.028636 0.001159 0.128557
v -0.025011 -0.000758 0.110042
v 0.024286 0.005954 0.130301
v -0.025092 0.001158 0.131094
v -0.028527 0.000230 0.110049
v 0.024981 -0.001309 0.130555
v -0.025114 0.000047 0.128731
v 0.025012 -0.000111 0.110075
v 0.021912 0.002350 0.079966
v -0.021938 0.002621 0.079989
v -0.028500 0.000000 0.080000
v 0.023750 0.010204 0.134346
v -0.024242 0.006109 0.130500
v -0.024237 0.007821 0.132250
v 0.024221 0.006132 0.109792
v -0.024337 0.005663 0.109894
v -0.027799 0.006659 0.080089
v -0.027636 0.006964 0.066800
v -0.020507 0.007966 0.066800
v -0.027574 0.007189 0.109464
v 0.020507 0.007966 0.066800
v -0.026185 0.011254 0.134530
v 0.027592 0.007048 0.080528
v -0.020706 0.007397 0.080595
v -0.022015 0.011847 0.130500
v 0.022015 0.011847 0.130500
v -0.022084 0.012750 0.130500
v 0.019788 0.016564 0.132116
v -0.019981 0.016749 0.134508
v 0.022931 0.009997 0.107088
v 0.026697 0.009981 0.107217
v -0.023539 0.008377 0.108460
v -0.025097 0.013505 0.066800
v 0.025097 0.013505 0.066800
v -0.026687 0.009996 0.106915
v -0.024903 0.013468 0.134487
v 0.026697 0.009997 0.083125
v 0.017547 0.013271 0.080800
v 0.022015 0.011847 0.080800
v 0.023235 0.009203 0.082622
v -0.022015 0.011847 0.080800
v -0.022915 0.009998 0.083410
v 0.017521 0.013308 0.066800
v -0.017542 0.013277 0.080800
v -0.018453 0.016867 0.080800
v 0.021621 0.018685 0.066826
v -0.017511 0.013317 0.066800
v 0.025076 0.013490 0.134455
v -0.022928 0.009964 0.105424
v -0.026688 0.010000 0.085000
v 0.018217 0.017248 0.128592
v -0.018453 0.016867 0.130500
v -0.018642 0.016658 0.127812
v -0.017797 0.017513 0.128752
v 0.018453 0.016867 0.080800
v -0.018453 0.016867 0.127338
v -0.017979 0.017985 0.132250
v 0.013237 0.017572 0.080800
v -0.013237 0.017572 0.080800
v -0.013772 0.020864 0.080800
v -0.022096 0.018000 0.066800
v 0.016166 0.023356 0.134474
v 0.019105 0.021280 0.131105
v 0.022027 0.018041 0.128214
v 0.021019 0.019250 0.124955
v -0.021486 0.018722 0.126418
v 0.009378 0.023972 0.134255
v -0.011597 0.026082 0.134489
v -0.020456 0.019984 0.131759
v -0.018861 0.016943 0.125970
v -0.017634 0.017707 0.126999
v 0.013893 0.020786 0.130190
v -0.013772 0.020864 0.130500
v 0.013772 0.020864 0.080800
v 0.006847 0.021474 0.080797
v 0.006018 0.021809 0.066369
v -0.006781 0.021287 0.066343
v -0.006009 0.021624 0.080570
v -0.008257 0.023597 0.080800
v -0.019595 0.020572 0.066331
v -0.021034 0.019226 0.125908
v -0.012614 0.022273 0.134270
v -0.019220 0.021020 0.126062
v 0.015019 0.024669 0.099752
v -0.016610 0.023224 0.099052
v 0.008257 0.023597 0.080800
v -0.016104 0.023754 0.064987
v 0.015623 0.024239 0.064745
v 0.008257 0.023597 0.130500
v 0.010236 0.022794 0.114894
v -0.008257 0.023597 0.130500
v -0.009842 0.022970 0.114972
v -0.003225 0.025530 0.134421
v 0.005893 0.024293 0.080783
v -0.006000 0.027939 0.060327
v 0.010298 0.026410 0.134276
v 0.005998 0.034702 0.076516
v -0.005259 0.024430 0.079082
v -0.006000 0.034698 0.076547
v -0.015532 0.024414 0.099696
v 0.002241 0.024899 0.130500
v -0.001647 0.025031 0.129683
v -0.010627 0.026549 0.121940
v -0.011673 0.026000 0.120000
v 0.011455 0.026163 0.109999
v 0.011634 0.026003 0.119614
v -0.015056 0.026302 0.062290
v 0.005997 0.026204 0.062520
v -0.011604 0.026003 0.110094
v 0.005270 0.028000 0.028592
v -0.008230 0.023994 0.027536
v 0.007553 0.023987 0.027811
v -0.015004 0.028001 0.025265
v -0.016239 0.027989 0.023659
v -0.015503 0.024036 0.020018
v -0.004037 0.024375 0.024533
v 0.006021 0.031952 0.024384
v 0.023280 0.023964 0.016882
v 0.018492 0.026990 0.021021
v 0.013869 0.031421 0.020877
v -0.026458 0.023995 0.010679
v -0.022990 0.031742 0.009905
v 0.026827 0.032000 0.009233
v 0.022376 0.031349 0.017661
v 0.027243 0.023970 0.008250
v -0.020875 0.027983 0.018724
v -0.025239 0.033511 0.012800
v 0.022980 0.024539 0.010000
v -0.024511 0.024070 -0.005439
v 0.029150 0.024411 -0.001070
v -0.027716 0.033644 0.004279
v -0.028497 0.024045 -0.003634
v -0.025252 0.031682 -0.001990
v -0.025529 0.023965 -0.012621
v 0.025589 0.024019 -0.002789
v 0.025562 0.023998 -0.012606
v 0.028479 0.031886 -0.004338
v -0.028405 0.031614 -0.004618
v 0.017594 0.024037 -0.018059
v -0.021099 0.031783 -0.013576
v 0.022049 0.031735 -0.018020
v -0.023052 0.031397 -0.016447
v 0.021391 0.031850 -0.013012
v -0.016420 0.024024 -0.019490
v 0.010568 0.024006 -0.026575
v 0.018441 0.031021 -0.021859
v -0.018327 0.024022 -0.022138
v 0.010416 0.031777 -0.026699
v -0.015388 0.031044 -0.023781
v -0.009092 0.024008 -0.027031
v 0.007569 0.031695 -0.023895
v -0.001976 0.031373 -0.024960
v -0.003011 0.031923 -0.028698
v 0.000005 0.026037 -0.026898
v 0.004733 0.024531 0.078913
v -0.004724 0.032006 0.024630
v -0.016862 0.031986 0.019037
v 0.023253 0.031995 0.009462
v 0.024630 0.031926 -0.003542
v 0.014257 0.031957 -0.020561
v -0.010946 0.031954 -0.022546
v 0.001697 0.024931 0.080689
v 0.000734 0.033808 0.080961
v -0.000600 0.024983 0.080778
v -0.000084 0.028939 0.128688
v 0.005218 0.027963 0.100021
v -0.005984 0.027643 0.100000
v 0.017587 0.031924 0.017922
v 0.005345 0.027672 0.120000
v -0.000570 0.028847 0.110000
v 0.015000 0.027995 0.058608
v 0.006001 0.034982 0.022809
v 0.006000 0.027997 0.058413
v -0.021766 0.033844 -0.016578
v -0.015000 0.029674 0.099953
v 0.014999 0.035995 0.067881
v 0.014951 0.030166 0.099167
v -0.015000 0.034816 0.069883
v -0.015000 0.027998 0.057869
v 0.015008 0.028000 0.027168
v 0.015000 0.035218 0.029376
v 0.005977 0.028000 0.035809
v -0.005937 0.028000 0.037267
v -0.005995 0.032009 0.038431
v 0.005997 0.032000 0.038024
v -0.001511 0.032000 0.035383
v 0.015341 0.036006 0.026619
v 0.017825 0.033866 0.020739
v 0.009653 0.036000 0.026656
v 0.010672 0.036000 0.027767
v 0.010259 0.028982 0.027237
v 0.011095 0.036000 0.026405
v -0.014566 0.035608 0.071957
v -0.015756 0.034128 0.017855
v -0.006314 0.035932 0.023820
v -0.012188 0.032084 0.018749
v 0.016313 0.032000 0.015190
v -0.021955 0.032000 0.006918
v 0.023098 0.034000 0.012584
v 0.016313 0.034000 0.015190
v 0.021830 0.032000 0.004510
v -0.022899 0.034000 0.002350
v 0.026871 0.034005 -0.002744
v 0.021830 0.034000 0.004510
v 0.020790 0.032000 -0.009883
v -0.020998 0.032000 -0.007481
v 0.018627 0.034000 -0.014306
v -0.015526 0.034000 -0.017623
v -0.008489 0.032000 -0.021899
v 0.019800 0.034000 -0.017317
v 0.008875 0.032000 -0.020448
v -0.009439 0.034011 -0.025706
v 0.003033 0.034000 -0.022083
v 0.009395 0.034000 -0.024569
v 0.006917 0.035995 0.069236
v 0.006225 0.035592 0.051964
v -0.014683 0.035683 0.068020
v -0.014839 0.035659 0.028488
v 0.014617 0.035730 0.029279
v -0.014336 0.035995 0.069121
v 0.014572 0.035797 0.068020
v -0.006691 0.035997 0.067992
v 0.010739 0.035996 0.062223
v -0.010487 0.035997 0.062336
v -0.010398 0.036000 0.027145
v -0.003927 -0.000763 0.144800
v -0.010550 -0.022820 0.144800
v -0.000031 -0.025108 0.143829
v -0.012371 -0.021736 0.130976
v 0.004511 -0.024585 0.131954
v -0.004900 -0.024673 0.130999
v 0.002080 -0.025192 0.126302
v 0.009906 -0.023076 0.130974
v -0.005210 -0.024206 0.130900
v -0.006268 -0.024114 0.126300
v -0.000481 -0.003935 0.126300
v 0.014829 -0.020723 0.130826
v 0.003795 -0.002268 0.126300
v -0.002476 -0.002883 0.126300
v 0.010878 -0.022433 0.144792
v 0.017336 -0.018710 0.126305
v -0.017238 -0.018318 0.126307
v 0.007333 -0.020915 0.144742
v 0.017179 -0.018514 0.144800
v 0.015441 -0.019662 0.131000
v -0.016959 -0.018494 0.133105
v 0.020966 -0.013616 0.130932
v 0.016947 -0.018264 0.144800
v 0.017672 -0.017702 0.139908
v -0.021929 -0.012170 0.144801
v 0.018453 -0.016867 0.131000
v -0.018453 -0.016867 0.131000
v -0.023281 -0.010093 0.130906
v -0.020967 -0.013616 0.131000
v 0.023091 -0.008958 0.126300
v -0.021940 -0.011807 0.126300
v 0.023560 -0.008740 0.144800
v 0.023578 -0.008053 0.131000
v -0.024756 0.003028 0.130962
v -0.024167 -0.006851 0.130985
v 0.023746 -0.007039 0.130900
v -0.025203 -0.002204 0.144786
v -0.025319 -0.000645 0.126308
v -0.003927 -0.000763 0.126300
v -0.020761 -0.008152 0.144647
v 0.025169 -0.000236 0.130818
v 0.025275 0.004810 0.126300
v 0.025107 -0.000442 0.144127
v 0.003641 0.001471 0.144800
v 0.003430 -0.002558 0.144800
v -0.002148 -0.003589 0.144800
v 0.023854 0.008088 0.144822
v 0.024579 0.004082 0.131000
v -0.023746 0.007039 0.126300
v -0.003927 0.000763 0.144800
v -0.003178 0.002815 0.126300
v 0.002476 0.002883 0.126300
v -0.002479 0.003388 0.144800
v -0.023649 0.008491 0.144800
v -0.023469 0.008865 0.130960
v 0.022723 0.011022 0.130902
v 0.001597 0.003587 0.144800
v 0.016749 0.019082 0.126332
v -0.017367 0.018643 0.126316
v 0.000866 0.004043 0.126300
v 0.006268 0.024114 0.126300
v -0.004644 0.024568 0.126300
v 0.021511 0.012976 0.130988
v 0.019262 0.015922 0.144616
v 0.020372 0.008260 0.144784
v -0.010273 0.023073 0.144800
v -0.020256 0.014535 0.144800
v 0.013728 0.020792 0.131000
v -0.020957 0.013631 0.130964
v -0.018453 0.016867 0.131000
v -0.016947 0.018264 0.144800
v 0.010674 0.022662 0.144791
v 0.001044 0.025205 0.144782
v -0.012787 0.021212 0.130900
v -0.017672 0.017702 0.139908
v -0.015441 0.019662 0.131000
v 0.008244 0.023602 0.130970
v -0.010134 0.022761 0.131000
v -0.008864 0.020672 0.144794
v -0.010134 0.022761 0.144800
v -0.000215 0.025337 0.130370
v -0.004280 0.024631 0.131000
v 0.002117 0.024815 0.131000
v 0.004670 -0.024560 0.126300
v -0.004645 -0.024565 0.126300
v 0.004645 -0.024565 0.080800
v -0.004670 -0.024560 0.080800
v 0.000000 -0.004000 0.080800
v 0.000963 -0.003860 0.126300
v 0.008837 -0.023386 0.126300
v 0.008837 -0.023386 0.080800
v -0.008837 -0.023386 0.126300
v 0.001086 -0.003850 0.080800
v -0.008837 -0.023386 0.080800
v -0.001086 -0.003850 0.080800
v 0.012726 -0.021519 0.126300
v 0.002223 -0.003325 0.126300
v 0.012726 -0.021519 0.080800
v -0.003359 -0.002555 0.126300
v -0.012726 -0.021519 0.126300
v -0.012726 -0.021519 0.080800
v 0.016236 -0.019010 0.126300
v 0.003374 -0.002011 0.126300
v 0.016236 -0.019010 0.080800
v -0.016236 -0.019010 0.126300
v 0.002598 -0.003042 0.080800
v -0.016236 -0.019010 0.080800
v -0.003276 -0.002455 0.080800
v 0.019263 -0.015936 0.126300
v 0.019263 -0.015936 0.080800
v -0.019263 -0.015936 0.126300
v -0.019263 -0.015936 0.080800
v 0.021716 -0.012386 0.126300
v 0.021716 -0.012386 0.080800
v -0.021716 -0.012386 0.126300
v 0.003633 -0.001675 0.080800
v -0.021716 -0.012386 0.080800
v 0.023522 -0.008468 0.126300
v 0.023522 -0.008468 0.080800
v -0.023522 -0.008468 0.126300
v -0.023522 -0.008468 0.080800
v 0.024628 -0.004298 0.126300
v 0.003965 -0.000528 0.126300
v 0.024628 -0.004298 0.080800
v -0.024628 -0.004298 0.126300
v 0.004000 0.000000 0.080800
v -0.024628 -0.004298 0.080800
v 0.025000 0.000000 0.126300
v 0.003731 0.001231 0.126300
v 0.025000 0.000000 0.080800
v -0.025000 0.000000 0.126300
v -0.025000 0.000000 0.080800
v -0.004000 0.000000 0.080800
v -0.003972 0.000263 0.126300
v -0.024628 0.004298 0.126300
v 0.024628 0.004298 0.126300
v 0.024628 0.004298 0.080800
v 0.003633 0.001675 0.080800
v -0.003764 0.001354 0.126300
v -0.003633 0.001675 0.080800
v -0.024628 0.004298 0.080800
v -0.023522 0.008468 0.080800
v -0.023522 0.008468 0.126300
v 0.023522 0.008468 0.126300
v -0.003613 0.001665 0.126300
v -0.021716 0.012386 0.126300
v -0.003393 0.002119 0.126300
v 0.021716 0.012386 0.126300
v 0.003009 0.002636 0.126300
v 0.002598 0.003042 0.080800
v 0.023522 0.008468 0.080800
v 0.019263 0.015936 0.080800
v 0.021716 0.012386 0.080800
v -0.002598 0.003042 0.080800
v -0.019263 0.015936 0.080800
v -0.021716 0.012386 0.080800
v -0.019263 0.015936 0.126300
v -0.001972 0.003418 0.126300
v 0.019263 0.015936 0.126300
v -0.016236 0.019010 0.126300
v -0.012726 0.021519 0.126300
v 0.016236 0.019010 0.126300
v 0.000053 0.004200 0.080800
v 0.012726 0.021519 0.080800
v 0.016236 0.019010 0.080800
v -0.016236 0.019010 0.080800
v -0.012726 0.021519 0.080800
v 0.012726 0.021519 0.126300
v -0.008837 0.023386 0.126300
v 0.008837 0.023386 0.126300
v 0.004645 0.024565 0.126300
v 0.004670 0.024560 0.080800
v 0.008837 0.023386 0.080800
v -0.008837 0.023386 0.080800
v -0.004685 0.024557 0.080800
v -0.011223 0.042845 0.012555
v -0.014751 0.043092 0.029781
v 0.008409 0.043234 0.018907
v 0.000263 0.043068 0.046399
v -0.016976 0.042767 0.016122
v 0.017197 0.042548 0.037683
v 0.023198 0.041921 0.013937
v -0.008019 0.041990 0.060173
v -0.024266 0.041396 0.020941
v 0.025846 0.041282 0.024938
v 0.012066 0.041630 0.058891
v -0.023307 0.040702 0.000796
v 0.013798 0.042009 -0.000710
v -0.014070 0.041645 -0.003132
v -0.022707 0.041248 0.042021
v 0.024804 0.040453 0.041735
v 0.005816 0.041872 0.063676
v 0.000306 0.039218 -0.021447
v 0.019107 0.039320 0.065063
v -0.013406 0.040989 0.063222
v 0.000668 0.039977 0.081077
v 0.012937 0.040926 0.064203
v 0.009924 0.041167 0.037145
v -0.007988 0.041291 0.037470
v 0.000182 0.041381 0.022920
v -0.019083 0.038368 0.070540
v -0.019186 0.040647 0.017040
v -0.000982 0.040413 0.001624
v 0.017281 0.040782 0.017385
v 0.021896 0.038962 -0.011981
v -0.005028 0.039978 0.062186
v -0.012908 0.040620 0.045980
v -0.010507 0.038528 -0.021985
v 0.012500 0.036000 0.037021
v 0.021076 0.040029 0.037773
v 0.009460 0.040728 0.046275
v -0.028399 0.039678 0.014239
v -0.026941 0.039702 0.041399
v 0.014551 0.039826 -0.001430
v -0.013107 0.036000 0.037060
v -0.024881 0.039158 0.036763
v 0.029930 0.038662 0.015052
v -0.007234 0.036264 0.063201
v -0.023773 0.039688 0.017992
v 0.023394 0.039599 0.036764
v 0.028976 0.038543 0.041432
v 0.012500 0.036000 0.046771
v 0.012500 0.037178 0.045771
v -0.013187 0.039177 -0.008259
v -0.025183 0.037395 -0.012927
v 0.021268 0.039010 0.046781
v 0.007088 0.040000 0.059992
v 0.022834 0.038206 0.045771
v 0.026779 0.038667 0.017770
v -0.023882 0.038325 0.046770
v -0.013707 0.032524 0.046121
v -0.027112 0.038384 0.037770
v -0.004285 0.037743 0.093754
v -0.023135 0.038381 -0.000656
v -0.011068 0.038377 0.057520
v 0.015000 0.027000 0.036771
v -0.015000 0.032500 0.037771
v 0.006435 0.036748 0.097588
v -0.015219 0.036310 0.088735
v -0.015598 0.038412 0.062400
v -0.029109 0.037243 -0.002209
v -0.031628 0.037064 0.016734
v -0.031081 0.036447 0.039817
v -0.015000 0.027000 0.036771
v 0.009295 0.039252 0.066333
v 0.010041 0.035981 0.058500
v 0.015000 0.032500 0.045771
v -0.019149 0.037466 -0.012792
v -0.010931 0.038743 0.066950
v 0.032229 0.035408 0.043135
v -0.015000 0.026735 0.046359
v 0.027300 0.036238 -0.003357
v 0.016848 0.037641 -0.013746
v 0.015008 0.038765 0.061923
v 0.029291 0.035827 -0.007377
v 0.015000 0.026673 0.046771
v -0.002943 0.037068 0.086474
v 0.024997 0.036023 0.068526
v 0.002335 0.035971 -0.030082
v 0.006411 0.037307 0.081982
v -0.027290 0.035387 0.064117
v -0.021327 0.035644 0.068764
v 0.021114 0.035563 0.069435
v 0.011867 0.036000 0.065626
v 0.030779 0.034852 0.036770
v 0.016284 0.035242 0.091305
v -0.028184 0.034033 -0.008868
v 0.000723 0.035205 -0.028577
v 0.027300 0.036397 0.046772
v -0.014867 0.035280 0.083773
v 0.016906 0.035113 -0.025530
v -0.007697 0.033404 0.112931
v -0.031762 0.032509 0.045675
v -0.033957 0.033694 0.030212
v 0.032976 0.034975 0.016067
v -0.003566 0.033300 0.116899
v -0.031313 0.034323 0.020379
v -0.031507 0.033729 0.036770
v -0.029772 0.034105 -0.000050
v 0.008190 0.033165 0.113697
v 0.015000 0.032500 0.037771
v 0.032833 0.032515 0.037774
v -0.020500 0.030687 0.100846
v -0.029007 0.034869 0.046777
v -0.030595 0.032110 0.063423
v 0.003738 0.034416 0.100189
v -0.007011 0.034154 0.100193
v -0.032889 0.029961 -0.005783
v 0.030993 0.032500 0.045772
v 0.014527 0.034250 0.089298
v 0.031997 0.032983 0.017043
v 0.012056 0.032792 0.100189
v 0.030918 0.031177 0.000081
v -0.007581 0.032364 -0.032166
v 0.022307 0.031557 -0.021679
v -0.015000 0.031500 0.045771
v 0.015000 0.031500 0.045771
v 0.018540 0.029759 0.100181
v 0.034700 0.031151 0.024455
v -0.034219 0.031235 0.014112
v 0.009585 0.030366 -0.032100
v 0.019722 0.031475 0.099521
v -0.025374 0.030822 -0.021144
v 0.032155 0.030947 -0.006896
v -0.015176 0.030321 0.114504
v 0.010968 0.032215 -0.028682
v 0.027199 0.029485 -0.019455
v 0.003164 0.028397 0.100190
v -0.009337 0.027005 0.100190
v -0.019633 0.028967 0.100180
v 0.027393 0.031725 0.077838
v -0.022600 0.026886 0.108423
v -0.021506 0.032001 -0.021708
v 0.008973 0.033130 0.101190
v 0.007394 0.031685 0.111758
v -0.000317 0.034540 0.101191
v 0.002335 0.029503 0.101190
v -0.022471 0.026738 0.100164
v 0.027100 0.031536 0.068755
v -0.034718 0.030403 0.038377
v -0.011159 0.030415 0.110753
v -0.015361 0.031442 0.101191
v -0.006921 0.031325 0.112983
v 0.031309 0.031430 0.046777
v -0.031654 0.030893 0.046779
v 0.034164 0.025531 0.056025
v -0.004591 0.030874 0.118729
v -0.017496 0.026581 -0.029182
v 0.016300 0.026214 -0.030039
v -0.010067 0.031273 0.118657
v -0.015000 0.031500 0.037771
v 0.015000 0.031500 0.037771
v -0.015051 0.024288 0.101190
v 0.029764 0.027456 -0.009289
v 0.004490 0.030402 0.134794
v -0.033114 0.027463 0.060905
v 0.016187 0.023172 0.100190
v -0.028726 0.027331 0.073519
v 0.012828 0.030654 0.117249
v 0.007950 0.028962 0.113138
v 0.011423 0.028411 0.134849
v 0.023566 0.025507 0.100193
v 0.013661 0.028989 0.113278
v 0.020510 0.028229 0.101191
v -0.012324 0.025649 -0.028995
v -0.002035 0.026030 -0.032424
v -0.032402 0.029535 0.016223
v -0.032741 0.026684 0.045917
v -0.032492 0.026731 0.037771
v -0.032189 0.031502 0.037771
v -0.031404 0.031500 0.045771
v 0.032414 0.031469 0.037771
v 0.033025 0.025619 0.045772
v 0.031443 0.031502 0.045771
v 0.015000 0.026823 0.045771
v -0.015000 0.027000 0.037771
v 0.015000 0.027000 0.037771
v -0.006223 0.030373 0.134800
v -0.033012 0.028173 0.036770
v 0.032853 0.026274 0.036770
v -0.006043 0.026288 0.117537
v 0.022939 0.025775 0.111002
v 0.006741 0.026545 0.118249
v 0.015805 0.027509 0.126718
v -0.031779 0.025500 0.000498
v -0.030042 0.024096 -0.000210
v 0.018796 0.024828 0.118181
v 0.000667 0.030805 0.120399
v 0.009444 0.027313 0.132123
v 0.031433 0.025857 0.060188
v 0.028803 0.024482 0.080270
v 0.034189 0.024865 0.002855
v 0.031899 0.026355 0.070817
v 0.010075 0.025999 0.110650
v -0.033062 0.025501 0.028480
v 0.033197 0.025501 0.028455
v -0.032586 0.025500 0.036771
v -0.009838 0.027258 0.131615
v -0.022001 0.023676 0.122738
v -0.002911 0.028811 0.133968
v -0.018242 0.025278 0.134125
v -0.020028 0.020379 0.100190
v 0.018360 0.025058 0.119242
v -0.029574 0.025640 -0.009436
v 0.032762 0.025895 0.046777
v 0.020028 0.020379 0.101190
v -0.028509 0.023503 -0.018626
v -0.015880 0.026511 0.118637
v -0.021745 0.022140 0.118186
v 0.032000 0.026748 0.046271
v -0.032000 0.027000 0.036771
v 0.032000 0.026250 0.037771
v -0.026433 0.021017 0.100168
v 0.022726 0.025523 -0.021170
v 0.027514 0.023623 0.099490
v -0.027786 0.019150 0.110879
v 0.012924 0.027260 0.117313
v -0.021840 0.025921 -0.021933
v 0.022669 0.022350 0.125185
v 0.024329 0.018150 0.118253
v -0.025467 0.022798 0.101190
v -0.034987 0.023506 0.025279
v -0.033227 0.023495 0.002842
v 0.018576 0.023150 0.129717
v -0.002313 0.023958 -0.033372
v 0.032000 0.023748 0.046947
v -0.029307 0.010202 0.134970
v 0.024652 0.017440 0.119241
v -0.031529 0.019663 0.073570
v 0.032186 0.016346 0.076605
v 0.014330 0.025500 -0.026887
v -0.000286 0.025250 -0.030087
v 0.030225 0.025509 -0.000389
v -0.017757 0.022611 0.134990
v -0.021643 0.019455 0.131760
v 0.017757 0.022611 0.132490
v 0.023333 0.022976 -0.020113
v -0.026007 0.015494 0.118588
v 0.034474 0.023422 0.044553
v -0.033092 0.019240 0.056739
v -0.032385 0.023109 0.048527
v 0.032000 0.023503 0.028492
v -0.032000 0.023500 0.028490
v -0.019784 0.025499 0.022272
v -0.027087 0.025498 0.013323
v -0.014907 0.023523 0.028444
v 0.028123 0.025495 0.009974
v 0.019153 0.025451 0.023666
v 0.014477 0.023485 0.028352
v -0.029608 0.021625 0.007066
v 0.030536 0.022791 -0.000265
v 0.027406 0.024500 -0.011293
v -0.023794 0.021625 -0.018846
v -0.014748 0.021098 -0.026859
v 0.012607 0.021008 -0.027909
v -0.001049 0.021042 -0.030731
v 0.029230 0.020394 0.099499
v 0.030402 0.023620 -0.009134
v 0.010329 0.023577 -0.030496
v 0.034343 0.023919 0.016906
v -0.029468 0.014010 0.101205
v 0.027322 0.019107 0.101196
v 0.035104 0.020556 0.053329
v 0.030184 0.013015 0.100184
v 0.033793 0.023500 0.004944
v 0.033074 0.023500 -0.000660
v -0.021020 0.023482 0.022387
v -0.025537 0.023372 0.017189
v 0.024412 0.021000 0.017920
v 0.028740 0.021000 0.010123
v -0.030589 0.023500 0.003389
v -0.027462 0.021000 0.013246
v -0.030519 0.021000 -0.003985
v -0.027907 0.021000 -0.012044
v 0.028348 0.021053 -0.011919
v -0.025226 0.023500 -0.017639
v -0.014223 0.023500 -0.027301
v -0.003714 0.023500 -0.030784
v -0.030553 0.011032 0.100134
v 0.032004 0.013267 0.060987
v 0.034436 0.016226 0.074667
v -0.025874 0.017187 0.130246
v 0.022298 0.018148 0.132490
v 0.028684 0.010041 0.134587
v 0.034080 0.010164 0.064333
v 0.032714 0.016273 0.088055
v -0.027628 0.008872 0.132916
v 0.028730 0.014247 0.119764
v 0.027936 0.011727 0.118127
v -0.028932 0.004758 0.100721
v 0.029004 0.004167 0.100655
v 0.026838 0.009805 0.134990
v 0.027804 0.008677 0.131086
v -0.034032 0.013826 0.083821
v -0.036039 0.009600 0.061510
v -0.032814 0.006454 0.088021
v 0.033408 0.009373 0.076600
v -0.031670 0.006186 0.064281
v 0.036073 0.008179 0.061808
v 0.029923 0.002819 0.118232
v -0.030207 0.009199 0.124555
v -0.035345 0.006803 0.081678
v -0.033970 0.009270 0.064197
v 0.035354 0.007685 0.079956
v -0.031214 0.008334 0.101196
v 0.031359 0.007496 0.101194
v 0.033924 0.008457 0.093182
v 0.029920 0.006493 0.134730
v 0.030522 0.001854 0.119306
v -0.029515 0.006350 0.118739
v -0.030203 0.003613 0.134166
v -0.028338 0.003657 0.133740
v 0.031899 0.004289 0.100079
v -0.031830 0.003195 0.100207
v -0.032550 0.000265 0.063476
v 0.031186 0.002656 0.064279
v 0.034055 0.000550 0.064709
v 0.031718 0.000521 0.101195
v 0.028854 0.000997 0.133927
v -0.033878 0.000500 0.074587
v 0.032770 0.000500 0.088130
v -0.031674 0.000500 0.101190
v -0.034809 0.001627 0.066477
v -0.035680 0.002000 0.071340
v 0.035736 0.001919 0.069544
v -0.029357 0.000500 0.126586
v -0.029980 0.000500 0.118690
v 0.030471 0.001999 0.134343
v -0.033505 0.002000 0.102771
v 0.033910 0.001934 0.082450
v 0.031059 0.002000 0.114975
v -0.032005 0.002000 0.104420
v -0.033574 0.000500 0.087371
v -0.030436 0.000500 0.121469
v 0.033896 0.000500 0.082690
v 0.031059 0.000500 0.114975
v -0.029709 0.001250 0.133504
v -0.032000 0.023508 0.028601
v -0.029013 0.025700 0.041310
v -0.021000 0.027000 0.037269
v -0.019422 0.025573 0.040154
v -0.012625 0.025975 0.037842
v -0.011137 0.025531 0.032859
v 0.029500 0.026500 0.036769
v 0.010000 0.027000 0.036769
v 0.021000 0.027000 0.037769
v 0.011125 0.025625 0.037778
v 0.023235 0.025645 0.037774
v 0.032000 0.025478 0.038658
v -0.031807 0.025500 0.028697
v -0.028625 0.025844 0.035913
v -0.017364 0.025562 0.036588
v 0.018875 0.025750 0.036204
v 0.027000 0.025625 0.034510
v -0.031883 0.024988 0.045480
v -0.022234 0.026319 0.046919
v -0.019945 0.026164 0.045805
v -0.010000 0.026748 0.046269
v -0.011500 0.024600 0.047772
v 0.028075 0.026478 0.046269
v 0.019469 0.025691 0.044934
v 0.011998 0.026098 0.046488
v 0.030924 0.025519 0.045188
v -0.030000 0.023060 0.052980
v -0.030000 0.026020 0.059626
v -0.027999 0.025413 0.047432
v -0.014000 0.026000 0.046769
v -0.020000 0.025259 0.047472
v -0.012000 0.026000 0.046769
v 0.020000 0.026102 0.047121
v 0.025999 0.025788 0.045895
v 0.018000 0.026000 0.052378
v 0.010000 0.025533 0.044621
v -0.028000 0.015793 0.060712
v -0.028000 0.025801 0.062661
v -0.022000 0.018442 0.058805
v -0.022000 0.022591 0.065900
v -0.022000 0.025637 0.045640
v -0.020000 0.025801 0.062661
v -0.020000 0.019086 0.058338
v -0.014000 0.024523 0.048168
v -0.014000 0.025711 0.062321
v -0.014000 0.019613 0.057896
v -0.012000 0.025262 0.060167
v -0.011994 0.020252 0.056523
v 0.009988 0.023019 0.052355
v 0.010000 0.025711 0.062321
v 0.012000 0.025801 0.062661
v 0.017934 0.024117 0.049187
v 0.017999 0.017874 0.059295
v 0.018000 0.022591 0.065900
v 0.020000 0.022198 0.065854
v 0.020000 0.018027 0.059835
v 0.020000 0.024598 0.048168
v 0.025999 0.019123 0.058633
v 0.026000 0.022591 0.065900
v 0.028000 0.025801 0.062661
v 0.028000 0.019498 0.058906
v -0.031999 0.023492 0.043748
v 0.031995 0.023499 0.041686
v 0.032000 0.023500 0.028487
v 0.031844 0.025500 0.028654
v 0.008533 0.025502 0.033188
v -0.019077 0.023500 0.028514
v -0.015906 0.025500 0.029855
v -0.003091 0.023500 0.033702
v 0.018268 0.023500 0.029503
v 0.032000 0.023104 0.045211
v 0.009998 0.014271 0.061633
v 0.012000 0.015483 0.061141
v -0.031910 0.022436 0.048606
v 0.032000 0.021335 0.050989
v 0.031968 0.022959 0.046695
v 0.032001 0.021151 0.055881
v 0.031951 0.019293 0.054391
v -0.032000 0.020782 0.055280
v -0.030000 0.019531 0.065683
v -0.012000 0.019531 0.065683
v -0.011999 0.014635 0.061337
v 0.000001 0.023389 0.044353
v -0.031976 0.021397 0.051023
v -0.032000 0.020254 0.053059
v -0.032010 0.016888 0.057269
v -0.028000 0.001182 0.066040
v -0.020000 0.018000 0.065987
v -0.014000 0.018000 0.065987
v 0.010000 0.018000 0.065987
v 0.012000 0.018000 0.065987
v 0.028135 0.000502 0.066022
v 0.031999 0.014626 0.058856
v -0.030000 0.000500 0.065987
v -0.030107 0.009970 0.063321
v -0.029218 -0.000467 0.065987
v -0.028000 0.006172 0.063554
v -0.022000 0.000500 0.065987
v -0.020000 0.000500 0.065987
v -0.022000 0.009608 0.063029
v -0.020000 0.008463 0.063088
v -0.012000 0.000500 0.065987
v -0.014000 0.000500 0.065987
v -0.014060 0.001058 0.064456
v -0.012000 0.003767 0.063663
v -0.012000 0.008067 0.063434
v 0.010000 0.008120 0.063421
v 0.010000 0.000500 0.065987
v 0.012000 0.000500 0.065987
v 0.012000 0.005773 0.063553
v 0.020000 0.000500 0.065987
v 0.018000 0.000500 0.065987
v 0.018000 0.008878 0.063087
v 0.020000 0.006179 0.063554
v 0.026000 -0.000000 0.065987
v 0.025983 0.000876 0.064225
v 0.028007 0.000683 0.064006
v 0.032000 0.009483 0.062738
v -0.031981 0.012209 0.060183
v 0.031987 0.010025 0.060978
v -0.031907 0.008450 0.061388
v -0.031500 0.003334 0.063778
v -0.032000 0.006470 0.061589
v 0.010004 0.000510 0.063728
v 0.014908 0.000749 0.063919
v -0.022315 0.000524 0.063811
v 0.031999 0.002975 0.061671
v -0.033720 0.000496 0.061682
v -0.012000 0.000500 0.064330
v -0.034280 0.000500 0.075282
v -0.034495 0.002000 0.064584
v -0.033883 0.002000 0.082892
v -0.035795 0.002000 0.064587
v 0.034248 0.000500 0.073097
v 0.033883 0.002000 0.082892
v 0.034981 0.002000 0.064551
v 0.035177 0.001999 0.083056
v -0.035908 -0.000523 0.063448
v -0.035319 0.001976 0.081889
v 0.034974 -0.003603 0.080338
v 0.035003 -0.005819 0.061675
v -0.033955 -0.001558 0.096354
v -0.030764 0.001990 0.134210
v -0.031719 0.002000 0.107933
v 0.031951 0.001990 0.120339
v -0.032138 0.000500 0.103673
v 0.032076 0.000500 0.103134
v 0.030999 0.002000 0.115636
v -0.029994 0.002000 0.128420
v -0.028746 0.000500 0.136775
v -0.029994 0.000500 0.128561
v 0.030734 -0.004414 0.129775
v 0.030034 0.001250 0.133504
v -0.029218 0.000500 0.089987
v -0.029859 -0.000500 0.089987
v -0.028000 -0.000500 0.065987
v -0.022000 -0.000500 0.065987
v -0.020000 -0.000500 0.065987
v -0.014500 -0.000500 0.065987
v -0.012000 -0.000500 0.065987
v -0.004000 -0.000500 0.065987
v 0.002000 -0.000500 0.065987
v 0.004000 -0.000500 0.065987
v 0.010000 -0.000500 0.065987
v 0.012000 0.000569 0.065900
v 0.013144 -0.000489 0.064128
v -0.006000 -0.000500 0.065987
v 0.018000 -0.000500 0.065987
v 0.020000 -0.000500 0.065987
v 0.028569 -0.000500 0.065987
v 0.029819 0.000500 0.089987
v -0.031203 -0.000035 0.100363
v 0.029137 -0.000500 0.089987
v 0.031632 -0.000520 0.100108
v -0.028746 -0.000500 0.101187
v -0.030273 -0.007938 0.100107
v 0.028746 -0.000500 0.101187
v 0.028746 -0.000500 0.118687
v 0.028746 0.000500 0.134987
v 0.030597 -0.006706 0.100217
v -0.028977 -0.001466 0.133666
v -0.028746 -0.000500 0.118687
v 0.029117 -0.001866 0.131229
v -0.023047 -0.017295 0.134338
v 0.027618 -0.008326 0.135230
v -0.033134 -0.010183 0.061377
v -0.033948 -0.007069 0.082387
v -0.030223 -0.007869 0.128353
v -0.030000 -0.015553 0.065987
v -0.030000 -0.000500 0.065987
v -0.033669 -0.000557 0.063729
v -0.030225 -0.014902 0.062921
v -0.033345 -0.000500 0.077413
v -0.027988 -0.021201 0.065991
v -0.025000 -0.000500 0.063675
v -0.028000 -0.008639 0.063506
v -0.022000 -0.028472 0.065987
v -0.020000 -0.028472 0.065987
v -0.022000 -0.007617 0.063576
v -0.014097 -0.000681 0.063849
v -0.020000 -0.014246 0.062804
v -0.014000 -0.004500 0.065987
v -0.012000 -0.028472 0.065987
v -0.012000 -0.000567 0.063756
v -0.006000 -0.000505 0.063698
v -0.006000 -0.028472 0.065987
v -0.004000 -0.028472 0.065987
v -0.006000 -0.011070 0.062888
v -0.000999 -0.000505 0.063699
v -0.004000 -0.017009 0.061041
v 0.004000 -0.028472 0.065987
v 0.002000 -0.028472 0.065987
v 0.001999 -0.012776 0.063451
v 0.005048 -0.000506 0.063709
v 0.004000 -0.014035 0.061741
v 0.010000 -0.028472 0.065987
v 0.012000 -0.028472 0.065987
v 0.010000 -0.011177 0.063438
v 0.014331 -0.001061 0.063808
v 0.020000 -0.028472 0.065987
v 0.018000 -0.028472 0.065987
v 0.018000 -0.007619 0.063575
v 0.023000 -0.000500 0.063675
v 0.020000 -0.007303 0.063621
v 0.025961 -0.025987 0.065920
v 0.026652 -0.024379 0.065988
v 0.026000 -0.009666 0.063135
v 0.028000 -0.021096 0.065987
v 0.027997 -0.001468 0.064054
v 0.034176 -0.000500 0.063824
v -0.033224 -0.000566 0.082377
v 0.032090 -0.009424 0.063793
v 0.031973 -0.006432 0.080889
v 0.029897 -0.001114 0.119027
v -0.031801 -0.000579 0.101320
v -0.025144 -0.012630 0.100187
v -0.025144 -0.012630 0.101187
v 0.031616 -0.000499 0.101208
v -0.032652 -0.005824 0.071108
v -0.028771 -0.006638 0.119205
v -0.024539 -0.016749 0.118681
v -0.028920 -0.007438 0.118217
v -0.026598 -0.015736 0.134644
v 0.027781 -0.010727 0.118786
v 0.033355 -0.012072 0.060818
v 0.028043 -0.013658 0.101250
v 0.024654 -0.014350 0.100187
v -0.026803 -0.010448 0.132487
v 0.026138 -0.012198 0.129987
v -0.014000 -0.028472 0.065987
v 0.028878 -0.010492 0.134636
v 0.029970 -0.012019 0.109385
v -0.031332 -0.012131 0.093072
v 0.032632 -0.012950 0.072908
v -0.028284 -0.012680 0.101200
v -0.031949 -0.015810 0.066762
v 0.029283 -0.015455 0.075295
v -0.029639 -0.014493 0.075689
v 0.020000 -0.011191 0.063025
v -0.011999 -0.017438 0.060653
v 0.024413 -0.017217 0.119270
v -0.028006 -0.019231 0.059167
v -0.022002 -0.019310 0.059357
v -0.013999 -0.018472 0.059893
v 0.018000 -0.017537 0.060401
v 0.027192 -0.014846 0.100122
v -0.030067 -0.018929 0.055621
v 0.020346 -0.019995 0.101187
v -0.025298 -0.018326 0.100183
v 0.022854 -0.017443 0.134987
v 0.020090 -0.020886 0.132778
v 0.011999 -0.018667 0.059436
v 0.028069 -0.024200 0.054884
v 0.024343 -0.020330 0.119469
v -0.028884 -0.019858 0.082074
v -0.025767 -0.018538 0.117406
v 0.028466 -0.020685 0.082173
v 0.030998 -0.016017 0.058608
v -0.031537 -0.021332 0.051521
v 0.028843 -0.026542 0.060213
v -0.025606 -0.022565 0.080422
v 0.020001 -0.021268 0.056519
v -0.006001 -0.020983 0.057144
v 0.019577 -0.023065 0.118222
v 0.015529 -0.025567 0.118910
v 0.026019 -0.029908 0.049645
v -0.020825 -0.024539 0.101192
v 0.019522 -0.023613 0.134743
v 0.023929 -0.020573 0.100170
v 0.026013 -0.022442 0.053947
v 0.010000 -0.018887 0.058669
v 0.004000 -0.019272 0.058155
v -0.014777 -0.024401 0.100187
v -0.014777 -0.024401 0.101187
v 0.019379 -0.025620 0.101186
v -0.021191 -0.024288 0.100181
v 0.014777 -0.024401 0.100187
v -0.019377 -0.024043 0.134023
v -0.018089 -0.022508 0.131810
v -0.025426 -0.022322 0.099346
v 0.031615 -0.023496 0.043196
v -0.018386 -0.024045 0.118537
v 0.009999 -0.021653 0.055156
v 0.001999 -0.023354 0.051396
v -0.029219 -0.026488 0.057634
v 0.030219 -0.021383 0.051294
v 0.021821 -0.023397 0.100183
v -0.020000 -0.025119 0.047271
v 0.018000 -0.023281 0.052121
v -0.028001 -0.028477 0.046694
v -0.021942 -0.026249 0.099849
v 0.022796 -0.025319 0.100664
v -0.011079 -0.028840 0.134746
v 0.009999 -0.023831 0.050958
v 0.004000 -0.023571 0.051037
v 0.007607 -0.022616 0.047985
v -0.031570 -0.026942 0.040359
v -0.031330 -0.023218 0.045637
v 0.004073 -0.031250 0.101197
v -0.012300 -0.029119 0.100187
v 0.017610 -0.026797 0.100175
v 0.008692 -0.028000 0.124261
v 0.011716 -0.026254 0.134987
v 0.012262 -0.025793 0.117468
v -0.012107 -0.026175 0.134139
v 0.012585 -0.028184 0.134740
v -0.014005 -0.025277 0.046268
v -0.004000 -0.025133 0.044904
v 0.025999 -0.025309 0.046704
v -0.022000 -0.025095 0.046769
v -0.015442 -0.023500 0.041826
v -0.022948 -0.027507 0.073430
v -0.022000 -0.028472 0.046769
v -0.007687 -0.024538 -0.033446
v -0.006665 -0.023312 -0.031584
v 0.009253 -0.023423 -0.031060
v 0.018529 -0.028155 -0.026212
v 0.019706 -0.023826 -0.028308
v 0.026931 -0.023713 -0.018108
v 0.031916 -0.023467 0.006610
v 0.031992 -0.026910 -0.002399
v 0.029651 -0.027286 -0.012702
v 0.017039 -0.023500 0.028279
v -0.004376 -0.023502 0.031985
v 0.005001 -0.025494 0.031928
v 0.033364 -0.023660 0.016275
v 0.024970 -0.025500 0.021553
v -0.015650 -0.023500 0.029030
v -0.012054 -0.028355 -0.029673
v -0.025100 -0.023772 -0.020605
v -0.005999 -0.025500 0.031908
v -0.011944 -0.025500 0.030513
v -0.033595 -0.023502 -0.000658
v -0.031844 -0.025502 0.013277
v -0.028586 -0.023500 0.013870
v -0.031962 -0.025563 0.007653
v -0.031489 -0.026424 -0.006977
v 0.020000 -0.028275 0.046570
v 0.032259 -0.026081 -0.010472
v -0.026603 -0.029964 -0.020166
v 0.016874 -0.025061 0.046756
v 0.018000 -0.028472 0.046769
v 0.033039 -0.030018 0.002660
v -0.033331 -0.027270 0.019407
v -0.017606 -0.032080 -0.027793
v -0.031794 -0.031264 -0.007892
v 0.012000 -0.025256 0.044764
v -0.011998 -0.025262 0.046016
v -0.006000 -0.025220 0.045227
v 0.004000 -0.025383 0.045335
v 0.020722 -0.029334 0.073060
v -0.027033 -0.029858 0.058307
v 0.009185 -0.029772 -0.032379
v 0.032834 -0.028126 0.022730
v 0.031040 -0.029916 0.039387
v 0.010000 -0.025429 0.037959
v -0.002630 -0.033236 -0.032211
v 0.023737 -0.031468 -0.023078
v -0.032145 -0.032516 0.003477
v -0.014126 -0.028848 0.115580
v 0.014545 -0.028856 0.114146
v 0.018767 -0.028263 0.045755
v -0.012000 -0.025437 0.044035
v -0.025572 -0.031279 0.046778
v 0.023951 -0.032073 0.046775
v -0.020000 -0.028472 0.046769
v -0.014357 -0.034842 0.046153
v 0.016084 -0.034490 0.046394
v 0.002000 -0.025579 0.038006
v -0.019206 -0.028922 0.079859
v -0.021486 -0.026261 0.037765
v -0.020725 -0.026287 0.045760
v -0.028052 -0.029413 0.045658
v -0.028000 -0.025630 0.037771
v 0.028089 -0.029262 0.045795
v 0.025973 -0.026276 0.045758
v 0.019360 -0.026747 0.037767
v 0.017549 -0.025522 0.037128
v -0.004000 -0.028472 0.037987
v 0.004000 -0.028472 0.037987
v 0.002000 -0.028472 0.037987
v -0.012000 -0.025500 0.041843
v -0.011043 -0.028413 0.110045
v -0.007604 -0.026151 0.115371
v 0.004967 -0.025501 0.037988
v -0.006000 -0.028472 0.032251
v 0.010000 -0.028472 0.032251
v -0.012000 -0.028472 0.032251
v 0.012000 -0.028472 0.032251
v -0.014000 -0.028472 0.032251
v -0.021000 -0.025500 0.032251
v -0.030119 -0.025513 0.032749
v -0.004000 -0.025500 0.037987
v 0.001922 -0.038967 0.034124
v -0.000660 -0.038980 0.036097
v 0.000502 -0.025525 0.034975
v -0.002208 -0.038374 0.034067
v 0.005026 -0.036044 0.037996
v 0.004998 -0.036166 0.031987
v -0.005000 -0.028472 0.035119
v 0.012000 -0.025500 0.032251
v -0.005000 -0.036163 0.031987
v -0.019263 -0.025500 0.037769
v -0.014132 -0.025500 0.036711
v -0.016508 -0.035316 0.037474
v 0.015605 -0.035377 0.037234
v -0.021000 -0.028472 0.036769
v -0.020000 -0.025500 0.036769
v 0.019500 -0.025500 0.035639
v 0.019000 -0.028472 0.036620
v 0.026971 -0.026887 0.037834
v -0.028429 -0.025719 0.035379
v -0.022000 -0.025500 0.036769
v -0.029412 -0.029000 0.036780
v -0.021000 -0.028472 0.032251
v 0.026857 -0.025541 0.036600
v 0.031036 -0.025501 0.027340
v 0.028363 -0.025448 0.041100
v 0.029325 -0.030338 0.035303
v 0.024074 -0.033805 0.036765
v 0.027500 -0.028472 0.034510
v 0.024642 -0.030422 0.064804
v 0.019205 -0.030292 0.086062
v -0.008362 -0.026001 0.083757
v -0.010241 -0.026108 0.076641
v -0.014723 -0.030884 0.079289
v -0.009713 -0.032888 0.075639
v -0.009004 -0.032063 0.083857
v -0.005628 -0.033220 0.080162
v -0.005915 -0.031533 0.079115
v -0.005066 -0.029621 0.117409
v 0.011245 -0.028239 0.110528
v 0.005225 -0.029395 0.118216
v 0.011641 -0.031520 0.083761
v 0.014976 -0.025991 0.079858
v 0.009474 -0.026000 0.084065
v 0.007817 -0.026154 0.077067
v 0.005851 -0.033124 0.080301
v 0.011336 -0.032413 0.075519
v 0.007935 -0.031036 0.115079
v -0.001217 -0.028439 0.100187
v 0.001217 -0.028439 0.101187
v -0.003075 -0.031565 0.101204
v -0.005958 -0.030901 0.100187
v 0.009532 -0.030053 0.100187
v -0.000701 -0.029140 0.132119
v 0.002434 -0.028542 0.134987
v -0.020688 -0.032407 -0.022055
v 0.001518 -0.033937 -0.029292
v -0.029615 -0.032111 0.011917
v -0.014584 -0.032606 0.083629
v 0.030306 -0.031930 0.037032
v 0.000572 -0.031573 0.100186
v 0.026895 -0.029485 0.048185
v -0.021388 -0.033153 0.046782
v -0.005021 -0.035852 0.037983
v 0.023717 -0.034199 0.037766
v -0.025339 -0.033649 0.036768
v 0.028344 -0.034005 -0.003135
v 0.024793 -0.034959 -0.012899
v 0.000022 -0.030901 0.134539
v 0.005736 -0.034918 0.082714
v 0.008285 -0.034844 0.079215
v 0.007563 -0.028857 0.080885
v -0.007519 -0.035066 0.078417
v -0.008300 -0.028794 0.080093
v 0.012226 -0.033843 0.079187
v -0.012862 -0.033745 0.078300
v -0.007867 -0.031096 0.114894
v -0.028796 -0.033586 0.038592
v 0.031697 -0.031680 0.019092
v -0.023055 -0.032608 0.059074
v -0.029457 -0.034170 0.028176
v 0.030145 -0.033199 -0.009865
v 0.028070 -0.034353 0.035714
v -0.026730 -0.034387 -0.007364
v 0.019608 -0.033854 0.060589
v 0.001424 -0.032376 0.113387
v -0.004253 -0.032181 0.110969
v -0.027038 -0.037058 -0.002623
v 0.008965 -0.037291 -0.026282
v 0.030278 -0.033889 0.011848
v 0.015503 -0.035675 -0.020897
v -0.014910 -0.035949 -0.020158
v -0.002266 -0.036522 0.068416
v -0.021654 -0.036499 -0.019232
v 0.001618 -0.036211 -0.024117
v 0.022129 -0.038529 -0.011020
v 0.026921 -0.037098 -0.001930
v 0.007814 -0.034956 0.057434
v -0.002265 -0.035391 0.057498
v 0.009364 -0.036900 0.056445
v -0.021926 -0.036646 0.035264
v 0.004946 -0.036616 0.064912
v 0.018910 -0.036968 0.005521
v 0.018354 -0.037065 0.038323
v -0.017065 -0.037557 -0.002594
v -0.013541 -0.038976 -0.017582
v -0.011222 -0.037276 0.044794
v 0.020651 -0.038478 0.008349
v 0.010867 -0.037519 -0.013375
v -0.000495 -0.037785 0.001598
v -0.003143 -0.038038 0.039014
v -0.014806 -0.037553 -0.005665
v 0.005874 -0.037867 0.037735
v -0.014281 -0.039434 0.004408
v 0.004546 -0.039239 0.012767
v 0.005849 -0.039891 -0.009336
vn -0.1321 -0.9894 -0.0599
vn -0.1844 -0.9776 -0.1011
vn -0.0000 -0.0000 1.0000
vn -0.0177 -0.9998 0.0028
vn 0.0449 -0.9990 -0.0026
vn -0.0000 -0.0000 -1.0000
vn -0.0449 -0.9990 -0.0000
vn -0.2054 -0.9777 0.0445
vn -0.2092 -0.9766 0.0491
vn 0.0448 -0.9983 0.0379
vn -0.1446 -0.9894 -0.0090
vn 0.0006 -0.0030 -1.0000
vn 0.2110 -0.9775 -0.0000
vn 0.2116 -0.9774 0.0002
vn -0.2116 -0.9774 -0.0000
vn 0.2116 -0.9774 -0.0000
vn 0.1951 -0.9807 -0.0144
vn 0.0002 -0.0013 -1.0000
vn -0.0008 -0.0005 -1.0000
vn -0.0011 -0.0013 -1.0000
vn -0.0059 -0.0063 -1.0000
vn 0.1215 -0.9861 0.1137
vn 0.1861 -0.9816 -0.0423
vn 0.2223 -0.9750 -0.0000
vn -0.0499 0.1869 0.9811
vn 0.0814 -0.3018 0.9499
vn 0.0006 -0.0016 -1.0000
vn 0.3326 -0.9430 0.0130
vn 0.3703 -0.9289 0.0035
vn -0.2621 -0.9650 -0.0025
vn -0.2486 -0.9685 0.0107
vn 0.3703 -0.9289 -0.0000
vn -0.3703 -0.9289 -0.0000
vn -0.4408 -0.8972 -0.0258
vn 0.4438 -0.8958 -0.0239
vn 0.0049 -0.0062 -1.0000
vn 0.1669 -0.4732 0.8650
vn -0.0793 0.9949 0.0627
vn 0.0906 0.3424 0.9352
vn -0.0000 -1.0000 -0.0000
vn 0.5366 -0.8438 -0.0079
vn 0.5154 -0.8570 -0.0000
vn -0.1889 0.9146 -0.3577
vn -0.0025 -0.9999 -0.0115
vn -0.4731 -0.8810 0.0070
vn -0.4909 -0.8712 -0.0002
vn 0.7474 -0.6404 -0.1768
vn -0.0025 -0.9999 0.0102
vn 0.9262 -0.3771 0.0005
vn -0.3852 -0.6457 0.6594
vn -0.4901 -0.8717 -0.0000
vn 0.4909 -0.8712 0.0026
vn 0.4818 -0.8763 -0.0000
vn -0.4818 -0.8763 -0.0000
vn -0.4841 -0.8750 0.0007
vn -0.1315 0.2614 -0.9562
vn -0.2946 0.0212 0.9554
vn 0.4583 0.0414 0.8878
vn -0.0247 0.1478 -0.9887
vn 0.3100 -0.1395 0.9405
vn -0.0706 0.9974 -0.0140
vn -0.4016 0.9156 -0.0212
vn -0.2491 0.1631 0.9546
vn -0.3078 0.8784 -0.3656
vn 0.0215 0.9998 0.0010
vn -0.0560 0.9984 0.0072
vn -0.2455 0.9207 0.3033
vn -0.2107 0.9775 0.0001
vn -0.2111 0.9775 -0.0000
vn 0.1674 0.9842 0.0577
vn 0.2179 0.9760 0.0010
vn 0.0003 0.0001 1.0000
vn 0.2116 0.9774 -0.0000
vn -0.4201 0.9004 0.1128
vn -0.1550 0.1969 0.9681
vn 0.0005 -0.0006 -1.0000
vn -0.0002 -0.0008 -1.0000
vn 0.6494 -0.7604 -0.0028
vn 0.6589 -0.7522 -0.0042
vn 0.5560 -0.8312 0.0026
vn 0.0013 0.0001 -1.0000
vn -0.6270 -0.7790 0.0003
vn -0.6494 -0.7604 -0.0028
vn -0.1683 -0.4061 0.8982
vn 0.5776 -0.8162 0.0143
vn -0.4380 0.8840 0.1636
vn -0.4439 0.8960 -0.0107
vn -0.3792 0.9253 -0.0002
vn 0.5286 0.8442 0.0888
vn -0.3844 -0.9232 -0.0010
vn 0.0067 0.0303 0.9995
vn -0.0048 0.0277 0.9996
vn 0.4355 0.9002 0.0059
vn 0.3804 0.9248 0.0018
vn -0.4447 0.8957 0.0047
vn 0.4404 0.8977 -0.0140
vn 0.4898 0.8718 -0.0008
vn -0.4832 0.8755 -0.0001
vn 0.7054 -0.6499 0.2829
vn 0.6141 0.7874 -0.0530
vn -0.5028 -0.4313 -0.7491
vn 0.1379 0.9904 -0.0132
vn -0.1382 0.9904 0.0099
vn 0.1858 0.9824 0.0183
vn -0.8786 -0.1710 0.4459
vn 0.6440 -0.7643 -0.0345
vn -0.0483 0.0442 0.9979
vn 0.0556 0.2456 0.9678
vn -0.2706 0.9620 -0.0376
vn -0.4628 0.8858 0.0341
vn -0.5195 0.8300 0.2029
vn -0.6294 0.7771 -0.0000
vn 0.6204 0.7843 0.0001
vn -0.0014 -0.0012 1.0000
vn -0.6492 0.7606 0.0031
vn 0.0097 0.0013 1.0000
vn 0.6478 0.7618 0.0041
vn 0.7232 0.6407 0.2579
vn 0.6395 0.7299 -0.2416
vn -0.0299 -0.0477 0.9984
vn -0.2600 0.1128 0.9590
vn 0.0006 -0.0004 -1.0000
vn 0.8156 -0.5787 -0.0009
vn -0.8156 -0.5787 0.0001
vn -0.6082 0.7931 -0.0322
vn 0.0979 0.0268 0.9948
vn -0.7793 -0.6266 -0.0078
vn 0.6179 0.7862 -0.0011
vn 0.0065 -0.0069 1.0000
vn 0.6193 0.7851 -0.0000
vn -0.1859 -0.7794 0.5983
vn 0.8281 -0.5606 0.0019
vn -0.7682 -0.6401 0.0089
vn -0.8371 -0.5471 0.0015
vn -0.8171 -0.5757 0.0294
vn 0.7629 -0.2217 -0.6073
vn 0.6341 -0.7729 0.0232
vn 0.6703 0.4627 0.5802
vn -0.8043 0.5933 -0.0336
vn -0.7440 0.6367 0.2026
vn 0.7678 0.5759 0.2805
vn -0.8156 0.5787 -0.0002
vn 0.8156 0.5787 0.0004
vn -0.8144 0.5802 -0.0000
vn 0.8174 0.5761 -0.0000
vn -0.7938 0.6076 0.0271
vn 0.8265 0.5629 -0.0000
vn 0.0044 0.0085 1.0000
vn 0.0003 0.0005 -1.0000
vn 0.8253 0.5648 -0.0011
vn 0.9333 -0.3590 -0.0124
vn 0.9020 -0.4318 0.0020
vn 0.9104 -0.4136 0.0001
vn 0.9322 -0.3619 0.0025
vn 0.9533 -0.3006 -0.0300
vn 0.0005 -0.0007 -1.0000
vn -0.0022 -0.0001 -1.0000
vn -0.9412 -0.3373 -0.0208
vn -0.9462 -0.3222 -0.0295
vn -0.9047 -0.4260 0.0015
vn -0.9158 -0.4016 -0.0066
vn -0.9503 -0.3109 0.0197
vn -0.9140 -0.4057 0.0032
vn 0.9483 -0.3168 0.0194
vn 0.8416 -0.5380 -0.0473
vn -0.9406 0.3392 0.0174
vn -0.9294 0.3625 0.0697
vn 0.8047 -0.3101 0.5062
vn 0.9485 -0.3168 0.0053
vn -0.0486 0.0044 0.9988
vn 0.0206 -0.0043 0.9998
vn -0.9320 0.3625 -0.0010
vn -0.9441 0.3294 -0.0111
vn -0.8962 0.4436 -0.0000
vn 0.8008 0.3108 0.5119
vn 0.9007 0.4344 -0.0000
vn 0.9334 0.3589 -0.0061
vn 0.9322 0.3619 -0.0054
vn -0.0290 0.0586 0.9979
vn -0.0058 0.0637 0.9980
vn -0.8994 0.4371 0.0005
vn -0.6329 0.7178 -0.2902
vn -0.0634 0.0600 0.9962
vn 0.6617 0.7485 -0.0425
vn 0.0005 1.0000 -0.0002
vn 0.0018 1.0000 -0.0004
vn 0.0741 0.9970 -0.0237
vn -0.1233 0.9480 0.2936
vn -0.9706 -0.1174 0.2099
vn -0.8723 0.4879 -0.0315
vn 0.0002 -0.0006 -1.0000
vn -0.9639 0.2652 0.0260
vn 0.9648 0.2626 0.0140
vn -0.3364 0.9011 -0.2737
vn -0.9300 0.2682 -0.2514
vn 0.5476 -0.0030 0.8367
vn -0.0319 0.7263 0.6866
vn -0.0449 0.6798 -0.7321
vn 0.0030 0.7350 -0.6781
vn -0.9834 -0.1815 0.0039
vn 0.0660 0.5686 -0.8200
vn 0.0014 0.0005 -1.0000
vn 0.9967 -0.0765 -0.0266
vn 0.9913 -0.1317 0.0046
vn -0.0720 0.0902 -0.9933
vn 0.9919 -0.1268 0.0003
vn 0.9920 -0.1264 0.0001
vn -0.1112 0.1364 -0.9844
vn 0.9842 0.1767 0.0093
vn -0.6636 0.0148 0.7479
vn 0.9812 0.1267 -0.1457
vn 0.9516 0.1543 0.2656
vn 0.0218 0.0848 -0.9962
vn -0.9918 -0.1268 -0.0154
vn -0.0054 0.0732 0.9973
vn 0.1835 -0.0169 -0.9829
vn -0.9884 0.1521 0.0014
vn 0.9904 0.1213 -0.0664
vn 0.9901 0.1401 -0.0005
vn -0.9912 0.1325 0.0062
vn -0.0054 0.0467 -0.9989
vn 0.0129 0.0537 0.9985
vn -0.9933 0.1077 -0.0421
vn 0.9867 0.1534 -0.0544
vn -0.0650 0.0551 0.9964
vn -0.0055 0.0179 0.9998
vn -0.9945 -0.1014 0.0244
vn 0.0239 0.6074 0.7940
vn -0.9524 0.0056 0.3047
vn -0.5407 0.8398 0.0483
vn -0.9892 -0.1449 0.0210
vn 0.9780 -0.1506 0.1444
vn -0.4397 -0.0734 -0.8951
vn 0.9831 0.1824 -0.0142
vn 0.0051 -0.0446 -0.9990
vn 0.9945 -0.1040 0.0100
vn -0.0083 -0.0221 -0.9997
vn 0.0073 -0.0141 0.9999
vn -0.9968 0.0765 -0.0249
vn -0.9944 0.1048 -0.0098
vn -0.0029 0.0014 -1.0000
vn 0.0001 -0.0006 -1.0000
vn -0.9908 0.1350 -0.0089
vn 0.9856 0.0042 0.1689
vn -0.6939 -0.6962 0.1839
vn -0.9921 -0.1257 0.0021
vn 0.9847 -0.1611 0.0664
vn 0.9899 -0.1420 -0.0015
vn -0.9843 -0.1738 0.0309
vn 0.0013 0.0008 -1.0000
vn 0.9834 -0.1779 0.0346
vn -0.9830 0.1833 0.0094
vn -0.2245 -0.2363 0.9454
vn 0.6203 -0.1917 0.7606
vn -0.0280 -0.0852 0.9960
vn 0.9897 0.1407 0.0272
vn 0.9682 -0.2502 0.0036
vn -0.0593 -0.1107 0.9921
vn 0.9322 -0.3619 0.0035
vn -0.8996 -0.3554 0.2540
vn -0.9331 -0.3597 -0.0001
vn 0.9110 -0.2961 0.2871
vn 0.5634 -0.2109 0.7988
vn -0.8619 -0.4711 0.1876
vn 0.9068 -0.4173 -0.0595
vn 0.0869 -0.0953 -0.9917
vn -0.9461 -0.3238 -0.0114
vn 0.0256 -0.5672 -0.8232
vn -0.3872 -0.3275 -0.8619
vn 0.9562 -0.2921 -0.0201
vn -0.0911 -0.4444 -0.8912
vn -0.9554 0.2953 0.0050
vn 0.9832 0.1819 -0.0140
vn -0.9322 0.3619 -0.0032
vn 0.0006 -0.0005 -1.0000
vn 0.9464 0.3223 -0.0204
vn 0.0150 -0.6748 -0.7378
vn -0.9476 0.3187 0.0212
vn -0.8652 0.5003 -0.0332
vn 0.9499 0.3114 -0.0262
vn -0.9285 -0.3668 -0.0573
vn -0.0286 -0.0897 0.9956
vn -0.0267 -0.0867 0.9959
vn -0.5669 -0.6286 -0.5325
vn 0.0402 -0.6534 0.7559
vn -0.0644 -0.0647 0.9958
vn 0.6613 -0.7006 -0.2682
vn -0.8728 -0.4880 0.0004
vn 0.8807 -0.4736 -0.0069
vn -0.0439 -0.0111 0.9990
vn 0.0457 -0.0325 0.9984
vn 0.0036 0.0020 -1.0000
vn -0.0033 0.0027 -1.0000
vn 0.8725 -0.4885 0.0005
vn 0.9272 0.3746 0.0069
vn 0.9090 0.4168 0.0004
vn -0.0549 -0.0110 0.9984
vn 0.3391 -0.3793 0.8609
vn -0.0278 0.0355 0.9990
vn 0.9294 -0.3690 -0.0062
vn -0.1997 -0.8513 -0.4853
vn 0.2167 -0.8293 0.5151
vn -0.9409 0.3382 -0.0171
vn -0.9086 -0.4177 0.0023
vn 0.2187 -0.9752 0.0344
vn -0.0043 -1.0000 -0.0007
vn 0.9094 0.4160 0.0003
vn -0.8962 -0.4437 -0.0000
vn 0.8991 -0.4378 -0.0001
vn 0.8997 -0.4366 -0.0000
vn -0.0089 -1.0000 -0.0016
vn -0.0005 -1.0000 -0.0002
vn -0.8984 0.4391 0.0028
vn -0.9103 0.4139 0.0001
vn -0.8295 -0.4859 0.2754
vn -0.8180 -0.5752 -0.0000
vn 0.8188 -0.5741 -0.0000
vn 0.7748 -0.6179 -0.1336
vn 0.8121 -0.5762 0.0916
vn -0.8156 -0.5787 0.0006
vn 0.8156 -0.5787 -0.0000
vn 0.7558 -0.6546 0.0128
vn 0.7325 -0.6461 0.2144
vn 0.7100 -0.6485 0.2745
vn -0.7064 -0.7078 -0.0005
vn 0.7063 -0.7079 -0.0005
vn -0.0240 -0.0235 0.9994
vn 0.7228 0.6523 0.2284
vn 0.8305 0.5570 0.0004
vn 0.7744 0.6277 0.0794
vn 0.8304 0.5572 0.0032
vn 0.7778 0.6285 -0.0075
vn -0.8364 0.5481 0.0027
vn -0.8317 0.5552 0.0018
vn -0.0349 -0.0298 0.9989
vn -0.0137 0.0143 0.9998
vn -0.0375 0.7556 -0.6540
vn -0.5870 0.6191 0.5217
vn -0.4748 0.8595 0.1895
vn 0.8648 0.5015 -0.0252
vn -0.8202 0.3814 -0.4263
vn -0.6478 0.7251 0.2336
vn 0.7163 -0.6978 -0.0000
vn -0.6031 -0.7893 0.1156
vn 0.6203 -0.7263 0.2961
vn 0.6490 -0.7599 -0.0376
vn -0.6494 -0.7604 0.0029
vn 0.6494 -0.7604 0.0023
vn -0.1949 0.5494 -0.8125
vn 0.5132 0.6035 0.6103
vn -0.1513 0.9106 0.3846
vn -0.5211 -0.8534 0.0101
vn -0.5947 -0.8015 0.0622
vn -0.0005 0.0001 1.0000
vn 0.4888 -0.8724 -0.0058
vn 0.5968 -0.8001 0.0610
vn 0.0591 -0.0489 0.9971
vn 0.0262 -0.0152 -0.9995
vn -0.0246 -0.0241 -0.9994
vn -0.5268 -0.5541 -0.6446
vn -0.6332 -0.7740 0.0003
vn 0.0115 -0.1902 -0.9817
vn -0.7450 0.6671 -0.0005
vn -0.7170 0.6970 -0.0016
vn -0.5807 -0.8141 -0.0071
vn 0.5933 -0.7967 0.1154
vn 0.5992 -0.7948 0.0961
vn 0.5948 0.4166 0.6875
vn -0.0575 -0.0276 0.9980
vn 0.4254 0.4266 0.7982
vn -0.5365 0.8438 0.0128
vn 0.1017 0.5100 -0.8542
vn -0.4129 -0.8482 0.3318
vn 0.6104 -0.7921 -0.0000
vn 0.6621 -0.7426 -0.1008
vn 0.0329 -0.9460 0.3225
vn 0.6709 0.7416 -0.0002
vn -0.7026 0.7115 -0.0099
vn -0.6681 0.7440 0.0007
vn 0.0934 -0.0819 0.9923
vn -0.9710 -0.0805 -0.2252
vn 0.6540 0.7565 0.0070
vn -0.0006 -0.0012 1.0000
vn 0.0238 -0.4111 -0.9113
vn -0.0534 -0.4004 -0.9148
vn 0.4493 0.8805 -0.1509
vn -0.4264 -0.8786 0.2150
vn -0.4467 -0.8946 -0.0106
vn -0.4805 -0.8770 -0.0002
vn 0.4355 -0.8789 0.1946
vn 0.4439 -0.8960 -0.0091
vn 0.4722 -0.8815 -0.0000
vn -0.4440 -0.8960 0.0047
vn 0.4440 -0.8960 0.0041
vn 0.6789 0.7343 0.0027
vn -0.5631 0.8263 0.0130
vn -0.5721 0.8198 0.0251
vn 0.3267 -0.9440 0.0461
vn -0.9463 -0.3200 0.0470
vn -0.0063 0.0026 1.0000
vn -0.0677 -0.6649 -0.7439
vn 0.9858 -0.1606 -0.0496
vn -0.6733 0.7393 0.0015
vn -0.0319 0.0035 0.9995
vn 0.0042 -0.0584 0.9983
vn -0.9999 0.0061 -0.0097
vn 0.3919 0.3471 0.8520
vn 1.0000 -0.0006 0.0003
vn -0.3761 -0.9266 -0.0000
vn 0.3680 -0.9298 -0.0000
vn -0.7413 0.6711 -0.0006
vn -0.2089 -0.9650 0.1587
vn -0.2825 -0.9593 -0.0000
vn -0.2116 -0.9774 -0.0036
vn 0.2296 -0.9570 0.1772
vn 0.2120 -0.9773 -0.0000
vn 0.2637 -0.9646 -0.0074
vn -0.4612 0.8873 -0.0026
vn -0.4822 0.8760 -0.0025
vn 0.4909 0.8712 0.0054
vn 0.4611 0.8872 0.0173
vn -0.0190 -0.7230 -0.6906
vn -0.9218 0.3875 0.0078
vn -1.0000 -0.0029 0.0019
vn 0.0394 -0.6582 -0.7518
vn 0.4342 0.9006 0.0197
vn -0.4802 0.8772 -0.0031
vn -0.0172 -0.2003 0.9796
vn -0.1557 0.2746 0.9489
vn -0.5619 -0.7020 0.4376
vn 0.0512 -0.9972 -0.0550
vn 0.4872 -0.6349 0.5997
vn 0.0158 -0.3927 -0.9195
vn 0.5570 -0.2156 0.8020
vn 0.5002 0.1178 0.8579
vn -0.5704 -0.6114 0.5485
vn -0.3929 -0.4262 -0.8148
vn -0.5497 -0.2703 -0.7904
vn 0.6098 -0.3444 -0.7138
vn 0.8809 0.0583 0.4697
vn 0.9088 -0.0040 0.4172
vn -0.5474 -0.5338 0.6445
vn -0.8156 -0.0243 0.5780
vn -0.6303 -0.7755 -0.0374
vn -0.1622 -0.9839 -0.0752
vn 0.9113 -0.3972 0.1082
vn 0.9791 0.0260 0.2016
vn -0.9894 -0.0356 0.1408
vn -0.9582 0.0605 0.2795
vn 0.0045 -1.0000 -0.0041
vn 0.9666 0.1777 -0.1847
vn 0.0123 -0.9998 0.0129
vn 0.1200 -0.9925 -0.0224
vn -0.1265 -0.9919 0.0145
vn 0.9544 -0.0435 -0.2953
vn 0.1085 -0.9941 0.0018
vn -0.9492 -0.0292 -0.3132
vn -0.0063 -1.0000 0.0021
vn 0.8583 -0.5002 -0.1142
vn 0.8989 0.1117 -0.4237
vn -0.9067 0.0901 -0.4120
vn -0.8784 0.1297 0.4600
vn 0.5858 -0.2373 0.7749
vn -0.0170 -0.9997 0.0177
vn 0.6575 -0.2634 -0.7059
vn -0.5000 0.4599 0.7338
vn 0.5366 -0.3065 -0.7862
vn -0.7965 -0.0449 -0.6030
vn 0.0045 -1.0000 -0.0026
vn 0.5162 -0.0035 -0.8565
vn -0.4681 -0.0108 -0.8836
vn -0.6827 -0.4632 0.5650
vn -0.0002 -1.0000 0.0026
vn 0.1517 0.0418 0.9875
vn 0.3588 -0.8971 -0.2579
vn -0.0915 -0.3595 0.9287
vn -0.3733 0.0923 -0.9231
vn 0.0231 -0.0382 -0.9990
vn -0.0299 -0.3063 -0.9515
vn 0.1471 -0.0128 -0.9890
vn 0.8145 -0.2271 -0.5339
vn -0.1969 -0.9804 -0.0025
vn -0.6239 -0.2294 -0.7471
vn -0.0229 0.0107 -0.9997
vn 0.3648 0.0447 -0.9300
vn 0.4182 -0.0406 -0.9074
vn 0.8273 0.0726 -0.5571
vn -0.9794 0.0214 -0.2006
vn -0.9427 -0.0836 0.3231
vn 0.9398 -0.0609 0.3363
vn -0.4470 0.0927 0.8897
vn 0.2666 0.1808 0.9467
vn -0.1228 -0.9924 -0.0116
vn -0.5074 -0.0287 -0.8612
vn -0.1301 -0.9915 0.0008
vn 0.0116 -0.0129 0.9998
vn 0.3452 -0.0327 -0.9379
vn 0.1167 -0.9932 0.0035
vn -0.0339 -0.9994 -0.0003
vn -0.0521 -0.9948 0.0874
vn 0.1854 -0.3114 -0.9320
vn -0.0378 0.0265 -0.9989
vn -0.0228 -0.9997 0.0005
vn -0.7782 0.5942 0.2032
vn 0.5405 0.7030 -0.4623
vn 0.3178 0.9478 -0.0277
vn -0.3195 0.9473 -0.0240
vn -0.4374 0.0326 0.8987
vn 0.0421 -0.0997 0.9941
vn -0.1303 -0.9372 -0.3236
vn -0.7866 0.4296 -0.4435
vn 0.2563 0.9666 -0.0035
vn 0.5925 0.6829 -0.4273
vn -0.0001 1.0000 0.0003
vn -0.0164 0.1665 -0.9859
vn -0.0953 0.9701 -0.2234
vn -0.0069 0.9998 0.0168
vn 0.0040 0.0175 0.9998
vn -0.2494 0.9682 0.0184
vn -0.2417 0.7157 -0.6552
vn -0.1685 0.0924 0.9814
vn -0.0548 -0.8541 -0.5172
vn 0.9823 0.1868 0.0146
vn 1.0000 -0.0025 -0.0005
vn 0.0085 -0.9164 -0.4001
vn 0.7293 0.4548 0.5111
vn -0.8586 0.4974 -0.1242
vn -0.6910 -0.5238 0.4981
vn 0.0599 0.8432 0.5342
vn -0.2321 0.9725 0.0183
vn 0.2343 0.9722 0.0046
vn -0.0158 -0.0472 0.9988
vn -0.9948 0.1011 -0.0076
vn 0.9999 0.0128 0.0039
vn 1.0000 0.0006 -0.0004
vn -0.9999 0.0133 -0.0075
vn -1.0000 0.0057 0.0010
vn 0.0910 -0.9302 -0.3556
vn -0.0929 0.9753 -0.2003
vn 0.2177 0.9752 0.0399
vn -0.0514 0.8705 0.4894
vn 0.4834 0.0036 0.8754
vn -0.0540 -0.7484 0.6610
vn -0.8308 -0.0098 -0.5565
vn 0.7030 -0.4038 -0.5855
vn -0.3012 0.1695 0.9384
vn 0.0716 -0.2579 -0.9635
vn -0.5780 -0.6085 0.5437
vn -0.7141 0.1384 -0.6862
vn -0.0345 -0.9992 0.0184
vn 1.0000 0.0011 0.0003
vn 1.0000 0.0001 -0.0000
vn -0.0002 -1.0000 -0.0002
vn -1.0000 0.0052 0.0010
vn -0.0001 -1.0000 -0.0001
vn 0.9999 0.0136 0.0028
vn 1.0000 -0.0004 0.0002
vn -0.0058 -1.0000 -0.0027
vn -1.0000 -0.0002 0.0001
vn -0.0000 -1.0000 -0.0001
vn 1.0000 -0.0046 -0.0006
vn 0.5473 -0.2260 0.8058
vn 0.1152 0.3161 0.9417
vn -0.2944 -0.4618 0.8367
vn 0.9930 -0.0335 0.1134
vn 0.0258 -0.9840 0.1763
vn 0.8725 0.1042 0.4774
vn -0.1106 -0.5431 -0.8324
vn -0.3927 -0.7965 -0.4598
vn -0.0022 0.0132 0.9999
vn -0.0282 0.9941 -0.1044
vn -0.1723 -0.9574 0.2318
vn -0.9861 -0.1295 -0.1037
vn 0.9830 0.1400 0.1185
vn -0.6379 0.1068 0.7627
vn 0.7370 0.0078 -0.6759
vn -0.9520 0.0784 -0.2959
vn 0.1711 0.0959 0.9806
vn 0.5917 0.0903 0.8011
vn 0.0136 0.1212 -0.9925
vn 0.0243 0.1060 0.9941
vn -0.9335 0.3534 0.0604
vn -0.7199 0.1564 0.6762
vn 0.7721 -0.4308 -0.4672
vn -0.0106 0.9782 0.2072
vn 0.0023 0.9809 0.1944
vn -0.0024 0.9801 0.1986
vn -0.0006 0.9805 0.1966
vn 0.0345 0.9825 0.1831
vn -1.0000 -0.0076 -0.0018
vn 0.0012 1.0000 -0.0035
vn 0.0020 1.0000 -0.0001
vn 0.0050 1.0000 -0.0010
vn -0.3905 0.6485 0.6534
vn 0.9174 0.3890 0.0844
vn 0.0187 -0.9991 -0.0371
vn 0.6170 0.0885 -0.7820
vn -0.1370 -0.9778 -0.1585
vn 0.0823 -0.9944 -0.0659
vn 0.0204 -0.9997 -0.0097
vn -0.6192 -0.3654 -0.6951
vn 0.6410 0.6391 0.4250
vn -0.5942 -0.0000 -0.8043
vn 0.5269 0.7271 -0.4401
vn -0.0170 -0.9997 -0.0198
vn 0.1105 -0.9927 -0.0476
vn 0.6891 0.5975 0.4101
vn -0.8885 -0.0000 -0.4589
vn -0.0012 -1.0000 -0.0006
vn 0.8079 -0.4600 -0.3684
vn 0.5620 0.8154 0.1386
vn 0.8264 0.5548 0.0960
vn -0.0161 -0.9999 0.0036
vn 0.1680 -0.9854 -0.0270
vn -0.9974 -0.0000 0.0721
vn -0.0220 -0.9998 0.0016
vn 0.8471 0.5284 0.0563
vn 0.0814 -0.9967 0.0054
vn -0.8095 -0.5707 0.1378
vn -0.0747 -0.9966 0.0336
vn 0.7288 -0.6297 0.2690
vn 0.1172 -0.9925 0.0334
vn 0.6337 0.7106 -0.3057
vn -0.8265 0.4138 -0.3816
vn -0.5423 0.8273 -0.1467
vn 0.4704 0.7825 0.4081
vn 0.0402 -0.9986 0.0349
vn 0.6270 0.7170 -0.3045
vn -0.4840 0.6839 0.5459
vn -0.0079 -0.9999 0.0089
vn -0.0546 -0.9978 0.0375
vn 0.0182 -0.9998 0.0015
vn 0.4832 0.6588 -0.5766
vn -0.0061 -0.9959 0.0904
vn -0.4955 0.5661 -0.6588
vn -0.0723 0.4963 0.8651
vn -0.3874 -0.4963 0.7769
vn -0.0076 -0.9958 0.0909
vn 0.1455 -0.7825 0.6055
vn 0.0086 -0.9759 0.2182
vn -0.0224 -0.9877 0.1548
vn 0.4064 0.7035 -0.5830
vn 0.4057 0.7226 -0.5597
vn -0.3742 0.1575 -0.9139
vn 0.1107 0.7136 -0.6917
vn 0.0321 0.8507 -0.5246
vn 0.5248 -0.1682 -0.8345
vn -0.6315 -0.1026 -0.7686
vn 0.0084 0.9997 0.0219
vn 0.0938 0.9956 -0.0015
vn -0.0000 1.0000 -0.0000
vn -0.0801 0.9964 0.0287
vn -0.0008 1.0000 0.0001
vn -0.0606 0.9976 0.0331
vn -0.0789 0.9968 -0.0129
vn -0.0266 0.9996 -0.0098
vn -0.0004 1.0000 -0.0002
vn -0.0283 0.9994 -0.0200
vn 0.0004 1.0000 0.0016
vn 0.0005 1.0000 0.0012
vn -0.9827 0.1582 -0.0960
vn -0.9995 0.0322 0.0070
vn -0.9970 0.0674 0.0384
vn -0.9121 0.4084 0.0350
vn 0.9979 0.0648 -0.0044
vn -0.9368 0.3498 0.0035
vn -0.9997 0.0230 -0.0034
vn 0.7469 0.6092 0.2666
vn -0.7699 -0.2334 0.5940
vn 0.9196 -0.0113 0.3926
vn -0.9881 0.1394 0.0652
vn -0.7273 0.6854 0.0348
vn -0.4253 0.9049 -0.0183
vn 0.8008 0.5989 -0.0001
vn 0.0299 0.9835 0.1784
vn 0.8640 0.5035 0.0066
vn 0.0256 0.9887 0.1480
vn 0.0199 0.9904 0.1369
vn -0.1043 0.9856 -0.1329
vn -0.6728 0.7398 0.0022
vn -0.0989 0.9949 -0.0193
vn -0.1009 0.9947 -0.0200
vn 0.4210 -0.9070 0.0021
vn 0.3654 -0.9308 0.0028
vn -0.0363 0.9993 -0.0078
vn 0.0313 0.9434 -0.3302
vn 0.4328 0.4024 -0.8067
vn -0.0000 1.0000 0.0001
vn -0.0002 1.0000 0.0001
vn -0.0001 1.0000 0.0001
vn -0.0003 1.0000 0.0001
vn 0.0003 1.0000 0.0001
vn -0.0014 1.0000 0.0002
vn -0.0182 -0.9998 -0.0018
vn 0.0011 -1.0000 -0.0000
vn 0.0156 0.9999 -0.0013
vn 0.0011 -1.0000 0.0064
vn 0.0863 -0.0259 0.9959
vn 0.0960 0.2367 -0.9668
vn 0.0132 -0.9992 -0.0389
vn 0.0693 -0.9473 0.3129
vn -0.0022 -0.0369 0.9993
vn 0.0003 -0.0001 -1.0000
vn -0.1280 -0.9917 0.0096
vn 0.9237 0.1335 0.3592
vn -0.2082 -0.9770 0.0459
vn -0.0284 -0.4710 -0.8817
vn 0.4060 -0.8675 -0.2874
vn -0.0000 -0.0001 -1.0000
vn -0.7372 -0.5038 0.4501
vn 0.2736 -0.9615 0.0255
vn -0.3657 -0.9304 -0.0248
vn 0.3840 -0.9037 -0.1896
vn -0.3251 -0.9440 0.0559
vn 0.0002 -0.0001 -1.0000
vn -0.4613 -0.8730 -0.1581
vn -0.0006 0.0001 -1.0000
vn 0.0201 0.0141 -0.9997
vn 0.5281 -0.8492 0.0024
vn 0.5250 -0.8511 0.0046
vn -0.5735 -0.8191 0.0113
vn 0.0631 -0.0693 0.9956
vn 0.7250 0.6729 -0.1473
vn 0.6431 -0.7657 0.0074
vn -0.6797 -0.7261 0.1039
vn 0.0138 -0.0149 -0.9998
vn 0.6801 -0.7330 -0.0091
vn -0.6175 -0.7706 -0.1576
vn -0.7067 -0.6607 0.2531
vn -0.0007 -0.0008 1.0000
vn 0.0415 -0.0530 -0.9977
vn -0.3293 0.9424 0.0595
vn -0.7565 -0.6532 0.0318
vn -0.7250 -0.6729 -0.1473
vn 0.7911 -0.6117 -0.0000
vn -0.0104 -0.0081 -0.9999
vn -0.7910 -0.6117 0.0089
vn 0.8353 -0.4929 0.2436
vn 0.7258 -0.6224 -0.2930
vn -0.0002 -0.0004 -1.0000
vn -0.8106 -0.5854 -0.0182
vn 0.0004 -0.0008 -1.0000
vn 0.0001 -0.0000 1.0000
vn 0.8368 -0.5463 0.0356
vn 0.9051 -0.4247 -0.0200
vn -0.0063 -0.0037 -1.0000
vn -0.0005 -0.0024 -1.0000
vn -0.9038 -0.4276 -0.0182
vn 0.9207 -0.3891 0.0311
vn -0.0124 -0.0056 0.9999
vn -0.9495 -0.3119 0.0337
vn -0.9435 -0.2855 -0.1685
vn -0.0004 0.0006 -1.0000
vn 0.0595 0.0211 0.9980
vn -0.0298 0.0471 0.9984
vn 0.0009 -0.0227 0.9997
vn 0.1323 -0.0500 -0.9899
vn 0.9798 -0.1997 -0.0087
vn 0.9849 -0.1562 -0.0751
vn -0.0339 0.0192 0.9992
vn 0.0240 -0.0813 0.9964
vn 0.0223 0.0767 0.9968
vn 0.9831 -0.1830 0.0018
vn -0.3629 0.9305 -0.0501
vn -0.1818 0.9833 0.0118
vn 0.4665 0.8841 0.0255
vn 0.8462 0.5328 0.0053
vn 0.8252 0.5648 -0.0000
vn 0.0243 -0.0776 0.9967
vn 0.9908 0.1352 0.0068
vn -0.9967 -0.0596 -0.0548
vn 0.9577 -0.2028 -0.2040
vn -0.9726 -0.1102 0.2046
vn -0.0004 -0.0009 -1.0000
vn -0.9985 0.0523 -0.0189
vn 1.0000 -0.0000 -0.0000
vn 0.9787 -0.2046 0.0169
vn -0.9679 -0.2478 0.0420
vn 0.8755 -0.4829 -0.0181
vn 0.9895 0.1445 0.0100
vn -0.9789 0.2003 -0.0397
vn -0.0006 -0.0013 1.0000
vn -0.9894 0.1437 0.0224
vn -0.9765 0.2153 -0.0069
vn 0.9466 0.2038 0.2499
vn -0.7193 -0.6946 -0.0077
vn -0.0002 0.0021 -1.0000
vn 0.0003 0.0012 -1.0000
vn -0.5849 -0.8111 0.0031
vn 0.0487 -0.9985 -0.0266
vn 0.0028 -0.0005 -1.0000
vn -0.0012 -0.0001 -1.0000
vn 0.2905 -0.9567 0.0186
vn 0.2044 0.0692 -0.9764
vn -0.0081 0.0215 0.9997
vn 0.0075 -0.0208 -0.9998
vn -0.0003 0.0030 1.0000
vn 0.9444 0.3257 -0.0449
vn -0.9762 0.2152 -0.0263
vn 0.0157 0.0172 -0.9997
vn -0.0058 0.0211 0.9998
vn -0.8846 0.4664 0.0011
vn -0.8681 0.4775 -0.1355
vn 0.0035 -0.0068 1.0000
vn -0.8705 0.4591 -0.1774
vn 0.8619 0.5060 0.0328
vn -0.8719 0.4895 0.0122
vn -0.7909 0.6120 0.0001
vn 0.8388 0.5016 -0.2119
vn -0.7479 0.6637 0.0144
vn 0.0135 -0.0086 0.9999
vn -0.0006 0.0009 1.0000
vn 0.0015 0.0004 1.0000
vn -0.6561 0.7092 0.2580
vn 0.3292 -0.9424 0.0595
vn 0.7082 0.7052 -0.0356
vn -0.0367 0.0396 -0.9985
vn -0.6801 0.7330 -0.0091
vn 0.0201 0.0286 -0.9994
vn -0.6431 0.7657 0.0074
vn 0.6175 0.7860 0.0302
vn -0.5845 0.8112 0.0184
vn -0.0075 0.0129 -0.9999
vn -0.5042 0.8632 -0.0246
vn -0.0019 0.0062 -1.0000
vn 0.5946 0.6821 0.4256
vn -0.0177 -0.0081 -0.9998
vn 0.9135 0.4068 -0.0000
vn 0.0607 -0.0570 0.9965
vn 0.4559 0.8898 -0.0196
vn 0.4315 0.8982 -0.0840
vn -0.4207 0.9031 -0.0858
vn -0.0439 0.1281 0.9908
vn -0.0019 0.0060 -1.0000
vn -0.0006 0.0218 -0.9998
vn 0.2553 0.9666 0.0209
vn 0.1942 0.9809 -0.0126
vn -0.3041 0.9523 -0.0246
vn 0.1993 0.9797 0.0232
vn -0.3024 0.9411 0.1513
vn -0.1850 0.9823 0.0305
vn -0.0288 0.9991 -0.0305
vn 0.0405 0.9729 -0.2277
vn 0.0009 0.0002 1.0000
vn -0.0004 0.0001 1.0000
vn -0.0928 -0.9957 -0.0039
vn 0.2368 -0.9716 -0.0000
vn 0.1472 -0.9891 -0.0053
vn -0.0656 -0.9978 -0.0001
vn -0.0001 -0.0000 -1.0000
vn 0.2712 -0.9625 -0.0000
vn 0.2706 -0.9627 -0.0001
vn -0.2706 -0.9627 0.0001
vn -0.2712 -0.9625 -0.0000
vn 0.4329 -0.9015 -0.0000
vn -0.4329 -0.9015 -0.0000
vn 0.5814 -0.8136 -0.0000
vn -0.5814 -0.8136 -0.0000
vn 0.7126 -0.7015 -0.0000
vn -0.7126 -0.7015 -0.0000
vn 0.8226 -0.5686 -0.0000
vn -0.8226 -0.5686 -0.0000
vn 0.9081 -0.4187 -0.0000
vn -0.9081 -0.4187 -0.0000
vn 0.9666 -0.2563 -0.0000
vn -0.9666 -0.2563 -0.0000
vn 0.9963 -0.0863 -0.0000
vn -0.9963 -0.0863 -0.0000
vn -0.0519 0.9987 -0.0020
vn -0.1370 0.9906 -0.0001
vn 0.1370 0.9906 -0.0000
vn -0.3908 0.9205 -0.0008
vn -0.4714 0.8819 0.0016
vn 0.5373 0.8434 0.0028
vn 0.4326 0.9016 -0.0041
vn -0.7523 0.6588 -0.0021
vn -0.7973 0.6036 -0.0001
vn -0.9768 0.2143 0.0017
vn -0.9290 0.3702 -0.0025
vn 0.9591 0.2830 0.0024
vn -0.9912 -0.1320 -0.0023
vn 0.9771 0.2126 -0.0018
vn 0.9963 0.0863 -0.0000
vn -0.9963 0.0863 -0.0000
vn -0.9768 -0.2143 -0.0000
vn 0.9823 -0.1873 0.0005
vn 0.9768 -0.2143 0.0013
vn -0.0000 0.0001 1.0000
vn 0.8996 -0.4366 -0.0005
vn 0.8997 -0.4366 -0.0005
vn -0.8894 -0.4572 -0.0025
vn -0.7973 -0.6036 0.0018
vn 0.7973 -0.6036 0.0017
vn 0.6750 -0.7379 -0.0032
vn -0.5491 -0.8358 -0.0025
vn -0.4144 -0.9101 0.0043
vn 0.4004 -0.9163 0.0021
vn 0.2151 -0.9766 -0.0072
vn 0.0042 -0.0009 -1.0000
vn -0.0054 -0.0012 -1.0000
vn 0.9666 0.2563 -0.0000
vn -0.9666 0.2563 -0.0000
vn 0.9081 0.4187 -0.0000
vn -0.9081 0.4187 -0.0000
vn 0.8226 0.5686 -0.0000
vn -0.8226 0.5686 -0.0000
vn 0.7126 0.7015 -0.0000
vn -0.7126 0.7015 -0.0000
vn 0.5814 0.8136 -0.0000
vn -0.5814 0.8136 -0.0000
vn 0.4329 0.9015 -0.0000
vn -0.4329 0.9015 -0.0000
vn 0.2706 0.9627 0.0001
vn 0.2712 0.9625 -0.0000
vn -0.2713 0.9625 -0.0000
vn -0.2714 0.9625 -0.0000
vn -0.1037 0.9946 -0.0001
vn 0.0004 1.0000 0.0091
vn 0.0799 0.9968 -0.0000
vn -0.0142 0.9998 -0.0172
vn -0.0038 1.0000 0.0049
vn -0.0257 0.9995 -0.0196
vn 0.0399 0.9990 0.0179
vn 0.0870 0.9962 -0.0043
vn -0.0509 0.9976 0.0474
vn -0.1809 0.9835 0.0061
vn 0.1687 0.9855 0.0166
vn 0.0603 0.9965 0.0577
vn -0.2125 0.9762 -0.0438
vn 0.0745 0.9963 -0.0418
vn -0.0065 0.9972 -0.0751
vn 0.0004 0.9981 -0.0622
vn -0.0547 0.9963 -0.0663
vn -0.1299 0.9894 0.0646
vn -0.1945 0.9807 0.0213
vn 0.2340 0.9702 0.0624
vn 0.0733 0.9963 0.0454
vn -0.0098 0.9973 0.0722
vn -0.1340 0.9879 -0.0778
vn -0.0014 0.9912 -0.1325
vn 0.2146 0.9716 0.0996
vn 0.2318 0.9678 0.0980
vn -0.0501 0.9717 0.2307
vn -0.0479 0.9944 0.0941
vn 0.1200 0.9825 0.1425
vn -0.0071 -0.9999 -0.0102
vn 0.2394 0.9668 0.0889
vn -0.1415 0.9872 0.0742
vn -0.2716 0.9535 0.1308
vn 0.0340 -0.9993 0.0129
vn -0.0199 -0.9987 0.0465
vn -0.0326 -0.9994 0.0073
vn 0.1977 0.9728 -0.1210
vn -0.0079 -0.9986 -0.0521
vn 0.0369 -0.9977 -0.0574
vn -0.0542 0.9835 -0.1728
vn -0.0617 -0.0546 0.9966
vn -0.0984 -0.9937 -0.0528
vn -0.0011 -0.9988 -0.0481
vn -0.4131 0.9104 0.0214
vn -0.3470 0.9373 0.0323
vn 0.0245 -0.9987 0.0440
vn -0.0270 -0.9981 0.0546
vn 0.0365 0.0422 -0.9984
vn -0.3164 0.9474 -0.0477
vn 0.4423 0.8952 -0.0545
vn -0.3653 -0.4737 -0.8013
vn 0.1894 -0.9792 -0.0729
vn -0.1162 -0.9929 -0.0239
vn 0.1261 -0.9918 -0.0206
vn -0.0271 0.0104 -0.9996
vn 0.4194 0.9050 0.0707
vn -0.6614 -0.4853 -0.5719
vn 0.0454 -0.9966 0.0687
vn -0.1857 0.9607 -0.2061
vn -0.1950 0.9611 -0.1957
vn 0.0968 0.9761 -0.1944
vn -0.1404 -0.9871 -0.0767
vn -0.0302 0.0850 0.9959
vn -0.0130 0.1297 -0.9915
vn -0.1888 -0.9656 -0.1787
vn -0.2177 -0.9760 0.0091
vn 0.0696 0.0105 0.9975
vn 0.0320 -0.1081 0.9936
vn 0.1504 -0.9886 0.0090
vn -0.1000 0.9858 0.1347
vn -0.0081 -0.9985 -0.0544
vn 0.1496 -0.9844 0.0927
vn -0.2198 -0.9722 0.0813
vn -0.3576 0.9235 0.1387
vn 0.4157 -0.8781 -0.2369
vn -0.0301 0.0194 -0.9994
vn 0.0769 0.1585 0.9844
vn 0.1270 0.9809 0.1475
vn -0.2013 0.9659 0.1628
vn 0.1969 -0.9754 -0.0989
vn -0.4664 0.8777 -0.1099
vn -0.6122 0.7899 0.0356
vn -0.6254 0.7796 0.0329
vn 0.5814 0.8132 0.0247
vn 0.0320 0.0253 -0.9992
vn 0.2189 -0.9728 0.0757
vn -0.0183 -0.9937 -0.1108
vn -0.7564 -0.6261 0.1894
vn 0.1791 -0.9749 0.1323
vn 0.6403 -0.1759 0.7477
vn 0.6860 0.7271 0.0281
vn 0.0771 0.0237 0.9967
vn -0.2548 -0.9613 0.1043
vn -0.2515 -0.9599 0.1234
vn 0.2780 0.5071 -0.8159
vn -0.1364 -0.9880 -0.0724
vn 0.2271 0.9599 0.1644
vn -0.2377 0.9583 0.1588
vn -0.1797 -0.9706 -0.1600
vn -0.6645 0.7428 -0.0813
vn 0.4489 0.8848 -0.1247
vn -0.0105 -0.9905 0.1369
vn -0.0010 -0.0003 1.0000
vn -0.0191 -0.9850 0.1712
vn -0.0163 -0.9929 -0.1176
vn 0.4167 0.8973 0.1454
vn -0.4472 0.8815 -0.1513
vn 0.1500 0.9365 -0.3169
vn 0.1037 -0.9865 -0.1271
vn -0.0370 -0.9908 -0.1300
vn -0.2041 -0.9662 -0.1577
vn -0.4455 0.8808 0.1605
vn 0.4205 0.8956 0.1450
vn 0.4516 0.8836 -0.1236
vn 0.0257 0.9827 0.1833
vn 0.2911 -0.9450 -0.1490
vn -0.3138 -0.9384 -0.1449
vn -0.6435 0.7538 0.1333
vn 0.5972 0.3115 0.7391
vn 0.5559 -0.8193 -0.1403
vn -0.5399 -0.8400 -0.0550
vn 0.2504 -0.9498 -0.1877
vn 0.2571 0.9503 0.1753
vn 0.4245 -0.8817 0.2058
vn -0.0173 -0.9834 0.1804
vn 0.0008 -0.0012 1.0000
vn 0.1812 -0.9708 -0.1575
vn 0.0877 -0.9646 0.2486
vn 0.1557 0.9337 -0.3225
vn -0.2087 0.9612 0.1804
vn 0.3666 -0.8369 -0.4064
vn -0.7502 0.6602 0.0354
vn 0.7694 0.6387 0.0110
vn 0.1228 0.9863 0.1106
vn 0.0247 -0.0199 -0.9995
vn 0.0240 0.9819 0.1877
vn 0.5821 -0.8130 0.0114
vn 0.6335 -0.7734 -0.0205
vn 0.2613 -0.9557 -0.1356
vn -0.2692 -0.9453 -0.1841
vn -0.3937 -0.9084 -0.1409
vn 0.7804 0.6171 -0.1003
vn 0.5900 -0.8056 0.0531
vn 0.5450 -0.8349 0.0772
vn 0.2612 0.9479 0.1824
vn 0.0003 -0.0008 -1.0000
vn -0.0001 -0.0001 1.0000
vn -0.5371 -0.8403 -0.0736
vn 0.3963 0.8998 0.1824
vn -0.4670 0.8621 0.1967
vn 0.0166 -0.0228 0.9996
vn -0.7118 0.6881 0.1411
vn 0.0239 -0.9793 -0.2009
vn -0.0537 -0.9850 -0.1643
vn -0.8592 0.4997 -0.1095
vn -0.0415 0.9320 -0.3602
vn 0.5454 -0.8316 0.1049
vn -0.0000 -0.0002 -1.0000
vn -0.5680 -0.8123 -0.1322
vn -0.2347 -0.9617 -0.1414
vn -0.7354 -0.6774 0.0188
vn 0.1803 -0.9716 -0.1529
vn -0.1885 -0.9653 -0.1809
vn -0.2046 -0.9630 -0.1754
vn -0.7884 0.5472 -0.2810
vn -0.7239 -0.6796 0.1184
vn -0.3994 0.7289 -0.5560
vn 0.6387 0.7518 0.1637
vn -0.0003 -0.0009 -1.0000
vn 0.5606 0.7191 -0.4107
vn 0.5514 -0.8180 -0.1638
vn -0.1591 0.9686 0.1909
vn -0.8266 -0.5610 0.0441
vn -0.4430 -0.8322 0.3333
vn -0.1387 0.1118 0.9840
vn 0.5739 -0.1465 0.8057
vn -0.4790 -0.1570 0.8637
vn 0.3435 -0.1149 -0.9321
vn -0.7710 -0.4120 -0.4856
vn -0.3714 -0.0000 -0.9285
vn -0.6035 -0.1618 -0.7808
vn -0.7486 -0.6342 0.1936
vn -0.2643 -0.9036 0.3370
vn -0.2253 -0.9530 -0.2025
vn 0.6035 -0.5230 -0.6018
vn -0.4344 -0.8777 -0.2021
vn 0.8964 0.4428 0.0177
vn -0.9041 0.4245 -0.0501
vn -0.1822 0.8171 -0.5470
vn 0.2681 0.6140 -0.7424
vn 0.4581 0.8650 0.2049
vn -0.4112 0.7165 -0.5635
vn -0.8950 0.4374 -0.0879
vn 0.8615 0.4940 -0.1175
vn -0.4585 0.8654 0.2019
vn -0.3335 0.9181 0.2140
vn -0.2508 -0.8740 0.4162
vn 0.6177 0.6472 -0.4468
vn -0.3154 -0.8453 0.4312
vn -0.0004 -0.0001 -1.0000
vn -0.0001 0.0005 -1.0000
vn 0.3694 -0.8982 -0.2383
vn 0.5792 0.7866 0.2140
vn -0.6147 0.7601 0.2109
vn 0.2628 -0.8520 0.4529
vn -0.1482 -0.9766 -0.1557
vn 0.0001 -0.0001 1.0000
vn 0.6063 -0.7706 -0.1965
vn 0.4373 -0.8746 -0.2095
vn 0.6253 -0.7564 -0.1918
vn -0.5630 -0.8059 -0.1833
vn -0.5625 -0.8026 -0.1986
vn -0.8630 0.4935 0.1084
vn -0.8630 0.4913 0.1176
vn 0.4660 -0.8039 0.3696
vn 0.1980 -0.9616 -0.1903
vn 0.2649 -0.9577 -0.1127
vn -0.7698 -0.6217 -0.1444
vn -0.0005 0.0005 1.0000
vn 0.0217 -0.0140 0.9997
vn -0.7991 0.4784 -0.3641
vn 0.8156 0.4420 -0.3733
vn 0.6576 0.7340 0.1695
vn -0.4143 -0.8850 -0.2125
vn 0.9599 0.2727 0.0648
vn 0.3206 0.6602 0.6793
vn 0.9626 0.2588 -0.0798
vn -0.0612 -0.9739 -0.2185
vn 0.1947 -0.9685 -0.1550
vn -0.4941 0.4693 -0.7319
vn 0.4748 0.3718 -0.7977
vn 0.0495 0.3943 -0.9176
vn -0.2236 0.9401 0.2573
vn -0.0008 1.0000 -0.0028
vn 0.6340 -0.7673 -0.0959
vn -0.0009 1.0000 0.0017
vn -1.0000 -0.0000 -0.0000
vn 0.0001 -0.0002 1.0000
vn -0.8607 -0.4279 0.2759
vn -0.0169 0.9858 0.1672
vn -0.8985 0.4225 0.1191
vn 0.3015 0.9372 0.1756
vn 0.7431 -0.6420 -0.1887
vn 0.8212 -0.5470 -0.1628
vn 0.0010 0.0002 -1.0000
vn 0.6293 0.0672 -0.7743
vn 0.3818 0.9125 0.1467
vn -0.6307 -0.7460 -0.2140
vn -0.8197 -0.4603 0.3410
vn 0.2707 0.9473 0.1715
vn -0.7105 0.6733 0.2044
vn -0.3521 -0.9188 -0.1783
vn -0.3859 -0.9083 -0.1616
vn 0.3216 -0.4749 0.8192
vn 0.2981 -0.4439 0.8450
vn 0.6064 0.3261 -0.7252
vn 0.3382 0.9179 0.2074
vn 0.9745 -0.2245 0.0034
vn 0.9975 -0.0633 0.0301
vn 0.9586 -0.2689 -0.0941
vn -0.0001 -1.0000 -0.0000
vn -0.0000 -1.0000 -0.0003
vn -0.9593 -0.2579 -0.1153
vn 0.0001 -1.0000 -0.0000
vn -0.0018 -1.0000 0.0040
vn -0.0000 -0.0302 -0.9995
vn 0.0251 -0.1223 -0.9922
vn -0.0026 0.9869 0.1610
vn 0.9652 -0.2614 0.0113
vn -0.9713 -0.2348 -0.0377
vn 0.4796 -0.5411 -0.6908
vn 0.9563 -0.2826 0.0752
vn -0.2667 0.9567 0.1169
vn 0.5928 0.7751 0.2187
vn 0.0001 -0.0000 -1.0000
vn 0.9051 -0.1874 -0.3818
vn -0.3053 -0.7314 -0.6098
vn 0.3206 0.9245 0.2062
vn 0.4557 0.8777 0.1482
vn 0.4766 0.8575 0.1937
vn 0.3604 -0.0246 0.9325
vn -0.0016 -0.0008 -1.0000
vn -0.4799 -0.8497 -0.2185
vn -0.2301 -0.6796 0.6965
vn -0.5317 -0.8336 0.1498
vn -0.9173 -0.3705 -0.1455
vn -0.8645 -0.4753 -0.1633
vn -0.9810 0.1933 -0.0136
vn 0.9770 0.1975 -0.0806
vn 0.8535 0.4922 0.1712
vn 0.9310 0.3436 0.1235
vn 0.3567 0.3378 -0.8710
vn 0.9955 -0.0915 0.0235
vn -0.9811 -0.1920 -0.0227
vn 0.9859 0.1572 -0.0566
vn 0.0652 -0.9674 -0.2449
vn 0.9987 -0.0243 0.0458
vn 0.9708 -0.2204 0.0950
vn -0.9961 -0.0543 0.0691
vn 0.6242 0.7552 0.2000
vn -0.5251 0.8203 0.2267
vn 0.0018 -0.4675 0.8840
vn -0.3931 0.9081 0.1442
vn -0.3252 0.9269 0.1874
vn 0.0007 -0.0011 -1.0000
vn -0.1333 -0.9878 0.0807
vn 0.9692 -0.1724 0.1759
vn -0.0239 -0.1947 0.9806
vn -0.9628 -0.2526 -0.0961
vn -0.0003 -0.0001 1.0000
vn -0.0000 -0.0001 1.0000
vn -0.1450 -0.9727 -0.1812
vn -0.8787 0.2329 -0.4168
vn 0.5952 -0.7777 -0.2021
vn 0.1003 -0.2799 0.9548
vn -0.2415 -0.8267 0.5082
vn 0.0436 -0.6125 0.7893
vn -0.0285 -0.4259 0.9043
vn 0.0011 -0.0004 -1.0000
vn -0.0000 -0.0013 -1.0000
vn 0.3589 -0.9264 -0.1138
vn 0.2432 -0.9668 -0.0780
vn 0.0712 -0.6392 0.7657
vn -0.8345 -0.5162 -0.1928
vn 0.8052 -0.5578 -0.2014
vn -0.8591 -0.0165 0.5116
vn 0.7943 0.5704 0.2090
vn -0.7809 0.5893 0.2072
vn 0.8557 0.4862 0.1772
vn 0.8619 -0.1750 0.4760
vn 0.7012 -0.6927 -0.1687
vn -0.2932 -0.8582 -0.4213
vn 0.5937 -0.0622 0.8023
vn 0.9986 -0.0276 0.0460
vn -0.1130 -0.6434 0.7572
vn -0.6299 0.7703 0.0995
vn 0.2072 -0.6908 -0.6928
vn -0.3026 -0.7541 0.5829
vn -0.3364 0.9196 0.2029
vn 0.3390 -0.9079 -0.2465
vn 0.8491 -0.0660 0.5241
vn 0.0070 -0.0014 -1.0000
vn 0.0009 -0.0017 -1.0000
vn 0.6168 0.7624 0.1959
vn -0.6438 0.7405 0.1930
vn 0.2104 0.1639 -0.9638
vn -0.9972 0.0731 -0.0180
vn -0.9968 -0.0139 -0.0782
vn -0.9973 -0.0339 -0.0645
vn -0.4429 -0.8836 -0.1518
vn -0.0227 -0.5246 -0.8511
vn 0.0219 0.1554 -0.9876
vn -0.0000 -0.9657 -0.2598
vn 0.0154 -0.9999 -0.0000
vn 0.8763 -0.3423 0.3391
vn -0.0440 -0.9971 -0.0613
vn -0.0406 -0.9992 -0.0000
vn -0.0000 -0.9888 -0.1492
vn -0.5832 -0.1785 -0.7925
vn -0.3725 0.2039 0.9053
vn -0.1142 0.1390 0.9837
vn 0.6406 -0.7489 -0.1693
vn -0.0279 -0.6966 -0.7169
vn -0.4386 -0.3622 0.8225
vn 0.9287 -0.3404 -0.1471
vn 0.9267 -0.3398 -0.1603
vn -0.9351 -0.3236 -0.1446
vn -0.5266 -0.0367 0.8493
vn -0.0327 -0.1466 0.9886
vn -0.2139 0.1508 0.9651
vn -0.8020 -0.0094 0.5972
vn -0.5645 0.7998 0.2043
vn -0.5627 0.0306 0.8261
vn -0.9884 0.1124 0.1019
vn -0.9904 0.1148 0.0764
vn -0.0732 -0.8756 -0.4774
vn -0.8697 -0.3405 -0.3572
vn 0.1332 -0.9827 0.1290
vn 0.4314 -0.6961 0.5738
vn -0.3717 -0.7208 -0.5851
vn 0.5467 -0.8242 0.1477
vn 0.5520 -0.8160 0.1715
vn -0.4190 -0.6951 0.5841
vn -0.4599 -0.8363 -0.2984
vn 0.7038 -0.3559 -0.6148
vn 0.2227 -0.2005 -0.9541
vn 0.9994 0.0276 0.0219
vn -0.0467 0.0451 -0.9979
vn -0.5667 -0.7456 -0.3505
vn 0.9667 -0.2243 -0.1230
vn -0.9880 0.0784 0.1327
vn -0.8249 0.5454 0.1487
vn 0.9921 0.1215 0.0310
vn -0.9806 0.1631 -0.1088
vn 0.9956 0.0916 0.0209
vn -0.3389 0.9021 -0.2671
vn 0.8823 0.4680 -0.0506
vn -0.8557 0.5108 -0.0829
vn 0.0001 1.0000 -0.0001
vn 0.1059 0.9683 0.2263
vn 0.0027 0.0066 1.0000
vn -0.0038 1.0000 0.0007
vn -0.0080 0.0232 0.9997
vn -0.1039 0.9499 0.2948
vn 0.0004 1.0000 -0.0000
vn 0.5630 0.8004 -0.2059
vn 0.9280 -0.3325 -0.1682
vn -0.0036 1.0000 0.0006
vn -0.9729 -0.1206 -0.1975
vn -0.9612 -0.0984 0.2576
vn 0.8504 -0.0088 0.5261
vn -0.6545 -0.7184 0.2357
vn -0.9046 -0.0392 0.4245
vn 0.5960 0.0584 0.8008
vn 0.6537 0.2223 0.7233
vn -0.5513 0.2045 0.8088
vn -0.5927 0.0446 0.8042
vn 0.0570 0.9590 0.2777
vn 0.2612 0.2926 0.9199
vn 0.0837 -0.1655 0.9827
vn -0.2095 -0.1396 0.9678
vn 0.8689 0.4622 0.1769
vn -0.9017 0.4006 0.1628
vn 0.7385 0.6521 0.1715
vn -0.7944 0.5847 0.1644
vn 0.5382 -0.8179 -0.2035
vn 0.0032 -0.0029 -1.0000
vn 0.9286 -0.1143 -0.3531
vn 0.7765 -0.4132 -0.4758
vn 0.9483 -0.1398 -0.2850
vn 0.1663 -0.2095 -0.9636
vn -0.6988 0.0538 -0.7133
vn 0.9990 -0.0435 -0.0055
vn 0.9993 -0.0353 -0.0134
vn -0.9805 -0.1649 0.1070
vn -0.0002 0.0017 1.0000
vn -0.0009 -0.0000 1.0000
vn 0.9818 0.1900 -0.0085
vn 0.6168 0.7465 0.2495
vn 0.7357 -0.6761 -0.0405
vn -0.8652 -0.4582 -0.2039
vn -0.2710 -0.0318 -0.9620
vn 0.2114 -0.2028 -0.9561
vn 0.4887 -0.8701 -0.0640
vn 0.7891 -0.6141 -0.0148
vn 0.1543 0.9874 -0.0347
vn 0.3910 0.9190 -0.0502
vn -0.9507 -0.2291 -0.2090
vn -0.2842 -0.7993 -0.5295
vn -0.7855 -0.5867 -0.1967
vn 0.3784 -0.7670 -0.5183
vn -0.0222 -0.9998 -0.0016
vn 0.0187 -0.9996 -0.0191
vn -0.1181 -0.9929 0.0132
vn 0.0013 -1.0000 0.0054
vn -0.0017 -1.0000 -0.0001
vn 0.0010 -1.0000 0.0002
vn 0.0023 -0.9998 0.0192
vn 0.6377 -0.4275 -0.6408
vn 0.6790 -0.4494 -0.5805
vn 0.6688 -0.5048 -0.5457
vn 0.7134 0.3799 0.5889
vn -0.8052 -0.2693 -0.5283
vn 0.6954 -0.6061 0.3860
vn 0.4000 -0.9151 -0.0514
vn -0.0169 -0.9999 -0.0031
vn -0.9224 0.1844 0.3394
vn 0.9398 -0.0727 -0.3338
vn 0.9123 -0.0692 -0.4037
vn -0.8664 -0.1349 -0.4809
vn 0.0017 -1.0000 0.0006
vn 0.2495 -0.9606 -0.1225
vn -0.9229 0.1824 0.3390
vn -0.9714 -0.1397 -0.1921
vn 0.2545 -0.9625 -0.0938
vn -0.0646 -0.9453 0.3198
vn -0.9466 -0.3079 0.0954
vn 0.9527 0.2881 0.0965
vn -0.9305 -0.2940 0.2186
vn 0.8130 -0.5785 -0.0664
vn -0.0008 -1.0000 -0.0005
vn -0.9313 -0.0153 -0.3638
vn -0.7173 0.0496 -0.6950
vn 0.8549 0.0157 0.5185
vn 0.8397 -0.0913 -0.5353
vn -0.9033 0.3137 -0.2927
vn -0.8415 -0.3102 0.4422
vn -0.0007 -1.0000 -0.0008
vn -0.6597 -0.0202 -0.7513
vn -0.8082 -0.2857 -0.5150
vn 0.5992 -0.2384 -0.7643
vn -0.6628 0.0073 -0.7487
vn -0.0003 1.0000 -0.0008
vn -0.3129 -0.1052 -0.9439
vn -0.1143 -0.9658 -0.2329
vn -0.2014 -0.1124 0.9730
vn 0.1559 -0.6289 -0.7617
vn 0.0089 -0.9855 -0.1697
vn 0.0205 0.0006 -0.9998
vn -0.2604 -0.3023 -0.9170
vn 0.9133 -0.3763 -0.1558
vn 0.0001 0.0008 -1.0000
vn 0.7158 -0.6659 -0.2105
vn -0.7582 -0.6299 -0.1684
vn -0.9048 0.3412 0.2549
vn 0.9492 0.2869 0.1294
vn 0.9444 0.2931 0.1488
vn 0.9523 0.2360 0.1932
vn -0.7552 0.6358 0.1598
vn -0.3725 -0.8897 -0.2638
vn 0.5574 -0.7815 0.2803
vn -0.6952 -0.7074 -0.1272
vn -0.6625 -0.6741 -0.3267
vn 0.8674 0.4614 0.1864
vn -0.7711 0.6213 0.1391
vn -0.7616 0.5757 0.2977
vn 0.6737 0.6274 0.3904
vn 0.9773 -0.1939 -0.0859
vn -0.9769 -0.1905 -0.0973
vn -0.9816 -0.1814 -0.0601
vn 0.3763 -0.7424 -0.5543
vn -0.9349 -0.3318 -0.1263
vn 0.8911 0.4394 0.1131
vn -0.9649 -0.2604 0.0347
vn 0.0431 0.7457 0.6649
vn 0.9952 -0.0573 -0.0787
vn 0.8432 -0.4630 0.2732
vn 0.6428 -0.2859 0.7107
vn 0.8411 0.5115 0.1759
vn -0.6776 -0.6313 -0.3772
vn 0.9863 0.1527 0.0619
vn -0.8595 -0.4793 -0.1777
vn -0.7672 -0.6336 -0.0996
vn 0.0037 0.0018 -1.0000
vn 0.9124 0.3848 0.1392
vn 0.9005 -0.4102 -0.1443
vn 0.8192 -0.5375 -0.2002
vn 0.1360 -0.0438 0.9897
vn -0.4151 -0.2586 0.8723
vn -0.0074 -0.0371 0.9993
vn 0.0715 -0.0746 -0.9947
vn -0.0356 -0.0484 -0.9982
vn 0.1548 0.3600 0.9200
vn -0.8669 -0.4933 -0.0720
vn -0.8354 -0.5144 0.1935
vn -0.9350 0.3199 0.1529
vn -0.8213 -0.5408 -0.1815
vn -0.9849 0.1632 0.0577
vn 0.9781 -0.1893 -0.0861
vn 0.9728 -0.2075 -0.1031
vn -0.9829 -0.1722 -0.0650
vn 0.8375 0.5250 0.1516
vn -0.9811 0.1568 -0.1130
vn 0.9608 0.2094 0.1814
vn -0.5036 -0.5148 -0.6938
vn -0.0702 -0.6813 -0.7287
vn 0.9919 0.1149 0.0544
vn -0.9377 -0.3423 0.0605
vn -0.0925 -0.0324 -0.9952
vn -0.9075 0.3995 0.1301
vn -0.9071 0.4002 0.1306
vn -0.9844 0.1667 0.0570
vn 0.9888 -0.1349 -0.0639
vn 0.5830 0.4531 0.6744
vn 0.9753 0.1822 0.1248
vn 0.1374 -0.0437 0.9895
vn 0.9431 -0.2899 -0.1630
vn -0.9390 -0.3265 -0.1082
vn -0.1513 -0.0528 0.9871
vn 0.9617 0.2381 0.1360
vn 0.9729 0.2116 0.0929
vn 0.1988 0.1085 0.9740
vn 0.8563 -0.4989 -0.1337
vn -0.9357 -0.3525 -0.0117
vn 0.9250 -0.3570 -0.1300
vn 0.9316 -0.3584 -0.0602
vn 0.9287 0.3561 0.1039
vn 0.7015 -0.1795 0.6897
vn 0.2184 0.1231 0.9680
vn -0.8881 0.4585 0.0325
vn 0.9902 0.1330 0.0428
vn -0.9756 -0.1904 -0.1097
vn -0.9800 -0.1717 -0.1002
vn -0.9168 -0.3445 0.2021
vn 0.1960 -0.0410 -0.9797
vn 0.9794 -0.1607 -0.1220
vn 0.5527 0.0312 -0.8328
vn 0.9377 0.3309 0.1060
vn -0.6921 0.2619 0.6726
vn -0.1789 -0.1065 0.9781
vn -0.1199 0.0391 0.9920
vn -0.9659 -0.2171 -0.1410
vn -0.2088 -0.0107 0.9779
vn -0.1940 -0.0263 -0.9806
vn -0.9632 -0.1986 -0.1810
vn -0.0594 -0.1330 0.9893
vn -0.9894 0.1255 0.0733
vn -0.9985 0.0004 -0.0547
vn 0.9970 -0.0546 -0.0548
vn -0.9980 0.0102 -0.0619
vn -0.9969 -0.0562 -0.0548
vn -0.1606 -0.2811 -0.9461
vn 0.1861 -0.0117 0.9825
vn 0.9930 -0.0581 -0.1028
vn -0.9579 -0.2429 -0.1528
vn -0.9994 -0.0033 0.0339
vn 0.9992 -0.0050 0.0394
vn -0.9939 -0.0511 -0.0978
vn 0.9863 -0.1462 -0.0760
vn 0.9900 -0.0776 -0.1179
vn 0.9864 -0.1449 -0.0777
vn 0.9923 -0.0780 -0.0961
vn -0.9764 -0.1786 -0.1219
vn 0.9887 0.1114 0.1004
vn 0.9935 -0.0801 0.0808
vn -0.9945 -0.0788 0.0688
vn -0.9819 0.1472 0.1192
vn -0.9860 0.1277 0.1071
vn 0.9885 0.1126 0.1006
vn -0.9821 0.1627 0.0949
vn 0.9827 0.1458 0.1144
vn 0.0008 -1.0000 0.0013
vn -0.0362 -0.9993 -0.0012
vn -0.2553 -0.9665 0.0284
vn -0.9718 0.2254 0.0696
vn -0.8365 -0.5476 0.0199
vn -0.1389 -0.9901 -0.0185
vn -0.9958 -0.0000 0.0917
vn 0.9962 0.0048 0.0873
vn 0.5236 -0.8518 0.0158
vn 0.9933 -0.0000 0.1155
vn 0.0310 -0.9991 -0.0282
vn -0.9760 -0.2058 0.0717
vn 0.9962 -0.0000 0.0875
vn -0.9657 -0.2336 0.1136
vn -0.1852 -0.1068 0.9769
vn 0.9920 -0.1241 -0.0236
vn -0.5635 -0.8246 -0.0500
vn 0.9999 -0.0083 0.0089
vn 0.5964 0.8006 -0.0576
vn 0.5032 -0.6824 -0.5303
vn -0.8112 -0.3942 -0.4320
vn -0.0383 -0.9993 -0.0034
vn -0.9931 0.0130 -0.1169
vn 0.9047 -0.3826 0.1873
vn -0.0139 -0.9999 -0.0029
vn 0.9873 -0.1141 -0.1102
vn 0.9906 0.0077 -0.1362
vn 0.3246 -0.3074 -0.8945
vn -0.1768 -0.2717 -0.9460
vn -0.8705 -0.4901 0.0454
vn -0.9205 -0.3881 -0.0446
vn 0.2224 -0.2199 0.9498
vn -0.3815 -0.9209 0.0804
vn 0.8606 -0.4998 0.0980
vn -0.9930 -0.0262 -0.1148
vn -0.2159 0.9694 -0.1165
vn 0.0620 0.9077 0.4149
vn 0.0837 0.9107 0.4045
vn 0.1247 0.9909 -0.0511
vn 0.0247 0.9622 -0.2714
vn 0.0003 0.0045 1.0000
vn -0.0757 0.5491 0.8323
vn 0.0979 0.9237 0.3703
vn -0.1021 -0.1646 0.9811
vn -0.6232 0.0228 0.7817
vn 0.1535 -0.9879 -0.0206
vn -0.3839 -0.6700 -0.6355
vn 0.0636 0.5538 -0.8302
vn -0.1397 -0.6577 -0.7402
vn 0.0124 0.4835 -0.8753
vn 0.6341 0.1478 -0.7590
vn -0.0850 0.9481 -0.3064
vn -0.1002 0.9899 0.1001
vn -0.0464 0.9720 -0.2303
vn 0.7463 -0.6426 -0.1735
vn -0.0550 0.9957 -0.0742
vn -0.0270 0.9276 -0.3726
vn 0.0256 0.7803 -0.6249
vn -0.1725 0.9427 0.2857
vn -0.5739 0.7480 -0.3332
vn 0.1614 -0.9840 0.0755
vn 0.0330 0.4275 0.9034
vn 0.0357 0.5209 0.8529
vn -0.0130 0.5794 0.8149
vn -0.0000 0.5557 0.8314
vn 0.1069 -0.7026 0.7035
vn 0.0462 -0.9989 -0.0018
vn -0.0230 0.9989 0.0401
vn -0.0967 0.9890 -0.1123
vn -0.2483 0.9683 -0.0277
vn -0.0017 1.0000 -0.0073
vn -0.0504 0.9488 -0.3117
vn 1.0000 -0.0000 0.0001
vn 0.1467 0.9889 -0.0252
vn -0.8028 0.5896 0.0886
vn -0.8623 -0.4952 0.1061
vn 0.4347 0.9000 -0.0321
vn 0.2373 0.9713 0.0181
vn 0.9987 -0.0292 0.0418
vn 0.9371 0.3484 0.0192
vn -0.0000 0.9985 0.0550
vn -1.0000 0.0048 -0.0001
vn -0.0435 0.9990 -0.0100
vn -0.2877 0.9576 0.0176
vn -0.9998 0.0117 0.0137
vn -1.0000 0.0001 -0.0000
vn 0.5100 0.8341 0.2103
vn 1.0000 -0.0002 -0.0001
vn 0.1935 0.9605 0.2002
vn -1.0000 0.0001 0.0001
vn -0.7991 0.5937 0.0949
vn 1.0000 -0.0027 0.0045
vn -0.3212 0.9463 0.0376
vn 0.1778 -0.8543 0.4884
vn 0.0002 0.6877 0.7260
vn -0.4617 -0.7598 0.4578
vn 0.1939 0.5601 0.8054
vn 0.4827 0.8732 0.0663
vn 0.0150 0.9999 0.0014
vn -0.9970 0.0771 0.0002
vn -0.3474 0.9343 -0.0795
vn 0.0006 0.9946 -0.1039
vn 0.0194 0.9998 -0.0031
vn 1.0000 -0.0020 0.0004
vn 0.9968 0.0790 -0.0154
vn 0.0280 0.9996 0.0018
vn 0.0422 0.9974 -0.0584
vn 0.0015 1.0000 -0.0029
vn -0.0343 0.9975 0.0615
vn -0.0551 0.9985 0.0044
vn -0.0193 0.9997 -0.0158
vn 0.0286 0.9978 -0.0601
vn -0.0010 0.9969 -0.0784
vn -0.0048 0.9997 -0.0253
vn -0.0067 0.0486 -0.9988
vn 0.0007 1.0000 -0.0091
vn -0.0006 1.0000 -0.0094
vn 0.2631 0.8653 -0.4266
vn 0.3053 0.1467 -0.9409
vn 0.0635 0.4843 -0.8726
vn -0.1434 0.6601 -0.7374
vn -0.0735 0.0770 -0.9943
vn 0.0153 -0.3309 -0.9435
vn -0.1457 0.6555 -0.7410
vn 1.0000 -0.0057 -0.0021
vn -1.0000 0.0001 0.0012
vn 1.0000 -0.0000 -0.0002
vn 0.9032 0.4036 0.1462
vn -0.9986 0.0450 0.0280
vn 0.8754 0.4543 0.1654
vn 0.9117 0.4066 0.0592
vn 0.4314 0.7886 0.4381
vn 0.9957 0.0402 -0.0838
vn -0.0891 0.9189 0.3844
vn 0.0040 0.9510 0.3091
vn -0.0606 0.8697 0.4898
vn -0.0002 0.8860 0.4636
vn 0.0572 0.8913 0.4498
vn -0.0400 0.8688 0.4936
vn -0.9998 -0.0081 -0.0154
vn -0.5164 0.7892 0.3326
vn -0.7191 0.4742 0.5080
vn 0.6816 0.5074 0.5272
vn 1.0000 0.0001 0.0001
vn 1.0000 0.0002 0.0015
vn -0.0020 -0.9979 -0.0647
vn -0.0007 -1.0000 -0.0011
vn 0.0001 -1.0000 -0.0005
vn -0.0059 -0.9938 -0.1111
vn 0.0001 1.0000 -0.0004
vn -0.0287 0.8958 0.4435
vn -0.0062 -0.9952 -0.0973
vn 0.0003 -0.9827 -0.1850
vn 0.1098 0.8722 0.4767
vn -0.9971 0.0763 0.0055
vn 0.0017 -0.9772 -0.2124
vn -0.0029 -0.9353 -0.3538
vn 0.0451 0.8500 0.5248
vn -0.0011 -0.9188 -0.3948
vn -0.9999 0.0145 -0.0034
vn -0.1407 0.8018 0.5808
vn -0.0011 -0.8574 -0.5147
vn -0.0029 -0.8720 -0.4895
vn 0.4593 0.7587 0.4620
vn -0.1687 0.7982 0.5782
vn -1.0000 0.0023 -0.0005
vn 0.7308 0.0928 0.6763
vn 0.6521 0.2973 0.6974
vn -0.1878 0.4218 0.8870
vn -1.0000 0.0002 0.0004
vn -0.1705 0.4231 0.8899
vn -0.0000 0.3922 0.9199
vn 1.0000 0.0043 -0.0073
vn 0.8099 0.0815 0.5809
vn 0.0013 -0.7810 -0.6245
vn 0.0384 0.7271 0.6855
vn 0.9997 -0.0101 -0.0213
vn 0.0005 0.6508 0.7593
vn -0.0065 -0.6912 -0.7226
vn -0.0316 0.0160 0.9994
vn -0.9999 0.0104 0.0029
vn -0.9991 0.0007 0.0424
vn -0.0205 -0.0166 0.9997
vn -0.0000 0.0040 1.0000
vn -0.0437 -0.0000 0.9990
vn 0.1386 0.0158 0.9902
vn -0.9992 -0.0000 0.0393
vn -1.0000 0.0035 0.0007
vn 1.0000 -0.0000 0.0002
vn -1.0000 -0.0002 0.0006
vn 1.0000 -0.0000 -0.0001
vn 0.0241 0.0061 0.9997
vn -1.0000 -0.0000 0.0001
vn -0.0173 0.0039 0.9998
vn -1.0000 0.0008 -0.0003
vn -1.0000 -0.0000 0.0098
vn 0.9977 -0.0172 -0.0649
vn -0.7593 0.2975 0.5788
vn 0.1948 0.6071 0.7704
vn 0.4046 0.4633 0.7885
vn 0.0024 -0.5287 -0.8488
vn -0.6234 0.4106 0.6654
vn 0.0032 0.4148 0.9099
vn -0.0029 -0.4165 -0.9091
vn 0.9999 -0.0055 -0.0092
vn 0.0401 0.3329 0.9421
vn 0.1277 0.3852 0.9139
vn 0.2861 0.3911 0.8747
vn 0.0958 0.4294 0.8980
vn 0.1369 0.2902 0.9471
vn -0.0078 0.3041 0.9526
vn -0.0781 0.2825 0.9561
vn -0.7853 0.1749 0.5939
vn -0.7916 0.2058 0.5754
vn -0.2605 0.2525 0.9319
vn 0.1563 0.2957 0.9424
vn -0.0001 0.2791 0.9603
vn 0.0014 -0.3052 -0.9523
vn -0.0493 0.2408 0.9693
vn -0.9423 0.0771 0.3256
vn -0.0039 -0.1010 -0.9949
vn 0.0030 0.0403 0.9992
vn 0.0005 0.0532 0.9986
vn -1.0000 -0.0006 -0.0018
vn 0.0307 0.0902 0.9954
vn -0.9885 0.0467 0.1437
vn 0.0389 0.0843 0.9957
vn 1.0000 0.0010 -0.0072
vn -0.0041 -0.0978 -0.9952
vn 0.0004 -0.0156 -0.9999
vn -0.8115 0.2419 0.5319
vn -0.5181 0.2798 0.8082
vn 1.0000 -0.0001 -0.0000
vn 0.5207 0.3578 0.7752
vn 0.2056 0.3348 0.9196
vn 0.2388 0.3825 0.8926
vn 0.3735 0.4136 0.8304
vn -0.6802 0.1915 0.7076
vn 0.9160 0.3994 0.0376
vn 0.9949 -0.0949 -0.0333
vn -0.9875 0.1460 -0.0591
vn 0.0006 1.0000 -0.0000
vn -0.9991 0.0323 0.0275
vn -0.0182 0.9998 0.0019
vn 0.9995 -0.0311 -0.0106
vn -0.0023 0.4116 -0.9114
vn -0.6572 0.5830 -0.4776
vn 1.0000 0.0024 0.0013
vn -0.9964 0.0269 -0.0808
vn -0.9958 -0.0297 0.0867
vn -0.0180 0.9998 0.0016
vn -0.0129 0.9999 0.0009
vn 0.0006 1.0000 0.0003
vn 0.9903 0.1168 -0.0747
vn 0.9957 -0.0333 -0.0860
vn -0.9960 0.0160 -0.0877
vn -0.9724 0.2226 -0.0703
vn 0.0076 1.0000 0.0007
vn -0.0081 1.0000 0.0007
vn 0.9947 0.0121 -0.1019
vn -0.7241 0.6809 0.1101
vn 0.9964 -0.0082 -0.0839
vn 0.9912 0.0120 0.1320
vn 0.9890 0.0264 0.1454
vn -0.1531 0.9876 0.0332
vn -0.9790 -0.1946 -0.0610
vn 0.0267 0.1999 0.9795
vn 0.5567 -0.1345 0.8198
vn -0.0007 1.0000 -0.0003
vn 0.7770 0.6289 -0.0253
vn 0.8417 -0.5395 0.0217
vn -0.0009 -0.0311 0.9995
vn 0.0052 -0.0311 0.9995
vn 0.1129 0.9936 -0.0055
vn -0.0000 0.9396 0.3422
vn -0.0005 1.0000 -0.0000
vn -0.0000 1.0000 0.0046
vn -0.0000 0.9928 0.1195
vn 0.0100 -0.1002 -0.9949
vn -0.0130 -0.8621 0.5066
vn -0.0637 -0.7644 0.6416
vn 0.0744 0.8932 0.4435
vn -0.0615 0.9841 0.1664
vn -0.0074 -0.0382 0.9992
vn 0.0002 1.0000 -0.0000
vn -0.9148 -0.3987 0.0643
vn -0.7523 0.1084 0.6499
vn -0.1110 0.9892 0.0961
vn -0.3590 0.8951 0.2645
vn 0.9400 0.3211 -0.1155
vn 0.9028 0.3846 0.1926
vn 0.8345 -0.5349 0.1321
vn -0.8096 0.5516 0.2006
vn -0.8263 0.5629 0.0196
vn -0.9830 -0.0726 0.1688
vn -0.9794 0.2020 -0.0057
vn 0.9621 0.2542 -0.0986
vn -0.7988 0.5958 -0.0835
vn 0.9579 0.2870 -0.0085
vn -0.9829 0.1629 -0.0861
vn 0.9614 0.1049 0.2544
vn 0.9918 -0.1279 0.0071
vn -0.5508 0.8326 -0.0576
vn -0.9852 -0.1713 0.0105
vn 0.9043 0.3271 -0.2741
vn -0.8256 -0.3273 0.4596
vn 0.6714 0.7340 -0.1021
vn 0.7724 -0.0814 0.6299
vn -0.9777 0.1202 -0.1723
vn 0.9015 -0.1547 0.4041
vn -0.6247 -0.0120 -0.7808
vn -0.9875 -0.1466 0.0574
vn -0.9878 -0.1469 0.0514
vn 0.9933 -0.0777 0.0859
vn -0.9895 -0.1100 0.0937
vn 0.9943 -0.0648 0.0842
vn -0.5146 -0.1709 0.8402
vn -0.9973 -0.0000 0.0733
vn 0.0132 -0.9999 0.0039
vn 0.0430 -0.9990 0.0126
vn -0.0015 0.0001 1.0000
vn -0.0000 0.0002 1.0000
vn 0.0046 -1.0000 -0.0013
vn 1.0000 0.0006 -0.0019
vn 0.5934 -0.2347 0.7699
vn -0.5896 -0.2592 0.7649
vn -0.0000 -0.9964 0.0845
vn 0.3269 -0.2132 0.9207
vn -0.9772 -0.1221 -0.1736
vn 0.0106 -0.9995 0.0301
vn -0.0000 -1.0000 0.0021
vn -0.0000 -1.0000 0.0020
vn 0.5897 -0.2318 0.7736
vn -1.0000 -0.0000 0.0003
vn -0.5985 -0.1621 0.7846
vn -0.0000 -1.0000 0.0027
vn 0.9007 -0.1300 0.4145
vn 0.0421 0.0030 0.9991
vn -0.4082 -0.2120 0.8879
vn -0.2229 -0.7854 0.5775
vn -0.4568 -0.2855 0.8425
vn 0.0826 -0.9908 0.1071
vn 0.5886 -0.2656 0.7636
vn -0.0924 -0.0024 0.9957
vn -1.0000 0.0015 -0.0051
vn -0.5691 -0.2327 0.7887
vn 0.0005 -0.0000 1.0000
vn 0.9622 -0.0266 -0.2711
vn 0.1562 -0.9009 0.4050
vn -0.0086 -0.0176 0.9998
vn 0.0661 -0.0371 0.9971
vn -0.0631 -0.9973 0.0365
vn 0.0523 -0.9985 -0.0145
vn -0.0044 -1.0000 -0.0008
vn -0.9727 0.2276 -0.0464
vn -0.9841 0.1634 -0.0689
vn -0.9830 0.1704 -0.0676
vn -0.4494 -0.8894 -0.0836
vn 0.0259 -0.9997 -0.0000
vn 0.1232 0.1178 -0.9854
vn 0.9586 0.2846 -0.0000
vn 0.0430 0.0128 0.9990
vn -0.0070 -0.1565 0.9876
vn -0.4704 -0.8825 -0.0000
vn 0.0006 -0.9994 -0.0344
vn 0.9862 0.1197 -0.1143
vn 0.9877 0.1548 -0.0221
vn 0.9873 0.1570 -0.0240
vn 0.9999 -0.0029 0.0153
vn 0.3055 0.0787 0.9489
vn 0.9848 -0.0129 -0.1732
vn 0.2307 0.0601 -0.9712
vn 0.0393 -0.0127 0.9991
vn -0.0002 -0.0005 -1.0000
vn 0.1075 0.0496 0.9930
vn -0.9782 -0.1935 0.0759
vn -0.9752 0.2159 -0.0490
vn -0.9725 0.2162 -0.0864
vn 0.9654 -0.2588 0.0323
vn -0.9635 0.2615 -0.0581
vn 0.9692 0.2384 -0.0621
vn -0.2417 0.1916 -0.9512
vn 0.7670 0.2625 -0.5855
vn -0.9606 0.2682 0.0730
vn 0.3235 0.1479 0.9346
vn -0.9990 -0.0000 0.0455
vn 0.9671 0.2437 -0.0734
vn -0.9379 -0.2138 0.2731
vn 0.7436 0.2642 0.6142
vn 0.0025 0.0287 -0.9996
vn 0.9666 -0.2497 0.0569
vn -0.9389 -0.3371 0.0702
vn 0.9511 -0.2992 0.0767
vn 0.9502 -0.3020 0.0770
vn 0.9589 0.2792 -0.0502
vn 0.0041 -0.0087 1.0000
vn -0.9384 -0.3386 0.0694
vn -0.9687 -0.2477 0.0146
vn 0.9618 -0.2710 0.0379
vn 0.0104 -0.0764 0.9970
vn 0.8163 0.5402 0.2045
vn -0.3123 -0.0954 0.9452
vn -0.2148 -0.1243 0.9687
vn -0.9451 0.3206 -0.0625
vn 0.9519 0.3013 -0.0561
vn 0.9516 0.3026 -0.0534
vn 0.9723 0.2317 0.0314
vn -0.0044 0.1369 -0.9906
vn 0.0203 -0.1515 0.9882
vn 1.0000 -0.0000 0.0003
vn -0.1718 -0.1782 0.9689
vn -0.9525 0.2869 -0.1020
vn -0.8875 0.4554 -0.0704
vn 0.9217 0.3872 -0.0255
vn 1.0000 0.0005 -0.0025
vn -0.0343 -0.3789 0.9248
vn 0.0469 -0.3390 0.9396
vn -1.0000 -0.0000 0.0004
vn 0.3065 -0.2050 0.9295
vn -1.0000 -0.0000 -0.0001
vn -0.0469 -0.3044 0.9514
vn -1.0000 -0.0040 -0.0067
vn -0.0215 0.0206 -0.9996
vn -0.9187 0.3852 -0.0868
vn -0.9451 0.3208 -0.0628
vn 0.9595 0.2462 0.1371
vn -0.6435 0.3727 -0.6685
vn -0.0139 0.0070 0.9999
vn 0.0160 0.0003 -0.9999
vn 0.2166 -0.1388 0.9663
vn -0.8814 0.4630 -0.0932
vn 0.8824 0.4657 -0.0678
vn -0.8038 0.5882 0.0891
vn -0.0920 -0.3171 0.9439
vn 1.0000 0.0007 0.0060
vn -0.5575 -0.3121 0.7693
vn -0.9268 -0.3682 0.0736
vn 0.8623 -0.5018 0.0677
vn 0.9025 0.4198 -0.0956
vn -0.9135 -0.3994 0.0773
vn -0.9019 -0.4213 0.0953
vn 0.9134 -0.3998 0.0769
vn 0.8983 0.4296 -0.0920
vn 0.0065 0.4859 -0.8740
vn 0.0144 0.5532 -0.8329
vn -0.4771 0.8221 -0.3107
vn -0.9596 -0.2674 -0.0872
vn 0.9249 -0.3631 0.1127
vn 0.9536 -0.2989 0.0353
vn 0.9122 0.3974 -0.0995
vn 0.1215 -0.5384 0.8339
vn 0.2054 -0.4907 0.8468
vn 0.9925 0.1119 -0.0492
vn 0.9095 0.4083 -0.0785
vn -0.8374 -0.5445 0.0481
vn 0.8765 -0.4705 0.1014
vn -0.8324 0.5412 -0.1194
vn 0.9349 0.3330 -0.1228
vn -0.3089 0.2474 -0.9184
vn -0.8259 0.5540 -0.1049
vn 0.1527 -0.5480 0.8225
vn -1.0000 0.0017 -0.0040
vn 0.8451 0.5316 -0.0573
vn 0.2618 -0.1789 0.9484
vn 0.0039 0.0018 1.0000
vn -0.0245 0.0057 -0.9997
vn 0.8077 -0.5748 0.1314
vn -0.2637 0.4814 -0.8359
vn 0.0100 -0.5260 0.8504
vn -0.0343 -0.5646 0.8246
vn 0.7504 0.6609 -0.0000
vn 0.0007 0.0006 1.0000
vn -0.0092 0.0012 1.0000
vn 0.0010 0.0009 -1.0000
vn 0.0006 0.0008 -1.0000
vn -0.5344 0.5252 0.6622
vn -0.0033 0.0033 -1.0000
vn -0.2075 0.1794 0.9616
vn 0.0862 0.0003 0.9963
vn 0.6877 0.3442 0.6392
vn -0.8265 0.4320 0.3608
vn -0.9273 0.3641 -0.0870
vn -0.8453 -0.5258 0.0942
vn 0.7133 0.6996 -0.0435
vn -0.9455 0.3194 -0.0633
vn -0.9202 0.3778 -0.1022
vn -0.0215 0.8991 -0.4372
vn 0.7572 0.6411 -0.1248
vn -0.8072 0.5850 -0.0784
vn -0.7197 0.6129 -0.3262
vn -1.0000 0.0001 0.0002
vn -0.0025 -0.7857 0.6186
vn 0.2566 -0.7265 0.6375
vn -0.9048 -0.4076 0.1230
vn -0.9450 0.3135 -0.0935
vn -0.7502 -0.6574 0.0707
vn -0.0215 -0.9683 0.2489
vn -0.0011 0.8629 -0.5054
vn 0.0002 -0.0051 -1.0000
vn -0.2862 -0.7850 0.5495
vn -0.9395 -0.3271 0.1016
vn 1.0000 0.0029 -0.0018
vn -0.7967 -0.5944 0.1095
vn 0.8162 0.5622 -0.1333
vn -0.7506 -0.6534 0.0985
vn 0.7950 -0.5994 0.0936
vn 0.3318 0.6735 0.6605
vn -0.9439 -0.3180 0.0897
vn -0.0810 -0.8532 0.5153
vn -0.8626 0.4906 -0.1234
vn 0.0630 -0.8200 0.5689
vn -0.0324 -0.8871 0.4603
vn -0.0005 0.9381 -0.3463
vn -0.0154 0.9668 -0.2549
vn 0.9486 -0.3000 0.1008
vn -0.9540 -0.2666 0.1368
vn 0.0037 0.9523 -0.3051
vn -0.5180 0.7487 -0.4137
vn 0.0009 -0.0005 1.0000
vn 0.0010 0.0005 -1.0000
vn -0.0011 0.0040 -1.0000
vn -0.5370 0.8434 0.0141
vn -0.3274 0.7033 0.6310
vn -0.3093 0.0962 0.9461
vn 0.2594 -0.0070 0.9657
vn -0.3893 0.5905 0.7070
vn 0.8636 -0.4833 0.1437
vn 0.7658 -0.6344 0.1053
vn -1.0000 0.0002 0.0003
vn -0.2165 -0.8720 0.4390
vn 0.0512 -0.8935 0.4462
vn -0.7937 0.5918 -0.1407
vn -0.9106 0.3964 -0.1167
vn -0.0033 0.9805 -0.1966
vn 0.7603 0.6431 -0.0914
vn 0.5498 0.8282 -0.1082
vn -0.6842 0.7289 -0.0210
vn -0.9739 0.2041 -0.0997
vn -1.0000 -0.0025 0.0029
vn -0.0240 -0.9295 0.3680
vn -1.0000 -0.0003 -0.0000
vn 0.0018 0.9978 -0.0663
vn 0.7899 0.6005 -0.1241
vn -1.0000 -0.0001 -0.0000
vn 0.0242 0.8286 -0.5593
vn -0.2075 0.4714 0.8572
vn -0.7320 0.4476 0.5136
vn -0.8570 -0.4837 0.1777
vn -0.9072 -0.3591 0.2192
vn -0.7399 0.3264 0.5882
vn -0.0002 1.0000 -0.0004
vn -0.1348 -0.6122 -0.7792
vn 0.0056 1.0000 -0.0057
vn 0.0221 0.9996 0.0167
vn -0.4885 -0.8050 -0.3366
vn -0.7265 0.6398 -0.2507
vn -0.0001 1.0000 -0.0002
vn -0.3012 0.7567 -0.5802
vn 0.5031 -0.2210 0.8355
vn 0.2189 -0.2861 -0.9329
vn -0.0001 1.0000 -0.0000
vn 0.5482 0.5467 -0.6330
vn -0.0003 -1.0000 0.0002
vn 0.5257 -0.7229 -0.4485
vn 0.5237 -0.8519 -0.0018
vn 0.8230 -0.4922 -0.2837
vn 0.8016 0.5977 -0.0093
vn 0.0161 0.9998 -0.0069
vn 0.3644 -0.7614 0.5362
vn 0.5384 0.8345 -0.1169
vn -0.0252 -0.9084 0.4174
vn -0.5118 0.0636 -0.8567
vn -0.9091 -0.2991 0.2900
vn 0.9370 0.3266 -0.1238
vn 0.9588 0.2479 -0.1387
vn 0.9849 0.1728 -0.0067
vn -0.9823 0.1811 0.0469
vn -0.5513 0.3631 -0.7511
vn -0.9219 0.1272 -0.3659
vn -0.9071 0.1326 -0.3995
vn -0.1980 -0.8942 0.4015
vn -0.0981 -0.9382 0.3318
vn 1.0000 -0.0001 0.0001
vn -0.2384 -0.8565 0.4578
vn 0.0506 -0.9410 0.3345
vn -0.0373 -0.9524 0.3026
vn -0.6215 0.7702 -0.1434
vn -0.6579 0.7408 -0.1355
vn -0.8435 -0.5215 0.1288
vn 0.1237 0.2005 -0.9719
vn 0.9957 -0.0910 0.0187
vn -0.9949 -0.0555 0.0845
vn 0.9778 -0.1647 0.1298
vn 0.4068 -0.7338 0.5441
vn -1.0000 -0.0004 -0.0000
vn 0.1409 -0.9826 0.1208
vn 0.0232 -0.1273 -0.9916
vn -0.6480 0.7491 -0.1376
vn 0.2568 0.1939 -0.9468
vn -0.9105 0.1953 -0.3644
vn 0.8234 0.0243 -0.5670
vn 0.8154 0.0346 -0.5779
vn -0.9822 -0.1810 -0.0503
vn -0.9858 -0.1670 -0.0184
vn 0.9928 0.0436 0.1116
vn 0.9897 -0.1274 0.0651
vn -0.4370 0.8860 -0.1553
vn -0.4763 -0.8744 0.0922
vn 0.5158 -0.8518 0.0922
vn -0.3222 -0.4507 0.8325
vn 1.0000 -0.0048 -0.0007
vn -0.0197 0.0128 0.9997
vn -0.0324 0.0202 0.9993
vn 0.0026 -0.0000 1.0000
vn 0.1595 -0.1463 0.9763
vn 0.0913 -0.0153 0.9957
vn -0.1014 -0.0297 0.9944
vn -0.3755 0.0670 -0.9244
vn 0.1143 -0.9800 0.1629
vn 0.5452 0.8273 -0.1354
vn 0.3925 -0.9188 -0.0404
vn -0.0875 -0.8980 -0.4313
vn 0.0032 -0.0101 -0.9999
vn 0.2624 -0.9514 -0.1612
vn 0.0740 0.0092 -0.9972
vn -0.3659 -0.9006 -0.2346
vn 0.5484 -0.8324 0.0794
vn 0.7519 0.6383 -0.1653
vn 0.0145 -0.9983 0.0570
vn 0.9998 -0.0184 0.0005
vn 0.4335 0.8970 -0.0865
vn 0.0538 0.9061 -0.4196
vn 0.9430 -0.3068 0.1290
vn 0.0144 -0.9997 0.0180
vn 0.0348 -0.9992 0.0211
vn -1.0000 0.0003 -0.0001
vn -1.0000 -0.0015 -0.0000
vn 0.0014 -1.0000 -0.0007
vn -0.0134 -0.9985 0.0530
vn -0.0000 -0.0065 1.0000
vn -0.0031 -0.0000 1.0000
vn -0.6072 -0.0138 -0.7944
vn 0.7721 -0.1187 -0.6243
vn -0.0231 -0.0656 0.9976
vn 0.0143 -0.9999 -0.0011
vn -0.0026 0.0008 1.0000
vn 1.0000 -0.0002 0.0056
vn 1.0000 0.0056 -0.0048
vn 0.9436 -0.0382 -0.3290
vn 0.6144 -0.4746 -0.6303
vn -0.7951 0.5351 -0.2853
vn -0.0015 -0.9999 0.0120
vn -0.9916 0.0488 -0.1199
vn 0.2500 -0.1661 -0.9539
vn -0.0073 -0.0056 -1.0000
vn 0.1535 -0.9857 -0.0690
vn -0.9977 -0.0666 0.0148
vn 0.0048 -0.9997 0.0233
vn 0.9999 -0.0159 0.0049
vn -0.0210 -0.9996 0.0195
vn 0.2019 0.0272 0.9790
vn -0.2910 0.0677 0.9543
vn -0.0099 0.0033 -0.9999
vn 0.0280 -0.0842 -0.9961
vn 0.0041 -0.9999 -0.0091
vn -0.2563 0.0401 -0.9658
vn -0.5978 -0.1588 -0.7857
vn -0.8575 0.4161 -0.3027
vn -0.0000 -0.5048 -0.8632
vn -0.0009 -1.0000 -0.0010
vn 0.0001 -1.0000 0.0001
vn -0.0190 -0.9970 0.0745
vn -0.5006 -0.8429 -0.1972
vn 0.3238 -0.9455 -0.0339
vn 0.0078 -0.0278 0.9996
vn 0.0325 -0.9994 0.0072
vn 0.2044 -0.4356 -0.8766
vn -0.0013 -0.0004 -1.0000
vn -0.9478 -0.3189 -0.0000
vn -0.9764 -0.0000 -0.2161
vn 0.9478 -0.3189 -0.0000
vn 0.9764 -0.0000 -0.2161
vn 0.1204 -0.3294 -0.9365
vn -0.0028 -0.9971 -0.0763
vn -0.0047 -1.0000 -0.0065
vn -0.0439 -0.9980 0.0459
vn -0.9072 0.3508 0.2321
vn -0.8578 -0.3363 -0.3886
vn -0.3214 0.0893 -0.9427
vn 0.7717 -0.2482 0.5855
vn 0.7396 -0.4394 -0.5098
vn -0.7491 -0.6458 0.1479
vn 0.7463 -0.6526 0.1313
vn 0.5697 -0.8106 0.1360
vn -0.6713 0.7223 0.1664
vn -0.5668 0.0771 -0.8203
vn -0.6124 0.0780 0.7867
vn 0.7264 -0.0656 0.6841
vn 0.8091 0.5441 -0.2218
vn 0.9464 0.2705 0.1767
vn 0.6344 0.1611 -0.7561
vn 0.3286 0.6454 0.6896
vn 0.7749 0.2184 -0.5931
vn -0.4626 0.8552 -0.2336
vn 0.5960 0.1911 0.7799
vn -0.0157 0.9997 -0.0183
vn -0.9119 0.3538 0.2082
vn -0.4531 -0.2253 0.8625
vn 0.8631 -0.5046 0.0227
vn -0.6348 -0.1706 -0.7536
vn 0.3257 0.3956 -0.8587
vn -0.4505 0.8912 0.0528
vn -0.1659 0.9602 0.2248
vn 0.7359 -0.6651 0.1265
vn -0.3109 0.9098 -0.2751
vn 0.2854 0.9584 -0.0000
vn 0.2103 0.8329 -0.5119
vn 0.0007 0.0034 1.0000
vn 0.0010 0.0039 1.0000
vn 0.0557 0.0598 0.9967
vn -0.2103 0.8329 0.5119
vn -0.0025 0.0023 -1.0000
vn -0.1526 0.9875 -0.0391
vn -0.2384 0.9670 -0.0902
vn 0.0348 -0.1411 -0.9894
vn -0.0357 -0.1429 0.9891
vn 0.3840 0.9229 -0.0285
vn -0.6865 0.7063 -0.1726
vn 0.4880 -0.3029 -0.8186
vn 0.5488 -0.8232 0.1454
vn 0.8226 0.3442 0.4527
vn 0.6030 0.1774 0.7778
vn 0.0851 0.2723 0.9584
vn -0.2827 0.3577 0.8900
vn -0.0310 0.1879 0.9817
vn 0.4720 0.8684 -0.1519
vn 0.9458 0.3238 -0.0233
vn -0.9623 0.2684 -0.0437
vn -0.3730 0.9188 -0.1288
vn 0.3849 0.9149 -0.1219
vn 0.3681 0.9298 0.0002
vn -0.4347 0.8913 -0.1286
vn -0.5041 -0.8599 0.0805
vn -0.5028 -0.8576 0.1081
vn 0.9912 0.0993 -0.0878
vn 0.2336 0.9671 -0.1009
vn 0.8441 -0.5080 0.1713
vn 0.7702 -0.6089 0.1901
vn 0.9433 0.3282 -0.0488
vn 0.5901 0.7893 -0.1698
vn 0.7477 0.6433 -0.1647
vn -0.6030 0.7824 -0.1556
vn 0.0009 0.0041 1.0000
vn -0.0002 0.0004 -1.0000
vn 0.0001 0.0006 -1.0000
vn 0.1702 0.9109 -0.3760
vn -0.6138 0.7763 -0.1432
vn -0.7513 -0.3578 -0.5546
vn 0.0003 0.0028 1.0000
vn -0.0000 0.0028 1.0000
vn 0.0838 -0.0221 0.9962
vn 0.0983 -0.9952 -0.0000
vn -0.0324 -0.0519 0.9981
vn 0.0841 0.1407 0.9865
vn -0.0000 -0.9999 -0.0102
vn -0.5455 0.1737 0.8199
vn 0.0254 -0.0270 -0.9993
vn -0.0063 -0.0994 -0.9950
vn -0.8143 -0.5776 -0.0580
vn -0.9363 0.1293 0.3264
vn -0.0000 -0.0007 1.0000
vn -0.0013 0.0006 1.0000
vn -0.0000 0.0011 1.0000
vn 0.6099 0.7130 0.3460
vn -0.0024 -0.0334 0.9994
vn -0.0602 -0.0354 0.9976
vn -0.0089 -0.0054 0.9999
vn -0.0014 0.0013 -1.0000
vn 0.0687 -0.0575 -0.9960
vn -0.0426 -0.0677 -0.9968
vn 0.0055 -0.0219 -0.9997
vn -1.0000 0.0015 -0.0036
vn -0.8817 0.4343 0.1845
vn -0.8213 0.5136 0.2484
vn -0.7088 0.4346 0.5556
vn -0.2066 0.9727 -0.1059
vn 0.0635 0.2448 0.9675
vn -0.3709 0.9196 -0.1298
vn 0.8070 -0.0662 0.5868
vn -0.5525 0.1502 -0.8199
vn 0.7283 0.5355 0.4275
vn 0.0730 -0.2598 0.9629
vn -0.4572 -0.1277 -0.8802
vn 0.0973 -0.7583 -0.6446
vn 0.9085 -0.2370 0.3442
vn -0.6580 0.3685 0.6567
vn -0.0872 -0.2673 0.9597
vn 0.2869 0.9512 -0.1136
vn 0.2899 0.9538 -0.0788
vn -0.3450 0.9379 -0.0374
vn -0.1805 -0.9801 0.0822
vn 0.9153 -0.3988 0.0558
vn 0.3644 -0.9250 0.1078
vn -0.9014 -0.4120 0.1335
vn -0.9115 -0.4028 0.0829
vn 0.9284 -0.3656 0.0669
vn -0.4356 -0.8875 0.1503
vn -0.5812 -0.8015 0.1409
vn 0.4047 0.9033 -0.1423
vn -0.0221 0.0280 0.9994
vn -0.9054 -0.4187 0.0705
vn -0.9094 -0.4081 0.0806
vn 0.9452 -0.2929 -0.1440
vn 0.8458 -0.2893 -0.4482
vn -0.8882 0.4590 -0.0211
vn 0.9383 -0.3431 0.0419
vn -0.3325 -0.9416 0.0532
vn 0.3204 -0.9453 0.0613
vn 0.9392 0.3432 0.0101
vn -0.0199 0.9994 -0.0268
vn -0.0427 0.9600 -0.2769
vn 0.6739 -0.7175 0.1764
vn -0.2136 0.9767 -0.0204
vn 0.2091 -0.9736 0.0918
vn -0.0124 0.9926 -0.1206
vn 0.2686 0.9560 -0.1181
vn 0.7986 0.4583 0.3902
vn -0.3315 0.9392 -0.0894
vn -0.3247 -0.9388 0.1151
vn 0.3255 -0.9389 0.1123
vn 0.3817 0.9133 -0.1420
vn -0.3413 0.9296 -0.1388
vn -0.8874 0.3926 0.2418
vn 0.7491 0.6566 -0.0883
vn -0.1662 0.9801 -0.1089
vn 0.4527 -0.8750 0.1716
vn -0.1265 -0.9901 0.0606
vn -0.1069 -0.9792 0.1722
vn 0.1809 -0.9802 0.0803
vn -0.8418 -0.5117 0.1720
vn -0.2912 -0.2983 -0.9090
vn -0.7240 -0.6829 -0.0976
vn -0.1934 0.9728 -0.1273
vn 0.2134 0.9709 -0.1089
vn 0.1016 0.9884 -0.1128
vn 0.3860 -0.5878 -0.7110
vn 0.1719 -0.6235 -0.7627
vn 0.1741 -0.9791 0.1056
vn 0.7195 -0.6925 0.0531
vn 0.7581 -0.6503 0.0497
vn -0.3029 -0.9473 0.1046
vn 0.3400 -0.9306 0.1355
vn 0.8255 -0.5643 0.0103
vn -0.3405 0.6302 0.6978
vn -0.5388 0.6200 0.5704
vn 0.4827 -0.8663 0.1288
vn 0.7856 -0.6183 -0.0244
vn -0.5622 0.8245 -0.0643
vn -0.1798 -0.9781 0.1047
vn -0.2867 0.9512 -0.1146
vn 0.2884 0.9492 -0.1254
vn 0.2316 0.7253 0.6483
vn 0.2738 0.7100 0.6488
vn -0.5829 -0.7873 0.2010
vn -0.0756 -0.9923 0.0977
vn -0.0903 -0.9912 0.0969
vn -0.3918 0.8635 -0.3176
vn 0.0417 -0.9952 0.0883
vn 0.8578 0.5094 0.0682
vn -0.6128 -0.5458 -0.5714
vn -0.2189 -0.8210 -0.5273
vn -0.6381 -0.7343 -0.2316
vn -0.7160 -0.5946 -0.3658
vn 0.2162 -0.9710 0.1018
vn -0.1280 0.9071 0.4011
vn 0.5513 -0.7499 -0.3657
vn 0.5625 -0.8093 -0.1691
vn 0.7004 -0.2867 -0.6537
vn 0.3692 0.9185 -0.1417
vn -0.2099 0.9730 -0.0959
vn 0.1584 0.9848 -0.0708
vn 0.1248 0.9885 -0.0852
vn 0.2240 0.9695 -0.0995
vn -0.1892 0.9768 -0.1005
vn -0.2591 -0.9604 0.1020
vn 0.0294 0.9954 -0.0910
vn -0.0342 0.9956 -0.0868
vn 0.5999 -0.7991 0.0399
vn 0.4880 0.8724 -0.0300
vn 0.2468 -0.9640 0.0986
vn -0.3450 -0.9279 0.1410
vn -0.3647 -0.9207 0.1389
vn -0.6510 -0.7588 0.0200
vn 0.4285 0.8552 0.2915
vn 0.7440 -0.6677 -0.0258
vn -0.0435 0.9956 -0.0835
vn 0.1484 -0.9851 0.0874
vn -0.3330 0.9421 -0.0404
vn -0.1858 0.9802 -0.0686
vn 0.4102 -0.8097 -0.4195
vn -0.1385 0.9876 -0.0740
vn -0.0622 -0.9941 -0.0885
vn -0.0662 0.9967 -0.0463
vn 0.2967 -0.9474 0.1200
vn 0.0325 -0.9951 0.0935
vn 0.2836 -0.9570 0.0611
vn -0.3749 -0.9240 0.0756
vn 0.3231 0.9460 -0.0260
vn -0.1699 -0.8677 -0.4672
vn 0.2457 -0.9643 0.0987
vn -0.0434 0.9978 -0.0496
vn -0.2407 -0.9637 0.1157
vn 0.2357 -0.9637 0.1257
vn 0.0479 0.9984 -0.0304
vn 0.1245 0.9886 -0.0848
vn 0.1896 0.9802 -0.0574
vn 0.2558 0.9593 0.1192
vn 0.1098 0.9108 0.3981
vn 0.0490 0.9972 -0.0564
vn 0.0191 0.9995 -0.0263
vn -0.2898 0.9570 0.0118
vn -0.1244 -0.9891 0.0787
vn 0.1181 -0.9885 0.0949
vn -0.0644 0.9977 -0.0200
vn 0.3213 -0.9444 0.0691
vn -0.1835 0.9749 0.1259
vn 0.0264 0.9984 -0.0498
vn -0.0471 0.9974 -0.0550
vn -0.1286 -0.9885 0.0791
vn -0.0003 -0.9987 0.0518
vn -0.0325 0.9984 -0.0473
vn -0.0005 0.9986 -0.0531
vn 0.0255 -0.9986 0.0469
vn -0.3613 -0.9306 0.0589
vn 0.1450 0.9835 0.1078
vn 0.0420 0.9931 0.1096
vn 0.0279 0.9949 0.0972
vn -0.0560 -0.9970 0.0531
vn 0.0119 -0.9986 0.0511
vn 0.0622 -0.9973 0.0399
vn -0.0971 -0.8998 -0.4255
vn -0.1822 0.9820 0.0489
vn 0.2485 -0.9684 0.0215
vn -0.0817 0.9785 0.1895
vn -0.1132 -0.9917 0.0616
vn 0.0255 -0.9986 0.0468
vn -0.0396 0.9991 -0.0123
vn 0.0114 0.9999 0.0095
vn 0.0052 0.9998 0.0217
vn -0.2678 -0.9561 -0.1190
vn -0.2032 -0.9784 0.0381
vn -0.0526 -0.9969 0.0578
vn -0.0533 -0.9969 0.0573
vn -0.0068 -0.9992 0.0384
vn -0.1420 -0.9899 -0.0048
vn 0.2328 -0.9717 0.0410
vn 0.0616 -0.9968 0.0515
vn 0.0613 -0.9968 0.0517
vn -0.1690 -0.9853 -0.0262
vn 0.0166 -0.9888 -0.1486
vn 0.0682 -0.9879 -0.1390
vn -0.3593 -0.9332 -0.0045
vn 0.0685 -0.9308 0.3591
vn 0.1269 -0.9791 0.1592
vn 0.0489 -0.9988 0.0064
vn -0.0027 -0.9996 0.0293
vn 0.0868 -0.9956 0.0345
vn -0.0378 -0.9990 -0.0221
s 0
f 1//1 2//1 3//1
f 2//2 4//2 3//2
f 5//3 6//3 7//3
f 8//3 5//3 7//3
f 6//4 9//4 7//4
f 9//5 10//5 7//5
f 11//6 12//6 9//6
f 12//6 13//6 9//6
f 13//6 10//6 9//6
f 6//7 11//7 9//7
f 14//8 15//8 16//8
f 17//9 14//9 16//9
f 18//3 17//3 16//3
f 15//10 18//10 16//10
f 1//11 19//11 2//11
f 4//12 20//12 3//12
f 21//3 8//3 7//3
f 22//13 21//13 7//13
f 10//14 22//14 7//14
f 5//15 11//15 6//15
f 13//6 22//6 10//6
f 5//15 12//15 11//15
f 23//3 17//3 18//3
f 24//16 23//16 18//16
f 15//17 24//17 18//17
f 25//18 26//18 15//18
f 26//19 24//19 15//19
f 27//20 25//20 15//20
f 14//21 27//21 15//21
f 28//22 19//22 1//22
f 20//23 1//23 3//23
f 20//24 28//24 1//24
f 29//25 30//25 19//25
f 28//26 29//26 19//26
f 4//27 31//27 20//27
f 32//28 28//28 20//28
f 31//29 32//29 20//29
f 33//30 4//30 2//30
f 19//31 33//31 2//31
f 34//3 8//3 21//3
f 22//32 34//32 21//32
f 8//33 13//33 5//33
f 13//33 12//33 5//33
f 13//6 35//6 22//6
f 35//32 34//32 22//32
f 36//3 17//3 23//3
f 24//32 36//32 23//32
f 17//34 37//34 14//34
f 26//6 38//6 24//6
f 38//35 36//35 24//35
f 37//36 27//36 14//36
f 32//37 29//37 28//37
f 39//38 40//38 33//38
f 19//39 39//39 33//39
f 4//40 41//40 31//40
f 41//40 34//40 31//40
f 29//41 32//41 31//41
f 34//42 29//42 31//42
f 42//43 43//43 4//43
f 43//44 41//44 4//44
f 33//45 44//45 4//45
f 44//46 8//46 4//46
f 45//47 42//47 4//47
f 43//48 8//48 41//48
f 8//49 45//49 4//49
f 8//40 34//40 41//40
f 45//50 8//50 43//50
f 35//42 29//42 34//42
f 44//51 13//51 8//51
f 13//40 46//40 35//40
f 46//40 36//40 35//40
f 38//52 29//52 35//52
f 36//53 38//53 35//53
f 17//40 47//40 13//40
f 47//40 46//40 13//40
f 37//54 17//54 13//54
f 44//55 37//55 13//55
f 48//56 49//56 46//56
f 49//57 50//57 46//57
f 50//58 48//58 46//58
f 51//59 52//59 47//59
f 17//40 36//40 47//40
f 36//40 46//40 47//40
f 53//60 33//60 40//60
f 39//61 54//61 40//61
f 30//62 39//62 19//62
f 55//63 30//63 29//63
f 2//64 40//64 54//64
f 56//3 57//3 58//3
f 57//65 54//65 58//65
f 57//66 40//66 54//66
f 39//67 59//67 54//67
f 48//68 58//68 54//68
f 59//69 48//69 54//69
f 42//70 53//70 40//70
f 57//71 42//71 40//71
f 48//72 56//72 58//72
f 56//3 60//3 57//3
f 60//73 42//73 57//73
f 30//74 59//74 39//74
f 53//75 44//75 33//75
f 61//76 62//76 38//76
f 26//77 61//77 38//77
f 62//78 63//78 38//78
f 63//79 64//79 38//79
f 64//80 29//80 38//80
f 65//81 27//81 37//81
f 66//6 65//6 37//6
f 44//82 67//82 37//82
f 67//83 66//83 37//83
f 53//84 68//84 44//84
f 64//85 69//85 29//85
f 30//86 70//86 59//86
f 70//87 71//87 59//87
f 71//88 48//88 59//88
f 72//89 53//89 42//89
f 60//90 43//90 42//90
f 52//91 51//91 60//91
f 56//92 52//92 60//92
f 51//93 45//93 60//93
f 45//94 43//94 60//94
f 49//95 48//95 71//95
f 45//96 72//96 42//96
f 51//97 72//97 45//97
f 70//98 49//98 71//98
f 73//99 29//99 69//99
f 72//100 74//100 53//100
f 68//101 74//101 44//101
f 25//102 52//102 56//102
f 26//103 25//103 56//103
f 27//104 52//104 25//104
f 74//105 67//105 44//105
f 63//106 69//106 64//106
f 73//107 55//107 29//107
f 48//108 50//108 56//108
f 50//109 26//109 56//109
f 50//110 61//110 26//110
f 30//111 75//111 70//111
f 75//112 49//112 70//112
f 51//113 74//113 72//113
f 76//114 77//114 49//114
f 75//115 76//115 49//115
f 52//116 78//116 51//116
f 78//117 74//117 51//117
f 75//118 69//118 63//118
f 74//119 79//119 53//119
f 79//120 68//120 53//120
f 77//121 50//121 49//121
f 61//122 80//122 62//122
f 80//123 63//123 62//123
f 81//6 65//6 66//6
f 82//6 81//6 66//6
f 67//124 82//124 66//124
f 77//125 61//125 50//125
f 79//126 83//126 68//126
f 84//127 82//127 67//127
f 27//128 85//128 52//128
f 85//129 78//129 52//129
f 65//130 85//130 27//130
f 73//131 75//131 63//131
f 80//132 73//132 63//132
f 67//133 68//133 84//133
f 83//134 82//134 84//134
f 68//135 83//135 84//135
f 69//136 75//136 73//136
f 74//137 68//137 67//137
f 86//138 79//138 74//138
f 30//139 87//139 75//139
f 55//140 87//140 30//140
f 88//141 86//141 74//141
f 89//3 77//3 76//3
f 75//142 89//142 76//142
f 85//3 90//3 78//3
f 90//143 74//143 78//143
f 87//144 89//144 75//144
f 90//145 88//145 74//145
f 91//146 61//146 77//146
f 65//147 92//147 85//147
f 92//148 90//148 85//148
f 91//149 80//149 61//149
f 81//150 92//150 65//150
f 91//6 93//6 80//6
f 94//151 95//151 80//151
f 96//152 73//152 80//152
f 95//153 96//153 80//153
f 93//154 97//154 80//154
f 97//155 94//155 80//155
f 98//156 81//156 82//156
f 99//157 98//157 82//157
f 100//158 101//158 82//158
f 101//159 99//159 82//159
f 83//160 100//160 82//160
f 79//161 102//161 83//161
f 102//162 103//162 83//162
f 103//163 100//163 83//163
f 96//164 104//164 73//164
f 104//165 105//165 73//165
f 106//166 107//166 55//166
f 107//167 87//167 55//167
f 108//168 73//168 105//168
f 104//169 108//169 105//169
f 109//170 55//170 73//170
f 108//171 109//171 73//171
f 107//172 110//172 87//172
f 110//173 111//173 87//173
f 111//174 89//174 87//174
f 112//175 86//175 88//175
f 90//176 113//176 88//176
f 113//177 114//177 88//177
f 114//178 112//178 88//178
f 115//179 77//179 89//179
f 97//180 115//180 89//180
f 111//181 116//181 89//181
f 116//182 97//182 89//182
f 92//183 101//183 90//183
f 101//184 113//184 90//184
f 95//185 116//185 96//185
f 116//186 111//186 96//186
f 103//187 113//187 100//187
f 94//188 116//188 95//188
f 101//189 100//189 113//189
f 115//190 91//190 77//190
f 117//191 93//191 91//191
f 115//192 117//192 91//192
f 98//193 92//193 81//193
f 103//194 114//194 113//194
f 109//195 106//195 55//195
f 86//196 118//196 79//196
f 94//197 97//197 116//197
f 111//198 104//198 96//198
f 102//199 114//199 103//199
f 119//200 102//200 79//200
f 110//201 104//201 111//201
f 117//202 120//202 93//202
f 120//203 121//203 93//203
f 121//204 97//204 93//204
f 110//205 122//205 104//205
f 122//206 123//206 104//206
f 123//207 108//207 104//207
f 124//208 114//208 102//208
f 124//209 112//209 114//209
f 125//210 107//210 106//210
f 112//211 126//211 86//211
f 126//212 118//212 86//212
f 127//213 124//213 102//213
f 119//214 127//214 102//214
f 121//215 115//215 97//215
f 125//216 128//216 107//216
f 128//217 110//217 107//217
f 129//218 126//218 112//218
f 124//219 129//219 112//219
f 128//220 130//220 110//220
f 130//221 122//221 110//221
f 131//222 115//222 121//222
f 131//223 117//223 115//223
f 98//224 132//224 92//224
f 132//225 101//225 92//225
f 132//226 133//226 101//226
f 133//227 99//227 101//227
f 123//228 128//228 108//228
f 118//229 119//229 79//229
f 130//230 128//230 123//230
f 134//231 125//231 106//231
f 135//232 136//232 126//232
f 125//233 123//233 128//233
f 109//234 123//234 122//234
f 137//235 122//235 130//235
f 138//236 129//236 124//236
f 127//237 138//237 124//237
f 132//238 139//238 133//238
f 140//239 99//239 133//239
f 139//240 140//240 133//240
f 141//241 98//241 99//241
f 140//242 141//242 99//242
f 142//243 127//243 119//243
f 123//244 109//244 108//244
f 125//245 130//245 123//245
f 125//246 137//246 130//246
f 135//247 126//247 129//247
f 138//248 135//248 129//248
f 143//249 117//249 131//249
f 143//250 120//250 117//250
f 141//251 132//251 98//251
f 118//252 142//252 119//252
f 109//253 134//253 106//253
f 126//254 144//254 118//254
f 145//255 131//255 121//255
f 120//256 145//256 121//256
f 141//257 146//257 132//257
f 146//258 139//258 132//258
f 147//259 135//259 138//259
f 134//260 148//260 125//260
f 148//261 137//261 125//261
f 149//262 136//262 135//262
f 147//3 149//3 135//3
f 136//263 144//263 126//263
f 150//264 148//264 134//264
f 149//265 151//265 136//265
f 142//266 138//266 127//266
f 148//267 152//267 137//267
f 152//268 153//268 137//268
f 153//269 122//269 137//269
f 154//270 147//270 138//270
f 142//271 154//271 138//271
f 144//272 142//272 118//272
f 153//273 109//273 122//273
f 155//274 140//274 139//274
f 143//275 156//275 120//275
f 156//276 145//276 120//276
f 155//6 141//6 140//6
f 157//277 154//277 142//277
f 158//278 157//278 142//278
f 144//279 158//279 142//279
f 156//280 159//280 145//280
f 160//281 143//281 131//281
f 161//282 160//282 145//282
f 160//283 131//283 145//283
f 162//284 161//284 145//284
f 159//285 162//285 145//285
f 146//286 163//286 139//286
f 163//287 164//287 139//287
f 165//288 143//288 160//288
f 141//289 166//289 146//289
f 166//290 167//290 146//290
f 167//291 163//291 146//291
f 165//292 168//292 143//292
f 168//293 156//293 143//293
f 155//6 169//6 141//6
f 169//294 166//294 141//294
f 153//295 170//295 109//295
f 156//296 170//296 153//296
f 170//297 134//297 109//297
f 151//298 144//298 136//298
f 151//299 158//299 144//299
f 171//300 147//300 154//300
f 157//301 171//301 154//301
f 172//302 139//302 164//302
f 172//303 155//303 139//303
f 152//304 161//304 162//304
f 159//305 152//305 162//305
f 152//306 159//306 153//306
f 159//307 156//307 153//307
f 148//308 161//308 152//308
f 164//309 163//309 171//309
f 163//310 147//310 171//310
f 157//311 164//311 171//311
f 172//312 164//312 157//312
f 158//313 155//313 157//313
f 155//314 172//314 157//314
f 150//315 173//315 148//315
f 173//316 161//316 148//316
f 174//3 149//3 147//3
f 163//317 175//317 147//317
f 175//318 176//318 147//318
f 176//319 174//319 147//319
f 177//3 160//3 161//3
f 173//320 177//320 161//320
f 167//321 178//321 163//321
f 178//322 175//322 163//322
f 174//323 179//323 149//323
f 179//324 151//324 149//324
f 180//325 165//325 160//325
f 177//3 180//3 160//3
f 169//326 181//326 166//326
f 181//3 182//3 166//3
f 182//3 167//3 166//3
f 155//6 183//6 169//6
f 184//327 134//327 170//327
f 185//328 184//328 170//328
f 156//329 186//329 170//329
f 186//330 185//330 170//330
f 168//331 187//331 156//331
f 187//332 186//332 156//332
f 158//333 188//333 155//333
f 188//334 183//334 155//334
f 184//335 189//335 134//335
f 190//336 158//336 151//336
f 175//337 191//337 176//337
f 190//338 191//338 158//338
f 178//339 192//339 175//339
f 192//340 191//340 175//340
f 192//341 158//341 191//341
f 193//342 192//342 178//342
f 167//343 193//343 178//343
f 150//344 194//344 173//344
f 195//345 179//345 174//345
f 176//346 195//346 174//346
f 196//3 180//3 177//3
f 173//347 196//347 177//347
f 182//348 193//348 167//348
f 173//349 185//349 186//349
f 188//350 158//350 192//350
f 186//351 187//351 173//351
f 197//352 198//352 180//352
f 198//353 165//353 180//353
f 196//354 197//354 180//354
f 199//355 200//355 181//355
f 169//356 199//356 181//356
f 200//357 201//357 181//357
f 201//3 182//3 181//3
f 198//358 168//358 165//358
f 183//359 199//359 169//359
f 189//360 150//360 134//360
f 194//361 196//361 173//361
f 183//362 202//362 199//362
f 188//363 203//363 183//363
f 203//364 202//364 183//364
f 189//365 194//365 150//365
f 195//366 204//366 179//366
f 204//367 151//367 179//367
f 187//368 194//368 173//368
f 205//369 203//369 192//369
f 203//370 188//370 192//370
f 182//371 192//371 193//371
f 185//372 173//372 194//372
f 176//373 191//373 192//373
f 182//374 195//374 192//374
f 195//375 176//375 192//375
f 187//376 185//376 194//376
f 206//377 187//377 168//377
f 205//378 207//378 203//378
f 207//379 202//379 203//379
f 204//380 190//380 151//380
f 191//381 205//381 192//381
f 206//382 184//382 187//382
f 196//383 208//383 197//383
f 202//384 209//384 199//384
f 210//385 168//385 198//385
f 184//386 185//386 187//386
f 189//387 211//387 194//387
f 211//388 212//388 194//388
f 212//389 196//389 194//389
f 213//390 204//390 195//390
f 214//391 213//391 195//391
f 182//392 214//392 195//392
f 212//393 208//393 196//393
f 201//394 214//394 182//394
f 210//395 206//395 168//395
f 190//396 207//396 205//396
f 190//397 205//397 191//397
f 213//398 215//398 204//398
f 216//399 198//399 197//399
f 208//400 216//400 197//400
f 209//401 217//401 199//401
f 217//402 200//402 199//402
f 209//403 202//403 207//403
f 184//404 218//404 189//404
f 215//405 190//405 204//405
f 219//406 198//406 216//406
f 220//407 201//407 200//407
f 221//408 200//408 217//408
f 211//409 208//409 212//409
f 201//410 213//410 214//410
f 222//411 209//411 207//411
f 189//412 223//412 211//412
f 216//413 208//413 211//413
f 223//414 216//414 211//414
f 224//415 215//415 213//415
f 201//416 224//416 213//416
f 220//417 224//417 201//417
f 225//418 226//418 190//418
f 226//419 207//419 190//419
f 227//420 228//420 184//420
f 228//421 218//421 184//421
f 229//422 217//422 209//422
f 222//423 229//423 209//423
f 219//424 230//424 198//424
f 230//425 210//425 198//425
f 206//426 227//426 184//426
f 226//427 231//427 207//427
f 232//428 233//428 234//428
f 232//429 235//429 233//429
f 235//430 236//430 233//430
f 237//431 238//431 233//431
f 238//432 239//432 233//432
f 239//433 234//433 233//433
f 240//434 241//434 234//434
f 241//435 232//435 234//435
f 236//436 237//436 233//436
f 239//437 242//437 234//437
f 242//438 240//438 234//438
f 243//439 244//439 237//439
f 245//440 246//440 240//440
f 247//441 245//441 240//441
f 237//442 248//442 243//442
f 248//443 249//443 243//443
f 242//444 250//444 240//444
f 250//445 247//445 240//445
f 251//446 244//446 243//446
f 252//447 245//447 247//447
f 253//448 254//448 243//448
f 249//449 253//449 243//449
f 254//450 251//450 243//450
f 255//451 244//451 251//451
f 256//452 251//452 254//452
f 257//453 252//453 247//453
f 250//454 257//454 247//454
f 258//455 259//455 252//455
f 257//456 258//456 252//456
f 260//457 256//457 254//457
f 261//458 258//458 257//458
f 262//459 251//459 256//459
f 263//460 259//460 258//460
f 260//461 264//461 256//461
f 257//462 265//462 261//462
f 266//463 262//463 256//463
f 267//464 258//464 261//464
f 267//465 268//465 258//465
f 268//466 261//466 258//466
f 261//467 263//467 258//467
f 264//468 269//468 256//468
f 269//469 266//469 256//469
f 270//470 268//470 267//470
f 271//471 272//471 269//471
f 273//472 267//472 261//472
f 272//473 267//473 269//473
f 267//474 274//474 269//474
f 274//475 266//475 269//475
f 273//476 274//476 267//476
f 271//477 275//477 272//477
f 272//478 276//478 267//478
f 276//479 275//479 267//479
f 275//480 270//480 267//480
f 277//481 219//481 216//481
f 223//482 277//482 216//482
f 200//483 221//483 220//483
f 278//484 239//484 238//484
f 237//485 278//485 238//485
f 279//486 278//486 237//486
f 279//487 237//487 244//487
f 280//488 257//488 250//488
f 281//489 265//489 257//489
f 262//490 255//490 251//490
f 282//491 273//491 261//491
f 274//492 283//492 266//492
f 215//493 223//493 189//493
f 284//494 285//494 277//494
f 223//495 284//495 277//495
f 218//496 215//496 189//496
f 285//497 286//497 220//497
f 286//498 224//498 220//498
f 223//499 224//499 284//499
f 215//500 224//500 223//500
f 224//501 287//501 223//501
f 286//502 285//502 284//502
f 224//503 286//503 284//503
f 231//504 222//504 207//504
f 262//505 269//505 264//505
f 288//506 227//506 206//506
f 231//507 289//507 222//507
f 281//508 257//508 252//508
f 290//509 240//509 246//509
f 242//510 290//510 246//510
f 255//511 254//511 253//511
f 228//512 291//512 218//512
f 262//513 266//513 269//513
f 231//514 226//514 228//514
f 226//515 291//515 228//515
f 225//516 291//516 226//516
f 227//517 231//517 228//517
f 227//518 292//518 231//518
f 292//519 289//519 231//519
f 246//520 250//520 242//520
f 279//521 248//521 237//521
f 230//522 293//522 210//522
f 293//523 206//523 210//523
f 294//524 295//524 230//524
f 295//525 293//525 230//525
f 290//526 241//526 240//526
f 265//527 263//527 261//527
f 266//528 296//528 269//528
f 215//529 287//529 190//529
f 287//530 225//530 190//530
f 291//531 287//531 218//531
f 289//532 297//532 222//532
f 297//533 229//533 222//533
f 298//534 299//534 206//534
f 293//535 298//535 206//535
f 300//536 301//536 229//536
f 297//537 300//537 229//537
f 301//538 217//538 229//538
f 287//539 291//539 225//539
f 288//540 292//540 227//540
f 218//541 287//541 215//541
f 283//542 296//542 266//542
f 246//543 290//543 250//543
f 290//544 280//544 250//544
f 268//545 263//545 261//545
f 263//546 282//546 261//546
f 275//547 276//547 272//547
f 248//548 237//548 236//548
f 296//549 271//549 269//549
f 282//550 263//550 265//550
f 302//551 303//551 293//551
f 303//552 298//552 293//552
f 295//553 302//553 293//553
f 294//554 304//554 295//554
f 304//555 302//555 295//555
f 305//556 306//556 217//556
f 306//557 221//557 217//557
f 301//558 305//558 217//558
f 300//559 235//559 301//559
f 235//560 305//560 301//560
f 294//561 307//561 304//561
f 308//562 306//562 305//562
f 232//40 302//40 304//40
f 304//563 308//563 305//563
f 235//560 304//560 305//560
f 307//564 308//564 304//564
f 235//40 232//40 304//40
f 309//565 303//565 302//565
f 241//566 302//566 232//566
f 241//567 310//567 302//567
f 241//568 290//568 246//568
f 296//569 283//569 262//569
f 288//570 297//570 289//570
f 292//571 288//571 289//571
f 260//572 255//572 253//572
f 280//573 281//573 257//573
f 259//574 245//574 252//574
f 255//575 260//575 254//575
f 311//576 312//576 313//576
f 312//577 314//577 313//577
f 314//578 311//578 313//578
f 246//579 310//579 241//579
f 206//580 297//580 288//580
f 299//581 297//581 206//581
f 315//582 300//582 297//582
f 249//583 248//583 236//583
f 264//584 296//584 262//584
f 299//585 315//585 297//585
f 285//586 221//586 299//586
f 221//587 315//587 299//587
f 219//588 285//588 299//588
f 298//589 219//589 299//589
f 294//590 239//590 307//590
f 239//591 308//591 307//591
f 278//592 306//592 308//592
f 239//593 278//593 308//593
f 316//594 249//594 236//594
f 317//595 306//595 278//595
f 279//596 318//596 278//596
f 318//597 317//597 278//597
f 239//598 319//598 242//598
f 319//599 290//599 242//599
f 320//600 318//600 279//600
f 294//601 319//601 239//601
f 246//602 321//602 310//602
f 294//603 322//603 319//603
f 320//604 316//604 318//604
f 319//605 280//605 290//605
f 244//606 320//606 279//606
f 245//607 321//607 246//607
f 322//608 323//608 319//608
f 323//609 280//609 319//609
f 324//610 316//610 320//610
f 325//611 321//611 245//611
f 259//612 325//612 245//612
f 322//608 326//608 323//608
f 281//613 280//613 323//613
f 255//614 320//614 244//614
f 326//615 327//615 323//615
f 327//616 281//616 323//616
f 328//617 324//617 320//617
f 255//618 328//618 320//618
f 326//619 329//619 327//619
f 265//620 281//620 327//620
f 330//621 324//621 328//621
f 262//622 328//622 255//622
f 263//623 325//623 259//623
f 296//624 264//624 260//624
f 253//625 296//625 260//625
f 331//626 330//626 328//626
f 262//627 331//627 328//627
f 332//628 325//628 263//628
f 329//629 333//629 327//629
f 333//630 282//630 327//630
f 282//631 265//631 327//631
f 283//632 331//632 262//632
f 268//633 332//633 263//633
f 273//634 282//634 333//634
f 334//635 271//635 296//635
f 335//636 331//636 333//636
f 329//637 335//637 333//637
f 331//638 273//638 333//638
f 335//639 330//639 331//639
f 274//640 273//640 331//640
f 283//641 274//641 331//641
f 336//642 332//642 268//642
f 270//643 336//643 268//643
f 334//644 275//644 271//644
f 275//645 336//645 270//645
f 334//646 336//646 275//646
f 220//647 221//647 285//647
f 285//648 219//648 277//648
f 321//649 322//649 310//649
f 310//650 322//650 294//650
f 321//651 326//651 322//651
f 324//652 249//652 316//652
f 325//653 326//653 321//653
f 324//654 253//654 249//654
f 329//653 326//653 325//653
f 324//655 296//655 253//655
f 330//656 296//656 324//656
f 332//657 329//657 325//657
f 334//658 296//658 330//658
f 332//651 336//651 329//651
f 336//651 335//651 329//651
f 335//659 334//659 330//659
f 336//660 334//660 335//660
f 337//661 230//661 219//661
f 338//662 294//662 230//662
f 337//663 338//663 230//663
f 315//664 339//664 300//664
f 306//665 317//665 221//665
f 339//666 340//666 300//666
f 340//667 235//667 300//667
f 309//668 341//668 303//668
f 340//669 236//669 235//669
f 310//670 309//670 302//670
f 340//671 316//671 236//671
f 342//672 339//672 315//672
f 303//673 343//673 298//673
f 341//674 343//674 303//674
f 298//675 337//675 219//675
f 317//676 344//676 221//676
f 344//677 315//677 221//677
f 344//678 342//678 315//678
f 317//679 316//679 340//679
f 339//680 342//680 340//680
f 337//681 309//681 338//681
f 309//682 294//682 338//682
f 341//683 298//683 343//683
f 309//684 298//684 341//684
f 317//685 340//685 342//685
f 309//686 310//686 294//686
f 317//687 318//687 316//687
f 345//688 337//688 298//688
f 346//689 342//689 344//689
f 347//689 346//689 344//689
f 298//690 312//690 345//690
f 312//688 337//688 345//688
f 347//691 342//691 346//691
f 314//692 312//692 298//692
f 309//693 314//693 298//693
f 347//694 317//694 342//694
f 311//690 337//690 312//690
f 309//695 337//695 311//695
f 344//696 317//696 347//696
f 314//697 309//697 311//697
f 348//698 349//698 350//698
f 351//699 352//699 353//699
f 352//700 350//700 353//700
f 354//701 355//701 356//701
f 355//702 351//702 356//702
f 357//703 358//703 354//703
f 356//704 357//704 354//704
f 352//705 348//705 350//705
f 349//706 353//706 350//706
f 351//707 355//707 352//707
f 354//708 359//708 355//708
f 358//709 360//709 354//709
f 361//6 358//6 357//6
f 362//710 348//710 352//710
f 355//711 362//711 352//711
f 349//712 351//712 353//712
f 354//713 363//713 359//713
f 351//714 357//714 356//714
f 360//715 363//715 354//715
f 351//716 364//716 357//716
f 364//717 361//717 357//717
f 362//718 365//718 348//718
f 355//719 366//719 362//719
f 367//720 366//720 355//720
f 349//721 368//721 351//721
f 369//722 355//722 359//722
f 367//723 370//723 366//723
f 367//724 371//724 370//724
f 372//725 368//725 349//725
f 355//726 373//726 367//726
f 373//727 371//727 367//727
f 374//728 351//728 368//728
f 375//729 364//729 351//729
f 366//730 348//730 362//730
f 369//731 373//731 355//731
f 373//732 370//732 371//732
f 372//733 374//733 368//733
f 373//734 366//734 370//734
f 369//735 366//735 373//735
f 376//736 351//736 374//736
f 372//737 376//737 374//737
f 363//738 377//738 359//738
f 377//739 369//739 359//739
f 360//740 377//740 363//740
f 375//741 378//741 364//741
f 378//742 361//742 364//742
f 379//3 348//3 366//3
f 348//743 372//743 349//743
f 369//744 379//744 366//744
f 369//745 380//745 379//745
f 381//746 351//746 376//746
f 382//747 381//747 376//747
f 372//748 382//748 376//748
f 377//749 383//749 369//749
f 351//750 381//750 375//750
f 384//751 382//751 372//751
f 375//752 385//752 378//752
f 385//753 386//753 378//753
f 386//6 361//6 378//6
f 387//754 384//754 372//754
f 348//755 387//755 372//755
f 348//756 384//756 387//756
f 369//757 388//757 380//757
f 388//758 379//758 380//758
f 377//759 389//759 383//759
f 388//760 369//760 383//760
f 360//6 389//6 377//6
f 390//761 391//761 348//761
f 379//762 390//762 348//762
f 391//6 392//6 348//6
f 392//6 393//6 348//6
f 388//763 390//763 379//763
f 360//764 358//764 393//764
f 392//765 360//765 393//765
f 361//766 393//766 358//766
f 361//767 348//767 393//767
f 386//768 348//768 361//768
f 394//769 391//769 390//769
f 395//770 390//770 388//770
f 384//771 381//771 382//771
f 389//772 388//772 383//772
f 381//773 385//773 375//773
f 396//774 386//774 385//774
f 391//775 360//775 392//775
f 386//776 397//776 348//776
f 396//6 398//6 386//6
f 398//777 397//777 386//777
f 399//778 360//778 391//778
f 398//779 400//779 397//779
f 399//6 389//6 360//6
f 395//780 394//780 390//780
f 381//781 396//781 385//781
f 348//782 401//782 384//782
f 401//783 381//783 384//783
f 401//784 402//784 381//784
f 389//785 403//785 388//785
f 404//786 399//786 391//786
f 405//787 389//787 399//787
f 396//788 406//788 398//788
f 407//789 399//789 404//789
f 400//790 407//790 404//790
f 391//6 400//6 404//6
f 407//6 408//6 399//6
f 408//791 405//791 399//791
f 406//792 409//792 398//792
f 409//6 407//6 398//6
f 407//793 400//793 398//793
f 410//794 395//794 388//794
f 391//6 397//6 400//6
f 409//6 408//6 407//6
f 394//795 411//795 391//795
f 411//796 412//796 391//796
f 412//797 397//797 391//797
f 413//3 348//3 397//3
f 414//3 401//3 348//3
f 413//3 414//3 348//3
f 410//798 394//798 395//798
f 402//799 396//799 381//799
f 415//800 410//800 388//800
f 411//801 397//801 412//801
f 401//802 416//802 402//802
f 402//803 406//803 396//803
f 403//804 415//804 388//804
f 416//805 406//805 402//805
f 410//806 411//806 394//806
f 414//807 416//807 401//807
f 414//808 417//808 416//808
f 389//809 405//809 403//809
f 413//3 418//3 414//3
f 418//810 417//810 414//810
f 411//811 419//811 397//811
f 419//812 420//812 397//812
f 420//813 413//813 397//813
f 421//814 406//814 416//814
f 422//815 417//815 418//815
f 415//816 411//816 410//816
f 423//817 416//817 417//817
f 422//818 423//818 417//818
f 403//819 424//819 415//819
f 418//820 423//820 422//820
f 415//821 419//821 411//821
f 413//822 423//822 418//822
f 425//823 416//823 423//823
f 413//824 425//824 423//824
f 425//825 424//825 416//825
f 405//826 424//826 403//826
f 426//827 427//827 413//827
f 427//828 425//828 413//828
f 428//829 421//829 416//829
f 415//830 424//830 419//830
f 408//831 424//831 405//831
f 421//832 409//832 406//832
f 424//833 428//833 416//833
f 425//834 429//834 424//834
f 429//835 430//835 424//835
f 424//836 420//836 419//836
f 430//837 420//837 424//837
f 413//838 429//838 425//838
f 408//839 428//839 424//839
f 428//840 409//840 421//840
f 420//841 429//841 413//841
f 420//842 430//842 429//842
f 409//843 428//843 408//843
f 431//844 358//844 354//844
f 358//845 432//845 354//845
f 432//846 58//846 354//846
f 433//847 431//847 354//847
f 58//848 433//848 354//848
f 432//849 434//849 58//849
f 435//850 433//850 58//850
f 434//6 435//6 58//6
f 436//3 358//3 431//3
f 437//3 436//3 431//3
f 438//851 437//851 431//851
f 433//852 438//852 431//852
f 358//3 439//3 432//3
f 439//853 434//853 432//853
f 440//6 438//6 433//6
f 435//6 440//6 433//6
f 439//854 441//854 434//854
f 442//6 435//6 434//6
f 441//6 442//6 434//6
f 443//3 444//3 437//3
f 444//3 436//3 437//3
f 445//855 443//855 437//855
f 438//855 445//855 437//855
f 358//3 446//3 439//3
f 446//3 447//3 439//3
f 447//856 441//856 439//856
f 440//6 445//6 438//6
f 447//856 448//856 441//856
f 448//6 442//6 441//6
f 449//3 450//3 443//3
f 450//3 444//3 443//3
f 451//857 449//857 443//857
f 445//857 451//857 443//857
f 446//3 452//3 447//3
f 452//858 448//858 447//858
f 453//6 451//6 445//6
f 440//6 453//6 445//6
f 452//858 454//858 448//858
f 454//6 455//6 448//6
f 455//6 442//6 448//6
f 456//3 450//3 449//3
f 457//859 456//859 449//859
f 451//859 457//859 449//859
f 446//3 458//3 452//3
f 458//860 454//860 452//860
f 453//6 457//6 451//6
f 458//860 459//860 454//860
f 459//6 455//6 454//6
f 460//3 450//3 456//3
f 461//861 460//861 456//861
f 457//861 461//861 456//861
f 446//3 462//3 458//3
f 462//862 459//862 458//862
f 453//6 463//6 457//6
f 463//6 461//6 457//6
f 462//862 464//862 459//862
f 464//6 455//6 459//6
f 465//3 450//3 460//3
f 466//863 465//863 460//863
f 461//863 466//863 460//863
f 446//3 467//3 462//3
f 467//864 464//864 462//864
f 463//6 466//6 461//6
f 467//864 468//864 464//864
f 468//6 455//6 464//6
f 469//3 470//3 465//3
f 470//3 450//3 465//3
f 471//865 469//865 465//865
f 466//865 471//865 465//865
f 446//3 472//3 467//3
f 472//866 468//866 467//866
f 473//6 471//6 466//6
f 463//6 473//6 466//6
f 472//866 474//866 468//866
f 474//6 455//6 468//6
f 475//3 476//3 469//3
f 476//3 470//3 469//3
f 477//867 475//867 469//867
f 471//867 477//867 469//867
f 446//3 478//3 472//3
f 478//868 474//868 472//868
f 473//6 477//6 471//6
f 478//868 479//868 474//868
f 479//6 480//6 474//6
f 480//6 455//6 474//6
f 436//869 435//869 358//869
f 436//870 440//870 435//870
f 442//871 358//871 435//871
f 436//872 444//872 440//872
f 444//873 453//873 440//873
f 455//874 446//874 442//874
f 446//875 358//875 442//875
f 450//876 453//876 444//876
f 450//877 463//877 453//877
f 470//878 473//878 463//878
f 450//879 470//879 463//879
f 480//880 446//880 455//880
f 476//881 473//881 470//881
f 481//3 478//3 446//3
f 480//882 481//882 446//882
f 482//3 478//3 481//3
f 483//3 476//3 475//3
f 484//883 483//883 475//883
f 477//883 484//883 475//883
f 482//884 479//884 478//884
f 473//6 484//6 477//6
f 476//885 485//885 473//885
f 485//6 484//6 473//6
f 486//886 481//886 480//886
f 487//887 486//887 480//887
f 479//6 488//6 480//6
f 488//6 489//6 480//6
f 489//6 487//6 480//6
f 482//884 488//884 479//884
f 490//3 482//3 481//3
f 486//3 490//3 481//3
f 483//3 491//3 476//3
f 492//888 490//888 486//888
f 487//889 492//889 486//889
f 493//3 490//3 492//3
f 494//3 493//3 492//3
f 487//890 494//890 492//890
f 491//3 495//3 476//3
f 476//891 496//891 485//891
f 496//892 497//892 485//892
f 498//6 484//6 485//6
f 497//6 499//6 485//6
f 499//6 500//6 485//6
f 500//6 498//6 485//6
f 501//893 494//893 487//893
f 502//6 501//6 487//6
f 489//6 503//6 487//6
f 503//6 502//6 487//6
f 495//3 496//3 476//3
f 504//3 493//3 494//3
f 505//3 504//3 494//3
f 501//894 505//894 494//894
f 506//3 407//3 496//3
f 495//3 506//3 496//3
f 407//895 497//895 496//895
f 507//3 504//3 505//3
f 508//3 507//3 505//3
f 506//3 509//3 407//3
f 407//896 510//896 497//896
f 510//6 511//6 497//6
f 511//6 512//6 497//6
f 512//6 499//6 497//6
f 510//897 505//897 501//897
f 502//6 513//6 501//6
f 513//6 514//6 501//6
f 514//6 510//6 501//6
f 509//3 515//3 407//3
f 516//3 508//3 505//3
f 515//3 517//3 407//3
f 407//3 516//3 505//3
f 510//898 407//898 505//898
f 409//3 516//3 407//3
f 517//3 518//3 407//3
f 519//6 520//6 510//6
f 520//6 511//6 510//6
f 514//6 521//6 510//6
f 521//6 522//6 510//6
f 518//3 409//3 407//3
f 286//899 519//899 510//899
f 522//900 286//900 510//900
f 498//901 491//901 483//901
f 484//901 498//901 483//901
f 490//902 488//902 482//902
f 490//902 489//902 488//902
f 500//903 495//903 491//903
f 498//903 500//903 491//903
f 493//904 489//904 490//904
f 493//904 503//904 489//904
f 499//905 506//905 495//905
f 500//905 499//905 495//905
f 504//906 503//906 493//906
f 504//906 502//906 503//906
f 512//907 509//907 506//907
f 499//907 512//907 506//907
f 507//908 502//908 504//908
f 507//908 513//908 502//908
f 511//909 515//909 509//909
f 512//909 511//909 509//909
f 508//910 513//910 507//910
f 508//910 514//910 513//910
f 520//911 517//911 515//911
f 511//911 520//911 515//911
f 516//912 514//912 508//912
f 516//912 521//912 514//912
f 519//913 518//913 517//913
f 520//914 519//914 517//914
f 409//915 521//915 516//915
f 409//916 522//916 521//916
f 409//917 286//917 522//917
f 286//918 409//918 518//918
f 519//919 286//919 518//919
f 523//920 524//920 525//920
f 524//921 526//921 525//921
f 523//922 527//922 524//922
f 526//923 528//923 525//923
f 528//924 529//924 525//924
f 530//925 526//925 524//925
f 531//926 524//926 527//926
f 528//927 532//927 529//927
f 526//928 533//928 528//928
f 534//929 531//929 527//929
f 535//930 525//930 529//930
f 535//931 536//931 523//931
f 525//932 535//932 523//932
f 536//933 527//933 523//933
f 524//934 537//934 530//934
f 531//935 537//935 524//935
f 538//936 532//936 528//936
f 539//937 533//937 526//937
f 530//938 539//938 526//938
f 536//939 534//939 527//939
f 540//940 536//940 535//940
f 541//941 538//941 528//941
f 533//942 541//942 528//942
f 530//943 542//943 539//943
f 542//944 543//944 539//944
f 543//945 544//945 539//945
f 545//946 546//946 547//946
f 544//947 541//947 533//947
f 542//948 530//948 537//948
f 548//949 542//949 537//949
f 549//950 547//950 546//950
f 550//951 551//951 547//951
f 551//952 545//952 547//952
f 529//953 552//953 535//953
f 545//954 553//954 546//954
f 553//955 554//955 546//955
f 555//956 536//956 540//956
f 556//957 557//957 545//957
f 557//958 558//958 545//958
f 558//959 553//959 545//959
f 559//960 560//960 531//960
f 560//961 537//961 531//961
f 549//962 550//962 547//962
f 561//963 551//963 550//963
f 562//964 563//964 546//964
f 534//965 559//965 531//965
f 564//966 529//966 532//966
f 565//967 542//967 530//967
f 546//968 566//968 549//968
f 567//969 545//969 551//969
f 563//970 566//970 546//970
f 567//971 556//971 545//971
f 568//972 532//972 538//972
f 569//973 558//973 570//973
f 571//974 550//974 549//974
f 572//975 534//975 536//975
f 555//976 572//976 536//976
f 552//977 540//977 535//977
f 573//978 574//978 558//978
f 569//979 573//979 558//979
f 575//980 570//980 558//980
f 557//981 575//981 558//981
f 576//982 567//982 551//982
f 577//983 578//983 554//983
f 579//984 562//984 546//984
f 554//985 579//985 546//985
f 542//986 580//986 543//986
f 558//987 574//987 553//987
f 581//988 571//988 549//988
f 561//989 576//989 551//989
f 560//990 548//990 537//990
f 582//991 554//991 553//991
f 583//992 556//992 567//992
f 584//993 562//993 579//993
f 543//994 585//994 544//994
f 586//995 580//995 542//995
f 554//996 587//996 577//996
f 588//997 559//997 534//997
f 589//998 590//998 559//998
f 590//999 560//999 559//999
f 568//1000 564//1000 532//1000
f 562//1001 591//1001 563//1001
f 566//1002 581//1002 549//1002
f 592//1003 553//1003 574//1003
f 593//1004 592//1004 574//1004
f 594//850 570//850 575//850
f 581//1005 595//1005 571//1005
f 596//1006 565//1006 553//1006
f 597//1007 564//1007 568//1007
f 598//1008 578//1008 577//1008
f 599//1009 576//1009 561//1009
f 600//1010 599//1010 561//1010
f 601//1011 593//1011 574//1011
f 573//1012 601//1012 574//1012
f 585//1013 541//1013 544//1013
f 548//1014 586//1014 542//1014
f 582//1015 587//1015 554//1015
f 588//1016 589//1016 559//1016
f 602//1017 529//1017 564//1017
f 571//1018 561//1018 550//1018
f 569//1019 603//1019 573//1019
f 571//1020 600//1020 561//1020
f 592//1021 604//1021 553//1021
f 605//1022 538//1022 541//1022
f 572//1023 588//1023 534//1023
f 552//1024 606//1024 540//1024
f 604//1025 596//1025 553//1025
f 607//1026 604//1026 592//1026
f 601//1027 607//1027 592//1027
f 608//1028 548//1028 560//1028
f 605//1029 568//1029 538//1029
f 602//1030 552//1030 529//1030
f 580//1031 585//1031 543//1031
f 609//1032 577//1032 587//1032
f 610//1033 601//1033 573//1033
f 590//1034 608//1034 560//1034
f 611//1035 601//1035 592//1035
f 611//1036 593//1036 601//1036
f 576//1037 612//1037 567//1037
f 596//1038 609//1038 587//1038
f 585//1039 613//1039 541//1039
f 614//1040 595//1040 581//1040
f 615//1041 600//1041 571//1041
f 603//1042 616//1042 573//1042
f 604//1043 617//1043 596//1043
f 595//1044 615//1044 571//1044
f 618//1045 606//1045 552//1045
f 586//1046 619//1046 580//1046
f 620//1047 579//1047 554//1047
f 621//1048 590//1048 589//1048
f 597//1049 622//1049 564//1049
f 533//1050 539//1050 544//1050
f 578//1051 620//1051 554//1051
f 623//1052 585//1052 580//1052
f 624//1053 566//1053 563//1053
f 625//1054 624//1054 563//1054
f 617//1055 609//1055 596//1055
f 610//1056 607//1056 601//1056
f 616//1057 610//1057 573//1057
f 622//1058 602//1058 564//1058
f 624//1059 626//1059 566//1059
f 626//1060 581//1060 566//1060
f 627//1061 613//1061 585//1061
f 612//1062 583//1062 567//1062
f 628//1063 629//1063 557//1063
f 629//1064 575//1064 557//1064
f 613//1065 605//1065 541//1065
f 630//1066 586//1066 548//1066
f 631//1067 598//1067 577//1067
f 632//1068 608//1068 590//1068
f 633//1069 634//1069 604//1069
f 607//1070 633//1070 604//1070
f 635//1071 589//1071 588//1071
f 540//1072 606//1072 555//1072
f 626//1073 614//1073 581//1073
f 636//1074 594//1074 575//1074
f 629//1075 636//1075 575//1075
f 637//1076 607//1076 610//1076
f 612//1077 576//1077 638//1077
f 634//1078 617//1078 604//1078
f 639//1079 633//1079 607//1079
f 637//1080 639//1080 607//1080
f 572//1081 635//1081 588//1081
f 640//1082 638//1082 576//1082
f 555//1083 641//1083 572//1083
f 605//1084 597//1084 568//1084
f 591//1085 625//1085 563//1085
f 602//1086 618//1086 552//1086
f 609//1087 631//1087 577//1087
f 619//1088 623//1088 580//1088
f 599//1089 640//1089 576//1089
f 600//1090 642//1090 599//1090
f 556//1091 628//1091 557//1091
f 584//1092 591//1092 562//1092
f 583//1093 628//1093 556//1093
f 598//1094 643//1094 578//1094
f 570//1095 594//1095 569//1095
f 594//1096 644//1096 569//1096
f 644//1097 603//1097 569//1097
f 592//1098 593//1098 611//1098
f 587//1099 565//1099 596//1099
f 582//1100 565//1100 587//1100
f 582//1101 553//1101 565//1101
f 645//1102 637//1102 610//1102
f 597//1103 646//1103 622//1103
f 647//1104 621//1104 589//1104
f 606//1105 641//1105 555//1105
f 648//1106 606//1106 618//1106
f 613//1107 649//1107 605//1107
f 608//1066 630//1066 548//1066
f 641//1108 650//1108 572//1108
f 635//1109 647//1109 589//1109
f 651//1110 602//1110 622//1110
f 630//1111 652//1111 586//1111
f 652//1112 619//1112 586//1112
f 615//1113 653//1113 600//1113
f 654//1114 618//1114 602//1114
f 653//1115 642//1115 600//1115
f 633//1116 655//1116 634//1116
f 655//1117 656//1117 634//1117
f 634//1118 657//1118 617//1118
f 649//1119 658//1119 605//1119
f 659//1120 630//1120 608//1120
f 660//1121 615//1121 595//1121
f 661//1122 662//1122 663//1122
f 664//1123 661//1123 663//1123
f 657//1124 665//1124 609//1124
f 617//1125 657//1125 609//1125
f 665//1126 631//1126 609//1126
f 616//1127 666//1127 610//1127
f 666//1128 645//1128 610//1128
f 639//1074 655//1074 633//1074
f 667//1129 632//1129 590//1129
f 621//1130 667//1130 590//1130
f 614//1131 660//1131 595//1131
f 668//1132 669//1132 663//1132
f 670//1133 668//1133 663//1133
f 669//1123 664//1123 663//1123
f 671//1134 666//1134 616//1134
f 603//1135 671//1135 616//1135
f 672//1136 598//1136 631//1136
f 650//1137 635//1137 572//1137
f 651//1138 654//1138 602//1138
f 605//1139 658//1139 597//1139
f 645//1140 639//1140 637//1140
f 597//1141 673//1141 646//1141
f 620//1142 584//1142 579//1142
f 646//1143 651//1143 622//1143
f 662//1144 674//1144 663//1144
f 674//1145 670//1145 663//1145
f 675//1146 650//1146 641//1146
f 676//1147 648//1147 618//1147
f 648//1148 641//1148 606//1148
f 619//1149 677//1149 623//1149
f 620//1150 578//1150 584//1150
f 578//1151 643//1151 584//1151
f 643//776 678//776 584//776
f 678//776 591//776 584//776
f 636//1152 629//1152 628//1152
f 594//651 636//651 628//651
f 583//1153 679//1153 628//1153
f 679//1153 594//1153 628//1153
f 679//1153 644//1153 594//1153
f 680//1154 664//1154 669//1154
f 681//1155 640//1155 599//1155
f 682//1156 585//1156 623//1156
f 683//1157 632//1157 667//1157
f 682//1158 627//1158 585//1158
f 684//709 655//709 639//709
f 665//1159 685//1159 631//1159
f 685//1160 672//1160 631//1160
f 656//1161 657//1161 634//1161
f 686//1162 687//1162 627//1162
f 688//1163 686//1163 627//1163
f 689//1164 645//1164 666//1164
f 642//1165 681//1165 599//1165
f 682//1166 688//1166 627//1166
f 632//1167 659//1167 608//1167
f 690//1168 662//1168 661//1168
f 691//1169 690//1169 661//1169
f 664//888 691//888 661//888
f 692//1170 615//1170 660//1170
f 692//1171 693//1171 615//1171
f 654//1172 676//1172 618//1172
f 686//1173 613//1173 627//1173
f 625//1174 694//1174 624//1174
f 695//1175 696//1175 697//1175
f 698//1176 695//1176 697//1176
f 678//1177 643//1177 697//1177
f 643//1178 698//1178 697//1178
f 699//1179 700//1179 701//1179
f 644//1180 679//1180 701//1180
f 679//1181 699//1181 701//1181
f 643//1182 695//1182 698//1182
f 702//6 644//6 701//6
f 700//709 702//709 701//709
f 703//776 591//776 678//776
f 697//3 703//3 678//3
f 583//1153 704//1153 679//1153
f 704//3 699//3 679//3
f 598//1183 695//1183 643//1183
f 702//1153 603//1153 644//1153
f 696//3 703//3 697//3
f 705//1184 682//1184 623//1184
f 706//1185 694//1185 625//1185
f 707//1186 612//1186 638//1186
f 708//1187 668//1187 670//1187
f 694//1188 626//1188 624//1188
f 677//1189 705//1189 623//1189
f 649//1190 709//1190 658//1190
f 591//1191 706//1191 625//1191
f 674//1192 708//1192 670//1192
f 710//1193 674//1193 662//1193
f 711//1194 613//1194 686//1194
f 688//1195 711//1195 686//1195
f 711//1196 649//1196 613//1196
f 712//1197 713//1197 626//1197
f 645//1198 684//1198 639//1198
f 714//1199 690//1199 691//1199
f 674//1200 710//1200 715//1200
f 710//1201 716//1201 715//1201
f 717//1202 718//1202 671//1202
f 718//1203 666//1203 671//1203
f 647//1204 667//1204 621//1204
f 719//1205 651//1205 646//1205
f 658//1206 720//1206 597//1206
f 720//1207 673//1207 597//1207
f 690//1208 721//1208 662//1208
f 706//1209 722//1209 694//1209
f 723//1210 707//1210 638//1210
f 724//1211 722//1211 706//1211
f 715//1212 725//1212 674//1212
f 722//1213 712//1213 694//1213
f 712//1214 626//1214 694//1214
f 640//1215 723//1215 638//1215
f 707//850 583//850 612//850
f 711//1216 709//1216 649//1216
f 630//1217 726//1217 652//1217
f 705//1218 727//1218 682//1218
f 728//1219 705//1219 677//1219
f 652//1220 728//1220 677//1220
f 656//1221 729//1221 657//1221
f 710//1222 730//1222 716//1222
f 626//1223 731//1223 614//1223
f 695//1224 598//1224 672//1224
f 732//1225 717//1225 671//1225
f 603//1226 732//1226 671//1226
f 664//1227 733//1227 691//1227
f 716//1228 727//1228 715//1228
f 650//1229 734//1229 635//1229
f 735//1230 736//1230 669//1230
f 708//1231 674//1231 735//1231
f 716//1232 688//1232 682//1232
f 727//1233 716//1233 682//1233
f 737//1234 702//1234 700//1234
f 738//1235 724//1235 706//1235
f 591//1236 738//1236 706//1236
f 725//1237 735//1237 674//1237
f 727//1238 725//1238 715//1238
f 656//1239 655//1239 664//1239
f 704//888 739//888 699//888
f 718//1240 689//1240 666//1240
f 665//1241 740//1241 685//1241
f 642//1242 741//1242 681//1242
f 709//1243 742//1243 658//1243
f 743//1244 659//1244 632//1244
f 742//1245 720//1245 658//1245
f 731//1246 660//1246 614//1246
f 744//1247 721//1247 690//1247
f 690//1248 714//1248 744//1248
f 745//1249 692//1249 660//1249
f 713//1250 731//1250 626//1250
f 725//1251 727//1251 705//1251
f 652//1252 726//1252 728//1252
f 680//1253 656//1253 664//1253
f 684//1254 664//1254 655//1254
f 619//1255 652//1255 677//1255
f 735//1256 669//1256 668//1256
f 731//1257 745//1257 660//1257
f 729//1258 665//1258 657//1258
f 689//1259 684//1259 645//1259
f 746//1260 709//1260 711//1260
f 659//1261 726//1261 630//1261
f 747//1262 744//1262 714//1262
f 748//1154 680//1154 669//1154
f 749//1263 667//1263 647//1263
f 750//1264 749//1264 647//1264
f 635//1265 750//1265 647//1265
f 751//1266 716//1266 730//1266
f 603//1267 737//1267 732//1267
f 648//1268 752//1268 641//1268
f 738//1269 591//1269 696//1269
f 591//1270 703//1270 696//1270
f 724//1271 738//1271 696//1271
f 707//1272 739//1272 704//1272
f 583//1273 707//1273 704//1273
f 737//1274 603//1274 702//1274
f 700//1275 753//1275 737//1275
f 753//1276 732//1276 737//1276
f 728//1277 754//1277 705//1277
f 669//1278 736//1278 748//1278
f 710//1279 744//1279 730//1279
f 744//1280 755//1280 730//1280
f 756//1281 672//1281 685//1281
f 740//1282 756//1282 685//1282
f 717//1283 757//1283 718//1283
f 653//1284 758//1284 642//1284
f 615//1285 759//1285 653//1285
f 759//1286 758//1286 653//1286
f 693//1287 759//1287 615//1287
f 741//1288 760//1288 681//1288
f 758//1289 741//1289 642//1289
f 760//1290 723//1290 640//1290
f 681//1291 760//1291 640//1291
f 668//1292 708//1292 735//1292
f 662//1293 721//1293 710//1293
f 744//1294 710//1294 721//1294
f 729//1295 656//1295 680//1295
f 684//1296 733//1296 664//1296
f 761//1297 762//1297 725//1297
f 705//1298 761//1298 725//1298
f 763//1299 688//1299 716//1299
f 751//1300 763//1300 716//1300
f 764//1301 676//1301 654//1301
f 765//1302 736//1302 735//1302
f 766//1303 646//1303 673//1303
f 754//1304 761//1304 705//1304
f 747//1305 755//1305 744//1305
f 767//1306 695//1306 672//1306
f 699//1307 739//1307 700//1307
f 739//1308 753//1308 700//1308
f 696//1309 695//1309 768//1309
f 739//1153 769//1153 753//1153
f 770//1310 724//1310 696//1310
f 768//1311 770//1311 696//1311
f 707//1312 769//1312 739//1312
f 770//1313 722//1313 724//1313
f 723//1314 769//1314 707//1314
f 771//1315 772//1315 722//1315
f 773//1316 771//1316 722//1316
f 770//1317 773//1317 722//1317
f 774//1318 775//1318 723//1318
f 776//1319 769//1319 723//1319
f 775//1320 776//1320 723//1320
f 772//1321 712//1321 722//1321
f 713//1322 712//1322 772//1322
f 777//1323 713//1323 772//1323
f 723//1324 760//1324 774//1324
f 760//1325 778//1325 774//1325
f 779//1326 778//1326 760//1326
f 780//1327 745//1327 731//1327
f 760//1328 741//1328 779//1328
f 764//1329 779//1329 741//1329
f 781//1330 692//1330 745//1330
f 780//1331 781//1331 745//1331
f 758//1332 764//1332 741//1332
f 782//1333 764//1333 758//1333
f 759//1334 693//1334 692//1334
f 781//1335 783//1335 692//1335
f 783//1336 759//1336 692//1336
f 759//1337 782//1337 758//1337
f 784//1338 720//1338 742//1338
f 683//1339 743//1339 632//1339
f 746//1340 742//1340 709//1340
f 743//1341 726//1341 659//1341
f 725//1342 762//1342 735//1342
f 729//1343 740//1343 665//1343
f 651//1344 785//1344 654//1344
f 785//1345 764//1345 654//1345
f 719//1346 785//1346 651//1346
f 676//1347 786//1347 648//1347
f 675//1348 734//1348 650//1348
f 766//1349 787//1349 646//1349
f 787//1350 719//1350 646//1350
f 749//1351 768//1351 667//1351
f 788//1352 680//1352 748//1352
f 733//1353 789//1353 691//1353
f 790//1354 766//1354 673//1354
f 688//1355 746//1355 711//1355
f 735//1356 762//1356 765//1356
f 791//1357 689//1357 718//1357
f 641//1358 752//1358 675//1358
f 786//1359 752//1359 648//1359
f 787//1360 785//1360 719//1360
f 792//1361 787//1361 766//1361
f 793//1362 785//1362 787//1362
f 792//1363 793//1363 787//1363
f 734//1364 750//1364 635//1364
f 752//1365 734//1365 675//1365
f 789//1366 714//1366 691//1366
f 764//1367 786//1367 676//1367
f 769//1368 792//1368 766//1368
f 749//1369 770//1369 768//1369
f 766//1370 753//1370 769//1370
f 794//1371 773//1371 770//1371
f 749//1372 794//1372 770//1372
f 776//1373 792//1373 769//1373
f 795//1374 794//1374 749//1374
f 794//1375 771//1375 773//1375
f 794//1376 795//1376 771//1376
f 795//1377 772//1377 771//1377
f 796//1378 792//1378 776//1378
f 774//1379 796//1379 775//1379
f 796//1380 797//1380 792//1380
f 797//1381 793//1381 792//1381
f 749//1382 798//1382 795//1382
f 798//1383 799//1383 795//1383
f 799//1384 777//1384 772//1384
f 795//1385 799//1385 772//1385
f 797//1386 796//1386 774//1386
f 750//1387 798//1387 749//1387
f 797//1388 778//1388 793//1388
f 777//1389 799//1389 798//1389
f 778//1390 797//1390 774//1390
f 778//1391 785//1391 793//1391
f 750//1392 800//1392 798//1392
f 800//1393 777//1393 798//1393
f 801//1394 731//1394 713//1394
f 779//1395 802//1395 778//1395
f 778//1396 802//1396 785//1396
f 734//1397 803//1397 750//1397
f 803//1398 800//1398 750//1398
f 796//1399 776//1399 775//1399
f 801//1400 780//1400 731//1400
f 802//1401 764//1401 785//1401
f 801//1402 800//1402 803//1402
f 764//1403 802//1403 779//1403
f 734//1404 804//1404 803//1404
f 804//1405 780//1405 803//1405
f 780//1406 801//1406 803//1406
f 782//1407 786//1407 764//1407
f 781//1408 780//1408 804//1408
f 734//1409 805//1409 804//1409
f 805//1410 781//1410 804//1410
f 752//1411 805//1411 734//1411
f 759//1412 783//1412 782//1412
f 782//1413 783//1413 786//1413
f 752//1414 786//1414 805//1414
f 786//1415 783//1415 805//1415
f 783//1416 781//1416 805//1416
f 740//1417 806//1417 756//1417
f 791//1418 684//1418 689//1418
f 762//1419 761//1419 754//1419
f 747//1420 714//1420 789//1420
f 753//1421 807//1421 732//1421
f 808//1422 673//1422 720//1422
f 784//1423 808//1423 720//1423
f 767//1424 768//1424 695//1424
f 726//1425 809//1425 728//1425
f 790//1426 753//1426 766//1426
f 788//1427 729//1427 680//1427
f 810//1428 688//1428 763//1428
f 751//1429 810//1429 763//1429
f 746//1430 784//1430 742//1430
f 809//1431 726//1431 743//1431
f 809//1432 754//1432 728//1432
f 811//1433 746//1433 688//1433
f 756//1434 767//1434 672//1434
f 732//1435 812//1435 717//1435
f 812//1436 757//1436 717//1436
f 790//1437 807//1437 753//1437
f 757//1438 791//1438 718//1438
f 813//1439 808//1439 784//1439
f 768//1440 683//1440 667//1440
f 812//1441 732//1441 807//1441
f 800//1442 713//1442 777//1442
f 801//1443 713//1443 800//1443
f 814//1444 762//1444 754//1444
f 815//1445 784//1445 746//1445
f 810//1446 811//1446 688//1446
f 808//1447 790//1447 673//1447
f 789//1448 816//1448 747//1448
f 755//1449 751//1449 730//1449
f 729//1450 806//1450 740//1450
f 815//1451 813//1451 784//1451
f 765//1452 788//1452 748//1452
f 736//1453 765//1453 748//1453
f 817//1454 729//1454 788//1454
f 684//1455 818//1455 733//1455
f 818//1456 789//1456 733//1456
f 817//1457 806//1457 729//1457
f 791//1458 818//1458 684//1458
f 819//1459 811//1459 810//1459
f 820//1460 819//1460 810//1460
f 751//1461 820//1461 810//1461
f 821//1462 743//1462 683//1462
f 755//1463 820//1463 751//1463
f 822//1464 821//1464 683//1464
f 823//1465 767//1465 756//1465
f 806//1466 823//1466 756//1466
f 812//1467 824//1467 757//1467
f 815//1468 746//1468 811//1468
f 768//1469 822//1469 683//1469
f 825//1470 768//1470 767//1470
f 790//1471 826//1471 807//1471
f 822//1472 768//1472 825//1472
f 808//1473 826//1473 790//1473
f 827//1474 755//1474 747//1474
f 816//1475 827//1475 747//1475
f 828//1476 809//1476 743//1476
f 821//1477 828//1477 743//1477
f 822//1478 829//1478 821//1478
f 823//1479 830//1479 767//1479
f 830//1480 825//1480 767//1480
f 813//1481 831//1481 808//1481
f 832//1482 817//1482 788//1482
f 765//1483 832//1483 788//1483
f 833//1484 816//1484 789//1484
f 818//1485 833//1485 789//1485
f 815//1486 834//1486 813//1486
f 834//1487 831//1487 813//1487
f 819//1488 835//1488 811//1488
f 814//1489 765//1489 762//1489
f 836//1490 820//1490 755//1490
f 837//1491 832//1491 765//1491
f 814//1492 837//1492 765//1492
f 811//1493 834//1493 815//1493
f 754//1494 838//1494 814//1494
f 838//1495 839//1495 814//1495
f 828//1496 754//1496 809//1496
f 831//1497 826//1497 808//1497
f 840//1498 791//1498 757//1498
f 824//1499 840//1499 757//1499
f 836//1500 755//1500 827//1500
f 817//1501 841//1501 806//1501
f 841//1502 823//1502 806//1502
f 842//1503 822//1503 825//1503
f 835//1504 834//1504 811//1504
f 843//1505 812//1505 807//1505
f 830//1506 842//1506 825//1506
f 844//1507 812//1507 843//1507
f 827//1508 816//1508 833//1508
f 845//1509 833//1509 818//1509
f 791//1510 840//1510 818//1510
f 820//1511 846//1511 819//1511
f 846//1512 835//1512 819//1512
f 828//1513 838//1513 754//1513
f 812//1514 844//1514 824//1514
f 823//1515 847//1515 830//1515
f 844//1516 840//1516 824//1516
f 844//1517 848//1517 840//1517
f 843//1518 807//1518 826//1518
f 849//1519 817//1519 832//1519
f 837//1520 849//1520 832//1520
f 850//1521 851//1521 822//1521
f 851//1522 829//1522 822//1522
f 831//1523 852//1523 826//1523
f 845//1524 827//1524 833//1524
f 839//1525 853//1525 814//1525
f 814//1526 854//1526 837//1526
f 853//1527 854//1527 814//1527
f 854//1528 849//1528 837//1528
f 846//1529 820//1529 836//1529
f 834//1530 855//1530 831//1530
f 855//1531 852//1531 831//1531
f 851//1532 856//1532 829//1532
f 856//1533 821//1533 829//1533
f 856//1534 828//1534 821//1534
f 835//1535 855//1535 834//1535
f 856//1536 838//1536 828//1536
f 847//1537 842//1537 830//1537
f 857//1538 852//1538 855//1538
f 858//1539 857//1539 855//1539
f 859//1540 851//1540 850//1540
f 860//1541 859//1541 850//1541
f 847//1542 860//1542 850//1542
f 857//1543 843//1543 852//1543
f 856//40 851//40 859//40
f 860//1544 861//1544 859//1544
f 858//1545 862//1545 857//1545
f 855//1546 846//1546 858//1546
f 846//1547 863//1547 858//1547
f 864//1548 856//1548 859//1548
f 861//1549 864//1549 859//1549
f 863//1550 862//1550 858//1550
f 838//1551 856//1551 864//1551
f 846//1552 855//1552 835//1552
f 823//1553 860//1553 847//1553
f 842//1554 847//1554 850//1554
f 862//1555 844//1555 857//1555
f 844//1556 843//1556 857//1556
f 826//1557 852//1557 843//1557
f 822//1558 842//1558 850//1558
f 863//1559 845//1559 862//1559
f 845//1560 840//1560 862//1560
f 840//1561 848//1561 862//1561
f 848//1562 844//1562 862//1562
f 860//1563 823//1563 841//1563
f 849//1564 860//1564 841//1564
f 817//1565 849//1565 841//1565
f 840//1566 845//1566 818//1566
f 849//40 854//40 860//40
f 854//40 861//40 860//40
f 863//1567 836//1567 827//1567
f 845//1568 863//1568 827//1568
f 838//1569 864//1569 839//1569
f 861//1570 853//1570 864//1570
f 853//1571 839//1571 864//1571
f 861//40 854//40 853//40
f 836//1572 863//1572 846//1572
f 865//1573 866//1573 867//1573
f 866//1574 868//1574 867//1574
f 868//1575 869//1575 867//1575
f 869//1576 870//1576 867//1576
f 871//1577 872//1577 873//1577
f 874//1578 875//1578 873//1578
f 872//1579 874//1579 873//1579
f 876//1580 871//1580 873//1580
f 875//1581 876//1581 873//1581
f 877//1582 865//1582 867//1582
f 878//1583 877//1583 867//1583
f 870//1584 879//1584 867//1584
f 879//1585 878//1585 867//1585
f 880//1586 874//1586 872//1586
f 871//1587 880//1587 872//1587
f 876//1588 881//1588 871//1588
f 882//1589 883//1589 884//1589
f 866//1590 882//1590 884//1590
f 883//1591 885//1591 884//1591
f 886//1592 869//1592 885//1592
f 869//1593 884//1593 885//1593
f 887//1594 888//1594 889//1594
f 890//1595 888//1595 887//1595
f 882//1596 891//1596 883//1596
f 891//1597 892//1597 883//1597
f 892//1598 893//1598 883//1598
f 894//1599 885//1599 883//1599
f 895//1600 894//1600 883//1600
f 896//1601 886//1601 885//1601
f 894//1602 896//1602 885//1602
f 897//1603 898//1603 887//1603
f 899//1604 897//1604 887//1604
f 889//1605 899//1605 887//1605
f 868//1606 884//1606 869//1606
f 900//1607 889//1607 874//1607
f 874//1608 888//1608 875//1608
f 881//1609 880//1609 871//1609
f 901//1610 893//1610 902//1610
f 893//1611 892//1611 902//1611
f 903//1153 904//1153 905//1153
f 904//1612 906//1612 905//1612
f 906//1613 883//1613 905//1613
f 907//776 895//776 906//776
f 895//1614 883//1614 906//1614
f 894//1153 908//1153 909//1153
f 908//1153 910//1153 909//1153
f 911//1615 894//1615 909//1615
f 912//1616 886//1616 911//1616
f 886//1617 896//1617 911//1617
f 896//1618 894//1618 911//1618
f 900//1619 913//1619 914//1619
f 915//1620 900//1620 914//1620
f 889//1621 900//1621 915//1621
f 916//1622 917//1622 899//1622
f 917//1623 918//1623 899//1623
f 918//1624 897//1624 899//1624
f 919//552 920//552 897//552
f 920//1625 921//1625 897//1625
f 918//1626 919//1626 897//1626
f 922//1627 923//1627 898//1627
f 923//1628 924//1628 898//1628
f 925//1629 887//1629 924//1629
f 887//1630 898//1630 924//1630
f 905//1631 883//1631 893//1631
f 908//1632 894//1632 895//1632
f 916//1633 899//1633 889//1633
f 921//1634 898//1634 897//1634
f 886//1635 870//1635 869//1635
f 875//1636 888//1636 890//1636
f 865//1637 926//1637 882//1637
f 866//1638 865//1638 882//1638
f 884//1639 868//1639 866//1639
f 876//1640 875//1640 890//1640
f 927//1641 928//1641 876//1641
f 928//1642 929//1642 876//1642
f 929//1643 881//1643 876//1643
f 874//1644 889//1644 888//1644
f 900//1645 930//1645 870//1645
f 886//1646 900//1646 870//1646
f 874//1647 930//1647 900//1647
f 930//1648 874//1648 880//1648
f 879//1649 877//1649 878//1649
f 930//1650 880//1650 881//1650
f 929//1651 930//1651 881//1651
f 931//1652 865//1652 877//1652
f 932//1653 877//1653 879//1653
f 870//1654 932//1654 879//1654
f 870//1655 933//1655 932//1655
f 933//1656 931//1656 932//1656
f 932//1657 931//1657 877//1657
f 929//1658 934//1658 930//1658
f 928//1659 934//1659 929//1659
f 933//1660 870//1660 930//1660
f 934//1661 933//1661 930//1661
f 935//1662 927//1662 876//1662
f 913//1663 936//1663 914//1663
f 937//1664 889//1664 915//1664
f 890//1665 935//1665 876//1665
f 926//1666 938//1666 882//1666
f 939//1667 940//1667 890//1667
f 940//1668 935//1668 890//1668
f 925//1669 890//1669 887//1669
f 941//1670 942//1670 890//1670
f 925//1671 941//1671 890//1671
f 886//1672 913//1672 900//1672
f 920//1673 922//1673 921//1673
f 922//1674 898//1674 921//1674
f 895//1675 910//1675 908//1675
f 907//1676 910//1676 895//1676
f 938//1677 943//1677 882//1677
f 943//1678 891//1678 882//1678
f 891//1153 944//1153 892//1153
f 944//1679 902//1679 892//1679
f 909//1680 945//1680 911//1680
f 945//1681 946//1681 911//1681
f 946//1682 912//1682 911//1682
f 927//1683 947//1683 926//1683
f 865//1684 931//1684 926//1684
f 931//1685 927//1685 926//1685
f 934//560 928//560 927//560
f 935//1686 947//1686 927//1686
f 933//560 934//560 927//560
f 931//1687 933//1687 927//1687
f 912//1688 913//1688 886//1688
f 935//1689 940//1689 947//1689
f 940//1690 926//1690 947//1690
f 893//1691 903//1691 905//1691
f 938//1692 948//1692 943//1692
f 938//1693 926//1693 940//1693
f 939//1694 938//1694 940//1694
f 889//1695 917//1695 916//1695
f 939//1696 948//1696 938//1696
f 949//1697 943//1697 948//1697
f 937//1698 917//1698 889//1698
f 939//1699 942//1699 948//1699
f 942//1700 949//1700 948//1700
f 890//1701 942//1701 939//1701
f 901//1702 903//1702 893//1702
f 949//1703 950//1703 943//1703
f 944//1704 951//1704 902//1704
f 951//776 901//776 902//776
f 904//1705 952//1705 906//1705
f 952//776 907//776 906//776
f 910//1153 953//1153 909//1153
f 953//1706 945//1706 909//1706
f 936//1707 954//1707 914//1707
f 954//1708 915//1708 914//1708
f 955//776 937//776 915//776
f 954//1709 955//1709 915//1709
f 956//1710 925//1710 924//1710
f 923//1711 956//1711 924//1711
f 942//1712 950//1712 949//1712
f 912//1713 936//1713 913//1713
f 957//1714 942//1714 941//1714
f 946//1715 936//1715 912//1715
f 957//1716 950//1716 942//1716
f 958//1717 951//1717 944//1717
f 891//1718 959//1718 944//1718
f 959//1719 958//1719 944//1719
f 958//1720 960//1720 951//1720
f 961//776 901//776 951//776
f 962//1721 963//1721 904//1721
f 963//1722 952//1722 904//1722
f 903//1153 964//1153 904//1153
f 964//1153 962//1153 904//1153
f 965//776 907//776 952//776
f 963//776 965//776 952//776
f 966//1723 945//1723 953//1723
f 967//3 966//3 953//3
f 968//1724 967//1724 953//1724
f 910//1725 968//1725 953//1725
f 966//1610 969//1610 945//1610
f 969//1664 970//1664 945//1664
f 970//1726 946//1726 945//1726
f 936//1727 971//1727 954//1727
f 971//1153 972//1153 954//1153
f 973//3 955//3 954//3
f 972//3 973//3 954//3
f 973//776 974//776 955//776
f 974//1728 937//1728 955//1728
f 975//1729 919//1729 918//1729
f 976//1721 975//1721 918//1721
f 917//1730 977//1730 918//1730
f 977//1153 976//1153 918//1153
f 975//776 978//776 919//776
f 978//1610 920//1610 919//1610
f 979//1731 956//1731 923//1731
f 922//1732 980//1732 923//1732
f 980//1733 979//1733 923//1733
f 981//1734 925//1734 956//1734
f 950//1735 959//1735 943//1735
f 959//1736 891//1736 943//1736
f 925//1737 982//1737 941//1737
f 957//1738 983//1738 950//1738
f 983//1739 959//1739 950//1739
f 941//1740 983//1740 957//1740
f 941//1741 984//1741 983//1741
f 982//1742 984//1742 941//1742
f 907//1743 968//1743 910//1743
f 937//1744 977//1744 917//1744
f 965//1745 968//1745 907//1745
f 901//1746 964//1746 903//1746
f 920//1747 980//1747 922//1747
f 970//1748 936//1748 946//1748
f 901//1749 961//1749 964//1749
f 983//1750 985//1750 959//1750
f 985//1751 986//1751 959//1751
f 981//1752 982//1752 925//1752
f 978//1753 980//1753 920//1753
f 970//1754 971//1754 936//1754
f 984//1755 985//1755 983//1755
f 974//1756 977//1756 937//1756
f 987//1757 986//1757 985//1757
f 984//1758 987//1758 985//1758
f 969//1759 988//1759 971//1759
f 970//1760 969//1760 971//1760
f 988//1761 972//1761 971//1761
f 989//1762 977//1762 974//1762
f 990//1763 962//1763 964//1763
f 961//1764 990//1764 964//1764
f 991//1765 984//1765 982//1765
f 984//1766 991//1766 987//1766
f 991//1767 992//1767 987//1767
f 992//1768 986//1768 987//1768
f 989//1769 976//1769 977//1769
f 966//1770 993//1770 969//1770
f 973//1771 989//1771 974//1771
f 963//1772 968//1772 965//1772
f 975//1773 980//1773 978//1773
f 951//1774 990//1774 961//1774
f 986//1775 958//1775 959//1775
f 994//1776 992//1776 995//1776
f 996//1777 994//1777 995//1777
f 997//651 996//651 995//651
f 998//1778 999//1778 1000//1778
f 999//1779 1001//1779 1000//1779
f 1002//1780 1003//1780 997//1780
f 1003//1781 996//1781 997//1781
f 1001//1782 1004//1782 1000//1782
f 995//1783 1002//1783 997//1783
f 992//1784 1002//1784 995//1784
f 1004//1785 1005//1785 1000//1785
f 1005//1786 998//1786 1000//1786
f 1006//1787 1007//1787 1003//1787
f 1008//1788 996//1788 1003//1788
f 1007//1789 1008//1789 1003//1789
f 999//1790 1009//1790 1001//1790
f 1010//1791 994//1791 996//1791
f 1008//1792 1010//1792 996//1792
f 1011//1793 1012//1793 999//1793
f 998//1794 1011//1794 999//1794
f 1012//1795 1009//1795 999//1795
f 1013//1796 1008//1796 1007//1796
f 1014//1797 1010//1797 1008//1797
f 1015//1798 1014//1798 1008//1798
f 1013//1799 1015//1799 1008//1799
f 1015//1800 1013//1800 1007//1800
f 1016//1801 1009//1801 1017//1801
f 1009//1802 1012//1802 1017//1802
f 1011//1803 1017//1803 1012//1803
f 993//1804 988//1804 969//1804
f 981//1805 991//1805 982//1805
f 958//1806 992//1806 994//1806
f 1018//651 958//651 994//651
f 1010//651 1018//651 994//651
f 1018//1807 960//1807 958//1807
f 1018//1808 1019//1808 960//1808
f 960//1809 1020//1809 951//1809
f 1020//1810 962//1810 951//1810
f 962//1811 990//1811 951//1811
f 1020//3 963//3 962//3
f 1020//3 967//3 963//3
f 967//1812 968//1812 963//1812
f 1020//3 966//3 967//3
f 1021//3 972//3 966//3
f 1020//3 1021//3 966//3
f 988//1813 993//1813 966//1813
f 972//1814 988//1814 966//1814
f 1022//888 973//888 972//888
f 1021//3 1022//3 972//3
f 1023//3 976//3 973//3
f 1022//3 1023//3 973//3
f 976//1815 989//1815 973//1815
f 1024//888 975//888 976//888
f 1023//3 1024//3 976//3
f 1025//3 1026//3 975//3
f 1027//3 1028//3 975//3
f 1026//3 1027//3 975//3
f 1028//1816 1029//1816 975//1816
f 1029//1817 1030//1817 975//1817
f 1030//1818 979//1818 975//1818
f 1031//3 1025//3 975//3
f 1024//3 1031//3 975//3
f 979//1819 980//1819 975//1819
f 1030//1820 1032//1820 979//1820
f 1032//888 1033//888 979//888
f 979//1821 1034//1821 956//1821
f 1035//1822 998//1822 956//1822
f 1034//1823 1035//1823 956//1823
f 958//1824 986//1824 992//1824
f 981//1825 956//1825 998//1825
f 991//1826 981//1826 998//1826
f 998//1827 1005//1827 991//1827
f 1018//1828 1010//1828 1036//1828
f 1019//1829 1018//1829 1036//1829
f 1037//1830 1038//1830 1035//1830
f 1034//1831 1037//1831 1035//1831
f 1011//651 998//651 1035//651
f 1038//1832 1011//1832 1035//1832
f 1039//1833 1040//1833 1014//1833
f 1041//1153 1042//1153 1043//1153
f 1040//1834 1010//1834 1014//1834
f 1011//1835 1038//1835 1043//1835
f 1044//1836 1041//1836 1043//1836
f 1038//1837 1044//1837 1043//1837
f 1040//1838 1036//1838 1010//1838
f 1045//1839 1046//1839 1014//1839
f 1017//1840 1011//1840 1043//1840
f 1042//1841 1047//1841 1043//1841
f 1046//776 1039//776 1014//776
f 1048//1842 1045//1842 1014//1842
f 1007//1843 1048//1843 1014//1843
f 1015//1844 1007//1844 1014//1844
f 1049//1845 1017//1845 1043//1845
f 1047//1846 1049//1846 1043//1846
f 1016//1847 1017//1847 1049//1847
f 992//1848 1050//1848 1002//1848
f 1051//1849 1006//1849 1003//1849
f 1002//1850 1051//1850 1003//1850
f 1004//1851 1001//1851 1009//1851
f 1006//1852 1052//1852 1007//1852
f 1016//1853 1004//1853 1009//1853
f 1053//3 960//3 1054//3
f 1055//1854 1056//1854 1054//1854
f 1056//1855 1053//1855 1054//1855
f 1057//1856 1055//1856 1054//1856
f 960//1857 1057//1857 1054//1857
f 1053//1858 1058//1858 960//1858
f 1058//1859 1020//1859 960//1859
f 1019//1860 1057//1860 960//1860
f 1059//40 1021//40 1020//40
f 1058//1861 1060//1861 1020//1861
f 1060//1862 1059//1862 1020//1862
f 1061//3 1062//3 1021//3
f 1062//3 1022//3 1021//3
f 1063//1153 1061//1153 1021//1153
f 1059//1863 1063//1863 1021//1863
f 1064//1864 1023//1864 1022//1864
f 1062//776 1065//776 1022//776
f 1065//1865 1064//1865 1022//1865
f 1066//3 1024//3 1023//3
f 1064//1866 1066//1866 1023//1866
f 1066//3 1067//3 1024//3
f 1068//1867 1069//1867 1024//1867
f 1069//1868 1031//1868 1024//1868
f 1067//776 1068//776 1024//776
f 1070//3 1071//3 1031//3
f 1071//3 1025//3 1031//3
f 1072//1153 1070//1153 1031//1153
f 1069//1153 1072//1153 1031//1153
f 1073//1869 1026//1869 1025//1869
f 1074//1870 1073//1870 1025//1870
f 1071//776 1074//776 1025//776
f 1075//3 1027//3 1026//3
f 1076//3 1075//3 1026//3
f 1077//1871 1076//1871 1026//1871
f 1073//1872 1077//1872 1026//1872
f 1078//1873 1028//1873 1027//1873
f 1079//1874 1078//1874 1027//1874
f 1075//776 1079//776 1027//776
f 1080//3 1081//3 1028//3
f 1081//1875 1029//1875 1028//1875
f 1082//1153 1080//1153 1028//1153
f 1078//1876 1082//1876 1028//1876
f 1083//1877 1032//1877 1030//1877
f 1084//3 1033//3 1032//3
f 1085//3 1084//3 1032//3
f 1086//1153 1085//1153 1032//1153
f 1083//1878 1086//1878 1032//1878
f 1087//1879 979//1879 1033//1879
f 1084//776 1088//776 1033//776
f 1088//1880 1087//1880 1033//1880
f 1089//1881 1090//1881 979//1881
f 1090//3 1034//3 979//3
f 1091//1882 1089//1882 979//1882
f 1087//1883 1091//1883 979//1883
f 1090//1884 1092//1884 1034//1884
f 1092//1885 1093//1885 1034//1885
f 1093//1886 1094//1886 1034//1886
f 1094//40 1037//40 1034//40
f 1060//1887 1063//1887 1059//1887
f 1088//1888 1091//1888 1087//1888
f 1036//1889 1095//1889 1019//1889
f 1095//1890 1057//1890 1019//1890
f 1094//1891 1038//1891 1037//1891
f 1096//1892 1097//1892 1094//1892
f 1044//1893 1038//1893 1094//1893
f 1097//1894 1044//1894 1094//1894
f 1047//1895 1042//1895 1098//1895
f 1039//1896 1046//1896 1099//1896
f 1100//1897 1040//1897 1039//1897
f 1101//1898 1100//1898 1039//1898
f 1099//1899 1101//1899 1039//1899
f 1044//1900 1102//1900 1041//1900
f 1098//1901 1042//1901 1041//1901
f 1102//1902 1098//1902 1041//1902
f 1040//1903 1095//1903 1036//1903
f 1095//1904 1103//1904 1057//1904
f 1103//1905 1055//1905 1057//1905
f 1104//1906 1046//1906 1045//1906
f 1104//1907 1105//1907 1046//1907
f 1046//1908 1106//1908 1099//1908
f 1105//1909 1106//1909 1046//1909
f 1093//1910 1096//1910 1094//1910
f 1005//1911 992//1911 991//1911
f 1107//1912 1048//1912 1007//1912
f 1006//1913 1051//1913 1052//1913
f 1108//1914 1047//1914 1098//1914
f 1102//1915 1108//1915 1098//1915
f 1004//1916 1109//1916 1005//1916
f 1110//1917 1108//1917 1102//1917
f 1040//1918 1103//1918 1095//1918
f 1111//1919 1102//1919 1044//1919
f 1048//1920 1112//1920 1045//1920
f 1113//1921 1049//1921 1047//1921
f 1030//1922 1086//1922 1083//1922
f 1114//3 1067//3 1066//3
f 1064//1923 1114//1923 1066//1923
f 1112//1924 1104//1924 1045//1924
f 1052//1925 1107//1925 1007//1925
f 1115//1926 1016//1926 1049//1926
f 1050//1927 992//1927 1005//1927
f 1115//1928 1116//1928 1016//1928
f 1117//1929 1052//1929 1051//1929
f 1118//1930 1004//1930 1016//1930
f 1116//1931 1118//1931 1016//1931
f 1119//1932 1099//1932 1106//1932
f 1119//1933 1101//1933 1099//1933
f 1120//1934 1117//1934 1051//1934
f 1002//1935 1120//1935 1051//1935
f 1118//1936 1109//1936 1004//1936
f 1072//1937 1069//1937 1068//1937
f 1029//1938 1086//1938 1030//1938
f 1074//1939 1077//1939 1073//1939
f 1079//1940 1082//1940 1078//1940
f 1096//1941 1121//1941 1097//1941
f 1122//1942 1103//1942 1040//1942
f 1122//1943 1056//1943 1103//1943
f 1056//1944 1055//1944 1103//1944
f 1109//1945 1050//1945 1005//1945
f 1084//776 1123//776 1088//776
f 1123//1946 1091//1946 1088//1946
f 1067//1947 1124//1947 1068//1947
f 1124//1948 1072//1948 1068//1948
f 1108//1949 1113//1949 1047//1949
f 1125//1950 1113//1950 1108//1950
f 1105//1951 1104//1951 1112//1951
f 1058//1952 1126//1952 1060//1952
f 1126//1953 1127//1953 1060//1953
f 1127//1954 1063//1954 1060//1954
f 1127//1955 1061//1955 1063//1955
f 1128//1956 1064//1956 1065//1956
f 1129//1957 1085//1957 1086//1957
f 1029//1958 1129//1958 1086//1958
f 1128//1959 1114//1959 1064//1959
f 1130//1960 1111//1960 1044//1960
f 1121//1961 1130//1961 1044//1961
f 1097//1962 1121//1962 1044//1962
f 1131//1963 1002//1963 1050//1963
f 1111//1964 1132//1964 1102//1964
f 1132//1965 1110//1965 1102//1965
f 1133//1966 1040//1966 1100//1966
f 1134//1967 1115//1967 1049//1967
f 1113//1968 1134//1968 1049//1968
f 1048//1969 1105//1969 1112//1969
f 1135//1970 1134//1970 1113//1970
f 1081//1728 1136//1728 1029//1728
f 1136//1971 1129//1971 1029//1971
f 1092//1972 1137//1972 1093//1972
f 1137//1973 1096//1973 1093//1973
f 1117//1974 1107//1974 1052//1974
f 1138//1975 1116//1975 1115//1975
f 1105//1976 1119//1976 1106//1976
f 1120//1977 1139//1977 1117//1977
f 1139//1978 1140//1978 1117//1978
f 1141//1979 1118//1979 1116//1979
f 1133//1980 1122//1980 1040//1980
f 1109//1981 1142//1981 1050//1981
f 1142//1982 1131//1982 1050//1982
f 1143//1983 1120//1983 1131//1983
f 1120//1984 1002//1984 1131//1984
f 1141//1985 1144//1985 1118//1985
f 1144//1986 1109//1986 1118//1986
f 1133//1987 1145//1987 1122//1987
f 1084//1610 1146//1610 1123//1610
f 1146//1988 1091//1988 1123//1988
f 1147//1730 1070//1730 1072//1730
f 1124//1989 1147//1989 1072//1989
f 1053//1990 1056//1990 1122//1990
f 1145//1991 1053//1991 1122//1991
f 1117//1992 1140//1992 1107//1992
f 1138//1993 1141//1993 1116//1993
f 1125//1994 1135//1994 1113//1994
f 1145//1995 1058//1995 1053//1995
f 1148//1996 1149//1996 1108//1996
f 1110//1997 1148//1997 1108//1997
f 1146//1998 1150//1998 1091//1998
f 1150//1999 1089//1999 1091//1999
f 1105//2000 1151//2000 1119//2000
f 1134//2001 1152//2001 1115//2001
f 1151//2002 1101//2002 1119//2002
f 1153//2003 1111//2003 1130//2003
f 1152//2004 1138//2004 1115//2004
f 1146//2005 1154//2005 1150//2005
f 1155//1153 1080//1153 1082//1153
f 1079//2006 1155//2006 1082//2006
f 1075//776 1156//776 1079//776
f 1156//2007 1155//2007 1079//2007
f 1157//2008 1100//2008 1101//2008
f 1158//2008 1157//2008 1101//2008
f 1151//2009 1158//2009 1101//2009
f 1159//2010 1110//2010 1132//2010
f 1157//2011 1160//2011 1100//2011
f 1160//2012 1133//2012 1100//2012
f 1161//2013 1132//2013 1111//2013
f 1153//2014 1161//2014 1111//2014
f 1149//2015 1125//2015 1108//2015
f 1107//2016 1162//2016 1048//2016
f 1162//2017 1163//2017 1048//2017
f 1135//2018 1152//2018 1134//2018
f 1121//2019 1090//2019 1130//2019
f 1139//2020 1164//2020 1140//2020
f 1163//2021 1105//2021 1048//2021
f 1096//2022 1092//2022 1121//2022
f 1092//2023 1090//2023 1121//2023
f 1165//2024 1131//2024 1142//2024
f 1166//2025 1151//2025 1105//2025
f 1110//2026 1159//2026 1148//2026
f 1109//2027 1165//2027 1142//2027
f 1167//2028 1080//2028 1155//2028
f 1156//2029 1167//2029 1155//2029
f 1168//2030 1077//2030 1074//2030
f 1169//2031 1164//2031 1139//2031
f 1137//2032 1092//2032 1096//2032
f 1140//2033 1162//2033 1107//2033
f 1170//2034 1131//2034 1165//2034
f 1131//2035 1170//2035 1143//2035
f 1171//2036 1161//2036 1153//2036
f 1062//776 1172//776 1065//776
f 1172//2037 1128//2037 1065//2037
f 1173//1623 1085//1623 1129//1623
f 1120//2038 1169//2038 1139//2038
f 1058//2039 1174//2039 1126//2039
f 1164//2040 1162//2040 1140//2040
f 1160//2041 1145//2041 1133//2041
f 1175//2042 1162//2042 1164//2042
f 1176//2043 1141//2043 1138//2043
f 1177//2044 1163//2044 1162//2044
f 1143//2045 1169//2045 1120//2045
f 1178//1730 1080//1730 1167//1730
f 1075//776 1179//776 1156//776
f 1179//2046 1167//2046 1156//2046
f 1168//1153 1076//1153 1077//1153
f 1090//2047 1153//2047 1130//2047
f 1173//2048 1129//2048 1136//2048
f 1178//2049 1167//2049 1179//2049
f 1180//2050 1143//2050 1170//2050
f 1165//2051 1180//2051 1170//2051
f 1144//2052 1165//2052 1109//2052
f 1181//2053 1169//2053 1143//2053
f 1182//2054 1143//2054 1180//2054
f 1161//2055 1183//2055 1132//2055
f 1183//2056 1159//2056 1132//2056
f 1184//2057 1160//2057 1157//2057
f 1171//2058 1185//2058 1161//2058
f 1186//2059 1187//2059 1135//2059
f 1148//2060 1188//2060 1149//2060
f 1177//2061 1189//2061 1163//2061
f 1187//2062 1190//2062 1135//2062
f 1190//2063 1152//2063 1135//2063
f 1176//2064 1144//2064 1141//2064
f 1152//2065 1176//2065 1138//2065
f 1191//2066 1114//2066 1128//2066
f 1071//776 1192//776 1074//776
f 1192//2067 1168//2067 1074//2067
f 1172//2068 1191//2068 1128//2068
f 1089//2069 1171//2069 1153//2069
f 1090//2070 1089//2070 1153//2070
f 1165//2071 1182//2071 1180//2071
f 1166//2072 1105//2072 1163//2072
f 1189//2073 1166//2073 1163//2073
f 1125//2074 1149//2074 1135//2074
f 1182//2075 1181//2075 1143//2075
f 1193//2076 1150//2076 1154//2076
f 1146//2077 1193//2077 1154//2077
f 1194//2078 1061//2078 1127//2078
f 1165//2079 1195//2079 1182//2079
f 1196//2080 1145//2080 1160//2080
f 1197//2081 1061//2081 1194//2081
f 1198//2082 1199//2082 1200//2082
f 1200//2083 1201//2083 1202//2083
f 1201//2084 1203//2084 1202//2084
f 1204//2085 1203//2085 1205//2085
f 1203//2086 1206//2086 1205//2086
f 1201//2087 1206//2087 1203//2087
f 1195//2088 1207//2088 1208//2088
f 1207//2089 1209//2089 1208//2089
f 1165//2090 1210//2090 1207//2090
f 1210//2091 1204//2091 1207//2091
f 1204//2092 1211//2092 1207//2092
f 1205//2093 1211//2093 1204//2093
f 1165//2094 1207//2094 1195//2094
f 1208//1822 1212//1822 1195//1822
f 1211//2095 1209//2095 1207//2095
f 1213//2096 1199//2096 1214//2096
f 1215//2097 1216//2097 1212//2097
f 1217//2098 1195//2098 1212//2098
f 1216//2099 1218//2099 1212//2099
f 1219//2100 1217//2100 1212//2100
f 1218//2101 1219//2101 1212//2101
f 1218//2102 1220//2102 1219//2102
f 1220//2103 1217//2103 1219//2103
f 1217//2104 1220//2104 1221//2104
f 1217//2105 1182//2105 1195//2105
f 1084//1770 1222//1770 1146//1770
f 1222//2106 1193//2106 1146//2106
f 1204//2107 1223//2107 1203//2107
f 1126//2108 1194//2108 1127//2108
f 1199//2109 1224//2109 1214//2109
f 1225//2110 1226//2110 1173//2110
f 1226//2081 1085//2081 1173//2081
f 1174//2111 1058//2111 1145//2111
f 1227//2112 1204//2112 1210//2112
f 1204//2113 1227//2113 1223//2113
f 1217//2114 1228//2114 1182//2114
f 1229//2115 1224//2115 1199//2115
f 1230//2116 1217//2116 1221//2116
f 1214//2117 1230//2117 1221//2117
f 1081//552 1231//552 1136//552
f 1231//2118 1173//2118 1136//2118
f 1231//2119 1225//2119 1173//2119
f 1067//2120 1232//2120 1124//2120
f 1232//2121 1147//2121 1124//2121
f 1232//2122 1233//2122 1147//2122
f 1179//2123 1234//2123 1178//2123
f 1235//2124 1185//2124 1171//2124
f 1089//2125 1235//2125 1171//2125
f 1169//2126 1236//2126 1164//2126
f 1237//2127 1198//2127 1200//2127
f 1210//2128 1238//2128 1227//2128
f 1228//2129 1181//2129 1182//2129
f 1144//2130 1239//2130 1165//2130
f 1174//2131 1194//2131 1126//2131
f 1075//552 1234//552 1179//552
f 1233//2081 1070//2081 1147//2081
f 1240//2132 1080//2132 1178//2132
f 1234//2133 1240//2133 1178//2133
f 1237//2134 1241//2134 1198//2134
f 1198//2135 1229//2135 1199//2135
f 1237//2136 1200//2136 1202//2136
f 1224//2137 1230//2137 1214//2137
f 1242//2138 1203//2138 1223//2138
f 1242//2139 1202//2139 1203//2139
f 1230//2140 1243//2140 1217//2140
f 1243//2141 1228//2141 1217//2141
f 1239//2142 1238//2142 1210//2142
f 1165//2143 1239//2143 1210//2143
f 1149//2144 1186//2144 1135//2144
f 1175//2145 1244//2145 1162//2145
f 1245//2146 1176//2146 1152//2146
f 1246//2147 1225//2147 1231//2147
f 1067//2148 1247//2148 1232//2148
f 1174//2149 1248//2149 1194//2149
f 1222//2150 1249//2150 1193//2150
f 1248//2151 1197//2151 1194//2151
f 1062//552 1250//552 1172//552
f 1250//2152 1191//2152 1172//2152
f 1250//2153 1251//2153 1191//2153
f 1252//2154 1226//2154 1225//2154
f 1246//2155 1252//2155 1225//2155
f 1192//2156 1253//2156 1168//2156
f 1254//2157 1196//2157 1160//2157
f 1255//2158 1256//2158 1257//2158
f 1258//2159 1255//2159 1257//2159
f 1259//2160 1246//2160 1260//2160
f 1246//2161 1261//2161 1260//2161
f 1191//2162 1251//2162 1256//2162
f 1231//2163 1262//2163 1246//2163
f 1190//2164 1245//2164 1152//2164
f 1196//2165 1174//2165 1145//2165
f 1071//776 1263//776 1192//776
f 1075//1770 1264//1770 1234//1770
f 1265//2081 1076//2081 1168//2081
f 1253//2081 1265//2081 1168//2081
f 1266//2166 1233//2166 1232//2166
f 1247//2167 1266//2167 1232//2167
f 1267//2168 1151//2168 1166//2168
f 1268//2169 1267//2169 1166//2169
f 1264//2170 1269//2170 1234//2170
f 1269//2171 1240//2171 1234//2171
f 1266//2172 1215//2172 1233//2172
f 1270//1153 1070//1153 1233//1153
f 1215//2173 1270//2173 1233//2173
f 1271//1153 1080//1153 1240//1153
f 1272//776 1266//776 1247//776
f 1067//776 1272//776 1247//776
f 1081//776 1273//776 1231//776
f 1274//2174 1114//2174 1191//2174
f 1275//2175 1276//2175 1218//2175
f 1192//2176 1277//2176 1253//2176
f 1263//2177 1265//2177 1253//2177
f 1277//2178 1263//2178 1253//2178
f 1278//2179 1279//2179 1280//2179
f 1279//2180 1281//2180 1280//2180
f 1281//2181 1278//2181 1280//2181
f 1263//776 1277//776 1192//776
f 1209//2182 1240//2182 1269//2182
f 1264//2183 1282//2183 1269//2183
f 1283//2184 1209//2184 1269//2184
f 1282//2185 1283//2185 1269//2185
f 1284//2186 1270//2186 1215//2186
f 1208//2187 1284//2187 1215//2187
f 1285//2188 1271//2188 1240//2188
f 1209//2189 1285//2189 1240//2189
f 1286//2190 1284//2190 1208//2190
f 1215//2191 1212//2191 1208//2191
f 1283//1074 1286//1074 1208//1074
f 1283//2192 1208//2192 1209//2192
f 1266//1177 1216//1177 1215//1177
f 1287//2193 1191//2193 1256//2193
f 1288//2194 1274//2194 1191//2194
f 1287//2195 1288//2195 1191//2195
f 1272//2196 1216//2196 1266//2196
f 1273//776 1285//776 1231//776
f 1285//2197 1262//2197 1231//2197
f 1289//2198 1288//2198 1287//2198
f 1290//2199 1261//2199 1262//2199
f 1291//2200 1292//2200 1288//2200
f 1289//2201 1291//2201 1288//2201
f 1285//2202 1293//2202 1262//2202
f 1294//2203 1290//2203 1262//2203
f 1293//2204 1294//2204 1262//2204
f 1292//40 1275//40 1288//40
f 1275//560 1216//560 1288//560
f 1216//2205 1274//2205 1288//2205
f 1272//2206 1274//2206 1216//2206
f 1273//6 1271//6 1285//6
f 1209//2207 1211//2207 1285//2207
f 1211//40 1293//40 1285//40
f 1275//2208 1218//2208 1216//2208
f 1261//2209 1295//2209 1260//2209
f 1261//2210 1246//2210 1262//2210
f 1256//2211 1255//2211 1287//2211
f 1255//2212 1289//2212 1287//2212
f 1296//2213 1275//2213 1297//2213
f 1298//2214 1296//2214 1297//2214
f 1291//2215 1298//2215 1297//2215
f 1299//2216 1291//2216 1297//2216
f 1275//2217 1299//2217 1297//2217
f 1291//2218 1299//2218 1292//2218
f 1299//2219 1275//2219 1292//2219
f 1300//2220 1294//2220 1293//2220
f 1296//2221 1276//2221 1275//2221
f 1301//2222 1300//2222 1293//2222
f 1211//1177 1301//1177 1293//1177
f 1205//2223 1301//2223 1211//2223
f 1295//2224 1259//2224 1302//2224
f 1301//2225 1303//2225 1300//2225
f 1303//2226 1304//2226 1300//2226
f 1304//2227 1305//2227 1300//2227
f 1298//2228 1276//2228 1296//2228
f 1236//2229 1175//2229 1164//2229
f 1306//2230 1144//2230 1176//2230
f 1245//2231 1307//2231 1176//2231
f 1308//2232 1309//2232 1310//2232
f 1309//2233 1311//2233 1310//2233
f 1310//2234 1312//2234 1308//2234
f 1312//2235 1313//2235 1308//2235
f 1314//2236 1309//2236 1308//2236
f 1313//2237 1314//2237 1308//2237
f 1314//2238 1311//2238 1309//2238
f 1315//2239 1268//2239 1166//2239
f 1315//2240 1267//2240 1268//2240
f 1188//2241 1316//2241 1317//2241
f 1318//2242 1319//2242 1320//2242
f 1319//2243 1321//2243 1320//2243
f 1321//2244 1322//2244 1320//2244
f 1322//2245 1318//2245 1320//2245
f 1318//2246 1323//2246 1319//2246
f 1323//2247 1322//2247 1321//2247
f 1323//2248 1321//2248 1319//2248
f 1317//2249 1186//2249 1188//2249
f 1186//2250 1149//2250 1188//2250
f 1324//2251 1316//2251 1188//2251
f 1188//2252 1148//2252 1316//2252
f 1325//2253 1157//2253 1158//2253
f 1326//2254 1325//2254 1158//2254
f 1151//2255 1327//2255 1158//2255
f 1327//2256 1326//2256 1158//2256
f 1161//2257 1326//2257 1183//2257
f 1325//6 1328//6 1157//6
f 1328//6 1184//6 1157//6
f 1325//2258 1326//2258 1161//2258
f 1329//6 1325//6 1161//6
f 1185//2259 1329//2259 1161//2259
f 1330//2260 1331//2260 1186//2260
f 1331//2261 1187//2261 1186//2261
f 1331//2262 1189//2262 1187//2262
f 1189//2263 1190//2263 1187//2263
f 1189//2264 1315//2264 1166//2264
f 1150//2265 1235//2265 1089//2265
f 1237//2266 1202//2266 1242//2266
f 1307//2267 1306//2267 1176//2267
f 1221//2268 1332//2268 1214//2268
f 1213//2269 1214//2269 1332//2269
f 1213//2270 1333//2270 1199//2270
f 1200//2271 1333//2271 1201//2271
f 1199//2272 1333//2272 1200//2272
f 1184//2273 1254//2273 1160//2273
f 1334//2274 1220//2274 1218//2274
f 1205//2275 1303//2275 1301//2275
f 1235//2276 1318//2276 1185//2276
f 1184//2277 1310//2277 1254//2277
f 1327//2278 1151//2278 1267//2278
f 1159//2279 1316//2279 1148//2279
f 1244//2280 1177//2280 1162//2280
f 1175//2281 1335//2281 1244//2281
f 1298//2282 1218//2282 1276//2282
f 1330//2283 1315//2283 1189//2283
f 1336//2284 1239//2284 1144//2284
f 1306//2285 1336//2285 1144//2285
f 1298//2286 1334//2286 1218//2286
f 1254//2287 1248//2287 1196//2287
f 1248//2288 1174//2288 1196//2288
f 1150//2289 1249//2289 1235//2289
f 1327//2290 1183//2290 1326//2290
f 1337//2291 1328//2291 1325//2291
f 1329//2292 1337//2292 1325//2292
f 1189//2293 1331//2293 1330//2293
f 1338//2294 1249//2294 1150//2294
f 1150//2295 1193//2295 1338//2295
f 1250//40 1061//40 1197//40
f 1248//2296 1339//2296 1197//2296
f 1339//2297 1250//2297 1197//2297
f 1062//40 1061//40 1250//40
f 1339//2298 1251//2298 1250//2298
f 1222//2299 1085//2299 1226//2299
f 1252//2300 1249//2300 1226//2300
f 1249//2301 1222//2301 1226//2301
f 1084//2302 1085//2302 1222//2302
f 1249//2303 1338//2303 1193//2303
f 1251//2304 1257//2304 1256//2304
f 1259//2305 1252//2305 1246//2305
f 1295//2306 1259//2306 1260//2306
f 1263//40 1071//40 1284//40
f 1071//40 1070//40 1284//40
f 1070//40 1270//40 1284//40
f 1340//2307 1263//2307 1284//2307
f 1340//2308 1265//2308 1263//2308
f 1264//40 1076//40 1265//40
f 1340//2309 1282//2309 1265//2309
f 1282//2310 1264//2310 1265//2310
f 1075//40 1076//40 1264//40
f 1257//2311 1289//2311 1258//2311
f 1289//2312 1255//2312 1258//2312
f 1290//2313 1341//2313 1261//2313
f 1341//2314 1295//2314 1261//2314
f 1291//2315 1342//2315 1298//2315
f 1289//2316 1342//2316 1291//2316
f 1304//2317 1290//2317 1294//2317
f 1300//2318 1304//2318 1294//2318
f 1272//40 1114//40 1274//40
f 1067//40 1114//40 1272//40
f 1286//2319 1340//2319 1284//2319
f 1273//40 1080//40 1271//40
f 1081//40 1080//40 1273//40
f 1343//2320 1205//2320 1206//2320
f 1343//2321 1206//2321 1344//2321
f 1201//2322 1344//2322 1206//2322
f 1186//2323 1317//2323 1330//2323
f 1177//2324 1345//2324 1189//2324
f 1318//2325 1329//2325 1185//2325
f 1346//2326 1347//2326 1348//2326
f 1349//2327 1335//2327 1350//2327
f 1351//2328 1321//2328 1348//2328
f 1347//2329 1351//2329 1348//2329
f 1351//2330 1346//2330 1348//2330
f 1335//2331 1309//2331 1350//2331
f 1335//2332 1352//2332 1309//2332
f 1352//2333 1350//2333 1309//2333
f 1352//2334 1349//2334 1350//2334
f 1312//2335 1310//2335 1184//2335
f 1315//2336 1327//2336 1267//2336
f 1159//2337 1183//2337 1316//2337
f 1353//2338 1345//2338 1177//2338
f 1336//2339 1238//2339 1239//2339
f 1351//2340 1307//2340 1245//2340
f 1354//2341 1169//2341 1181//2341
f 1228//2342 1354//2342 1181//2342
f 1336//2343 1355//2343 1238//2343
f 1356//2344 1335//2344 1175//2344
f 1236//2345 1356//2345 1175//2345
f 1339//2346 1248//2346 1254//2346
f 1345//2347 1190//2347 1189//2347
f 1243//2348 1357//2348 1228//2348
f 1357//2349 1354//2349 1228//2349
f 1227//2350 1358//2350 1223//2350
f 1358//2351 1242//2351 1223//2351
f 1343//2352 1303//2352 1205//2352
f 1355//2353 1227//2353 1238//2353
f 1244//2354 1353//2354 1177//2354
f 1324//2355 1245//2355 1190//2355
f 1220//2356 1334//2356 1221//2356
f 1317//2357 1315//2357 1330//2357
f 1183//2358 1327//2358 1316//2358
f 1359//2359 1336//2359 1306//2359
f 1327//2360 1317//2360 1316//2360
f 1345//2361 1324//2361 1190//2361
f 1327//2362 1315//2362 1317//2362
f 1328//2363 1312//2363 1184//2363
f 1360//2364 1332//2364 1221//2364
f 1323//2365 1318//2365 1235//2365
f 1335//2366 1353//2366 1244//2366
f 1324//2367 1351//2367 1245//2367
f 1310//2368 1339//2368 1254//2368
f 1249//2369 1323//2369 1235//2369
f 1341//2370 1259//2370 1295//2370
f 1342//2371 1334//2371 1298//2371
f 1318//2372 1337//2372 1329//2372
f 1361//2373 1359//2373 1306//2373
f 1362//2374 1345//2374 1353//2374
f 1363//2375 1362//2375 1353//2375
f 1345//2376 1362//2376 1324//2376
f 1354//2377 1236//2377 1169//2377
f 1241//2378 1229//2378 1198//2378
f 1364//2379 1243//2379 1230//2379
f 1318//2380 1322//2380 1337//2380
f 1313//2381 1312//2381 1328//2381
f 1337//2382 1313//2382 1328//2382
f 1242//2383 1365//2383 1237//2383
f 1365//2384 1241//2384 1237//2384
f 1362//2385 1346//2385 1324//2385
f 1359//2386 1366//2386 1336//2386
f 1366//2387 1355//2387 1336//2387
f 1356//2388 1352//2388 1335//2388
f 1351//2389 1361//2389 1307//2389
f 1366//2390 1227//2390 1355//2390
f 1367//2391 1201//2391 1333//2391
f 1201//2392 1367//2392 1344//2392
f 1307//2393 1361//2393 1306//2393
f 1366//2394 1358//2394 1227//2394
f 1343//2395 1304//2395 1303//2395
f 1353//2396 1349//2396 1363//2396
f 1252//2397 1323//2397 1249//2397
f 1311//2398 1339//2398 1310//2398
f 1368//2399 1213//2399 1332//2399
f 1368//2400 1333//2400 1213//2400
f 1236//2401 1354//2401 1356//2401
f 1369//2402 1362//2402 1363//2402
f 1349//2403 1369//2403 1363//2403
f 1341//2404 1252//2404 1259//2404
f 1369//2405 1346//2405 1362//2405
f 1334//2406 1360//2406 1221//2406
f 1370//2407 1224//2407 1229//2407
f 1241//2408 1370//2408 1229//2408
f 1230//2409 1370//2409 1364//2409
f 1224//2410 1370//2410 1230//2410
f 1324//2411 1346//2411 1351//2411
f 1371//2412 1367//2412 1333//2412
f 1372//2413 1242//2413 1358//2413
f 1373//2414 1372//2414 1358//2414
f 1314//2415 1313//2415 1311//2415
f 1251//2416 1289//2416 1257//2416
f 1374//2417 1322//2417 1323//2417
f 1313//2418 1375//2418 1311//2418
f 1375//2419 1251//2419 1311//2419
f 1251//2420 1339//2420 1311//2420
f 1252//2421 1374//2421 1323//2421
f 1335//2422 1349//2422 1353//2422
f 1375//2423 1313//2423 1337//2423
f 1322//2424 1375//2424 1337//2424
f 1359//2425 1373//2425 1366//2425
f 1334//2426 1342//2426 1360//2426
f 1351//2427 1376//2427 1361//2427
f 1354//2428 1377//2428 1356//2428
f 1377//2429 1352//2429 1356//2429
f 1364//2430 1357//2430 1243//2430
f 1368//2431 1332//2431 1360//2431
f 1373//2432 1358//2432 1366//2432
f 1374//2433 1375//2433 1322//2433
f 1378//2434 1347//2434 1346//2434
f 1379//2435 1304//2435 1343//2435
f 1379//2436 1290//2436 1304//2436
f 1372//2437 1365//2437 1242//2437
f 1341//2438 1290//2438 1374//2438
f 1252//2439 1341//2439 1374//2439
f 1290//2440 1282//2440 1374//2440
f 1380//2441 1359//2441 1361//2441
f 1369//2442 1378//2442 1346//2442
f 1380//2443 1373//2443 1359//2443
f 1357//2444 1377//2444 1354//2444
f 1342//2445 1381//2445 1360//2445
f 1241//2446 1382//2446 1370//2446
f 1347//2447 1376//2447 1351//2447
f 1282//2448 1375//2448 1374//2448
f 1377//2449 1349//2449 1352//2449
f 1376//2450 1380//2450 1361//2450
f 1375//2451 1340//2451 1289//2451
f 1251//2452 1375//2452 1289//2452
f 1289//2453 1381//2453 1342//2453
f 1360//2454 1381//2454 1368//2454
f 1371//2455 1333//2455 1368//2455
f 1340//2456 1381//2456 1289//2456
f 1282//2457 1340//2457 1375//2457
f 1344//2458 1379//2458 1343//2458
f 1383//2459 1369//2459 1349//2459
f 1378//2460 1376//2460 1347//2460
f 1290//2461 1283//2461 1282//2461
f 1380//2462 1384//2462 1373//2462
f 1367//2463 1385//2463 1344//2463
f 1386//2464 1381//2464 1340//2464
f 1379//2465 1283//2465 1290//2465
f 1377//2466 1383//2466 1349//2466
f 1283//2467 1340//2467 1286//2467
f 1379//2468 1386//2468 1283//2468
f 1283//2469 1386//2469 1340//2469
f 1387//2470 1376//2470 1378//2470
f 1364//2471 1377//2471 1357//2471
f 1388//2472 1368//2472 1381//2472
f 1388//2473 1371//2473 1368//2473
f 1388//2474 1385//2474 1371//2474
f 1383//2475 1387//2475 1369//2475
f 1369//2476 1387//2476 1378//2476
f 1389//2477 1380//2477 1376//2477
f 1365//2478 1382//2478 1241//2478
f 1385//2479 1379//2479 1344//2479
f 1384//2480 1372//2480 1373//2480
f 1371//2481 1385//2481 1367//2481
f 1390//2482 1383//2482 1377//2482
f 1387//2483 1389//2483 1376//2483
f 1385//2484 1386//2484 1379//2484
f 1381//2485 1386//2485 1388//2485
f 1386//2486 1385//2486 1388//2486
f 1370//2487 1382//2487 1364//2487
f 1390//2488 1377//2488 1364//2488
f 1281//2489 1387//2489 1383//2489
f 1390//2490 1281//2490 1383//2490
f 1391//2491 1281//2491 1390//2491
f 1391//2492 1278//2492 1281//2492
f 1391//2493 1389//2493 1278//2493
f 1389//2494 1391//2494 1380//2494
f 1391//2495 1384//2495 1380//2495
f 1364//2496 1382//2496 1390//2496
f 1365//2497 1392//2497 1382//2497
f 1392//2498 1365//2498 1372//2498
f 1281//2499 1279//2499 1387//2499
f 1279//2500 1389//2500 1387//2500
f 1279//2501 1278//2501 1389//2501
f 1391//2502 1372//2502 1384//2502
f 1390//2503 1392//2503 1391//2503
f 1391//2504 1392//2504 1372//2504
f 1392//2505 1390//2505 1382//2505
