# Blender 4.4.3
# www.blender.org
mtllib Link4_l.mtl
o Link4_l
v 0.000171 0.036054 -0.022981
v 0.009613 0.038952 -0.020951
v -0.000137 0.038995 -0.023828
v -0.016210 0.036018 -0.016347
v -0.018158 0.038986 -0.014610
v -0.012956 0.039178 -0.025889
v -0.010436 0.038866 0.084055
v -0.010213 0.038998 0.081533
v -0.014887 0.038999 0.086231
v -0.005909 0.038750 0.081888
v 0.007845 0.038974 0.081014
v 0.010674 0.039000 0.083185
v 0.009577 0.039000 0.082499
v 0.010499 0.039000 0.081808
v 0.015322 0.038894 0.086147
v 0.015364 0.038979 0.036982
v 0.016405 0.038749 0.059671
v 0.010163 0.031927 0.082809
v 0.005000 0.038500 0.081800
v -0.010393 0.039000 0.054536
v -0.009113 0.038500 0.079433
v 0.009999 0.038499 0.077860
v -0.010000 0.038500 0.076800
v -0.017159 0.038979 0.027983
v -0.016706 0.038706 0.086754
v -0.010000 0.038499 0.044725
v 0.010001 0.038786 0.044795
v 0.011243 0.039000 0.025214
v 0.009993 0.039000 0.025804
v 0.016018 0.039000 0.016556
v 0.018840 0.038999 0.024787
v -0.013051 0.039000 0.021265
v 0.009817 0.038995 0.043378
v -0.008312 0.039042 0.040492
v -0.007003 0.038972 0.023179
v -0.007080 0.036000 0.039809
v 0.007030 0.038936 0.022337
v 0.007140 0.036001 0.039809
v -0.019658 0.037984 0.027714
v -0.020084 0.039020 0.017098
v 0.012004 0.036000 0.027979
v -0.014044 0.036000 0.026500
v -0.021296 0.036068 0.020924
v 0.020928 0.039466 0.020153
v -0.011062 0.036054 0.019636
v -0.029228 0.038126 0.016533
v -0.024534 0.037500 0.009951
v -0.021434 0.039015 -0.008496
v 0.019309 0.038750 0.011678
v 0.027238 0.039000 0.006469
v 0.029584 0.037833 0.016210
v -0.021082 0.038486 0.009426
v -0.028683 0.036000 0.012258
v -0.028305 0.036000 0.009936
v -0.029038 0.039171 -0.000981
v 0.022799 0.038975 -0.000690
v 0.023391 0.036015 0.002085
v 0.031735 0.038778 0.001037
v 0.025788 0.039000 -0.008402
v 0.018847 0.038995 -0.013631
v 0.030538 0.038560 -0.012553
v -0.027512 0.036000 -0.013627
v -0.027209 0.036000 -0.012157
v 0.025174 0.036002 -0.016307
v -0.025125 0.037843 -0.022544
v -0.020686 0.036161 -0.021318
v 0.018839 0.038725 -0.026411
v 0.019952 0.036076 -0.022351
v 0.010544 0.039000 -0.025058
v -0.011975 0.037683 -0.031772
v -0.007598 0.036000 -0.029016
v -0.016171 0.036000 -0.025030
v -0.000265 0.038604 -0.032939
v -0.000010 0.036169 -0.029999
v 0.017001 0.038519 0.087121
v -0.018413 0.037662 0.087797
v 0.021193 0.035917 0.028965
v 0.033879 0.035843 0.009925
v -0.034442 0.036091 0.006279
v -0.034905 0.035993 -0.004152
v -0.031360 0.036681 -0.015523
v 0.030104 0.036204 -0.017744
v 0.011658 0.036365 -0.033080
v 0.018465 0.037475 0.059671
v -0.002842 0.025040 0.081832
v 0.006125 0.024221 0.081817
v -0.009995 0.022911 0.079059
v 0.009996 0.022906 0.078566
v -0.010000 0.022911 0.050510
v 0.010002 0.025810 0.047618
v 0.009999 0.022901 0.050216
v 0.007171 0.029055 0.039605
v -0.008797 0.029004 0.041029
v 0.006827 0.036001 0.029314
v -0.006574 0.036001 0.029525
v 0.009246 0.036000 0.021066
v 0.016540 0.036000 0.014960
v -0.018121 0.036000 0.014350
v -0.023178 0.036000 0.001074
v 0.018805 0.036007 -0.014061
v -0.030169 0.035433 0.018058
v 0.034077 0.036109 -0.004236
v 0.023680 0.034399 -0.025872
v -0.020382 0.035554 -0.028501
v -0.019300 0.036375 0.066203
v -0.019816 0.035647 0.032207
v -0.025792 0.036000 0.000714
v -0.029959 0.036211 -0.000350
v 0.008626 0.027223 0.087803
v 0.019621 0.035765 0.059671
v -0.009095 0.027018 0.087800
v -0.032802 0.030082 -0.012057
v -0.021813 0.031353 0.028244
v 0.020000 0.034004 0.086355
v -0.000000 0.025500 0.030000
v 0.007330 0.025500 0.029091
v -0.007273 0.025039 0.029109
v 0.014274 0.025052 0.026391
v -0.014216 0.025500 0.026418
v -0.020185 0.025047 0.022197
v 0.020240 0.025500 0.022144
v 0.023011 0.035999 0.018944
v -0.025037 0.025500 0.016527
v 0.025102 0.025035 0.016442
v 0.028276 0.036000 0.010011
v -0.025037 0.036000 0.016527
v -0.028281 0.025032 0.010029
v 0.028547 0.025527 0.009269
v -0.029879 0.025500 0.002689
v 0.030080 0.035872 -0.002185
v -0.030026 0.025036 -0.001980
v -0.028317 0.025500 -0.009908
v 0.028342 0.025052 -0.009848
v 0.029879 0.025500 -0.002689
v 0.025037 0.025500 -0.016527
v -0.025129 0.025042 -0.016401
v -0.020240 0.025500 -0.022144
v 0.013320 0.036000 -0.026866
v 0.020240 0.025500 -0.022144
v 0.014216 0.025500 -0.026418
v -0.014216 0.025500 -0.026418
v -0.007330 0.025500 -0.029091
v 0.007330 0.025500 -0.029091
v -0.000123 0.025047 -0.030005
v -0.019999 0.034153 0.085766
v 0.028852 0.025038 0.019817
v 0.035188 0.025842 0.001431
v 0.032772 0.025040 -0.012202
v 0.034569 0.030008 -0.004821
v -0.026692 0.029750 -0.022482
v 0.026867 0.025023 -0.022440
v 0.018395 0.025029 -0.029778
v -0.011297 0.026420 -0.033186
v -0.003757 0.025010 -0.034818
v 0.003452 0.024980 -0.034774
v 0.010614 0.024984 -0.033354
v -0.020000 0.034000 0.033541
v 0.020000 0.034000 0.033541
v -0.020000 0.024142 0.086590
v 0.018221 0.022407 0.087823
v -0.016913 0.023160 0.087806
v 0.020011 0.022997 0.086076
v -0.020000 0.026093 0.047547
v -0.020000 0.028987 0.043730
v 0.020008 0.022899 0.048231
v 0.020000 0.028309 0.045313
v -0.020023 0.029004 0.028792
v 0.020441 0.029146 0.029081
v -0.023971 0.025091 0.025722
v -0.030748 0.025006 0.016765
v 0.033251 0.025008 0.010857
v -0.034748 0.025010 0.003877
v -0.034680 0.025007 -0.004463
v -0.030018 0.024980 -0.017798
v -0.018687 0.024989 -0.029542
v 0.015395 0.028990 0.043406
v -0.011508 0.026383 0.046888
v 0.018649 0.025250 0.029221
v -0.015009 0.028955 0.031655
v -0.007652 0.028915 0.034188
v 0.003513 0.028963 0.035101
v 0.009586 0.024977 0.033720
v -0.000025 0.028949 0.097096
v 0.000391 0.026405 0.098162
v -0.009271 0.026957 0.101265
v 0.009431 0.026891 0.101300
v -0.014890 0.020027 0.101265
v 0.034088 0.024997 0.000311
v -0.016785 0.023169 0.101203
v 0.016704 0.023271 0.101248
v 0.014977 0.020012 0.101258
v -0.007541 0.023846 0.100300
v 0.001042 0.025088 0.099432
v -0.005629 0.025000 0.033443
v 0.024405 0.025000 -0.016911
v -0.020118 0.023021 0.048100
v 0.006669 0.024218 0.100300
v 0.017487 0.012065 0.047595
v -0.020432 0.021427 0.085800
v -0.009398 0.019773 0.050457
v -0.019106 0.010201 0.047598
v -0.021749 0.012331 0.101280
v 0.020643 0.019989 0.097445
v 0.025072 0.013563 0.101298
v -0.021790 0.018501 0.097221
v -0.011628 0.022072 0.100300
v 0.010931 0.022425 0.100300
v -0.014938 0.020046 0.050600
v 0.014938 0.020046 0.050600
v 0.014215 0.014922 0.050600
v -0.020749 0.020422 0.048100
v 0.021065 0.019640 0.085800
v -0.021052 0.019665 0.085800
v 0.021096 0.019579 0.048100
v -0.018220 0.010112 0.050600
v -0.019680 0.015418 0.050600
v -0.017134 0.018200 0.096924
v 0.019680 0.015418 0.050600
v 0.017847 0.017495 0.096764
v -0.024833 0.013958 0.047608
v 0.020746 -0.002487 0.047600
v 0.020721 0.003895 0.050443
v 0.025841 0.012030 0.047602
v -0.025091 0.013515 0.101297
v 0.024915 0.013885 0.047989
v 0.024036 0.006900 0.101286
v -0.019046 0.016134 0.098851
v 0.020950 0.013684 0.099343
v -0.023039 0.009706 0.050600
v 0.023039 0.009706 0.050600
v 0.023007 0.009771 0.100300
v -0.027245 0.008362 0.047603
v -0.027500 0.007483 0.094300
v -0.028325 0.004816 0.101237
v -0.027568 0.007224 0.084300
v -0.024365 0.005664 0.101285
v 0.027106 0.008375 0.101295
v 0.027568 0.007224 0.094300
v 0.027500 0.007483 0.084300
v 0.027636 0.006964 0.084300
v 0.028004 0.005290 0.047605
v -0.023280 0.009113 0.100300
v -0.024780 0.003313 0.050600
v -0.020981 0.000899 0.050600
v 0.024780 0.003313 0.050600
v -0.028415 0.002193 0.047603
v -0.027500 0.000206 0.089138
v -0.028262 0.002200 0.095015
v 0.027523 -0.007416 0.094244
v 0.027500 -0.000090 0.089573
v -0.027500 -0.007483 0.084300
v 0.028422 -0.000328 0.097720
v -0.028500 -0.000000 0.084300
v 0.028500 -0.000000 0.084300
v -0.025003 0.001564 0.091471
v 0.028448 -0.001708 0.047605
v 0.024954 0.000420 0.093641
v -0.020908 -0.000965 0.047600
v -0.024780 -0.003313 0.050600
v -0.019189 -0.007970 0.050600
v 0.024780 -0.003313 0.050600
v 0.026277 -0.000186 0.098585
v -0.024766 -0.003497 0.099430
v -0.026452 -0.000180 0.097546
v 0.020357 -0.005158 0.050600
v 0.024503 -0.004698 0.100745
v -0.028209 -0.004064 0.047599
v -0.028272 -0.004785 0.101158
v -0.027636 -0.006964 0.094300
v -0.027500 -0.007483 0.094300
v -0.027636 -0.006964 0.084300
v 0.027500 -0.007483 0.084300
v 0.027636 -0.006964 0.084300
v 0.027636 -0.006964 0.101300
v -0.016891 -0.013562 0.047600
v -0.023039 -0.009706 0.050600
v 0.023039 -0.009706 0.050600
v 0.023272 -0.009141 0.100280
v -0.024061 -0.006787 0.100300
v -0.019507 -0.015677 0.101289
v 0.018398 -0.009836 0.047600
v 0.027164 -0.008623 0.047604
v 0.016096 -0.013140 0.050600
v 0.019732 -0.015171 0.101300
v -0.023007 -0.009771 0.100300
v -0.026638 -0.010132 0.048100
v -0.025097 -0.013505 0.101300
v 0.025079 -0.013543 0.101304
v -0.025047 -0.013481 0.048100
v 0.024954 -0.013434 0.047602
v 0.023009 -0.009692 0.100300
v 0.021908 -0.012044 0.100300
v 0.020910 -0.014503 0.100300
v -0.019680 -0.015418 0.050600
v 0.019680 -0.015418 0.050600
v 0.019938 -0.015148 0.100020
v -0.021519 -0.012725 0.100300
v -0.010616 -0.018544 0.050601
v 0.014938 -0.020046 0.050600
v -0.023322 -0.016384 0.047601
v 0.014166 -0.015303 0.047600
v 0.021322 -0.018901 0.095689
v 0.024244 -0.014982 0.048100
v -0.024682 -0.014250 0.048100
v -0.021476 -0.018735 0.095832
v -0.022161 -0.017858 0.099518
v -0.017987 -0.021369 0.101220
v 0.015609 -0.023654 0.047602
v 0.019846 -0.020452 0.048138
v 0.020243 -0.020187 0.094713
v -0.018469 -0.016888 0.095580
v -0.014938 -0.020046 0.050600
v 0.016565 -0.018771 0.098321
v 0.005394 -0.019890 0.050600
v 0.009147 -0.023267 0.050600
v -0.018590 -0.021603 0.048080
v -0.019830 -0.020444 0.095330
v 0.021155 -0.017655 0.098196
v -0.006089 -0.027835 0.047601
v 0.015706 -0.023782 0.101301
v 0.018748 -0.019335 0.099430
v 0.000465 -0.021674 0.047601
v 0.014298 -0.024659 0.047603
v 0.017665 -0.019812 0.096417
v -0.015812 -0.019324 0.098881
v -0.009147 -0.023267 0.050600
v 0.002729 -0.024849 0.050602
v -0.015777 -0.023741 0.101301
v -0.012245 -0.021800 0.101282
v 0.011825 -0.022016 0.100563
v 0.009006 -0.026898 0.047601
v -0.015581 -0.023605 0.048100
v -0.002098 -0.024979 0.050597
v 0.004208 -0.024847 0.101300
v 0.009413 -0.026901 0.101300
v -0.008110 -0.023795 0.100183
v -0.012748 -0.025490 0.048100
v -0.009140 -0.023247 0.100300
v 0.008144 -0.023628 0.089571
v 0.004146 -0.024561 0.100300
v -0.008248 -0.023592 0.089481
v 0.007440 -0.023865 0.088478
v -0.010488 -0.026500 0.084300
v -0.009398 -0.026907 0.101300
v 0.010488 -0.026500 0.084300
v 0.008055 -0.026500 0.089532
v -0.010488 -0.026500 0.094300
v 0.009131 -0.027023 0.094299
v 0.010488 -0.026500 0.094300
v -0.004884 -0.024404 0.094796
v -0.007841 -0.026500 0.089569
v -0.000207 -0.028897 0.101248
v 0.009413 -0.026901 0.084300
v -0.000295 -0.025030 0.099598
v 0.000103 -0.028999 0.094412
v -0.009413 -0.026901 0.084300
v -0.007483 -0.027500 0.084300
v 0.007787 -0.027415 0.048100
v 0.007483 -0.027500 0.084300
v -0.000000 -0.028500 0.084300
v 0.002555 -0.028385 0.084300
v 0.002530 -0.028228 0.048100
v -0.002555 -0.028385 0.084300
v 0.000426 -0.028494 0.048100
v -0.002103 0.026327 0.114600
v 0.004280 0.024631 0.114600
v -0.004582 0.024369 0.114600
v 0.000295 0.024991 0.109589
v 0.011940 0.021965 0.100764
v -0.006268 0.024114 0.100800
v 0.000047 0.024999 0.100800
v 0.004280 0.024631 0.100800
v 0.006268 0.024114 0.096100
v 0.000851 0.004038 0.096100
v -0.004644 0.024568 0.096100
v 0.000714 0.025554 0.100270
v 0.008257 0.023597 0.100800
v -0.010134 0.022761 0.100700
v -0.002476 0.002883 0.096100
v 0.009829 0.022868 0.114582
v -0.012011 0.021926 0.100800
v -0.017529 0.018578 0.096103
v 0.013726 0.020794 0.096100
v -0.003927 -0.000000 0.114600
v -0.012011 0.021926 0.114600
v -0.008510 0.020383 0.114600
v -0.017179 0.018514 0.114600
v 0.017063 0.018389 0.114600
v -0.021453 0.012712 0.100732
v -0.015441 0.019662 0.100800
v 0.015441 0.019662 0.100800
v -0.016392 0.018957 0.100551
v 0.017336 0.018269 0.100418
v 0.002294 0.003277 0.096100
v -0.016947 0.018264 0.114600
v -0.017672 0.017702 0.109708
v 0.017815 0.017524 0.109520
v -0.018453 0.016867 0.100800
v 0.018453 0.016867 0.100800
v 0.019483 0.015521 0.096101
v 0.020967 0.013616 0.100800
v 0.020967 0.013616 0.100700
v 0.003641 0.001471 0.096100
v -0.020697 0.008563 0.114600
v 0.003641 0.001471 0.114600
v 0.022934 0.009911 0.114600
v -0.021940 0.011807 0.114600
v -0.022914 0.009997 0.100800
v 0.024413 -0.005085 0.100735
v 0.024167 0.006851 0.100785
v -0.023578 0.008053 0.096100
v 0.023578 0.008053 0.100700
v 0.025295 0.003226 0.096100
v -0.023766 0.007502 0.114600
v 0.025209 0.002304 0.114600
v -0.024582 0.004071 0.100785
v -0.024242 0.006109 0.100700
v -0.003927 -0.000000 0.096100
v -0.025222 -0.000008 0.114590
v -0.025422 -0.002433 0.096102
v -0.025001 -0.004653 0.100699
v 0.025180 -0.000064 0.099756
v -0.002479 0.003388 0.114600
v 0.001597 0.003587 0.114600
v 0.003254 -0.002725 0.114600
v 0.023550 -0.010275 0.114600
v 0.025079 -0.000750 0.102982
v -0.024579 -0.004082 0.100800
v 0.003927 -0.000763 0.096100
v -0.002476 -0.002883 0.096100
v -0.002148 -0.003589 0.114600
v 0.023578 -0.008053 0.096100
v 0.001862 -0.003313 0.096100
v -0.019539 -0.015451 0.096101
v 0.018039 -0.017746 0.096105
v -0.009790 -0.023261 0.096100
v 0.008552 -0.023650 0.096100
v -0.000481 -0.003935 0.096100
v -0.022914 -0.009997 0.100800
v -0.004560 -0.024580 0.096101
v 0.021940 -0.011807 0.100700
v 0.018459 -0.016859 0.100732
v -0.022947 -0.009893 0.114600
v 0.023578 -0.008053 0.114600
v -0.017179 -0.018514 0.114600
v 0.004280 -0.024631 0.114600
v 0.020967 -0.013616 0.114600
v 0.022914 -0.009997 0.100800
v -0.020331 -0.014441 0.100734
v 0.020967 -0.013616 0.100800
v -0.018453 -0.016867 0.100800
v 0.017598 -0.017851 0.114560
v -0.016947 -0.018264 0.114600
v -0.009748 -0.022961 0.114597
v -0.007745 -0.019788 0.114583
v -0.003931 -0.024533 0.114600
v 0.008307 -0.023549 0.114588
v 0.008947 -0.019522 0.114584
v 0.011404 -0.022325 0.114602
v -0.015441 -0.019662 0.100800
v -0.017815 -0.017524 0.109520
v 0.015441 -0.019662 0.100800
v 0.012435 -0.021703 0.100736
v -0.017037 -0.018937 0.100169
v -0.012011 -0.021926 0.100800
v -0.008257 -0.023597 0.100800
v -0.005210 -0.024206 0.100700
v -0.002117 -0.024815 0.100800
v 0.008257 -0.023597 0.100800
v 0.006268 -0.024114 0.100700
v 0.004280 -0.024631 0.100800
v 0.000070 -0.024982 0.109784
v 0.000035 -0.023887 0.098001
v 0.004645 0.024565 0.096100
v 0.004622 0.024571 0.050600
v -0.004645 0.024565 0.050600
v 0.000543 0.003925 0.050600
v -0.008837 0.023386 0.096100
v -0.008837 0.023386 0.050600
v 0.008837 0.023386 0.096100
v -0.001086 0.003850 0.050600
v 0.008837 0.023386 0.050600
v -0.012726 0.021519 0.096100
v -0.001937 0.003448 0.096100
v -0.012726 0.021519 0.050600
v 0.012726 0.021519 0.096100
v 0.012726 0.021519 0.050600
v -0.016236 0.019010 0.096100
v -0.016236 0.019010 0.050600
v 0.016236 0.019010 0.096100
v -0.002598 0.003042 0.050600
v 0.016236 0.019010 0.050600
v 0.002598 0.003042 0.050600
v -0.019263 0.015936 0.096100
v -0.002868 0.002788 0.096100
v -0.019263 0.015936 0.050600
v 0.019263 0.015936 0.096100
v 0.019263 0.015936 0.050600
v -0.021716 0.012386 0.096100
v -0.003685 0.001350 0.096100
v -0.021716 0.012386 0.050600
v 0.003009 0.002636 0.096100
v 0.021716 0.012386 0.096100
v -0.003633 0.001675 0.050600
v 0.021716 0.012386 0.050600
v -0.023522 0.008468 0.096100
v -0.023522 0.008468 0.050600
v 0.003556 0.001803 0.096100
v 0.023522 0.008468 0.096100
v 0.023522 0.008468 0.050600
v 0.003633 0.001675 0.050600
v -0.024628 0.004298 0.096100
v -0.024628 0.004298 0.050600
v 0.003829 0.001158 0.096100
v 0.024628 0.004298 0.096100
v -0.004000 -0.000000 0.050600
v 0.024628 0.004298 0.050600
v -0.025000 -0.000000 0.096100
v -0.025000 -0.000000 0.050600
v 0.003905 -0.000429 0.096100
v 0.025000 -0.000000 0.096100
v 0.025000 -0.000000 0.050600
v 0.004000 -0.000000 0.050600
v 0.024628 -0.004298 0.096100
v -0.024628 -0.004298 0.096100
v -0.003987 -0.000322 0.096100
v -0.024628 -0.004298 0.050600
v -0.003633 -0.001675 0.050600
v 0.003633 -0.001675 0.050600
v 0.024628 -0.004298 0.050600
v -0.003721 -0.001412 0.096100
v 0.023522 -0.008468 0.096100
v -0.023522 -0.008468 0.096100
v 0.021716 -0.012386 0.096100
v 0.003393 -0.002119 0.096100
v -0.021716 -0.012386 0.096100
v -0.003122 -0.002409 0.096100
v -0.002598 -0.003042 0.050600
v -0.023522 -0.008468 0.050600
v -0.021716 -0.012386 0.050600
v 0.002598 -0.003042 0.050600
v 0.021716 -0.012386 0.050600
v 0.019263 -0.015936 0.050600
v 0.023522 -0.008468 0.050600
v 0.019263 -0.015936 0.096100
v 0.002238 -0.003228 0.096100
v -0.019263 -0.015936 0.096100
v 0.016236 -0.019010 0.096100
v 0.012726 -0.021519 0.096100
v -0.016236 -0.019010 0.096100
v -0.001651 -0.003643 0.096100
v -0.001086 -0.003850 0.050600
v -0.019263 -0.015936 0.050600
v -0.012726 -0.021519 0.050600
v -0.016236 -0.019010 0.050600
v 0.001086 -0.003850 0.050600
v 0.016236 -0.019010 0.050600
v 0.012726 -0.021519 0.050600
v -0.012726 -0.021519 0.096100
v 0.008837 -0.023386 0.096100
v -0.008837 -0.023386 0.096100
v 0.004685 -0.024557 0.096100
v 0.000650 -0.003947 0.096100
v -0.000000 -0.004000 0.050600
v -0.004670 -0.024560 0.050600
v -0.008837 -0.023386 0.050600
v 0.008837 -0.023386 0.050600
v 0.004685 -0.024557 0.050600
v 0.000393 -0.024997 0.096100
v 0.000393 -0.024997 0.050600
v 0.008783 -0.054821 0.017125
v -0.002805 -0.054789 0.019877
v 0.004877 -0.055279 -0.005863
v -0.018102 -0.054426 0.004105
v 0.012606 -0.053878 -0.016987
v 0.019108 -0.054222 0.004158
v 0.000179 -0.053804 -0.021100
v -0.008919 -0.054046 0.024698
v -0.016233 -0.053839 -0.013037
v -0.000013 -0.052444 0.042424
v 0.008102 -0.052770 0.036675
v -0.008111 -0.052700 0.037396
v 0.028083 -0.051019 -0.003504
v 0.020797 -0.051357 0.027278
v -0.021577 -0.051981 0.020781
v -0.027352 -0.050775 -0.008888
v -0.020785 -0.049964 -0.021168
v -0.003611 -0.049721 -0.030206
v 0.028214 -0.050120 0.010061
v 0.006118 -0.051312 0.048520
v 0.008212 -0.052817 0.015581
v 0.014598 -0.052858 -0.006232
v -0.006323 -0.053332 -0.009643
v -0.014876 -0.052896 -0.003203
v -0.009914 -0.052566 0.017421
v -0.018601 -0.051949 0.009265
v 0.024574 -0.050046 -0.016483
v 0.010958 -0.049577 -0.028151
v 0.003206 -0.052066 0.028483
v -0.028568 -0.050233 0.007249
v 0.014477 -0.050049 0.047262
v -0.005673 -0.048944 0.063749
v 0.003324 -0.051622 -0.022050
v -0.019250 -0.049974 0.038842
v 0.020495 -0.051137 0.011188
v 0.014469 -0.050386 0.031959
v -0.006654 -0.051246 0.033236
v 0.003354 -0.050395 0.043058
v -0.011305 -0.047944 0.063715
v -0.013193 -0.050332 0.033183
v -0.023592 -0.050550 -0.006635
v 0.022773 -0.050812 -0.007695
v -0.019735 -0.049463 -0.015785
v -0.020515 -0.049382 0.026506
v 0.025859 -0.048240 0.030128
v -0.028118 -0.048304 0.020949
v -0.000004 -0.047465 0.075960
v 0.007891 -0.046956 0.074490
v -0.017248 -0.046080 0.052792
v -0.029421 -0.048164 0.002783
v -0.007176 -0.048463 -0.027207
v -0.002461 -0.049015 0.052798
v 0.023212 -0.047794 0.029423
v -0.023808 -0.048266 0.036242
v 0.008564 -0.048089 0.052798
v 0.033326 -0.045907 -0.005770
v -0.015517 -0.045173 -0.030434
v 0.022835 -0.044317 0.058978
v 0.029605 -0.046109 0.027018
v 0.029652 -0.047940 -0.002944
v 0.029551 -0.047549 0.005055
v -0.028871 -0.048350 -0.007868
v 0.020317 -0.048149 -0.021563
v -0.025220 -0.048502 -0.017425
v 0.026009 -0.048337 -0.013390
v 0.017014 -0.045765 0.052798
v -0.011885 -0.047578 0.052798
v -0.033507 -0.044847 -0.008673
v -0.027408 -0.046469 -0.018993
v 0.002654 -0.029396 0.052798
v 0.025652 -0.041658 -0.025694
v -0.002654 -0.029396 0.054298
v -0.010431 -0.047504 0.054298
v 0.000735 -0.048814 0.054298
v -0.013044 -0.044644 0.069297
v 0.003085 -0.046426 0.069298
v 0.032429 -0.045917 0.012304
v -0.033607 -0.044533 0.008658
v -0.017935 -0.046418 -0.024967
v 0.011658 -0.047191 -0.027772
v -0.000930 -0.044289 -0.032347
v -0.010549 -0.042792 -0.031416
v 0.031655 -0.044417 -0.005981
v -0.028356 -0.045436 0.023143
v 0.013286 -0.047098 0.054298
v 0.010283 -0.027103 0.054297
v 0.005574 -0.045441 0.087858
v 0.019112 -0.042753 0.078714
v -0.015656 -0.044134 0.078938
v -0.010284 -0.027103 0.052798
v -0.007648 -0.045205 0.086627
v -0.029025 -0.044495 0.036219
v -0.022495 -0.042491 0.068862
v 0.014340 -0.043878 0.069297
v -0.032438 -0.043410 0.023997
v -0.023569 -0.039837 -0.028013
v -0.009036 -0.038664 -0.035992
v 0.005799 -0.038747 -0.036672
v 0.032280 -0.038554 -0.018577
v 0.018120 -0.039004 -0.032321
v 0.017795 -0.041728 0.091072
v -0.022236 -0.043396 0.054297
v 0.030288 -0.043095 0.024061
v -0.024886 -0.041631 0.052797
v -0.033355 -0.041689 -0.004955
v -0.033517 -0.040927 0.008934
v -0.027334 -0.041220 -0.020563
v -0.018156 -0.039439 -0.029669
v 0.014470 -0.040006 -0.031236
v -0.013979 -0.026408 0.069298
v 0.006483 -0.028062 0.069298
v 0.025228 -0.042629 -0.022006
v 0.034090 -0.043145 0.014178
v -0.002688 -0.044924 0.097779
v -0.000000 -0.028801 0.070798
v -0.008801 -0.045091 0.070798
v 0.002462 -0.046172 0.070798
v -0.005699 -0.043702 0.085298
v 0.002980 -0.043976 0.085298
v 0.028181 -0.038815 0.052797
v 0.008489 -0.045020 0.087167
v 0.033784 -0.040307 0.008101
v 0.016662 -0.023096 0.070798
v 0.011449 -0.044534 0.070798
v 0.028505 -0.040821 0.054487
v -0.032329 -0.039799 0.023342
v 0.005939 -0.028443 0.087268
v 0.006129 -0.045194 0.091183
v 0.006287 -0.026724 0.091129
v -0.002213 -0.043131 0.098892
v 0.009707 -0.028487 0.087592
v 0.008931 -0.044713 0.091801
v 0.031759 -0.037829 0.051443
v 0.012237 -0.042096 0.085297
v -0.019385 -0.041604 0.070797
v -0.015679 -0.041084 0.085297
v 0.009973 -0.028479 0.091308
v -0.016083 -0.041839 0.096604
v 0.010403 -0.044346 0.089766
v 0.020624 -0.040951 0.070798
v 0.023516 -0.042131 0.054298
v 0.024714 -0.038719 0.069297
v -0.025055 -0.038264 0.069297
v -0.033079 -0.037488 -0.017095
v -0.036816 -0.038545 -0.004373
v -0.003231 -0.028623 0.085297
v -0.026710 -0.039434 0.068500
v 0.009498 -0.027195 0.085298
v 0.004212 -0.043631 0.087315
v 0.004515 -0.028218 0.087294
v -0.009182 -0.042936 0.087301
v -0.022201 -0.039706 0.088830
v 0.015074 -0.040719 0.098139
v -0.032399 -0.033949 -0.015839
v 0.004000 -0.026487 0.089300
v 0.004873 -0.038564 -0.034576
v 0.033857 -0.037797 -0.008580
v -0.013911 -0.024849 0.070798
v 0.005283 -0.043037 0.092745
v -0.030807 -0.038910 0.052204
v 0.037244 -0.036606 0.003510
v 0.036549 -0.035292 0.020880
v 0.005917 -0.026455 0.093016
v 0.034497 -0.035790 0.040001
v -0.037072 -0.038320 0.003539
v -0.012034 -0.026876 0.087298
v 0.021119 -0.038383 0.085297
v -0.030843 -0.035320 0.052794
v 0.010047 -0.042130 0.092696
v 0.025923 -0.038469 0.078922
v 0.032361 -0.037334 0.033105
v -0.016498 -0.023226 0.085298
v 0.010732 -0.026487 0.092032
v 0.016764 -0.039620 0.095522
v -0.027617 -0.035676 0.097955
v -0.035858 -0.035366 0.030030
v 0.011579 -0.041858 0.090979
v -0.021599 -0.037993 0.087303
v 0.011651 -0.042434 0.087311
v 0.011816 -0.026529 0.087320
v 0.037825 -0.032686 -0.003694
v -0.034284 -0.035386 0.044638
v -0.023609 -0.035285 -0.029694
v -0.019091 -0.021536 0.052798
v 0.027448 -0.035782 0.097640
v 0.025887 -0.015805 0.054297
v 0.032160 -0.032967 0.054297
v -0.030930 -0.034430 0.054298
v -0.004838 -0.033061 -0.035394
v -0.034947 -0.030709 -0.008885
v -0.035248 -0.036445 0.003290
v 0.023201 -0.029908 -0.027490
v 0.029954 -0.033253 -0.020174
v 0.009353 -0.032949 -0.034694
v 0.035235 -0.035706 0.006554
v 0.026399 -0.034791 0.087298
v 0.027163 -0.033451 0.098253
v -0.025597 -0.035047 0.085297
v 0.018137 -0.022376 0.069298
v 0.031305 -0.031494 0.070799
v 0.032046 -0.029908 0.085297
v -0.031105 -0.031705 0.070798
v 0.037548 -0.027943 -0.008788
v 0.029637 -0.035333 0.078941
v -0.029644 -0.035333 0.078940
v 0.016474 -0.023854 0.052798
v -0.019091 -0.021536 0.054297
v -0.033306 -0.020084 0.054298
v 0.033766 -0.033916 0.033153
v -0.034266 -0.034340 0.026461
v 0.030973 -0.031963 0.069297
v -0.030664 -0.027326 -0.023041
v -0.037427 -0.030052 0.021841
v 0.033325 -0.030530 0.052797
v -0.032824 -0.031878 0.052796
v -0.032213 -0.030189 0.069298
v 0.033132 -0.032719 0.066721
v -0.034504 -0.030922 0.066294
v -0.016013 -0.032293 -0.032707
v 0.033827 -0.027243 -0.017734
v 0.020397 -0.020343 0.085298
v 0.018101 -0.022645 0.087298
v 0.035050 -0.028789 0.085253
v -0.035086 -0.028808 0.083952
v 0.035415 -0.028989 0.023862
v -0.035443 -0.029001 0.026959
v 0.035507 -0.029219 0.066323
v -0.039535 -0.022212 0.098012
v 0.035092 -0.028985 0.035519
v -0.034084 -0.028986 0.052798
v -0.031180 -0.030184 0.087301
v -0.004972 -0.026918 -0.037868
v -0.037865 -0.027382 -0.005665
v 0.026356 -0.014339 0.052802
v 0.037385 -0.025523 0.047344
v -0.037016 -0.022306 0.054861
v 0.021544 -0.027505 -0.032029
v 0.007544 -0.027372 -0.036923
v 0.034752 -0.032327 -0.010267
v 0.032671 -0.026922 -0.015120
v -0.026136 -0.029488 -0.024757
v -0.017413 -0.027291 -0.031815
v 0.016706 -0.029488 -0.031963
v 0.009620 -0.026891 -0.034691
v 0.001949 -0.031988 -0.035947
v -0.005824 -0.026988 -0.035526
v 0.001949 -0.026988 -0.035947
v -0.036482 -0.026962 -0.000362
v -0.035947 -0.028987 0.005465
v 0.036000 -0.026988 -0.000000
v 0.035158 -0.026988 -0.007739
v -0.030846 -0.026950 -0.018562
v 0.035552 -0.028988 0.004855
v 0.032817 -0.028129 0.087298
v 0.032209 -0.028592 0.098278
v 0.036740 -0.022082 0.069301
v -0.037064 -0.022283 0.085300
v 0.037344 -0.027809 0.025094
v 0.038195 -0.023744 0.097984
v -0.025104 -0.015348 0.087298
v 0.035044 -0.026396 0.049241
v 0.032991 -0.028511 0.039729
v 0.025012 -0.015295 0.087297
v -0.034126 -0.027622 0.044132
v -0.034707 -0.024123 0.052794
v 0.032618 -0.021290 0.052797
v 0.035158 -0.026988 0.007739
v -0.034952 -0.026988 0.007694
v -0.028491 -0.028988 0.021659
v 0.018618 -0.028960 0.031126
v 0.030666 -0.028988 0.018451
v 0.025983 -0.026988 0.024612
v -0.028491 -0.026988 0.021659
v 0.032673 -0.026988 0.015116
v 0.026499 -0.027173 0.040319
v -0.018794 -0.029004 0.030878
v -0.000341 -0.028696 0.038331
v 0.002137 -0.026967 0.035942
v -0.007269 -0.028990 0.036098
v -0.021987 -0.028208 0.038750
v -0.015947 -0.026988 0.032036
v 0.012395 -0.027044 0.034520
v -0.036555 -0.021968 0.069296
v -0.007759 -0.026996 0.041002
v -0.036948 -0.026450 0.042421
v 0.036770 -0.027102 0.001349
v 0.036520 -0.027151 0.030630
v -0.037024 -0.022244 0.094415
v 0.005636 -0.026260 0.041858
v -0.010966 -0.024478 0.043049
v -0.032505 -0.018226 0.052774
v -0.028354 -0.026973 0.035260
v 0.035567 -0.026988 0.035079
v 0.025886 -0.026656 0.037763
v -0.026541 -0.026456 0.037921
v 0.037759 -0.024670 0.065534
v -0.038637 -0.023026 0.084540
v 0.003313 -0.024767 0.047600
v -0.003313 -0.024767 0.047600
v 0.002920 -0.026988 0.047596
v -0.006597 -0.026169 0.047600
v 0.015859 -0.022947 0.044040
v 0.028972 -0.021555 0.045735
v 0.036939 -0.022182 0.098212
v 0.006359 -0.025350 0.039809
v 0.028034 -0.024433 0.040487
v -0.015977 -0.025277 0.039789
v 0.042814 -0.014168 0.098098
v -0.034024 -0.024261 0.046785
v 0.015398 -0.022305 0.047470
v 0.012562 -0.021347 0.047600
v -0.012795 -0.023764 0.047600
v -0.036764 -0.022079 0.070798
v 0.036879 -0.022146 0.085298
v -0.036964 -0.022195 0.087298
v 0.038830 -0.021302 0.059518
v -0.000011 -0.025496 0.042619
v -0.006405 -0.023550 0.041341
v -0.009707 -0.023026 0.047600
v -0.026089 -0.022152 0.041761
v -0.024732 -0.015132 0.069298
v 0.036714 -0.022051 0.070797
v 0.024731 -0.015132 0.070797
v -0.024732 -0.015132 0.085298
v 0.024731 -0.015132 0.085298
v 0.036902 -0.022159 0.087298
v -0.012166 -0.021782 0.044057
v 0.040033 -0.019019 0.072275
v -0.039307 -0.020510 0.061636
v 0.028033 -0.021509 0.042090
v 0.014713 -0.020514 0.044297
v -0.018216 -0.019917 0.047600
v 0.033402 -0.020139 0.054300
v 0.040805 -0.018803 0.097024
v -0.012525 -0.021229 0.042297
v -0.025872 -0.009992 0.044369
v -0.017732 -0.017296 0.047600
v 0.033402 -0.017070 0.050297
v -0.033552 -0.014553 0.050658
v -0.024307 -0.014887 0.094298
v 0.037169 -0.021797 0.094298
v 0.024306 -0.014887 0.094298
v 0.025916 -0.008390 0.044353
v -0.024732 -0.015132 0.070797
v 0.024317 -0.014893 0.069296
v 0.037743 -0.020911 0.094290
v -0.025057 -0.013588 0.094298
v -0.037709 -0.020891 0.094311
v 0.025056 -0.013588 0.094298
v -0.024761 -0.015149 0.054296
v -0.017795 -0.017155 0.044297
v -0.037726 -0.020900 0.087297
v 0.037563 -0.020808 0.087298
v -0.025482 -0.013833 0.087297
v 0.025481 -0.013833 0.087297
v -0.029201 -0.013331 0.044180
v -0.037307 -0.020660 0.070797
v -0.039532 -0.015897 0.085298
v -0.037561 -0.020807 0.085298
v -0.025482 -0.013833 0.085298
v -0.027990 -0.007101 0.085298
v -0.034570 0.026124 0.085298
v -0.029017 0.029013 0.085298
v -0.029000 0.001228 0.085298
v 0.041444 -0.009914 0.085298
v 0.037738 -0.019442 0.070798
v 0.037558 -0.020806 0.085298
v 0.025906 -0.014078 0.085297
v -0.026103 -0.019228 0.042388
v -0.025652 -0.013931 0.070797
v 0.037285 -0.020648 0.070797
v 0.025481 -0.013833 0.070797
v 0.025981 -0.017561 0.042298
v -0.042877 -0.013087 0.093391
v 0.028010 -0.007106 0.070797
v 0.037096 0.022050 0.070798
v 0.034610 0.026440 0.070797
v 0.029000 0.029013 0.070798
v 0.029000 0.000013 0.070797
v -0.028010 -0.007106 0.069297
v -0.025063 -0.013591 0.069295
v -0.037395 -0.020709 0.069297
v -0.029028 0.028486 0.069298
v -0.033817 -0.018646 0.055299
v -0.033225 -0.009652 0.054291
v 0.040106 -0.009411 0.069296
v 0.032927 -0.018128 0.054298
v 0.037408 -0.020718 0.069295
v 0.025481 -0.013833 0.069298
v 0.022533 -0.014862 0.047600
v 0.020046 -0.014925 0.047600
v -0.024009 -0.011883 0.047600
v 0.039662 -0.012711 0.070798
v -0.026124 -0.014200 0.052810
v -0.039809 -0.012101 0.070798
v 0.027768 0.000200 0.045561
v -0.032519 0.019190 0.044298
v 0.041639 -0.012639 0.068074
v 0.029217 0.002867 0.044283
v -0.026451 0.018920 0.042298
v 0.028930 -0.004794 0.052797
v -0.044623 -0.006584 0.098115
v 0.040411 -0.013247 0.087298
v -0.040867 -0.011739 0.087298
v -0.029103 -0.003491 0.087298
v 0.028971 -0.004319 0.054297
v -0.025678 -0.013464 0.054297
v 0.021047 -0.013365 0.044298
v -0.041127 0.011996 0.069303
v 0.042437 -0.006530 0.098395
v -0.024307 -0.014887 0.053298
v 0.025056 -0.013588 0.053298
v 0.028905 -0.003493 0.087298
v 0.023266 -0.009134 0.047600
v -0.023267 -0.009134 0.047600
v 0.034191 -0.005084 0.051553
v 0.025485 -0.008905 0.047600
v -0.028205 0.001126 0.045634
v 0.027418 -0.009435 0.069297
v -0.041691 -0.006862 0.085298
v 0.040460 -0.008962 0.070798
v -0.028158 -0.006928 0.054297
v -0.032509 0.002569 0.052746
v 0.032610 0.011076 0.052797
v -0.042794 -0.006563 0.069572
v 0.023273 -0.009114 0.044298
v 0.043344 0.004328 0.070475
v 0.043784 -0.008231 0.090668
v -0.042702 -0.002885 0.092537
v -0.028801 -0.002382 0.070797
v -0.041451 0.005829 0.070797
v -0.034667 0.000751 0.052232
v -0.031482 0.018539 0.046365
v 0.028801 -0.002382 0.069297
v 0.044521 0.007165 0.098140
v 0.025936 -0.001271 0.047600
v 0.025619 0.000120 0.044297
v -0.026159 -0.001876 0.047600
v -0.024663 -0.003294 0.044297
v 0.042372 -0.003459 0.087299
v 0.041063 -0.004486 0.070762
v 0.042068 0.003378 0.070813
v 0.039193 0.016489 0.070798
v 0.044536 -0.002341 0.091064
v 0.044386 -0.001051 0.086907
v -0.044379 -0.002200 0.088175
v -0.029000 0.000013 0.054298
v -0.034276 0.027538 0.054296
v -0.033450 0.017683 0.054299
v -0.029000 0.000013 0.052797
v -0.044462 -0.002448 0.089926
v -0.034816 0.025987 0.069297
v -0.040745 0.000369 0.069256
v 0.040742 0.000696 0.069294
v 0.042593 -0.002874 0.091860
v -0.034044 0.027425 0.070798
v -0.037560 0.021378 0.070797
v 0.029002 0.028976 0.069298
v 0.034032 0.027314 0.069297
v 0.035781 0.024452 0.069297
v 0.040266 0.014704 0.069295
v 0.042344 -0.003889 0.089209
v 0.042809 0.001522 0.093249
v -0.042319 -0.003944 0.088886
v -0.042263 0.003280 0.085297
v -0.027680 0.002708 0.084750
v 0.027649 0.002089 0.087567
v 0.029000 0.000013 0.085299
v 0.042012 0.006676 0.085295
v 0.032178 0.028966 0.085303
v 0.033390 0.027518 0.085297
v 0.036200 0.023386 0.085298
v 0.038548 0.018878 0.085298
v -0.027459 0.019829 0.044308
v 0.027500 -0.003720 0.090300
v -0.027500 -0.003987 0.089300
v -0.027461 -0.002117 0.093021
v -0.027652 0.000681 0.086894
v -0.044697 0.001088 0.091980
v 0.044392 0.002197 0.087466
v -0.044361 -0.000836 0.086873
v 0.027466 -0.000017 0.093623
v -0.029000 -0.001690 0.087592
v -0.029000 -0.002315 0.089925
v 0.028814 -0.002521 0.090911
v -0.029000 -0.000608 0.091633
v 0.033254 0.006500 0.054298
v 0.031535 0.020994 0.046427
v -0.039329 0.016746 0.067259
v 0.029000 0.029013 0.052798
v 0.029000 0.029013 0.054298
v -0.029003 0.028170 0.052798
v -0.029000 0.029013 0.054298
v 0.031999 0.028576 0.052775
v -0.029029 0.029013 0.070794
v -0.042718 0.003337 0.092144
v -0.027500 0.002745 0.092032
v 0.029000 0.001725 0.091008
v 0.028985 0.003490 0.087297
v 0.029000 0.027039 0.085301
v 0.044632 0.001562 0.091123
v -0.028917 0.002756 0.090131
v -0.044409 0.001876 0.087880
v 0.028952 0.015870 0.046883
v 0.027500 0.003745 0.090300
v -0.027500 0.004013 0.089300
v 0.029021 0.029013 0.087299
v -0.029000 0.003475 0.087297
v -0.044447 0.007418 0.097932
v -0.040333 0.019368 0.063939
v -0.041169 0.012363 0.098348
v 0.042341 0.004100 0.087448
v 0.039465 0.017495 0.087298
v 0.032864 0.027759 0.087298
v 0.030000 0.028013 0.087298
v -0.042780 0.003678 0.087312
v -0.029000 0.029013 0.087298
v -0.030000 0.028013 0.087298
v -0.032955 0.027978 0.087299
v -0.035571 0.024434 0.087298
v -0.037833 0.020492 0.087298
v -0.039272 0.017254 0.087298
v -0.040705 0.013005 0.087298
v 0.043555 0.009023 0.084523
v -0.039834 0.015486 0.085298
v 0.034338 0.027470 0.054297
v 0.023203 0.021065 0.044080
v 0.025878 0.022125 0.042003
v 0.040626 0.018808 0.064686
v 0.041890 0.015881 0.084518
v 0.039835 0.021191 0.097918
v 0.032612 0.028726 0.098393
v -0.042561 0.014819 0.097943
v -0.027401 0.021909 0.041973
v -0.033305 0.023271 0.047994
v -0.034573 0.029012 0.098139
v -0.033156 0.029013 0.098280
v -0.039922 0.021056 0.098146
v -0.035005 0.026397 0.054351
v -0.037615 0.020815 0.085298
v -0.037706 0.025351 0.054147
v -0.017807 0.022918 0.041794
v -0.026124 0.022009 0.044100
v -0.035097 0.025858 0.051408
v 0.034534 0.023710 0.052728
v 0.027764 0.027369 0.040514
v 0.037485 0.025515 0.070767
v 0.036222 0.024030 0.054328
v -0.033055 0.027145 0.045198
v -0.000624 0.025135 0.042857
v 0.037644 0.025933 0.046472
v -0.037515 0.026480 0.043335
v 0.026696 0.025490 0.039245
v 0.035056 0.026478 0.052475
v -0.036349 0.027012 0.083003
v 0.036001 0.027335 0.090170
v -0.022637 0.027557 0.039632
v -0.012785 0.025915 0.039145
v 0.005095 0.026367 0.038788
v -0.022941 0.026469 0.037697
v -0.031345 0.028111 0.096615
v 0.036935 0.026793 0.036093
v -0.031326 0.030323 0.039923
v -0.005696 0.028239 0.039016
v -0.007214 0.026668 0.037716
v 0.015299 0.026922 0.036405
v 0.019000 0.029244 0.035765
v -0.020213 0.029093 0.035787
v -0.037319 0.026966 0.035988
v -0.032305 0.029062 0.035511
v 0.020500 0.028994 0.036000
v 0.031000 0.029012 0.036000
v 0.035552 0.029013 0.036003
v -0.035115 0.029013 0.072553
v 0.035385 0.029013 0.064648
v 0.034722 0.029013 0.089291
v -0.036233 0.029012 0.044706
v -0.020500 0.030512 0.040001
v 0.035546 0.027513 0.036130
v -0.035500 0.027513 0.037000
v 0.034407 0.028178 0.037237
v -0.034323 0.029013 0.062477
v -0.035500 0.029013 0.037000
v -0.033601 0.029013 0.087944
v 0.034197 0.028993 0.066093
v 0.033373 0.029013 0.054298
v -0.031741 0.028638 0.051485
v 0.032052 0.029712 0.069985
v 0.033599 0.029013 0.087944
v 0.031234 0.028457 0.094015
v 0.020500 0.030512 0.040003
v 0.031339 0.030429 0.039940
v 0.036654 0.029012 0.036000
v -0.030000 0.029013 0.091548
v -0.020500 0.030512 0.035001
v 0.020500 0.029012 0.035003
v 0.031000 0.029012 0.035004
v 0.031000 0.030512 0.035004
v 0.020500 0.030512 0.035003
v -0.031000 0.030512 0.035001
v 0.026308 0.027495 0.090325
v 0.024439 0.024451 0.095789
v 0.024281 0.034164 0.089640
v 0.035659 0.025962 0.000202
v 0.032255 0.025074 0.016306
v 0.033078 0.025855 -0.011020
v 0.035981 0.026877 -0.006777
v -0.034573 0.026429 -0.010225
v -0.024886 0.027855 -0.024713
v -0.034474 0.025074 -0.006629
v 0.030092 0.026180 -0.019131
v 0.028132 0.025835 -0.020694
v -0.028274 0.025299 0.020979
v -0.038003 0.027036 -0.000227
v 0.021636 0.028284 -0.027650
v 0.012269 0.026233 -0.033374
v 0.019059 0.026159 -0.030176
v 0.013774 0.028284 -0.032567
v -0.001744 0.025099 -0.035679
v -0.024776 0.025080 0.092798
v -0.024440 0.024501 0.089806
v -0.024432 0.024976 0.095770
v -0.025931 0.028013 0.095850
v -0.026133 0.026264 0.095819
v -0.029859 0.027009 0.019815
v 0.028521 0.035668 0.048511
v 0.033147 0.029608 0.048612
v 0.028603 0.026833 0.050734
v -0.032761 0.030405 0.048101
v -0.027890 0.036218 0.048054
v -0.029022 0.026704 0.050060
v -0.030350 0.027787 -0.023277
v -0.017859 0.027065 -0.031936
v -0.024782 0.025974 -0.026650
v 0.035518 0.029011 0.002582
v -0.035441 0.025681 -0.000248
v -0.031428 0.027787 -0.015177
v 0.033453 0.027004 0.013408
v 0.022367 0.027011 0.027473
v -0.030456 0.029010 0.017285
v -0.034780 0.027672 0.002609
v -0.036013 0.029014 0.003458
v -0.024598 0.029012 0.024689
v 0.032509 0.029670 0.050281
v 0.026965 0.036412 0.052782
v -0.029001 0.035238 0.047992
v -0.033388 0.029428 0.049692
v 0.025931 0.027963 0.095850
v 0.026280 0.034229 0.096831
v 0.024237 0.035885 0.096055
v 0.024230 0.036068 0.087298
v -0.025931 0.028013 0.089745
v -0.026255 0.034437 0.088461
v -0.024241 0.035875 0.089608
v -0.027169 0.027962 0.091987
v -0.024247 0.035563 0.098377
v -0.024248 0.035986 0.096055
v 0.026662 0.029012 0.022640
v 0.031465 0.029009 0.014996
v -0.014124 0.027414 -0.035485
v 0.021126 0.028233 0.035748
v 0.020335 0.027012 0.035965
v -0.019971 0.027014 0.035585
v -0.034462 0.029004 0.036011
v -0.036933 0.027038 0.035992
v -0.000352 0.027754 -0.038245
v 0.037044 0.027322 0.018104
v 0.028765 0.029012 -0.020351
v -0.026900 0.029012 -0.023299
v -0.014158 0.029012 -0.031799
v 0.026836 0.032583 -0.027206
v -0.000242 0.028342 -0.035064
v 0.034040 0.029118 -0.012540
v -0.033957 0.029080 -0.012310
v 0.021525 0.029012 0.028360
v 0.029029 0.030283 0.057016
v 0.029000 0.027013 0.054298
v 0.029000 0.029013 0.077298
v 0.029000 0.029013 0.079298
v 0.027000 0.027013 0.054298
v 0.027000 0.027013 0.087298
v 0.027303 0.029113 0.054299
v 0.027252 0.031155 0.056309
v 0.027000 0.028962 0.058298
v -0.027000 0.029013 0.078298
v -0.027000 0.027013 0.087298
v -0.027000 0.027013 0.054298
v -0.027573 0.035557 0.054846
v -0.026644 0.028524 0.056298
v -0.027000 0.029013 0.058298
v -0.029001 0.027013 0.054309
v -0.029000 0.027013 0.087298
v -0.029000 0.029013 0.057298
v 0.020778 0.029221 0.086696
v 0.026999 0.031441 0.085297
v 0.027000 0.029013 0.070798
v 0.027000 0.029013 0.069298
v 0.027055 0.034250 0.079302
v 0.027000 0.029013 0.077298
v -0.027000 0.034239 0.079298
v -0.025931 0.034716 0.087302
v -0.029034 0.032051 0.094058
v -0.029006 0.032481 0.079298
v -0.029000 0.029013 0.079298
v -0.029020 0.032637 0.077307
v 0.034989 0.029734 -0.016205
v 0.017835 0.028470 -0.033379
v -0.035888 0.033845 -0.012522
v -0.038116 0.032259 -0.003189
v 0.038059 0.032671 -0.000959
v 0.037621 0.028369 0.014936
v -0.024551 0.035570 -0.028776
v -0.033098 0.029288 0.058068
v -0.033304 0.027713 0.056970
v -0.034323 0.027713 0.062477
v -0.035500 0.027713 0.037000
v 0.035546 0.027713 0.036130
v 0.034338 0.027713 0.062042
v 0.033612 0.027713 0.050316
v 0.033496 0.029109 0.052799
v -0.033601 0.027713 0.087944
v 0.032459 0.027713 0.075141
v 0.033599 0.027713 0.087944
v 0.033161 0.029013 0.058298
v 0.031935 0.030735 0.055798
v -0.032081 0.029013 0.087944
v -0.032081 0.027713 0.087944
v -0.032242 0.027713 0.081463
v -0.032242 0.029013 0.081463
v -0.032365 0.029013 0.077298
v 0.031712 0.029717 0.077798
v 0.025949 0.034951 0.087298
v 0.009324 0.034320 -0.036807
v -0.010855 0.034164 -0.036503
v 0.036357 0.029013 0.042144
v 0.036866 0.030646 0.024395
v 0.033206 0.032164 0.033488
v 0.004024 0.029227 -0.036195
v 0.023297 0.036216 -0.026969
v 0.011493 0.034623 -0.034065
v -0.013633 0.032664 -0.033050
v -0.023192 0.037657 -0.026848
v -0.018501 0.029012 -0.030707
v -0.008979 0.029012 -0.034813
v -0.007502 0.037660 -0.034488
v -0.031394 0.037283 -0.016097
v 0.034245 0.035259 -0.012579
v 0.035423 0.037032 -0.004378
v -0.035037 0.035530 -0.005603
v -0.035300 0.035897 0.005861
v -0.035177 0.029016 0.024454
v 0.035247 0.029012 0.023834
v -0.035640 0.029013 0.058232
v -0.035268 0.031508 0.039017
v -0.032912 0.033302 0.031170
v 0.034379 0.031120 0.053635
v 0.020485 0.029697 0.056606
v -0.021238 0.030750 0.058298
v -0.021263 0.039118 0.056301
v 0.020500 0.029513 0.054298
v 0.020375 0.029513 0.052798
v 0.035216 0.029013 0.068169
v -0.032547 0.033527 0.055617
v 0.029000 0.032680 0.074860
v 0.021975 0.029488 0.069298
v 0.026970 0.028575 0.070798
v 0.027000 0.034358 0.077298
v 0.029019 0.033945 0.058290
v 0.026993 0.035048 0.069297
v 0.027000 0.035587 0.058297
v -0.034748 0.029013 0.089839
v -0.032686 0.031806 0.075566
v -0.021787 0.038842 0.058303
v -0.026999 0.034529 0.077295
v 0.034748 0.029014 0.089839
v 0.029001 0.032380 0.081427
v 0.020067 0.038507 0.085227
v 0.021425 0.031551 0.079298
v 0.022225 0.029488 0.077298
v -0.020487 0.029421 0.078173
v 0.030089 0.034472 0.073996
v -0.031416 0.032415 0.098016
v 0.029479 0.034190 0.098175
v 0.019869 0.039220 0.070799
v -0.031370 0.038101 -0.019816
v 0.017835 0.036466 -0.033056
v 0.020026 0.040006 0.054298
v 0.020000 0.039882 0.053360
v 0.022202 0.038950 0.052797
v 0.034220 0.036347 0.013382
v -0.036534 0.033608 0.018912
v 0.034181 0.034051 0.036542
v 0.019972 0.039048 0.069302
v 0.020250 0.034263 0.058298
v 0.020097 0.038679 0.077212
v 0.036378 0.038080 0.008359
v 0.037093 0.037744 -0.002246
v -0.026756 0.036430 0.094733
v -0.028251 0.036936 0.060945
v 0.014699 0.040498 0.098455
v -0.019372 0.039960 0.057948
v 0.019844 0.039514 0.056298
v -0.021463 0.037769 0.078954
v -0.031221 0.037396 0.038748
v 0.030390 0.036782 0.046356
v -0.035173 0.040619 0.004788
v 0.031251 0.040318 -0.017689
v -0.036196 0.039610 0.000850
v 0.010090 0.039425 -0.034731
v -0.002099 0.039099 -0.036297
v 0.030682 0.035572 0.035336
v 0.002209 0.039860 -0.033134
v -0.030385 0.038634 0.019933
v -0.018990 0.040318 -0.024702
v 0.022530 0.039569 0.079995
v -0.022267 0.039892 0.042179
v 0.029452 0.038320 0.026367
v 0.031372 0.039579 0.011783
v -0.032125 0.040322 0.001445
v -0.021134 0.040516 -0.028626
v 0.022462 0.038434 0.058297
v 0.019956 0.039545 0.058298
v 0.013651 0.040545 -0.028567
v -0.022194 0.040907 0.057869
v -0.017903 0.039125 0.098277
v 0.032846 0.041204 0.010950
v 0.017874 0.039141 0.098277
v 0.025286 0.040375 0.025442
v -0.013194 0.043138 0.098034
v -0.033047 0.041959 -0.004893
v 0.022407 0.040551 0.060946
v -0.024411 0.041865 0.035490
v 0.032724 0.042297 -0.003741
v 0.017395 0.041440 -0.029005
v -0.016104 0.040282 0.081087
v -0.018787 0.041284 0.086429
v -0.022805 0.040770 0.030760
v 0.028691 0.041625 0.006093
v 0.015264 0.040640 0.079298
v 0.023633 0.041842 -0.015151
v 0.023212 0.041258 0.046327
v -0.027502 0.043043 0.015589
v 0.018369 0.039517 0.077378
v -0.027001 0.040258 -0.007259
v -0.026382 0.039013 -0.011332
v -0.020083 0.038977 -0.009924
v -0.024225 0.042361 -0.005478
v -0.020769 0.042601 -0.012479
v -0.027368 0.043381 -0.010875
v -0.021036 0.044791 -0.009551
v 0.024810 0.039013 0.007121
v 0.025667 0.040013 0.010191
v 0.022082 0.039013 0.012371
v 0.020110 0.042733 0.010931
v 0.026068 0.044056 0.009268
v 0.022083 0.044548 0.010693
v -0.008295 0.039553 0.079293
v -0.008028 0.042533 0.086577
v -0.007967 0.039151 0.081177
v -0.017250 0.039513 0.058297
v -0.017250 0.039513 0.056298
v -0.017250 0.039513 0.077298
v 0.017040 0.040753 0.056011
v -0.026242 0.041597 0.011877
v -0.013636 0.041342 0.077295
v 0.009867 0.042666 0.056297
v -0.003401 0.043322 0.056298
v 0.003300 0.043394 0.056298
v -0.010372 0.042513 0.056298
v 0.012447 0.041980 0.058297
v 0.007601 0.042894 0.058297
v 0.002966 0.043410 0.058297
v 0.000007 0.043362 0.058297
v -0.004816 0.043209 0.058297
v -0.012544 0.041968 0.058304
v 0.010378 0.042092 0.079298
v 0.001353 0.043410 0.079313
v 0.013334 0.041373 0.077297
v 0.006927 0.042802 0.077299
v 0.010298 0.042180 0.077298
v 0.017429 0.042044 0.031771
v 0.005405 0.042744 -0.030985
v -0.014776 0.043392 -0.026332
v -0.028091 0.043641 0.007056
v -0.016079 0.043158 0.058741
v 0.011545 0.043897 0.097939
v -0.015109 0.042184 0.038015
v -0.006907 0.043386 0.077297
v 0.014999 0.042957 0.079048
v 0.007854 0.042578 -0.022312
v -0.008665 0.042523 -0.021722
v -0.007524 0.042323 0.098288
v -0.009085 0.044400 0.081690
v -0.010813 0.043990 0.085592
v -0.003508 0.043057 0.077298
v 0.002897 0.043214 0.077298
v 0.003500 0.043153 0.077298
v 0.019757 0.043297 0.035593
v 0.013011 0.044175 0.055104
v -0.016716 0.044095 0.033533
v 0.007334 0.042413 0.098288
v 0.010797 0.043198 0.022956
v -0.009493 0.043037 0.038061
v -0.003572 0.043566 0.027477
v 0.000645 0.042013 0.023947
v 0.003142 0.043638 0.027035
v -0.002625 0.042779 0.022448
v -0.018687 0.042629 0.013156
v 0.007510 0.043256 -0.002192
v 0.010161 0.044303 -0.023508
v -0.015030 0.043013 0.005625
v -0.004760 0.044793 0.097582
v -0.003505 0.043426 0.011867
v 0.001094 0.043102 0.098293
v 0.010248 0.044207 0.079048
v -0.010793 0.044754 0.046327
v 0.017845 0.044823 -0.010335
v -0.019250 0.044885 0.002506
v 0.014419 0.044885 0.022507
v -0.014591 0.044874 0.020737
v 0.010991 0.044873 0.039018
v 0.005207 0.045100 0.071912
v -0.005198 0.045144 0.068257
v 0.000041 0.045269 0.082062
v 0.000006 0.045162 -0.006510
v -0.005298 0.045451 0.032682
v 0.006022 0.045385 0.009779
v 0.004455 0.045498 0.030455
v -0.003407 0.045549 0.022130
v 0.003717 0.045517 0.022034
v -0.001857 0.045593 0.027861
v 0.000157 0.047019 0.023512
v 0.005000 0.047013 0.024947
v -0.005000 0.047013 0.024947
vn -0.2738 0.2395 0.9315
vn 0.4447 -0.2167 0.8691
vn 0.0108 0.9997 0.0220
vn 0.3584 0.2929 0.8865
vn 0.0576 0.9967 0.0571
vn 0.0531 0.9972 0.0526
vn -0.0228 0.9943 -0.1041
vn -0.0000 1.0000 0.0001
vn -0.0023 0.9999 -0.0151
vn -0.0000 -1.0000 -0.0000
vn 0.0035 0.9998 0.0204
vn 0.0203 0.9998 0.0017
vn 0.1772 0.9842 0.0018
vn 0.5304 0.0067 -0.8477
vn -0.0234 -0.8165 -0.5768
vn -0.9899 0.0649 0.1262
vn 0.0003 1.0000 0.0001
vn -0.0071 0.9999 -0.0095
vn 0.5979 0.0844 0.7971
vn 0.0723 0.9783 -0.1941
vn 0.4082 0.9129 -0.0026
vn 0.0288 0.9912 -0.1294
vn 0.0702 -0.9973 -0.0236
vn -0.0021 1.0000 -0.0003
vn -0.1575 0.9875 0.0058
vn 0.7869 0.6171 -0.0000
vn -0.7307 0.6826 0.0059
vn -0.0000 1.0000 -0.0000
vn -0.7943 0.6075 0.0072
vn 0.0001 1.0000 -0.0000
vn 0.0003 1.0000 -0.0000
vn 0.0118 -0.9999 0.0017
vn -0.0045 1.0000 0.0004
vn 0.7236 0.6902 0.0075
vn -0.0131 0.9999 0.0010
vn 0.4463 -0.8926 0.0635
vn 0.0058 1.0000 -0.0036
vn 0.9299 0.3613 0.0688
vn -0.0217 0.9998 0.0001
vn -0.7999 0.5909 0.1043
vn -0.3705 0.9288 0.0072
vn 0.0008 1.0000 0.0036
vn -0.3110 -0.6856 -0.6582
vn 0.7594 0.0381 -0.6496
vn 0.1450 -0.8701 -0.4711
vn -0.0110 0.9999 -0.0061
vn -0.4863 0.5224 0.7005
vn -0.7773 0.5926 0.2111
vn -0.1257 0.9911 0.0432
vn 0.2460 0.5908 -0.7684
vn -0.0992 0.9946 0.0304
vn -0.3494 0.9368 0.0182
vn -0.0769 0.9946 -0.0693
vn 0.2135 0.9748 0.0653
vn -0.0383 0.9963 -0.0768
vn 0.0031 1.0000 -0.0004
vn 0.6105 0.6568 -0.4427
vn 0.1101 -0.9934 -0.0315
vn -0.3357 0.9419 0.0087
vn 0.3059 -0.9508 0.0497
vn 0.3695 -0.9287 -0.0325
vn 0.0193 0.9998 -0.0012
vn -0.1008 0.9932 0.0582
vn -0.0240 0.9996 0.0114
vn -0.8744 -0.4133 -0.2543
vn 0.1481 0.9855 0.0824
vn 0.0258 0.9995 -0.0195
vn -0.0024 1.0000 0.0023
vn 0.0728 0.9971 -0.0224
vn 0.0199 0.9997 0.0110
vn -0.5119 0.8525 0.1055
vn 0.2704 0.8930 -0.3597
vn 0.0424 0.9975 -0.0572
vn -0.0490 0.9963 -0.0703
vn -0.4544 0.8693 -0.1948
vn 0.0391 0.9990 -0.0212
vn 0.2210 0.9329 -0.2843
vn -0.0978 0.9936 -0.0572
vn -0.9265 -0.3763 0.0086
vn -0.1193 0.9921 -0.0381
vn 0.2765 0.9582 0.0739
vn 0.0009 0.9999 0.0119
vn 0.1130 0.8461 0.5209
vn -0.1781 0.9462 -0.2702
vn -0.4148 0.1787 -0.8922
vn -0.0054 0.9991 -0.0428
vn -0.9964 -0.0832 0.0176
vn 0.0212 0.9988 -0.0432
vn 0.0204 0.9967 -0.0780
vn -0.0005 0.8731 0.4875
vn 0.0042 0.9357 0.3529
vn -0.0037 0.7097 0.7045
vn -0.5150 0.8571 0.0153
vn 0.0258 0.9996 0.0090
vn 0.5058 0.8054 0.3091
vn -0.3793 0.8623 0.3355
vn 0.3233 0.8811 0.3451
vn 0.5683 0.8123 0.1311
vn -0.4445 0.8945 0.0486
vn -0.4817 0.8762 0.0131
vn -0.4396 0.8944 -0.0830
vn -0.3040 0.9459 -0.1134
vn 0.4796 0.7832 -0.3956
vn 0.1569 0.8657 -0.4753
vn -0.1015 0.9600 -0.2610
vn 0.2160 0.9764 0.0035
vn 0.5262 0.8504 -0.0043
vn 0.5257 0.8496 0.0428
vn -0.0080 0.0023 -1.0000
vn -0.2627 -0.0218 -0.9646
vn -0.0019 -0.0013 -1.0000
vn 0.6088 -0.0154 -0.7932
vn 0.3397 0.0798 -0.9372
vn -0.6363 0.0323 -0.7708
vn -0.8273 -0.0252 -0.5612
vn 0.9467 -0.0459 -0.3188
vn 1.0000 0.0003 -0.0002
vn 1.0000 -0.0000 -0.0000
vn -1.0000 -0.0001 -0.0001
vn -1.0000 0.0002 -0.0001
vn -1.0000 0.0005 -0.0003
vn -0.9907 0.0289 0.1329
vn -0.7910 -0.0216 0.6115
vn 0.5228 0.0204 0.8522
vn -0.9899 0.1386 0.0295
vn 0.9691 0.2420 0.0477
vn 0.7243 -0.6044 -0.3319
vn -0.8220 -0.5160 -0.2410
vn -0.5403 -0.0438 -0.8404
vn -0.6155 0.2839 -0.7353
vn -0.8153 0.1549 -0.5580
vn 0.4575 -0.6522 -0.6044
vn -0.8388 0.3123 -0.4459
vn 0.8652 0.3780 -0.3296
vn 0.8161 -0.5770 -0.0331
vn -0.9560 -0.0285 0.2919
vn -0.9600 0.0636 0.2726
vn 0.7806 0.5412 0.3128
vn -0.6176 -0.1035 0.7797
vn 0.8441 0.2903 0.4508
vn -0.3410 0.6097 0.7155
vn -0.8207 0.4706 0.3240
vn 0.7733 0.6336 0.0227
vn 0.6758 0.7337 -0.0713
vn 0.5766 0.5726 -0.5829
vn 0.5077 0.4789 -0.7161
vn -0.4064 0.6966 -0.5913
vn -0.9539 0.2994 0.0214
vn -0.9956 0.0924 0.0131
vn 0.7700 0.6370 0.0361
vn -0.8851 -0.1881 -0.4256
vn 0.2254 -0.2697 -0.9362
vn 0.1275 -0.6647 -0.7361
vn 0.3189 0.9102 -0.2643
vn 0.9950 0.0974 -0.0241
vn 0.0179 0.0470 0.9987
vn 0.8274 0.5598 0.0451
vn -0.0002 0.0001 1.0000
vn -0.9542 0.0539 -0.2942
vn -0.9397 0.3159 0.1314
vn -0.7262 0.2860 0.6252
vn 0.8280 0.5602 0.0228
vn 0.8347 0.5502 0.0245
vn 0.1613 -0.0601 0.9851
vn -0.0000 -0.0294 0.9996
vn -0.0157 -0.0550 -0.9984
vn -0.1231 0.0152 -0.9923
vn 0.1197 0.0301 -0.9923
vn 0.3753 0.0113 -0.9268
vn -0.3622 0.0025 -0.9321
vn 0.3614 0.0014 -0.9324
vn -0.2487 0.0883 -0.9645
vn 0.6091 -0.0302 -0.7925
vn 0.5774 -0.0030 -0.8164
vn -0.0002 -1.0000 0.0001
vn 0.0028 -1.0000 -0.0066
vn -0.5799 -0.0021 -0.8147
vn -0.6330 -0.0679 -0.7712
vn -0.0126 -0.9999 0.0042
vn 0.0101 -0.9999 -0.0034
vn -0.0001 -1.0000 -0.0000
vn 0.7599 0.0014 -0.6501
vn 0.7610 0.0005 -0.6487
vn -0.7608 0.0030 -0.6490
vn -0.0000 -1.0000 -0.0001
vn -0.0019 -1.0000 0.0094
vn -0.7604 -0.0000 0.6494
vn 0.8959 -0.0000 -0.4443
vn -0.8605 -0.0484 -0.5071
vn 0.8948 -0.0018 -0.4465
vn -0.9016 0.0073 -0.4325
vn -0.3477 0.9375 -0.0157
vn -0.0006 -1.0000 -0.0015
vn 0.3695 -0.9292 0.0124
vn -0.0473 -0.9988 -0.0129
vn 0.9865 -0.0379 -0.1593
vn 0.9771 0.0004 -0.2128
vn -0.0163 -0.9998 0.0081
vn -0.9891 -0.0153 -0.1462
vn -0.0521 -0.9986 0.0063
vn -0.0223 -0.9997 -0.0014
vn -0.0006 -1.0000 0.0007
vn 0.9828 -0.0324 0.1816
vn 0.9775 -0.0002 0.2108
vn -0.9691 0.1449 0.1997
vn -0.9778 0.0087 0.2095
vn 0.0015 -1.0000 -0.0004
vn -0.9418 -0.0799 0.3265
vn -0.8962 0.0024 0.4436
vn 0.8976 -0.0003 0.4407
vn -0.0044 -0.9997 -0.0249
vn -0.0040 -1.0000 -0.0089
vn 0.9469 0.2554 -0.1951
vn 0.7614 0.0015 0.6483
vn -0.0342 -0.9994 0.0019
vn 0.0157 -0.9999 -0.0062
vn 0.7479 -0.0201 0.6635
vn -0.7604 -0.0037 0.6494
vn -0.7567 -0.0078 0.6537
vn -0.0035 -1.0000 0.0020
vn 0.0031 -1.0000 0.0021
vn 0.6340 -0.0333 0.7726
vn 0.0026 -1.0000 0.0056
vn -0.5626 -0.0128 0.8266
vn -0.5787 0.0002 0.8156
vn 0.5787 -0.0000 0.8156
vn 0.4212 -0.0413 0.9060
vn 0.0201 -0.9997 -0.0169
vn -0.0089 -0.9998 -0.0161
vn 0.3619 0.0026 0.9322
vn -0.3618 0.0089 0.9322
vn -0.2291 -0.0750 0.9705
vn 0.1284 -0.0019 0.9917
vn 0.1257 -0.0038 0.9921
vn -0.1219 0.0006 0.9925
vn -0.9358 0.3526 0.0066
vn -0.9140 0.4055 0.0134
vn -0.5232 0.5512 0.6500
vn 0.8227 0.1101 0.5578
vn 0.8362 0.1039 0.5385
vn 0.9931 0.1163 0.0161
vn 0.9251 0.1438 -0.3513
vn 0.9955 0.0844 -0.0422
vn 0.9476 0.1054 -0.3017
vn 0.9757 0.1573 -0.1528
vn -0.7517 0.1406 -0.6443
vn -0.7477 0.1398 -0.6491
vn 0.7800 0.0365 -0.6247
vn 0.5206 0.0614 -0.8516
vn -0.3813 0.0925 -0.9198
vn -0.1106 0.1639 -0.9803
vn -0.1904 0.1110 -0.9754
vn 0.0133 0.1336 -0.9910
vn 0.0066 0.1425 -0.9898
vn 0.1945 0.0058 -0.9809
vn -0.9938 0.1110 -0.0003
vn 0.9777 0.2100 -0.0000
vn 0.8915 -0.4510 0.0434
vn -0.8245 0.0464 0.5639
vn 0.0566 0.1169 0.9915
vn 0.0005 0.0007 1.0000
vn 0.7013 -0.0173 0.7127
vn -1.0000 0.0001 -0.0000
vn -1.0000 -0.0000 -0.0000
vn 1.0000 0.0010 -0.0001
vn 1.0000 0.0014 -0.0002
vn 1.0000 -0.0001 -0.0000
vn -0.9962 0.0623 -0.0606
vn -1.0000 0.0032 0.0016
vn 0.9976 0.0628 0.0304
vn 0.9722 -0.1042 0.2097
vn -0.6468 -0.3326 0.6863
vn -0.7712 0.0095 0.6365
vn -0.7970 -0.0306 0.6033
vn -0.9398 0.0098 0.3415
vn 0.8976 -0.0141 0.4407
vn -0.9544 -0.0379 0.2962
vn 0.9794 -0.0398 0.1977
vn -0.9989 0.0180 0.0442
vn -0.9998 -0.0203 -0.0082
vn -0.9686 -0.0129 -0.2482
vn -0.9072 -0.0225 -0.4200
vn -0.8229 0.0160 -0.5679
vn 0.8655 -0.0410 -0.4992
vn -0.6727 -0.0350 -0.7391
vn -0.4448 0.0169 -0.8955
vn 0.4176 -0.0164 -0.9085
vn 0.9297 -0.0252 0.3674
vn -0.4102 -0.2262 0.8835
vn 0.0874 0.1504 0.9848
vn 0.9846 0.0609 0.1640
vn -0.4274 -0.7349 -0.5265
vn -0.4866 -0.2737 -0.8297
vn -0.1239 -0.9908 -0.0544
vn -0.4907 -0.1746 0.8536
vn 0.7234 -0.0685 0.6870
vn 0.6489 -0.2731 0.7102
vn 0.0013 -1.0000 -0.0011
vn -0.0024 -0.9999 -0.0117
vn -0.0208 -0.9996 0.0191
vn -0.0093 -0.9999 0.0115
vn 0.0140 -0.9999 0.0090
vn 0.0044 -0.9999 0.0137
vn 0.0028 -0.9998 0.0180
vn 0.3280 0.1782 0.9277
vn 0.4422 -0.1720 0.8803
vn -0.4894 -0.1763 0.8541
vn -0.1063 -0.8884 -0.4466
vn -0.0113 0.9812 -0.1928
vn -0.3000 -0.4101 -0.8613
vn 0.0024 0.9002 0.4354
vn -0.0019 0.0016 1.0000
vn 0.2077 0.9781 0.0117
vn -0.2099 0.9777 0.0017
vn -0.0196 -0.7967 -0.6040
vn 0.0913 -0.8475 -0.5229
vn 0.7788 -0.4838 -0.3993
vn -0.0840 -0.4732 -0.8770
vn -0.4502 0.8929 0.0036
vn -0.4426 0.8967 -0.0018
vn -0.0139 0.0113 0.9998
vn 0.4455 0.8953 -0.0045
vn 0.0068 -0.0005 1.0000
vn 0.4486 0.8937 -0.0068
vn 0.1607 -0.9646 0.2092
vn -0.0784 -0.2255 0.9711
vn -0.0176 -0.3512 0.9361
vn -0.3090 -0.3296 0.8921
vn -0.3476 -0.4537 0.8206
vn -0.0309 0.9680 -0.2489
vn 0.2133 0.8924 -0.3976
vn 0.0311 -0.9914 -0.1272
vn -0.0906 -0.9935 -0.0681
vn 0.3794 0.8898 -0.2535
vn -0.3029 0.8936 -0.3311
vn 0.6562 0.7486 -0.0952
vn 0.5786 -0.8143 0.0468
vn 0.9995 -0.0015 -0.0314
vn -0.9881 0.1539 0.0068
vn -0.1868 0.9821 -0.0224
vn 0.4201 0.8961 0.1431
vn 0.9745 -0.1993 -0.1032
vn -0.7055 0.5925 0.3888
vn -0.9344 -0.1426 -0.3264
vn 0.0285 -0.9981 -0.0553
vn -0.6904 0.4190 0.5897
vn -0.7082 -0.1773 -0.6834
vn 0.0918 -0.9919 0.0878
vn 0.0573 -0.9951 0.0808
vn -0.1505 0.9656 0.2121
vn 0.0905 0.9682 0.2330
vn 0.0069 -0.9884 0.1519
vn -0.2201 -0.9577 0.1855
vn -0.0360 -0.9950 0.0927
vn 0.6538 -0.0540 -0.7548
vn -0.0202 -0.9943 0.1047
vn 0.0540 -0.9971 0.0543
vn -0.0041 -0.9999 0.0108
vn -0.2741 -0.5652 -0.7781
vn 0.1404 -0.9897 -0.0283
vn -0.1832 -0.1536 0.9710
vn -0.9992 0.0387 0.0019
vn 0.1678 0.1083 -0.9799
vn 0.1377 -0.4833 -0.8645
vn 0.0041 -0.6930 -0.7209
vn -0.0014 -1.0000 -0.0084
vn 0.0053 -0.9999 -0.0110
vn -0.0070 -1.0000 0.0049
vn -0.0017 -0.9999 0.0107
vn 0.0180 -0.9989 0.0421
vn 0.0367 -0.9992 0.0133
vn 0.0049 -1.0000 -0.0020
vn 0.0007 -1.0000 0.0037
vn -0.0088 -0.9999 -0.0080
vn 0.0052 -1.0000 -0.0019
vn -0.0028 -1.0000 0.0008
vn 0.0042 -1.0000 -0.0009
vn -0.0070 -1.0000 -0.0015
vn 0.0042 -1.0000 0.0004
vn 0.0082 -1.0000 0.0023
vn -0.0043 -1.0000 -0.0030
vn 0.0010 -1.0000 0.0069
vn 0.0058 -1.0000 -0.0017
vn 0.0110 -0.9999 0.0059
vn 0.0021 -1.0000 -0.0033
vn 0.0087 -0.9999 -0.0064
vn 0.0033 -1.0000 0.0052
vn -0.1582 -0.9867 0.0376
vn -0.0909 -0.9959 0.0025
vn 0.0731 0.0415 -0.9965
vn -0.3769 -0.0384 0.9254
vn -0.4124 -0.1934 0.8903
vn -0.9875 0.1576 -0.0016
vn 0.2818 -0.9594 0.0097
vn 0.9575 0.1872 -0.2194
vn -0.0771 -0.0075 -0.9970
vn 0.5117 -0.2759 -0.8136
vn -0.7745 -0.4210 -0.4721
vn -0.0119 0.0125 0.9999
vn 0.6542 0.7559 0.0253
vn -0.0015 0.0039 1.0000
vn -0.6847 0.7288 0.0060
vn 0.3416 -0.7871 -0.5137
vn -0.3878 -0.9217 0.0113
vn -0.3201 -0.7608 -0.5645
vn -0.3268 -0.9451 -0.0068
vn -0.5128 -0.8585 0.0031
vn 0.3981 -0.9173 -0.0056
vn 0.5328 -0.8462 0.0075
vn 0.5018 -0.8650 -0.0001
vn 0.5049 -0.8632 -0.0008
vn -0.5004 -0.8658 0.0001
vn -0.5017 -0.8650 -0.0002
vn 0.0252 -0.0121 0.9996
vn -0.0716 0.0101 0.9974
vn -0.6515 0.1584 0.7419
vn -0.9717 0.2361 0.0019
vn 0.6652 0.1485 0.7318
vn -0.9432 0.3322 -0.0009
vn -0.5568 0.1961 0.8072
vn 0.9541 0.2995 -0.0009
vn 0.0341 0.0506 -0.9981
vn 0.9503 0.3114 0.0003
vn 0.0254 -0.0084 0.9996
vn -0.0000 -0.0000 1.0000
vn 0.6324 -0.7747 -0.0009
vn 0.6985 -0.7156 0.0046
vn -0.6985 -0.7156 0.0045
vn -0.6593 -0.7519 -0.0000
vn -0.3252 0.1342 0.9361
vn -0.8456 0.5339 0.0039
vn -0.7198 -0.4233 0.5501
vn 0.7392 0.6383 0.2149
vn -0.8791 -0.1967 0.4340
vn 0.0007 -0.0001 -1.0000
vn 0.0010 0.0665 -0.9978
vn -0.8352 0.5499 0.0005
vn -0.6727 0.7310 0.1147
vn 0.8338 0.5521 0.0009
vn 0.8305 0.5570 -0.0002
vn 0.7242 0.6848 0.0813
vn 0.6606 0.4547 -0.5974
vn 0.4235 -0.6477 0.6333
vn 0.0062 -0.6528 0.7575
vn -0.0040 -0.0034 -1.0000
vn -0.7444 0.6422 0.1826
vn 0.0066 0.0040 1.0000
vn -0.0046 -0.0010 1.0000
vn -0.8898 0.3568 -0.2844
vn 0.8421 0.5337 -0.0779
vn 0.0899 0.6334 0.7686
vn 0.7302 -0.6511 -0.2071
vn -0.5388 -0.2668 -0.7991
vn 0.5661 0.0920 -0.8192
vn -0.4277 0.2413 0.8711
vn 0.7341 -0.6790 0.0004
vn -0.7849 -0.4358 -0.4405
vn 0.3508 0.1935 -0.9162
vn -0.7747 -0.6323 -0.0023
vn 0.7168 -0.6579 -0.2311
vn -0.6790 -0.4703 -0.5638
vn 0.8620 -0.5070 0.0043
vn 0.8145 -0.5802 -0.0021
vn -0.8620 -0.5070 0.0001
vn -0.8859 -0.4639 0.0066
vn -0.0010 0.0012 -1.0000
vn -0.9372 0.3482 0.0224
vn -0.9273 0.3743 -0.0034
vn -0.9292 0.3696 -0.0014
vn -0.0114 -0.0026 0.9999
vn 0.0048 -0.0011 1.0000
vn 0.9310 0.3650 0.0015
vn 0.9316 0.3634 0.0031
vn 0.9282 0.3721 -0.0005
vn -0.0022 -0.0014 1.0000
vn 0.8957 0.4444 0.0146
vn -0.9183 0.3958 0.0042
vn -0.4602 -0.4315 -0.7759
vn -0.0129 -0.0219 0.9997
vn -0.7842 -0.4568 -0.4199
vn 0.9673 0.2534 -0.0123
vn 0.9522 0.3055 -0.0044
vn 0.0009 -0.0002 -1.0000
vn 0.9021 -0.3543 -0.2464
vn 0.9649 -0.2627 0.0043
vn 0.9540 -0.2999 0.0010
vn 0.9031 -0.4295 -0.0007
vn -0.0403 -0.0110 0.9991
vn -0.9649 -0.2627 0.0044
vn -0.9413 -0.3375 -0.0002
vn -0.9825 0.1864 -0.0029
vn -1.0000 -0.0049 0.0069
vn -0.9888 0.1337 -0.0662
vn 0.9999 -0.0030 -0.0097
vn 1.0000 -0.0048 -0.0069
vn -1.0000 -0.0046 0.0074
vn 0.9903 0.1318 0.0438
vn 0.9692 -0.0020 -0.2464
vn -0.9918 0.1280 0.0054
vn 0.9924 0.1231 0.0043
vn 0.9197 -0.2756 -0.2796
vn 0.9885 -0.1513 -0.0011
vn -0.0008 0.0002 -1.0000
vn 0.9980 0.0633 -0.0044
vn 0.0006 0.0001 -1.0000
vn -0.9909 -0.1344 -0.0050
vn 0.3341 -0.6989 0.6324
vn 0.9799 -0.1581 0.1219
vn -0.0004 -0.0001 -1.0000
vn 1.0000 -0.0000 0.0055
vn -0.0387 -0.0000 0.9992
vn -1.0000 -0.0000 0.0040
vn -0.9656 0.0112 0.2598
vn 0.9981 -0.0333 -0.0510
vn -0.8671 -0.4622 0.1856
vn -0.8101 -0.0821 0.5805
vn 0.3375 -0.3136 0.8876
vn 0.9754 0.1971 -0.0988
vn -0.0074 0.0177 0.9998
vn -0.9947 0.0384 -0.0949
vn -0.9186 0.1973 -0.3424
vn -0.9994 -0.0329 -0.0043
vn -0.0101 -0.0084 0.9999
vn -0.9954 -0.0624 -0.0724
vn -0.7081 0.0067 -0.7061
vn -0.0000 -0.0000 -1.0000
vn -0.9924 -0.1231 0.0058
vn 0.9924 -0.1231 0.0043
vn -0.1787 0.6499 0.7387
vn -0.8924 -0.0012 -0.4513
vn 0.9989 0.0468 -0.0001
vn 1.0000 0.0017 -0.0023
vn 0.9615 0.0333 0.2728
vn -0.9965 0.0833 -0.0032
vn -0.8394 0.4648 0.2816
vn 0.9402 0.2999 0.1613
vn 0.9925 -0.1218 -0.0081
vn 0.9649 0.2627 0.0007
vn -0.9649 0.2627 0.0015
vn -0.9637 0.2668 0.0021
vn -0.1786 -0.0059 0.9839
vn 0.9774 0.2112 0.0077
vn 0.5929 0.1348 -0.7939
vn -0.0206 -0.0045 0.9998
vn 0.0006 0.0006 -1.0000
vn -0.9424 0.3011 0.1458
vn 0.0006 -0.0000 -1.0000
vn 0.0004 -0.0001 -1.0000
vn -0.8713 0.4651 -0.1564
vn -0.1034 0.0996 0.9896
vn 0.9428 0.3333 -0.0002
vn -0.8442 -0.2984 -0.4454
vn -0.9680 -0.2510 -0.0047
vn 0.9832 -0.1825 -0.0044
vn -0.9396 -0.3417 0.0215
vn 0.0096 0.0198 0.9998
vn 0.9320 -0.3623 0.0083
vn -0.0010 0.0009 1.0000
vn -0.9611 -0.2518 0.1133
vn -0.9673 -0.2535 -0.0045
vn 0.9673 -0.2535 -0.0010
vn -0.6406 0.2534 -0.7249
vn -0.9288 -0.3706 -0.0000
vn 0.9289 -0.3702 0.0003
vn -0.9032 -0.4291 0.0099
vn -0.9278 -0.3732 -0.0010
vn 0.9258 -0.3781 -0.0029
vn 0.9087 -0.4174 0.0046
vn 0.0004 0.0001 -1.0000
vn -0.9023 0.4311 -0.0007
vn -0.9057 0.4240 -0.0007
vn 0.6399 -0.2791 0.7160
vn 0.8620 0.5070 0.0001
vn -0.8445 0.5355 0.0060
vn -0.8620 0.5070 0.0017
vn 0.8932 0.4496 0.0087
vn -0.5100 -0.2568 -0.8209
vn -0.3517 -0.1671 -0.9211
vn -0.7113 0.3109 -0.6304
vn -0.0001 -0.0000 1.0000
vn 0.6723 0.5450 -0.5010
vn -0.0001 -0.0002 -1.0000
vn -0.7890 0.6107 0.0671
vn 0.0002 -0.0002 -1.0000
vn 0.5846 0.1302 -0.8008
vn -0.3628 0.1472 0.9202
vn 0.8262 0.5633 0.0001
vn 0.8203 -0.5719 -0.0031
vn 0.9115 -0.4107 0.0222
vn -0.9031 -0.4290 0.0203
vn -0.8002 -0.5997 -0.0061
vn -0.8293 -0.5589 -0.0010
vn -0.6804 -0.6193 0.3918
vn -0.0032 -0.0131 0.9999
vn -0.6719 -0.2667 -0.6910
vn -0.8426 -0.5385 0.0060
vn 0.5908 -0.4795 -0.6489
vn 0.7683 -0.6400 -0.0055
vn 0.7794 -0.6266 -0.0031
vn 0.5001 -0.8242 0.2658
vn 0.7608 0.6490 0.0007
vn -0.0002 -0.0002 1.0000
vn 0.6985 0.7156 0.0046
vn -0.6985 0.7156 0.0047
vn -0.7319 0.6814 0.0001
vn -0.5155 0.8172 -0.2578
vn -0.5366 0.8409 -0.0707
vn -0.7407 -0.6718 -0.0030
vn -0.7213 -0.6926 -0.0062
vn 0.4801 -0.7723 0.4159
vn -0.0001 -0.0001 -1.0000
vn -0.0008 0.0005 1.0000
vn 0.5186 -0.8052 0.2878
vn 0.6520 -0.6608 0.3718
vn -0.4524 0.0030 0.8918
vn -0.4168 0.8963 0.1517
vn -0.0004 -0.0003 -1.0000
vn -0.0000 -0.0003 -1.0000
vn 0.1624 -0.1310 0.9780
vn 0.3579 -0.3273 -0.8745
vn 0.2528 -0.9656 0.0618
vn 0.3036 -0.7243 0.6190
vn 0.6751 0.7377 0.0012
vn -0.0610 0.7790 0.6241
vn 0.6281 -0.7516 0.2015
vn -0.2195 -0.6243 -0.7497
vn 0.0548 0.5883 -0.8068
vn 0.3601 0.7705 0.5260
vn 0.0001 -0.0000 -1.0000
vn -0.0002 -0.0003 1.0000
vn 0.0003 0.0003 1.0000
vn -0.0700 -0.0309 0.9971
vn -0.8896 0.3176 0.3283
vn 0.6355 0.7539 -0.1668
vn -0.5659 0.8245 -0.0028
vn -0.6300 0.7214 -0.2876
vn 0.5710 0.8209 -0.0019
vn 0.4860 0.8740 0.0044
vn -0.4860 0.8740 0.0042
vn 0.0002 0.0003 -1.0000
vn 0.6837 -0.6257 -0.3755
vn 0.6029 -0.7978 -0.0006
vn -0.7284 -0.6742 0.1222
vn -0.5540 -0.8325 0.0059
vn 0.5139 0.5531 0.6558
vn 0.7740 -0.6063 -0.1825
vn 0.0003 -0.0001 1.0000
vn -0.0000 -0.0005 1.0000
vn 0.0676 0.8046 -0.5900
vn -0.1332 -0.2097 -0.9687
vn -0.1534 -0.2308 -0.9608
vn -0.5277 0.8466 -0.0692
vn -0.0002 0.0002 1.0000
vn -0.6272 -0.7788 -0.0043
vn 0.4347 0.9006 0.0005
vn 0.6183 -0.7859 -0.0030
vn -0.1190 0.0621 -0.9910
vn 0.0037 0.0032 1.0000
vn -0.1529 -0.2298 -0.9611
vn -0.4695 -0.8829 0.0004
vn -0.3133 0.9490 -0.0342
vn -0.3968 0.9179 -0.0017
vn 0.4704 0.8824 0.0106
vn 0.3565 0.9343 -0.0004
vn 0.2361 0.9717 0.0027
vn -0.2394 0.9709 0.0046
vn -0.3204 0.9473 0.0005
vn -0.4726 -0.8813 -0.0040
vn -0.5540 -0.8325 0.0114
vn 0.0027 0.0051 1.0000
vn 0.6080 -0.7936 0.0233
vn 0.4695 -0.8829 -0.0030
vn -0.8425 0.0190 0.5383
vn -0.4625 -0.8866 -0.0000
vn -0.4444 -0.8956 0.0172
vn 0.4440 -0.8960 -0.0022
vn 0.3580 -0.9290 0.0938
vn 0.4619 -0.8869 -0.0000
vn 0.2107 0.9774 0.0158
vn 0.8475 0.1027 -0.5207
vn 0.2315 0.9728 0.0019
vn -0.2253 0.9743 0.0008
vn 0.9902 -0.0290 -0.1367
vn -0.9761 -0.1772 0.1260
vn -0.0035 -0.0089 1.0000
vn 0.3896 -0.9210 -0.0044
vn 0.3492 -0.9370 -0.0108
vn 0.1547 0.9878 -0.0189
vn -0.1047 0.9945 -0.0028
vn 0.1862 -0.4730 -0.8612
vn 0.1395 0.9902 -0.0041
vn -0.0270 0.9996 0.0020
vn -0.9981 -0.0416 -0.0447
vn 0.0157 0.5072 -0.8617
vn -0.2422 0.7960 0.5548
vn 0.1575 0.8471 -0.5075
vn -0.0005 0.0033 1.0000
vn 0.0023 -0.0153 0.9999
vn -0.3492 -0.9370 -0.0043
vn -0.3326 -0.9431 -0.0061
vn -0.2294 -0.9731 -0.0208
vn -0.0014 -0.0506 -0.9987
vn -0.0000 0.0025 -1.0000
vn -0.2966 -0.9550 -0.0026
vn -0.2116 -0.9773 0.0050
vn 0.2030 -0.9789 0.0238
vn 0.2139 -0.9768 0.0085
vn 0.2966 -0.9550 0.0003
vn 0.1279 -0.8274 -0.5468
vn 0.1527 -0.9883 -0.0010
vn -0.1768 -0.9842 0.0023
vn 0.1768 -0.9842 -0.0044
vn 0.0294 -0.4731 -0.8805
vn 0.0403 -0.3189 -0.9469
vn -0.1002 -0.9950 -0.0053
vn 0.1253 -0.9921 -0.0044
vn -0.0449 -0.9990 -0.0007
vn 0.0449 -0.9990 0.0004
vn -0.0294 0.9951 0.0949
vn -0.0011 0.0077 -1.0000
vn -0.1389 0.9903 0.0048
vn 0.0016 0.0182 -0.9998
vn 0.0867 0.9962 -0.0015
vn 0.0399 0.9597 -0.2782
vn 0.0900 0.9959 -0.0000
vn -0.1291 0.9916 -0.0026
vn -0.2568 -0.9665 -0.0000
vn 0.0140 0.0537 -0.9985
vn 0.2516 0.9678 -0.0026
vn -0.2451 0.9656 0.0867
vn 0.0023 0.1434 0.9897
vn 0.6186 -0.7833 -0.0611
vn 0.2784 0.9603 0.0190
vn -0.0015 0.0040 -1.0000
vn -0.3558 0.9336 -0.0423
vn 0.4053 0.9142 0.0021
vn -0.4171 0.8972 -0.1454
vn 0.3009 0.9509 0.0724
vn -0.0002 -0.0000 -1.0000
vn 0.4056 0.9111 -0.0734
vn 0.0015 -0.0001 1.0000
vn -0.4060 0.9139 -0.0000
vn -0.5509 0.8346 -0.0000
vn 0.5262 0.8500 0.0248
vn -0.0151 0.0228 -0.9996
vn -0.0015 0.0090 -1.0000
vn 0.5494 0.8355 0.0125
vn -0.5196 0.8523 0.0603
vn -0.0027 0.0062 1.0000
vn -0.0808 0.0941 0.9923
vn 0.5654 0.8248 0.0095
vn -0.7250 -0.6729 -0.1473
vn -0.6431 0.7657 0.0074
vn 0.7029 0.7111 -0.0171
vn -0.0460 0.0496 -0.9977
vn -0.6801 0.7330 -0.0091
vn 0.0356 0.0384 -0.9986
vn 0.6802 0.7330 -0.0055
vn 0.6695 0.7309 -0.1324
vn 0.0002 -0.0001 -1.0000
vn -0.0015 0.0017 1.0000
vn 0.3293 -0.9424 0.0595
vn -0.7854 -0.6189 -0.0108
vn 0.7250 0.6729 -0.1473
vn -0.8108 0.5853 0.0050
vn 0.0141 0.0109 -0.9998
vn 0.7910 0.6117 0.0122
vn -0.7669 0.6256 0.1428
vn 0.7884 0.6152 0.0005
vn 0.2153 0.2255 0.9502
vn -0.8154 0.5788 0.0091
vn 0.8216 0.5690 0.0356
vn -0.8805 0.4740 -0.0000
vn 0.0087 0.0051 -0.9999
vn 0.0045 0.0043 -1.0000
vn 0.9039 0.4276 -0.0141
vn -0.8624 0.4956 -0.1028
vn 0.8992 0.4221 -0.1153
vn 0.0106 0.0038 0.9999
vn 0.0066 0.0031 1.0000
vn 0.0001 0.0002 -1.0000
vn 0.8985 0.4248 -0.1103
vn -0.0000 0.0001 -1.0000
vn -0.9205 0.3905 0.0138
vn 0.9578 0.2864 0.0220
vn -0.1068 0.0325 -0.9938
vn -0.9626 0.2709 -0.0105
vn -0.9208 0.3888 0.0314
vn 0.0005 -0.0014 1.0000
vn -0.0005 -0.0009 1.0000
vn -0.0000 -0.0001 1.0000
vn -0.9817 0.1903 0.0107
vn -0.9826 0.1728 -0.0688
vn -0.9898 0.0697 0.1245
vn -0.0135 0.0009 0.9999
vn 0.9683 0.1698 0.1833
vn 0.6638 0.0442 0.7466
vn 0.3278 -0.9444 0.0259
vn 0.0487 -0.9985 -0.0263
vn -0.4663 -0.8846 -0.0027
vn -0.7193 -0.6946 -0.0155
vn -0.8017 -0.5977 -0.0000
vn 0.8932 -0.4495 0.0124
vn 0.9196 -0.3929 -0.0000
vn 0.9934 0.1078 -0.0395
vn -0.9989 -0.0004 -0.0465
vn 0.9469 0.0209 -0.3207
vn -0.0509 0.0123 -0.9986
vn -0.9958 0.0917 -0.0000
vn -0.9907 -0.1268 -0.0495
vn 0.8933 0.4495 -0.0000
vn 0.8960 0.4441 0.0011
vn -0.0001 -0.0000 -1.0000
vn -0.7766 0.6289 0.0385
vn 0.9768 -0.1736 -0.1254
vn 0.9911 -0.1307 0.0232
vn 0.9881 -0.1537 0.0040
vn 0.9853 -0.1500 -0.0815
vn -0.0001 0.0001 -1.0000
vn -0.0001 -0.0005 -1.0000
vn 0.4665 0.8841 0.0255
vn -0.1579 0.9873 -0.0195
vn -0.2567 0.9656 -0.0412
vn -0.0064 -0.0018 -1.0000
vn 0.0001 -0.0001 -1.0000
vn 0.0361 -0.0185 0.9992
vn -0.9743 -0.2243 0.0208
vn -0.9983 0.0125 -0.0575
vn -0.0005 0.0009 1.0000
vn -0.9626 -0.2709 -0.0002
vn 0.0669 -0.0336 -0.9972
vn 0.9564 -0.2920 -0.0049
vn 0.9371 -0.3451 0.0521
vn -0.0345 -0.0051 -0.9994
vn -0.8645 -0.5026 0.0018
vn 0.9051 -0.4249 0.0163
vn 0.0886 -0.0477 -0.9949
vn 0.8806 -0.4739 -0.0000
vn -0.9053 -0.4091 -0.1145
vn -0.9008 -0.4300 -0.0602
vn -0.0254 -0.0086 0.9996
vn 0.8643 -0.4939 -0.0953
vn -0.8309 -0.5559 0.0256
vn -0.7911 0.6117 -0.0000
vn -0.7908 -0.6121 -0.0001
vn 0.7911 -0.6117 -0.0000
vn 0.8231 -0.5669 0.0340
vn 0.7863 -0.6178 0.0047
vn 0.7250 -0.6729 -0.1473
vn 0.0022 0.0030 1.0000
vn -0.0034 -0.0119 -0.9999
vn -0.0000 0.0036 1.0000
vn 0.0048 -0.0065 1.0000
vn 0.0018 -0.0012 -1.0000
vn 0.0045 -0.0088 1.0000
vn 0.0013 0.0077 1.0000
vn -0.0892 -0.0961 -0.9914
vn 0.5841 0.8114 0.0184
vn -0.6802 -0.7330 -0.0055
vn 0.1373 -0.1715 -0.9756
vn 0.6803 -0.7329 -0.0102
vn -0.8072 -0.5903 -0.0092
vn 0.6240 -0.7760 0.0921
vn -0.6014 -0.7507 -0.2733
vn -0.0219 -0.0332 -0.9992
vn 0.5855 -0.8105 0.0149
vn -0.6615 -0.7500 0.0038
vn -0.7250 0.6729 -0.1473
vn -0.5509 -0.8346 -0.0000
vn 0.5617 -0.8274 0.0046
vn 0.5265 -0.8459 -0.0856
vn -0.0078 -0.0175 -0.9998
vn -0.5134 -0.8579 0.0198
vn 0.0006 0.0040 1.0000
vn -0.1443 -0.2267 0.9632
vn -0.0055 0.0018 1.0000
vn -0.0022 -0.0103 -0.9999
vn -0.0019 -0.0098 -1.0000
vn -0.4067 -0.9135 -0.0018
vn 0.4128 -0.9108 -0.0102
vn -0.4052 -0.8871 0.2211
vn 0.3624 -0.9280 0.0864
vn 0.0206 -0.0793 -0.9966
vn 0.0001 -0.0151 0.9999
vn -0.0013 -0.0054 1.0000
vn 0.0007 -0.0238 -0.9997
vn -0.2608 -0.9652 0.0163
vn 0.3676 -0.9300 0.0019
vn -0.1946 -0.9809 -0.0055
vn 0.2516 -0.9678 0.0025
vn 0.2594 -0.9658 -0.0000
vn -0.1035 -0.9946 0.0068
vn -0.0119 -0.9965 0.0830
vn 0.0830 -0.9965 -0.0000
vn 0.0288 -0.9993 -0.0255
vn -0.0292 -0.9845 -0.1732
vn 0.0080 -0.9947 -0.1020
vn 0.0059 -0.9952 -0.0974
vn -0.1778 -0.7048 0.6867
vn 0.0694 -0.9795 0.1890
vn 0.0004 1.0000 0.0001
vn -0.0006 1.0000 -0.0001
vn -0.2713 0.9625 -0.0000
vn -0.2706 0.9627 -0.0001
vn 0.2706 0.9627 -0.0000
vn -0.4329 0.9015 -0.0000
vn 0.4329 0.9015 -0.0000
vn -0.5814 0.8136 -0.0000
vn 0.5814 0.8136 -0.0000
vn -0.7126 0.7015 -0.0000
vn 0.7126 0.7015 -0.0000
vn -0.8226 0.5686 -0.0000
vn 0.8226 0.5686 -0.0000
vn -0.9081 0.4187 -0.0000
vn 0.9081 0.4187 -0.0000
vn -0.9666 0.2563 -0.0000
vn 0.9666 0.2563 -0.0000
vn -0.9963 0.0863 -0.0000
vn 0.9963 0.0863 -0.0000
vn 0.0461 -0.9989 0.0022
vn 0.4714 -0.8819 0.0010
vn 0.2070 -0.9783 -0.0048
vn -0.3949 -0.9187 0.0049
vn 0.7973 -0.6036 0.0014
vn 0.5779 -0.8161 -0.0011
vn -0.7973 -0.6036 0.0018
vn -0.5447 -0.8386 -0.0026
vn 0.8694 -0.4941 -0.0025
vn -0.8357 -0.5491 0.0001
vn 0.9768 -0.2143 -0.0004
vn -0.9211 -0.3894 -0.0005
vn -0.9768 -0.2143 0.0018
vn -0.9989 -0.0478 -0.0025
vn -0.9963 -0.0863 -0.0000
vn 0.9963 -0.0863 -0.0000
vn 0.9768 0.2143 0.0012
vn 0.9841 -0.1775 -0.0015
vn -0.9768 0.2143 -0.0000
vn 0.9715 0.2369 0.0005
vn -0.9570 0.2900 -0.0022
vn 0.8571 0.5151 -0.0013
vn 0.7973 0.6036 0.0008
vn -0.7973 0.6036 0.0017
vn -0.6927 0.7213 -0.0025
vn 0.6428 0.7660 -0.0032
vn 0.4714 0.8819 0.0019
vn -0.4714 0.8819 -0.0001
vn 0.2422 0.9702 -0.0014
vn -0.4125 0.9109 -0.0020
vn -0.0001 0.0001 1.0000
vn 0.1370 0.9906 -0.0000
vn -0.1370 0.9906 0.0008
vn 0.0101 0.9999 -0.0013
vn 0.0001 -0.0000 1.0000
vn -0.0009 0.0002 -1.0000
vn 0.0010 -0.0000 -1.0000
vn -0.9666 -0.2563 -0.0000
vn 0.9666 -0.2563 -0.0000
vn -0.9081 -0.4187 -0.0000
vn 0.9081 -0.4187 -0.0000
vn -0.8226 -0.5686 -0.0000
vn 0.8226 -0.5686 -0.0000
vn -0.7126 -0.7015 -0.0000
vn 0.7126 -0.7015 -0.0000
vn -0.5814 -0.8136 -0.0000
vn 0.5814 -0.8136 -0.0000
vn -0.4329 -0.9015 -0.0000
vn 0.4329 -0.9015 -0.0000
vn -0.2688 -0.9632 0.0002
vn -0.2712 -0.9625 -0.0000
vn 0.2714 -0.9625 -0.0000
vn 0.1019 -0.9948 -0.0000
vn -0.1609 -0.9870 -0.0000
vn -0.0840 -0.9965 -0.0000
vn -0.0070 -0.9999 0.0084
vn 0.0019 -0.9998 0.0196
vn -0.0332 -0.9994 0.0091
vn 0.1086 -0.9928 -0.0495
vn 0.0289 -0.9940 -0.1051
vn 0.0683 -0.9976 0.0083
vn -0.0788 -0.9955 0.0535
vn -0.0545 -0.9977 -0.0401
vn -0.0393 -0.9957 -0.0843
vn -0.0358 -0.9935 0.1078
vn 0.0307 -0.9945 0.0996
vn 0.0222 -0.9942 0.1051
vn -0.0354 -0.9936 0.1076
vn 0.2610 -0.9606 -0.0959
vn 0.1910 -0.9758 0.1069
vn -0.1912 -0.9761 0.1033
vn 0.1892 -0.9759 0.1090
vn -0.1947 -0.9740 0.1156
vn -0.2872 -0.9557 -0.0640
vn -0.1688 -0.9231 -0.3455
vn -0.1673 -0.9237 -0.3445
vn 0.3788 -0.9237 0.0575
vn 0.0529 -0.9900 0.1307
vn -0.0213 0.9997 -0.0081
vn 0.0329 0.9992 -0.0239
vn 0.0111 0.9996 -0.0268
vn 0.1104 0.9930 -0.0425
vn 0.3072 -0.9392 -0.1534
vn 0.1177 -0.9207 -0.3721
vn 0.0082 0.9985 -0.0549
vn 0.3607 -0.9285 0.0887
vn -0.3548 -0.9328 0.0628
vn 0.1695 -0.9743 0.1483
vn -0.0596 -0.9874 0.1463
vn -0.0398 0.9936 0.1060
vn -0.2189 -0.9663 0.1355
vn -0.1515 0.9874 -0.0463
vn -0.1158 0.9880 -0.1024
vn 0.0388 0.9951 -0.0910
vn -0.1641 0.9829 -0.0832
vn 0.0276 0.9931 -0.1141
vn -0.3710 -0.9286 0.0032
vn -0.3407 -0.9084 -0.2422
vn 0.2024 -0.9709 0.1276
vn -0.2169 -0.9649 0.1481
vn -0.1736 -0.9726 0.1547
vn -0.1127 0.9873 -0.1120
vn 0.1384 0.9842 -0.1107
vn 0.2964 -0.8757 -0.3811
vn 0.0698 -0.8991 -0.4322
vn 0.1874 0.9649 0.1837
vn -0.2003 0.9553 0.2174
vn 0.1889 0.9627 0.1940
vn 0.1585 0.9539 0.2547
vn 0.1860 0.9746 -0.1244
vn 0.2118 0.9728 -0.0938
vn 0.4627 -0.8760 0.1364
vn -0.4827 -0.8649 0.1377
vn -0.0583 -0.9875 0.1466
vn 0.0366 -0.9885 0.1468
vn 0.0929 -0.9830 0.1585
vn 0.1699 -0.9737 0.1517
vn -0.2450 0.9694 -0.0128
vn 0.2625 0.9528 -0.1523
vn 0.2586 0.9660 0.0038
vn 0.3435 0.9388 -0.0252
vn 0.1595 0.9527 0.2588
vn 0.0338 0.9922 -0.1204
vn -0.3153 0.9407 -0.1255
vn 0.3789 0.9206 -0.0950
vn -0.4827 -0.8648 0.1381
vn -0.4224 -0.8933 0.1536
vn -0.1511 0.9770 -0.1505
vn -0.0822 0.9788 -0.1878
vn 0.1381 0.9803 -0.1414
vn 0.6284 -0.7445 -0.2256
vn -0.2854 -0.7755 -0.5632
vn 0.3746 -0.9100 0.1780
vn 0.5764 -0.8045 0.1430
vn -0.3684 0.9292 -0.0284
vn -0.3968 0.9166 -0.0497
vn 0.3839 0.9234 0.0037
vn -0.2014 0.9547 0.2189
vn -0.1571 0.6668 0.7285
vn 0.1214 0.9784 0.1674
vn -0.3011 0.9252 0.2309
vn -0.4545 0.8819 0.1249
vn 0.3574 0.9260 0.1218
vn -0.4251 0.8994 -0.1016
vn -0.2609 0.9487 -0.1785
vn 0.1491 0.9778 -0.1472
vn 0.2661 0.9520 -0.1514
vn -0.6696 -0.6846 -0.2881
vn -0.5232 -0.7850 -0.3317
vn -0.6940 -0.7194 -0.0281
vn 0.4475 -0.8787 0.1664
vn 0.4623 -0.6819 -0.5669
vn -0.3244 0.9311 -0.1668
vn 0.1148 0.9793 -0.1667
vn 0.1082 0.9790 -0.1728
vn 0.6945 -0.7183 0.0409
vn -0.7483 -0.6633 0.0077
vn 0.1091 0.9726 0.2051
vn 0.2595 0.8369 0.4819
vn -0.0587 0.9710 0.2317
vn -0.0357 0.7966 0.6035
vn 0.1729 0.6512 0.7389
vn -0.7435 0.6259 0.2354
vn 0.4926 0.8588 -0.1408
vn -0.1342 0.9817 -0.1353
vn 0.4999 0.8494 -0.1688
vn 0.6687 -0.7340 0.1188
vn -0.7292 -0.6739 0.1189
vn 0.2712 0.6724 0.6887
vn 0.4400 -0.8793 0.1821
vn 0.0874 -0.9880 0.1271
vn 0.2863 -0.9418 0.1763
vn -0.2649 -0.9505 0.1622
vn 0.0011 -0.0001 -1.0000
vn -0.0757 -0.9851 0.1545
vn -0.1738 -0.9742 0.1442
vn 0.5897 -0.7897 0.1692
vn -0.5783 -0.7990 0.1649
vn -0.5783 -0.7990 0.1648
vn -0.4311 -0.8854 0.1741
vn -0.2168 0.9575 -0.1903
vn -0.7121 -0.6942 0.1050
vn -0.7002 -0.7013 0.1333
vn -0.5177 -0.6036 -0.6064
vn -0.5506 -0.5433 -0.6338
vn -0.1847 -0.5253 -0.8306
vn 0.4093 -0.9003 0.1485
vn 0.1196 -0.5781 -0.8072
vn 0.7150 -0.5565 -0.4231
vn 0.7337 -0.5616 -0.3824
vn 0.4232 -0.5658 -0.7076
vn 0.2771 -0.5091 -0.8149
vn 0.7053 -0.7081 0.0346
vn 0.3114 -0.9437 0.1115
vn -0.2781 -0.9475 0.1577
vn 0.3262 0.9374 -0.1219
vn -0.6254 0.7648 -0.1550
vn 0.4961 0.8520 -0.1674
vn 0.8636 0.5038 -0.0176
vn 0.8358 0.5481 0.0336
vn 0.8426 0.4196 0.3377
vn 0.5843 0.6753 0.4500
vn 0.5741 0.4700 0.6705
vn 0.4023 0.5203 0.7533
vn -0.1969 0.4872 0.8508
vn -0.4568 0.5250 0.7182
vn -0.4927 0.4957 0.7152
vn -0.6438 0.6097 0.4623
vn -0.8077 0.4551 0.3748
vn 0.8444 -0.5341 0.0416
vn 0.0895 -0.9880 0.1261
vn -0.1580 -0.9829 0.0950
vn 0.0949 0.9888 -0.1150
vn 0.0312 0.9881 -0.1507
vn -0.6272 0.7624 -0.1595
vn 0.1740 -0.9747 0.1406
vn -0.8562 0.5154 -0.0359
vn -0.1775 0.9740 -0.1411
vn -0.0004 0.0005 -1.0000
vn 0.6125 -0.7713 0.1730
vn -0.4576 -0.8731 0.1682
vn 0.8212 0.5597 -0.1116
vn 0.8096 0.5747 -0.1193
vn 0.2267 0.0289 0.9735
vn 0.9863 -0.0269 -0.1629
vn 0.9963 -0.0088 -0.0859
vn 0.0221 -0.9973 0.0704
vn 0.4895 -0.5499 0.6768
vn -0.0860 -0.0193 0.9961
vn 0.2810 -0.9506 0.1319
vn 0.2161 -0.0047 -0.9764
vn 0.8082 -0.5739 0.1324
vn 0.7747 -0.6165 0.1407
vn -0.1968 0.9686 -0.1522
vn 0.3109 0.9437 -0.1133
vn 0.0331 -0.0324 -0.9989
vn -0.2332 -0.9640 0.1280
vn 0.0851 -0.9357 0.3424
vn 0.3340 -0.9426 -0.0013
vn -0.8099 0.0446 0.5849
vn -0.3604 0.9229 -0.1356
vn -0.9969 -0.0340 0.0713
vn -0.4311 0.8879 -0.1603
vn 0.3232 -0.9442 0.0632
vn -0.8127 0.0345 -0.5817
vn -0.4391 0.8830 -0.1658
vn -0.2431 -0.9626 0.1191
vn 0.4587 0.8636 -0.2092
vn -0.8076 -0.4232 -0.4108
vn -0.7427 -0.3481 -0.5720
vn -0.0429 -0.4796 -0.8764
vn -0.8844 -0.4667 0.0033
vn -0.5882 -0.7914 0.1663
vn -0.0010 0.0014 1.0000
vn -0.4110 -0.9021 0.1318
vn 0.1433 -0.8940 0.4245
vn 0.8605 0.3764 0.3433
vn -0.9644 0.0186 -0.2638
vn -0.2067 0.5298 0.8226
vn -0.8730 0.4877 -0.0104
vn -0.8241 0.4223 0.3776
vn -0.9798 -0.0349 0.1971
vn -0.7382 -0.6582 0.1477
vn -0.7155 -0.6805 0.1580
vn -0.1424 0.9823 -0.1214
vn -0.5167 0.8302 -0.2091
vn -0.4436 -0.8901 0.1049
vn 0.0518 0.9986 -0.0143
vn 0.9136 -0.4060 0.0212
vn 0.9356 -0.3473 0.0637
vn -0.8885 0.0265 0.4581
vn 0.2510 0.9570 -0.1454
vn 0.9260 -0.3666 0.0898
vn -0.8684 -0.4957 -0.0139
vn -0.9017 -0.4208 0.0995
vn 0.0002 0.0002 1.0000
vn -0.3814 0.9124 -0.1486
vn 0.1938 -0.9786 0.0689
vn 0.7165 0.6764 -0.1706
vn 0.8086 0.5743 -0.1281
vn -0.1872 0.9790 -0.0810
vn 0.0135 -0.0169 0.9998
vn 0.5216 -0.8372 0.1647
vn 0.5972 -0.7900 0.1392
vn -0.8424 0.5309 -0.0918
vn -0.8704 0.4807 -0.1067
vn 0.2004 0.0328 0.9792
vn -0.3938 0.9103 0.1276
vn 0.2835 0.9465 -0.1545
vn -0.8903 -0.4464 0.0906
vn -0.8758 -0.4661 0.1250
vn -0.3027 0.9455 -0.1201
vn 0.7466 -0.0044 0.6652
vn 0.3274 -0.9096 0.2559
vn 0.0003 0.0002 1.0000
vn -0.1741 -0.4857 0.8566
vn -0.2742 0.9492 -0.1545
vn 0.9997 -0.0104 0.0213
vn 0.9739 0.0383 0.2238
vn -0.1974 -0.5476 0.8131
vn 0.9470 -0.3080 -0.0912
vn 0.9306 -0.2795 -0.2365
vn 0.5255 -0.8415 0.1258
vn -0.5896 -0.7987 0.1201
vn -0.7942 -0.6017 0.0848
vn -0.4571 -0.3117 -0.8330
vn -0.4357 -0.2929 -0.8511
vn -0.9142 -0.2810 -0.2919
vn -0.7577 -0.2320 -0.6100
vn 0.4792 -0.8734 0.0863
vn 0.3663 -0.8910 0.2683
vn -0.7240 0.6829 -0.0975
vn 0.7141 0.6925 -0.1027
vn -0.8416 0.5218 -0.1394
vn 0.1386 0.3040 0.9425
vn 0.0826 0.2877 0.9541
vn 0.9774 0.1809 0.1093
vn 0.9442 0.2235 0.2419
vn -0.5994 0.2344 0.7653
vn -0.6727 0.1999 0.7124
vn -0.2852 0.2471 0.9261
vn -0.9474 0.3159 0.0510
vn -0.9433 0.3295 0.0404
vn -0.8416 0.3426 0.4176
vn 0.3698 0.9291 0.0068
vn 0.0012 -0.0006 1.0000
vn -0.4601 0.8877 -0.0177
vn 0.7434 -0.6506 0.1550
vn -0.5153 0.8566 0.0266
vn 0.5131 0.8430 -0.1614
vn 0.9363 0.3511 -0.0084
vn -0.9581 0.2729 -0.0870
vn 0.9638 0.2477 -0.0989
vn -0.6621 0.7479 -0.0480
vn -0.6086 0.7847 -0.1182
vn 0.6438 0.7621 -0.0688
vn 0.9387 -0.2255 -0.2608
vn 0.6384 -0.7568 0.1403
vn 0.7296 -0.6737 0.1175
vn -0.6185 -0.7748 0.1306
vn -0.4572 -0.8815 0.1179
vn 0.6439 -0.7629 0.0571
vn -0.6233 -0.7715 0.1279
vn 0.8693 -0.4788 0.1227
vn -0.5484 -0.8351 0.0434
vn -0.9218 0.3800 -0.0765
vn 0.9168 0.3853 -0.1048
vn 0.9260 0.3703 -0.0729
vn -0.7297 0.6760 -0.1030
vn -0.7723 -0.1740 -0.6109
vn -0.4950 0.8659 -0.0714
vn -0.9800 -0.1878 0.0658
vn -0.8413 0.5223 -0.1393
vn -0.9211 0.3798 -0.0862
vn 0.8629 0.4967 -0.0937
vn 0.7427 0.6583 -0.1226
vn 0.8195 -0.5616 0.1142
vn 0.8369 -0.5373 0.1045
vn -0.8147 -0.5696 0.1091
vn 0.6915 0.0970 0.7159
vn 0.3314 0.2832 0.9000
vn 0.2425 0.2418 0.9395
vn -0.8117 -0.5733 0.1120
vn 0.1332 -0.2366 0.9624
vn -0.0003 0.0005 -1.0000
vn 0.9163 -0.0964 -0.3887
vn 0.0025 0.0018 1.0000
vn 0.7346 -0.6749 0.0698
vn 0.7364 -0.6733 0.0666
vn -0.7456 -0.6641 0.0549
vn -0.7403 -0.6689 0.0668
vn -0.9775 0.1999 -0.0674
vn 0.9735 0.2203 -0.0613
vn 0.8284 -0.5502 0.1056
vn 0.7217 0.6378 0.2690
vn -0.9621 0.2716 -0.0267
vn 0.9724 0.2213 -0.0739
vn 0.8287 -0.5587 0.0327
vn -0.9541 0.2909 -0.0716
vn 0.9157 0.3990 -0.0484
vn 0.0001 0.0003 1.0000
vn -0.0461 -0.1420 -0.9888
vn -0.9949 -0.0969 -0.0294
vn -0.9494 -0.1227 -0.2891
vn 0.6296 0.7724 -0.0836
vn 0.0001 0.0004 -1.0000
vn 0.9394 -0.3301 0.0922
vn 0.9548 -0.2950 0.0370
vn 0.1369 0.0227 0.9903
vn 0.8916 0.4499 -0.0510
vn 0.3307 -0.0745 -0.9408
vn 0.3286 -0.0712 -0.9418
vn 0.0740 -0.0334 -0.9967
vn -0.9007 0.0414 0.4324
vn 0.7757 0.1407 0.6152
vn 0.6389 0.2003 0.7428
vn 0.6233 0.0350 0.7812
vn -0.5510 0.1736 0.8163
vn -0.4051 0.1485 0.9022
vn -0.3544 0.0150 0.9350
vn -0.1660 0.0067 0.9861
vn 0.2373 0.0595 0.9696
vn 0.3059 -0.0835 0.9484
vn -0.1477 0.1385 0.9793
vn 0.0812 -0.0000 0.9967
vn 0.0541 0.0304 0.9981
vn 0.0441 0.2227 0.9739
vn -0.1617 -0.0000 0.9868
vn -0.9815 0.1805 0.0644
vn 0.9448 0.3264 0.0266
vn 0.9953 0.0757 0.0602
vn -0.9938 0.0244 0.1081
vn -0.8769 0.2668 0.3998
vn 0.9274 -0.0623 0.3689
vn -0.9449 -0.0786 0.3178
vn 0.8050 0.0512 0.5910
vn 0.9947 0.1000 -0.0233
vn -0.9976 0.0573 0.0401
vn -0.9747 0.2235 0.0022
vn -0.0000 0.0001 1.0000
vn -0.6929 0.7199 -0.0397
vn -0.7201 0.6937 -0.0106
vn -0.9989 0.0454 -0.0072
vn -0.8592 0.5015 -0.1016
vn 0.7378 0.6629 -0.1274
vn 0.9955 -0.0892 0.0317
vn -0.9979 -0.0643 0.0097
vn 0.7424 -0.6651 0.0801
vn -0.7466 -0.6612 0.0740
vn -0.9402 0.3341 -0.0663
vn 0.1494 -0.9715 0.1838
vn 0.2192 -0.2228 0.9499
vn 0.9918 0.1271 0.0152
vn 0.0004 -0.0008 -1.0000
vn -0.0011 -0.0002 -1.0000
vn -0.9933 -0.0399 -0.1080
vn 0.9459 -0.2695 -0.1806
vn 0.0023 -1.0000 0.0005
vn -0.0017 -1.0000 0.0006
vn -0.0005 -1.0000 0.0003
vn -0.6659 0.3933 -0.6339
vn 0.9076 -0.0000 -0.4199
vn 0.9083 0.0142 -0.4182
vn 0.0014 -1.0000 -0.0007
vn -0.8796 0.3554 -0.3161
vn -0.8096 -0.1388 -0.5704
vn -0.9140 0.2640 -0.3080
vn -0.2011 -0.9795 0.0097
vn -0.0015 -1.0000 -0.0002
vn 0.2173 0.9644 0.1508
vn -0.0066 -0.9998 0.0192
vn -0.2896 -0.6073 -0.7398
vn 0.1811 -0.8764 -0.4463
vn -0.0375 -0.9956 0.0855
vn 0.0234 -0.9207 0.3895
vn -0.0042 -0.9951 0.0989
vn 0.4119 -0.0594 -0.9093
vn 0.5797 -0.4160 -0.7007
vn 0.6890 -0.0000 -0.7247
vn -0.5308 -0.4300 -0.7303
vn 0.0718 0.8861 -0.4580
vn -0.1086 0.9683 0.2251
vn 0.1455 -0.7282 -0.6698
vn -0.0185 -0.9822 0.1870
vn -0.2367 0.6914 -0.6826
vn 0.1921 0.6761 -0.7113
vn 0.0617 0.7635 0.6428
vn -0.1485 0.8377 -0.5255
vn 0.1485 0.8377 0.5255
vn 0.8836 0.4667 -0.0392
vn -0.3984 -0.0087 -0.9172
vn 0.6183 -0.1646 -0.7685
vn 0.7465 -0.0791 -0.6607
vn -0.0461 -0.9111 0.4096
vn -0.4309 -0.9018 0.0329
vn -0.9238 -0.0045 -0.3828
vn -0.0092 -0.8551 0.5184
vn 0.9899 -0.1332 0.0497
vn 0.3015 -0.3177 0.8990
vn 0.2872 0.7059 0.6474
vn -0.9781 -0.1998 0.0577
vn -0.9599 -0.2606 0.1031
vn 0.9938 -0.1110 0.0096
vn -0.9787 0.2050 -0.0131
vn 0.9795 0.2009 -0.0177
vn 0.6511 0.7590 0.0068
vn -0.1738 -0.9527 0.2494
vn 0.7578 -0.0552 -0.6501
vn -0.0000 -0.0002 -1.0000
vn -0.5822 0.8083 0.0878
vn 0.8170 0.0912 0.5694
vn -0.4850 0.2664 -0.8330
vn 0.9896 0.1278 0.0654
vn 0.0101 -0.8307 0.5566
vn 0.0053 -0.8270 0.5622
vn 0.0377 -0.8005 0.5981
vn -0.2248 0.9724 -0.0626
vn -0.4385 0.8987 -0.0000
vn -0.0592 -0.6738 0.7365
vn 0.0513 0.9986 -0.0114
vn -0.3363 0.8386 0.4285
vn -0.4881 0.6742 -0.5543
vn 0.3344 0.6993 -0.6318
vn 0.5343 0.8453 -0.0000
vn -0.2498 0.6341 0.7318
vn -0.0057 0.9998 0.0177
vn 0.0545 0.9645 -0.2584
vn 0.0796 0.9931 -0.0866
vn -0.3682 0.9055 0.2111
vn 0.1834 0.9830 0.0032
vn -0.0256 -0.9992 0.0312
vn 0.0365 -0.9917 0.1232
vn 0.6328 -0.4175 0.6521
vn -0.7618 -0.1717 0.6247
vn -0.3842 -0.7863 0.4839
vn -0.0596 0.9945 -0.0860
vn 0.0171 -0.9996 0.0217
vn 0.0091 -0.9986 -0.0530
vn 0.4676 0.6683 -0.5786
vn 0.0031 -0.9983 0.0576
vn 0.3513 0.9349 -0.0506
vn 0.6174 0.7550 -0.2208
vn 0.3298 0.9384 -0.1028
vn 0.1802 0.9834 -0.0196
vn 0.2278 0.9735 -0.0186
vn 0.8381 0.2842 0.4656
vn -0.2262 0.9699 -0.0906
vn 0.1437 0.9896 0.0018
vn -0.0025 1.0000 0.0022
vn 0.0009 1.0000 -0.0011
vn 0.0120 -0.9999 -0.0056
vn 0.0064 1.0000 -0.0011
vn 0.0005 0.9927 -0.1208
vn -0.0761 0.8020 -0.5924
vn -0.0637 0.9868 -0.1486
vn 0.8980 -0.4389 0.0317
vn -0.8834 -0.4686 0.0027
vn -0.9604 -0.2747 0.0469
vn -0.8530 -0.5213 -0.0254
vn 0.8441 -0.5362 0.0040
vn -0.8500 -0.5256 0.0349
vn -0.0000 -0.0018 1.0000
vn 0.0004 -0.0008 1.0000
vn 0.0608 -0.9934 -0.0973
vn -0.0849 -0.9867 0.1386
vn -0.0001 1.0000 -0.0048
vn -0.0057 0.9955 -0.0950
vn 0.0031 0.9782 -0.2076
vn 0.0041 0.9811 -0.1937
vn 0.2709 -0.6765 0.6848
vn 0.0312 -0.6152 0.7877
vn -0.6615 -0.3489 0.6639
vn -0.0129 0.9947 -0.1022
vn -0.8046 0.5935 -0.0195
vn 0.1008 -0.0642 0.9928
vn -0.5251 -0.8281 0.1963
vn 0.0017 0.8499 -0.5269
vn -0.0134 0.7798 -0.6259
vn 0.0032 0.8376 -0.5463
vn -0.0492 0.9986 -0.0201
vn 0.1840 0.9775 -0.1034
vn -0.0231 0.9891 -0.1457
vn 0.4758 0.7226 -0.5014
vn -0.2164 0.9394 -0.2659
vn 0.1036 -0.0619 0.9927
vn -0.1545 0.9207 -0.3583
vn 0.5811 0.3430 -0.7380
vn 0.0290 -0.0502 0.9983
vn 0.0007 -0.0020 1.0000
vn 0.3514 -0.9350 0.0476
vn -0.3619 -0.9322 0.0009
vn -0.5052 0.8037 0.3143
vn -0.4910 0.7966 0.3527
vn 0.8618 0.5067 0.0250
vn -0.8488 0.5284 -0.0144
vn 0.8964 -0.4433 0.0023
vn 0.8099 0.5864 0.0109
vn -0.0002 0.0003 1.0000
vn 0.9181 -0.3423 0.1999
vn -0.8659 -0.0663 -0.4958
vn -0.7009 -0.6008 0.3844
vn 0.3533 0.8701 -0.3436
vn -0.0000 0.9894 -0.1449
vn -0.0204 -0.6893 0.7242
vn -0.0028 0.6367 -0.7711
vn 0.0028 0.6596 -0.7516
vn -0.3453 0.9338 0.0937
vn 0.2626 0.9644 0.0329
vn -0.5374 0.5923 -0.6003
vn 0.0585 0.6613 -0.7478
vn 0.2602 -0.9421 0.2114
vn 0.0246 0.5893 -0.8076
vn 0.0001 0.0001 -1.0000
vn 0.0001 0.0001 1.0000
vn -0.8677 0.4970 0.0131
vn -0.8253 0.5647 0.0040
vn 0.3031 0.9452 0.1214
vn 0.9379 -0.3458 -0.0265
vn 0.9285 -0.3714 -0.0019
vn -0.9399 -0.3412 -0.0100
vn 0.8149 0.2787 -0.5082
vn -0.6233 0.6472 0.4389
vn 0.0076 -0.3394 0.9406
vn -0.3233 0.9459 0.0280
vn -0.5755 -0.8111 -0.1040
vn -0.0004 -0.0002 1.0000
vn 0.8821 -0.4705 -0.0234
vn 0.8822 -0.4279 0.1964
vn -0.2241 0.9230 -0.3128
vn -0.0094 0.4807 -0.8768
vn 0.0089 0.4008 -0.9161
vn -0.0021 0.3761 -0.9266
vn 0.4717 0.4144 0.7783
vn -0.9692 0.0938 0.2278
vn 0.9503 -0.3112 -0.0050
vn 0.5771 0.8083 -0.1169
vn -0.7276 0.6843 -0.0481
vn 0.6577 0.7456 -0.1071
vn 0.8491 -0.0555 -0.5254
vn -0.5660 0.3291 -0.7559
vn 0.5007 -0.8656 -0.0017
vn 0.4702 0.8752 0.1137
vn -0.5000 -0.8660 -0.0001
vn -0.1355 0.0723 0.9881
vn 0.4999 -0.8661 0.0001
vn -0.5000 -0.8661 0.0001
vn 0.5016 -0.8651 -0.0018
vn -0.5000 -0.8660 -0.0000
vn 0.5000 -0.8660 -0.0000
vn 0.0002 -0.0003 -1.0000
vn -0.8393 0.5436 0.0041
vn 0.5005 -0.8657 0.0043
vn -0.5008 -0.8655 -0.0006
vn 0.0009 -0.0037 -1.0000
vn 0.5129 -0.8584 -0.0098
vn 0.0069 0.0040 1.0000
vn -0.0335 0.0598 0.9977
vn 0.0039 0.0057 1.0000
vn -0.9082 0.1925 -0.3717
vn 0.5001 -0.8660 -0.0000
vn -0.6554 -0.6374 -0.4053
vn -0.0061 -0.0593 0.9982
vn 0.6354 0.7719 0.0209
vn -0.4999 0.8661 0.0001
vn 0.4999 0.8661 -0.0002
vn -0.4999 0.8661 -0.0000
vn 0.5000 0.8660 -0.0000
vn -0.8709 -0.4907 -0.0284
vn -0.8116 -0.1301 -0.5696
vn 0.9279 0.3723 0.0200
vn -0.5000 0.8660 -0.0000
vn -0.9417 0.3359 0.0199
vn -0.1659 0.2059 -0.9644
vn -0.9357 0.3521 0.0215
vn -0.0047 0.0501 -0.9987
vn 0.0243 0.2096 -0.9775
vn -0.9350 -0.3538 -0.0224
vn -0.0003 0.0002 -1.0000
vn -0.4999 0.8661 -0.0001
vn 0.9695 -0.0366 0.2424
vn -0.9235 0.2203 0.3140
vn 0.4999 0.8661 0.0002
vn -0.7024 0.5800 -0.4126
vn -0.6715 0.6804 0.2936
vn 0.5208 0.5800 -0.6264
vn 0.7237 0.6901 -0.0000
vn -0.0000 0.0002 1.0000
vn -0.4995 -0.8663 0.0004
vn 0.7468 0.4176 0.5176
vn 0.0005 -0.0180 0.9998
vn 0.0330 -0.0384 0.9987
vn 0.7021 -0.6769 0.2211
vn -0.8048 -0.5804 0.1241
vn -0.6342 0.7392 -0.2267
vn -0.9595 0.2742 0.0650
vn 0.0029 0.0045 -1.0000
vn 0.9584 0.2801 0.0550
vn -0.0000 -0.0002 1.0000
vn -0.8870 -0.0454 0.4596
vn 0.8808 0.1559 -0.4470
vn 0.8346 0.0090 -0.5508
vn 0.0652 0.0863 -0.9941
vn -0.0071 -0.0024 -1.0000
vn -0.5102 -0.0067 -0.8600
vn 0.7478 0.6639 -0.0000
vn -0.0012 -0.0002 -1.0000
vn 0.7049 0.6761 -0.2144
vn 0.4995 0.8663 -0.0001
vn -0.9480 -0.3092 0.0752
vn -0.5003 0.8659 0.0002
vn -0.7592 0.6313 0.1583
vn 0.6864 0.6983 0.2031
vn -0.9354 0.3524 0.0293
vn -0.9670 0.2213 -0.1265
vn 0.9459 0.3243 -0.0027
vn 0.6073 0.6046 0.5155
vn 0.0001 -0.0001 1.0000
vn 0.9619 -0.2701 -0.0423
vn 0.9598 -0.2757 -0.0516
vn 0.9193 -0.3926 -0.0253
vn -0.2622 -0.0751 0.9621
vn 0.5423 -0.8062 0.2363
vn 0.0535 0.1077 0.9927
vn -0.0001 0.0002 -1.0000
vn -0.7457 0.6607 0.0862
vn 0.9350 0.1066 0.3384
vn -0.9430 0.3316 -0.0286
vn -0.9741 0.1956 -0.1139
vn -0.5248 -0.8461 -0.0933
vn -0.5014 -0.8652 -0.0001
vn -0.4998 -0.8661 -0.0000
vn -0.4995 -0.8663 -0.0000
vn 0.5015 -0.8652 -0.0001
vn 0.4999 -0.8661 -0.0000
vn -0.8734 0.4857 -0.0352
vn 0.8276 0.5612 0.0082
vn -0.8660 0.5000 -0.0005
vn -0.8700 0.4930 -0.0000
vn -0.6419 0.7613 -0.0920
vn 0.8638 0.5038 -0.0000
vn 0.8660 0.5000 -0.0003
vn 0.9087 -0.0161 -0.4171
vn 0.7978 -0.5456 -0.2565
vn 0.8950 -0.4434 0.0484
vn 0.7427 0.0803 0.6648
vn 0.8275 0.0044 -0.5614
vn -0.4809 -0.0196 0.8766
vn 0.0676 -0.0354 0.9971
vn 0.5006 0.8657 -0.0000
vn 0.6197 0.7819 -0.0687
vn -0.9640 0.2599 -0.0560
vn 0.4995 0.8663 -0.0000
vn -0.4988 -0.8667 0.0001
vn -0.5002 0.8659 -0.0000
vn -0.5001 0.8660 -0.0000
vn 0.9316 0.3471 -0.1079
vn 0.9438 0.3305 -0.0000
vn -0.9152 0.4030 -0.0000
vn -0.9217 0.3465 -0.1742
vn 0.4999 0.8661 -0.0000
vn 0.8301 0.3771 0.4108
vn -0.9230 0.3056 -0.2338
vn -0.0006 0.0001 -1.0000
vn 0.9717 0.2323 0.0422
vn -0.9749 0.2076 0.0798
vn 0.8510 0.3227 -0.4143
vn -0.0011 -0.0004 1.0000
vn 0.0066 -0.0013 -1.0000
vn -0.8310 -0.0002 0.5563
vn -0.9759 -0.2094 -0.0608
vn -0.8859 0.4639 0.0010
vn 0.9058 -0.0312 -0.4226
vn -0.8924 0.0329 -0.4500
vn -0.9744 -0.2161 -0.0626
vn 0.9740 -0.2209 -0.0494
vn 0.9834 0.1749 0.0488
vn 0.9931 -0.0889 -0.0769
vn 0.8406 0.2706 0.4691
vn -0.8299 -0.0031 -0.5579
vn -0.8462 -0.0241 -0.5324
vn -0.6291 0.0083 -0.7773
vn -0.9775 0.1917 0.0881
vn 0.9189 0.2506 -0.3046
vn 0.2742 -0.0238 0.9614
vn 0.7864 0.3186 0.5292
vn -0.9236 0.3135 0.2206
vn -0.9692 0.2462 -0.0005
vn -0.9284 -0.3244 -0.1813
vn 0.8986 0.3581 0.2534
vn -0.9788 0.1961 0.0600
vn -0.0001 -0.0001 1.0000
vn 0.9894 -0.1259 -0.0729
vn -0.9888 0.1287 0.0755
vn 0.9704 -0.2225 0.0935
vn 0.7588 -0.0448 0.6498
vn -0.8022 -0.1723 0.5717
vn -0.8953 -0.2312 0.3807
vn -0.9018 -0.0214 -0.4317
vn 0.9912 0.0908 0.0959
vn -0.0070 -0.0003 1.0000
vn 0.9914 -0.1283 0.0269
vn 0.9899 -0.1214 -0.0733
vn 0.9844 -0.1392 -0.1080
vn -0.9940 -0.0892 -0.0638
vn 0.7872 0.0956 0.6093
vn -0.0007 -0.0001 1.0000
vn 0.0028 0.0005 1.0000
vn -0.0012 -0.0003 1.0000
vn 0.9801 0.1984 -0.0000
vn 0.0165 0.0024 -0.9999
vn -0.9955 -0.0753 -0.0576
vn 0.9909 -0.0795 0.1089
vn 0.0002 -0.0005 -1.0000
vn -0.9006 -0.0279 -0.4338
vn -0.9131 0.0576 0.4036
vn -0.9939 0.1046 0.0347
vn 0.8556 0.0009 0.5176
vn -0.9866 0.1372 -0.0881
vn -0.0003 -0.0002 -1.0000
vn -0.0004 0.0001 -1.0000
vn -0.0003 0.0001 -1.0000
vn 0.9159 0.0262 0.4005
vn 0.9842 -0.1755 -0.0252
vn -0.9988 0.0481 0.0030
vn 0.1233 -0.1759 0.9766
vn 0.9836 0.1724 0.0531
vn 0.9963 0.0562 0.0657
vn 0.0002 -0.0000 -1.0000
vn 0.8735 -0.0004 0.4868
vn -0.2655 -0.1059 0.9583
vn -0.7710 0.1693 -0.6140
vn 0.0001 -0.0002 -1.0000
vn 0.0005 -0.0002 1.0000
vn -0.0037 0.0007 -1.0000
vn -0.3426 -0.0416 -0.9386
vn 0.0020 0.0007 -1.0000
vn 0.0026 -0.9973 -0.0739
vn -0.0273 -0.9751 -0.2201
vn -0.8860 -0.1786 -0.4280
vn 0.0039 -0.9699 -0.2435
vn -0.0106 -0.9607 0.2775
vn 0.0308 -0.8931 0.4487
vn 0.9995 0.0215 -0.0214
vn 0.7044 -0.3069 -0.6400
vn 0.0155 -0.9343 0.3562
vn -0.9983 -0.0424 -0.0411
vn 0.9981 0.0087 -0.0605
vn -0.9959 -0.0551 -0.0719
vn -0.0395 -0.6675 0.7435
vn -0.9996 0.0137 -0.0255
vn 0.8808 -0.3383 -0.3313
vn -0.8426 0.5201 0.1394
vn -0.0222 0.9657 0.2588
vn -0.0085 0.9901 0.1401
vn -0.0138 0.9548 0.2969
vn -0.9534 0.2133 -0.2133
vn -0.0061 0.7071 -0.7071
vn 0.1443 0.6047 0.7833
vn 0.0045 0.6905 0.7233
vn 0.0353 0.5038 -0.8631
vn 0.0536 -0.3033 0.9514
vn -0.0282 0.2971 0.9544
vn -0.8928 0.0119 0.4504
vn -0.9987 0.0342 0.0389
vn -0.9744 0.1514 0.1664
vn 0.8991 0.0055 -0.4377
vn 0.8877 -0.0207 0.4599
vn -0.9996 0.0021 0.0266
vn -1.0000 0.0009 -0.0000
vn 1.0000 0.0001 -0.0000
vn 1.0000 -0.0000 -0.0020
vn -0.0002 -0.0000 1.0000
vn -0.0075 -0.0000 -1.0000
vn 0.0045 -0.0011 -1.0000
vn 0.0147 -0.0000 -0.9999
vn -0.2656 0.8791 0.3957
vn 0.7908 0.6040 0.0990
vn 0.4049 0.0485 0.9131
vn -0.9926 0.0064 0.1216
vn -1.0000 -0.0000 -0.0018
vn 1.0000 0.0073 -0.0020
vn 0.0008 0.0001 1.0000
vn -0.0348 0.0630 0.9974
vn 0.0150 0.1994 0.9798
vn 0.9995 0.0020 -0.0303
vn 0.9292 -0.0322 -0.3682
vn -0.5710 0.4073 -0.7128
vn -1.0000 -0.0000 -0.0072
vn 0.0095 0.0150 -0.9998
vn 0.0076 0.0223 -0.9997
vn -0.9477 -0.1103 -0.2996
vn -0.0640 -0.4055 -0.9118
vn 0.0070 -0.1697 0.9855
vn 0.0303 -0.3475 0.9372
vn -0.8436 0.0185 0.5367
vn -0.5058 -0.0345 0.8619
vn -0.9952 0.0178 -0.0960
vn 0.9990 -0.0252 0.0359
vn -0.9989 -0.0256 -0.0391
vn 0.9993 -0.0341 -0.0158
vn -0.7011 0.5923 -0.3971
vn -0.0291 -0.8466 0.5315
vn 0.9992 -0.0215 -0.0333
vn -0.0481 0.6616 0.7483
vn -1.0000 0.0014 0.0094
vn -0.7258 0.4572 -0.5139
vn 1.0000 0.0006 -0.0007
vn 0.0057 -0.9942 -0.1076
vn -0.0090 -0.9853 -0.1706
vn 0.9952 0.0834 -0.0509
vn -0.9995 0.0130 0.0281
vn 0.0822 -0.9797 -0.1826
vn -0.9043 -0.0069 -0.4267
vn -0.9906 0.0682 -0.1188
vn 0.9402 0.0240 0.3399
vn 0.9836 -0.1795 0.0156
vn 0.0553 0.9141 0.4017
vn -0.9747 0.1643 0.1516
vn -0.1478 0.0148 0.9889
vn -0.0117 0.0087 0.9999
vn 0.0012 -0.0001 1.0000
vn -0.0139 -0.9594 0.2817
vn 1.0000 -0.0000 -0.0085
vn 0.0006 -0.0000 1.0000
vn -0.0004 -0.0001 1.0000
vn 0.0002 -0.0000 1.0000
vn 0.0010 0.0013 1.0000
vn 0.0149 0.9610 -0.2761
vn 0.0384 0.9064 0.4207
vn -0.0442 0.9934 -0.1061
vn 0.9952 0.0835 -0.0509
vn -0.9947 0.0887 -0.0526
vn -0.9889 0.1284 -0.0745
vn -0.0310 0.9970 0.0708
vn 0.8074 -0.0336 -0.5891
vn 0.9879 -0.1534 -0.0235
vn 0.9916 0.1176 -0.0543
vn -0.9914 0.1269 -0.0327
vn -0.8989 -0.0305 0.4370
vn -0.9471 -0.2006 0.2506
vn 0.9757 -0.2171 0.0284
vn 0.9806 -0.1952 0.0206
vn -0.0002 0.0001 -1.0000
vn 0.0035 0.0108 0.9999
vn 0.5448 -0.0048 -0.8385
vn 0.8558 0.0025 0.5173
vn 0.9105 0.0074 0.4135
vn 0.8946 -0.0107 -0.4467
vn -0.9145 0.0473 0.4017
vn 0.9851 0.1579 -0.0676
vn 0.9714 0.2359 -0.0271
vn 0.9711 0.2358 -0.0367
vn 0.9482 0.3171 0.0198
vn -0.8928 0.0114 -0.4503
vn 0.7257 0.0211 0.6877
vn 0.1251 0.0575 0.9905
vn -0.9620 -0.2731 0.0022
vn -0.9758 -0.2139 0.0450
vn 0.9687 -0.2424 0.0534
vn -0.1983 0.0490 0.9789
vn -0.9686 0.2468 -0.0304
vn -0.5929 -0.2706 -0.7585
vn -0.7177 -0.0371 -0.6954
vn -0.1558 0.0741 0.9850
vn 0.9474 -0.3194 0.0213
vn 0.9004 -0.4335 -0.0373
vn -0.9208 0.3899 -0.0082
vn -0.0052 -0.0074 -1.0000
vn -0.8744 -0.4824 -0.0518
vn -0.0990 0.0517 0.9937
vn 0.0662 0.0058 0.9978
vn 0.9231 -0.3843 -0.0114
vn 0.9287 0.3708 -0.0045
vn 0.9113 -0.4051 -0.0738
vn -0.9356 -0.3528 0.0165
vn -0.8559 -0.3062 -0.4167
vn -0.0070 -0.1100 -0.9939
vn 0.0024 -0.1300 -0.9915
vn 0.6177 0.0140 -0.7863
vn 0.0017 0.0660 0.9978
vn 0.0153 -0.1041 -0.9944
vn -0.4705 -0.0451 0.8813
vn 0.7249 0.1195 0.6784
vn 0.2330 -0.0299 -0.9720
vn -0.7956 0.1244 0.5929
vn -0.0225 -0.0020 -0.9997
vn 0.8950 0.1572 0.4174
vn -0.8295 0.2025 0.5205
vn -0.8869 -0.4618 -0.0122
vn 0.8673 -0.4975 0.0167
vn -0.9205 0.3907 -0.0082
vn 0.9022 0.4311 -0.0094
vn 0.9010 -0.4064 -0.1518
vn 0.8752 0.4797 0.0624
vn -0.8267 -0.1301 -0.5474
vn 0.1556 -0.0011 0.9878
vn 0.7612 0.5382 0.3619
vn -0.8702 -0.4927 -0.0083
vn 0.8673 -0.4975 -0.0160
vn 0.0337 0.4869 0.8728
vn -0.0432 -0.5109 -0.8585
vn -0.9084 -0.4179 -0.0149
vn 0.0066 0.3230 0.9464
vn 0.0637 -0.1257 0.9900
vn 0.9100 0.4144 0.0131
vn 0.1330 -0.0884 0.9872
vn -0.5330 -0.8405 -0.0972
vn 0.3909 -0.6384 -0.6631
vn 0.5840 -0.7190 -0.3769
vn -0.1407 -0.0637 -0.9880
vn -0.8469 0.5316 0.0092
vn 0.8406 0.5415 0.0135
vn 0.0758 0.9739 0.2139
vn -0.2291 0.8683 -0.4401
vn 0.9004 -0.4345 -0.0233
vn 0.0625 -0.7178 -0.6935
vn 0.0018 -0.6640 -0.7477
vn -0.0092 -0.6325 -0.7745
vn -0.0077 -0.6277 -0.7784
vn -0.8408 -0.5407 0.0280
vn 0.4677 -0.5724 -0.6735
vn 0.0606 -0.7137 -0.6978
vn -0.8290 0.2040 0.5207
vn -0.7097 0.0341 -0.7037
vn -0.1737 -0.8774 -0.4473
vn -0.0869 -0.9126 0.3996
vn 0.7978 -0.5889 -0.1294
vn -0.8265 -0.5622 -0.0278
vn -0.8770 -0.4803 -0.0122
vn -0.8530 -0.5215 -0.0228
vn -0.0265 -0.8906 -0.4540
vn 0.2683 0.7838 0.5601
vn -0.0080 0.7725 0.6349
vn -0.0084 0.7723 0.6352
vn 0.0120 -0.9030 -0.4294
vn 0.0145 -0.9067 -0.4215
vn -0.0096 -0.9639 -0.2659
vn 0.0845 0.5855 -0.8063
vn -0.1326 -0.6755 -0.7254
vn 0.7034 -0.7056 0.0859
vn -0.1274 -0.0696 -0.9894
vn 0.8637 -0.5023 -0.0402
vn 0.8418 -0.5393 -0.0254
vn 0.2167 0.4896 -0.8446
vn -0.0265 -0.9974 -0.0666
vn 0.0987 -0.9911 -0.0889
vn 0.0122 -0.9281 -0.3722
vn 0.0227 -0.2731 -0.9617
vn 0.0806 -0.3822 -0.9206
vn 0.0003 -0.1926 -0.9813
vn -0.0149 -0.0815 -0.9966
vn 0.0007 -0.0400 -0.9992
vn 0.0465 -0.4574 -0.8880
vn -0.8296 0.5578 0.0236
vn -0.8085 0.5882 0.0171
vn 0.8458 0.5333 0.0146
vn 0.7895 0.6134 0.0213
vn -0.8334 0.5526 0.0074
vn -0.8859 0.4627 0.0327
vn 0.8457 0.5334 0.0147
vn -0.8993 0.4359 0.0361
vn -0.0050 -0.1202 0.9927
vn -0.8563 -0.5133 -0.0581
vn -0.2491 0.9613 0.1174
vn 0.5524 0.8307 0.0691
vn -0.3729 0.9153 0.1523
vn 0.9978 -0.0503 -0.0431
vn 0.9989 -0.0000 -0.0462
vn -0.1450 0.9894 0.0088
vn 0.9365 -0.3444 -0.0658
vn 0.4225 -0.0000 0.9064
vn 0.1722 0.9850 0.0137
vn -0.9990 0.0005 -0.0456
vn 0.7128 0.0558 0.6992
vn 0.9992 0.0274 -0.0284
vn 0.8874 -0.4607 -0.0157
vn -0.9976 -0.0242 -0.0641
vn -0.4359 -0.9000 -0.0060
vn -0.8132 -0.5814 -0.0252
vn -0.9989 0.0125 -0.0450
vn -0.0000 -0.0004 1.0000
vn 0.8470 0.5297 0.0455
vn -0.2669 0.9545 0.1328
vn 0.0108 -0.9345 -0.3558
vn 0.4212 0.6970 -0.5803
vn 0.1633 0.3560 0.9201
vn 0.2331 -0.0587 -0.9707
vn 0.2880 0.8715 0.3968
vn -0.2864 0.9037 -0.3182
vn -0.3284 0.7607 -0.5598
vn -0.8568 0.5151 -0.0239
vn 0.8248 0.5607 -0.0732
vn -0.0877 -0.9928 0.0818
vn 0.7613 0.6365 0.1234
vn 0.7650 0.6328 0.1199
vn -0.4210 0.8093 -0.4097
vn 0.0071 0.1765 0.9843
vn -0.3889 -0.8357 0.3878
vn -0.7741 0.5823 -0.2483
vn -0.0246 0.9336 0.3575
vn -0.5598 0.7281 0.3955
vn 0.6245 0.7787 0.0602
vn 0.9036 0.4265 0.0400
vn 0.9907 0.1231 -0.0574
vn 0.0122 -0.9962 -0.0864
vn 0.0552 0.9964 0.0643
vn 0.0118 -0.9999 0.0123
vn -0.4876 0.2216 -0.8445
vn -0.7036 -0.6887 0.1748
vn 0.8346 -0.5362 0.1262
vn 0.6975 -0.6975 0.1641
vn -0.0756 -0.9935 0.0848
vn 0.7500 0.6462 0.1414
vn -0.8933 0.4493 0.0058
vn -0.8498 0.5258 0.0383
vn -0.0030 -0.0423 -0.9991
vn 0.0085 0.9354 0.3536
vn 0.6966 0.0957 0.7111
vn -0.3938 0.9046 -0.1633
vn 0.2067 0.9148 -0.3470
vn 0.7695 -0.5876 0.2502
vn -0.0000 0.9410 -0.3385
vn 0.3704 0.8926 0.2570
vn 0.9802 0.1982 -0.0000
vn -0.0000 -0.9998 -0.0182
vn 0.0017 -1.0000 -0.0000
vn 0.9965 -0.0460 -0.0692
vn 0.0010 1.0000 -0.0000
vn -0.7473 0.6641 -0.0240
vn -0.0000 -0.3315 -0.9434
vn 0.0213 -0.4813 -0.8763
vn 0.0162 -0.9999 0.0015
vn -0.0001 1.0000 -0.0000
vn -0.0163 0.9999 -0.0001
vn -0.0002 1.0000 -0.0000
vn -0.0000 0.9612 -0.2758
vn 0.1442 0.9896 -0.0000
vn 0.3586 0.8135 -0.4579
vn -0.2294 0.9730 -0.0241
vn -0.0179 0.9998 -0.0014
vn -0.0745 0.9953 0.0621
vn -0.3969 0.6551 -0.6429
vn -0.1676 0.9858 -0.0078
vn 0.0434 0.8975 -0.4388
vn 0.7151 0.6736 0.1869
vn 0.0076 1.0000 -0.0000
vn -0.0000 0.9999 0.0168
vn -0.0177 0.9991 0.0372
vn -0.8381 -0.3015 -0.4546
vn 0.1452 -0.9891 -0.0239
vn 0.4517 -0.8870 -0.0954
vn -0.3518 -0.8790 -0.3217
vn 0.6407 -0.7207 -0.2648
vn 0.2791 -0.9499 -0.1408
vn -0.3575 -0.9298 0.0879
vn -0.5255 0.5196 0.6737
vn 0.0094 -0.9990 -0.0430
vn -0.1341 -0.2762 0.9517
vn -0.7069 -0.7050 0.0571
vn 0.8897 -0.1104 0.4429
vn 0.5456 -0.6377 -0.5438
vn -0.7935 -0.5166 0.3217
vn -0.5047 -0.8564 0.1090
vn -0.2889 -0.2361 -0.9278
vn 0.2641 -0.2290 -0.9369
vn -0.5606 -0.2568 -0.7872
vn -0.2113 -0.8649 -0.4552
vn 0.7658 -0.4402 0.4687
vn -0.7793 0.6266 -0.0055
vn -0.9296 -0.3527 -0.1073
vn 0.6191 0.6576 0.4294
vn 0.7184 0.4042 0.5661
vn 0.9196 0.3326 -0.2092
vn 0.9340 -0.3084 0.1804
vn -0.6643 -0.7250 0.1819
vn 0.5615 0.7962 -0.2254
vn 0.4674 0.8839 -0.0133
vn -0.6558 -0.0986 0.7485
vn -0.8923 -0.4428 0.0877
vn 0.5874 -0.7687 0.2530
vn -0.9407 -0.0909 -0.3269
vn 0.2280 -0.1989 -0.9531
vn -0.3916 -0.7072 -0.5887
vn 0.3481 -0.1639 0.9230
vn -0.3748 -0.0283 0.9267
vn -0.9998 -0.0177 -0.0022
vn -0.9996 -0.0265 0.0002
vn -0.4297 -0.1979 -0.8810
vn 0.5077 -0.0239 -0.8612
vn -0.8152 -0.3542 -0.4582
vn 0.9998 -0.0175 -0.0000
vn -0.9999 0.0166 0.0037
vn 0.0006 -0.0259 0.9997
vn -0.7483 0.0039 -0.6633
vn 0.7748 -0.1546 -0.6130
vn -0.7999 -0.3280 -0.5025
vn -0.4656 -0.8786 -0.1064
vn -0.1806 -0.9420 -0.2828
vn -0.0278 0.1926 0.9809
vn 0.0240 -0.0399 0.9989
vn 0.1681 -0.7292 -0.6634
vn -0.1335 -0.6516 -0.7467
vn 0.1295 -0.9861 0.1039
vn -0.8832 0.1274 0.4513
vn 0.6625 0.5922 0.4587
vn -0.7171 0.0681 0.6937
vn 0.4791 -0.6167 0.6247
vn 0.6254 -0.4687 -0.6239
vn -0.5295 0.0552 0.8465
vn 0.3611 0.2567 0.8965
vn 0.2071 -0.2741 0.9391
vn -0.1748 -0.1048 0.9790
vn -0.9421 0.3216 0.0944
vn 0.9971 -0.0585 0.0495
vn 0.7460 0.5104 0.4278
vn -0.7430 0.4498 0.4956
vn -0.9119 -0.2823 -0.2978
vn -0.0120 -0.9970 0.0767
vn -0.9299 -0.2928 -0.2225
vn -0.9883 0.0078 -0.1525
vn 0.6193 -0.6825 -0.3881
vn -0.7439 -0.0170 -0.6681
vn -0.0007 -1.0000 -0.0001
vn -0.0036 -1.0000 0.0002
vn -0.0014 -1.0000 0.0012
vn 0.0500 -0.9983 0.0294
vn -0.4290 0.4200 0.7998
vn 0.9999 -0.0000 -0.0109
vn 0.9998 -0.0187 0.0023
vn 0.9999 -0.0100 0.0011
vn -0.0000 -1.0000 0.0009
vn 0.0132 -0.9999 -0.0000
vn -0.0005 0.0006 -1.0000
vn -0.9758 0.1408 -0.1675
vn -1.0000 -0.0001 -0.0000
vn -0.9961 0.0795 -0.0388
vn 0.9692 0.0799 -0.2329
vn 0.7892 -0.5493 0.2746
vn -0.0056 0.0637 -0.9980
vn -1.0000 0.0002 -0.0000
vn 0.5774 -0.5839 0.5707
vn -0.0710 0.0711 0.9949
vn -0.0578 -0.4109 -0.9098
vn -0.9999 -0.0057 -0.0120
vn -1.0000 0.0097 0.0019
vn 0.9931 -0.0873 -0.0788
vn -0.0000 -0.0006 1.0000
vn -0.9623 0.1337 -0.2369
vn -1.0000 -0.0040 -0.0020
vn -1.0000 -0.0016 -0.0004
vn -1.0000 -0.0041 -0.0003
vn 1.0000 0.0064 0.0016
vn 0.8944 -0.3565 0.2702
vn 0.6712 -0.4248 -0.6075
vn 0.6341 -0.4917 -0.5969
vn 0.2891 -0.7206 -0.6302
vn -0.8241 -0.2957 -0.4831
vn 0.6677 -0.6901 -0.2793
vn 0.8585 -0.5121 -0.0275
vn 0.0198 -0.8667 0.4984
vn 0.9156 -0.3905 0.0956
vn -0.9314 -0.1947 -0.3077
vn -0.7992 -0.5991 -0.0493
vn -0.9475 0.1040 0.3022
vn 0.9555 -0.2903 -0.0522
vn 0.8400 -0.5420 -0.0262
vn -0.5693 -0.1474 -0.8088
vn 0.9690 -0.2251 0.1020
vn 0.9938 -0.1050 -0.0362
vn 0.9676 -0.2430 -0.0684
vn 0.7450 -0.6620 -0.0819
vn -0.4252 -0.9032 -0.0580
vn -0.9979 0.0236 -0.0598
vn -0.6894 -0.0000 -0.7244
vn -0.9989 -0.0000 0.0462
vn 0.9982 -0.0374 0.0465
vn 0.9990 -0.0006 0.0450
vn -0.7093 -0.0647 -0.7019
vn -0.9996 -0.0000 0.0284
vn 0.9996 -0.0000 0.0285
vn 0.9994 0.0235 0.0273
vn -0.9970 -0.0617 -0.0463
vn -0.8410 -0.5396 0.0403
vn 0.6617 0.7236 -0.1966
vn -0.9954 0.0558 -0.0778
vn 0.9997 -0.0000 -0.0249
vn 0.9996 -0.0000 -0.0295
vn 0.9981 -0.0442 -0.0433
vn -0.9529 -0.3004 -0.0413
vn 0.9939 -0.1028 -0.0393
vn -0.9302 -0.3611 -0.0666
vn -0.7250 -0.6857 0.0646
vn -0.8806 -0.0000 0.4738
vn -0.9277 -0.3728 0.0204
vn -0.9321 -0.2472 -0.2646
vn 0.9692 -0.1881 -0.1589
vn -0.9996 -0.0050 0.0295
vn 0.0431 0.2012 0.9786
vn 0.9980 -0.0496 -0.0384
vn 0.9954 0.0730 0.0618
vn -0.7325 -0.2861 -0.6177
vn 0.9506 0.1063 0.2915
vn -0.0410 0.9992 -0.0000
vn -0.9671 0.2001 0.1569
vn 0.1375 -0.3441 -0.9288
vn 0.3182 -0.2698 -0.9088
vn -0.1949 -0.0533 -0.9794
vn -0.6546 -0.2500 -0.7134
vn -0.1325 -0.9910 0.0173
vn 0.9875 0.1516 0.0423
vn 0.9933 0.1014 0.0548
vn 0.0163 -0.0949 0.9953
vn -0.0493 0.6694 0.7413
vn -0.0532 0.5985 0.7994
vn -0.0729 0.8999 0.4299
vn -0.5299 0.0383 0.8472
vn -0.5168 0.0164 0.8560
vn 0.4985 -0.1132 0.8595
vn 0.3952 0.0612 0.9166
vn -0.3385 0.0993 0.9357
vn 0.0797 0.9874 0.1370
vn 0.2933 -0.0858 0.9522
vn 0.0254 -0.0419 0.9988
vn 0.2310 0.1204 0.9655
vn 0.7672 0.4137 0.4902
vn 0.8413 -0.0134 0.5404
vn -0.8285 0.0313 0.5590
vn -0.7965 -0.0510 0.6025
vn 0.7932 -0.0931 0.6019
vn -0.7169 0.0908 0.6912
vn 0.0639 0.9650 0.2544
vn 0.6441 0.2283 0.7301
vn 0.6613 0.0242 0.7497
vn -0.9881 0.0938 0.1216
vn 0.7641 0.6369 0.1023
vn 0.9933 -0.1121 0.0264
vn -0.9947 0.0339 0.0975
vn 0.9911 0.0315 0.1294
vn 0.0011 1.0000 -0.0001
vn -0.9997 -0.0230 -0.0127
vn -0.0000 1.0000 -0.0004
vn 0.0004 1.0000 -0.0006
vn 0.9952 -0.0892 -0.0396
vn -0.2647 0.8988 -0.3494
vn -0.0063 1.0000 -0.0048
vn 0.9202 0.1426 -0.3646
vn 0.0004 1.0000 0.0010
vn 0.8082 -0.5889 0.0053
vn -0.9423 0.3339 0.0251
vn 0.9158 -0.3972 -0.0596
vn 0.5175 -0.6559 0.5495
vn 0.0032 -1.0000 -0.0005
vn -0.2174 -0.7027 -0.6775
vn -0.9384 -0.3402 -0.0611
vn -0.7838 -0.6210 -0.0087
vn 0.8849 0.4609 0.0678
vn -0.0931 -0.8406 -0.5336
vn 0.1133 -0.6746 -0.7295
vn 0.2777 -0.9207 0.2743
vn 0.3036 -0.1540 -0.9403
vn -0.1958 -0.3063 -0.9316
vn -0.9787 0.1707 -0.1141
vn 0.7403 -0.6713 -0.0369
vn -0.0000 -0.6567 0.7541
vn -0.0000 -0.9979 -0.0641
vn 0.3025 -0.8647 0.4009
vn -0.0575 -0.9703 -0.2348
vn -0.0587 -0.9983 0.0049
vn -0.0305 -0.9919 -0.1233
vn 0.0174 -0.9998 0.0008
vn 0.8188 0.5729 0.0359
vn -0.0000 -0.0023 -1.0000
vn -0.8067 0.5879 0.0607
vn -0.3170 -0.9445 -0.0861
vn 0.7340 -0.6683 -0.1209
vn 0.3291 -0.7009 0.6328
vn -0.0942 -0.9956 -0.0000
vn 0.2843 -0.0200 -0.9585
vn 0.9960 -0.0687 0.0565
vn -0.7654 -0.6427 -0.0341
vn 0.2985 -0.8700 -0.3923
vn 1.0000 0.0020 0.0024
vn -0.0000 -0.0001 -1.0000
vn -1.0000 -0.0011 -0.0007
vn -0.7496 0.6615 0.0212
vn -0.8119 0.5821 0.0446
vn 0.0162 -0.9999 0.0013
vn -0.3667 -0.3066 0.8784
vn -0.2514 -0.0000 0.9679
vn 0.0002 -0.0007 1.0000
vn 1.0000 -0.0003 -0.0000
vn 0.8753 -0.4643 0.1348
vn -0.0325 -0.9835 0.1781
vn 0.6351 -0.7696 0.0661
vn 0.0009 -1.0000 0.0001
vn 0.0400 -0.9989 -0.0236
vn 0.0708 -0.9973 -0.0207
vn -0.6912 -0.7226 0.0096
vn 0.7254 -0.6881 -0.0181
vn 0.7246 -0.6889 -0.0187
vn 0.5176 0.2680 0.8125
vn -0.0739 -0.0380 0.9965
vn 0.3358 -0.5531 -0.7624
vn -0.7175 -0.6961 -0.0250
vn 1.0000 -0.0003 -0.0001
vn -0.1595 -0.1661 -0.9731
vn 0.5184 -0.4572 0.7226
vn 0.2514 -0.9679 -0.0000
vn 0.1689 -0.3538 0.9199
vn -0.0705 -0.7084 0.7023
vn 0.0306 -0.1879 0.9817
vn 0.4625 -0.4248 -0.7782
vn 0.5555 0.0008 0.8315
vn 0.2850 -0.5306 -0.7982
vn -0.0076 -0.1788 -0.9838
vn 0.7345 -0.6776 -0.0377
vn 0.7547 0.6541 0.0514
vn 0.7372 0.6755 0.0159
vn -0.8729 0.4592 0.1647
vn -0.7422 0.6697 0.0238
vn 0.8410 0.4913 0.2265
vn 0.7214 0.6920 0.0263
vn -0.3164 -0.2111 0.9248
vn -0.8675 0.0789 -0.4912
vn -0.4809 0.1016 -0.8709
vn 0.5548 0.0337 -0.8313
vn 0.3952 0.0372 -0.9179
vn -0.9955 -0.0449 0.0830
vn -0.9987 -0.0379 0.0331
vn -0.0030 0.0005 -1.0000
vn -0.2297 0.0444 -0.9722
vn 0.9169 -0.3949 -0.0572
vn -0.9519 -0.2868 -0.1077
vn -0.9518 0.2932 0.0905
vn 0.8870 0.4568 0.0680
vn -0.0005 0.0004 -1.0000
vn -0.9778 -0.2048 -0.0443
vn 0.0674 -0.3436 0.9367
vn 0.4142 -0.2101 -0.8856
vn -0.9623 -0.2243 -0.1538
vn 0.0077 -0.0075 -0.9999
vn 0.9783 0.1976 0.0618
vn 0.9406 0.3180 0.1188
vn 0.9433 -0.3093 -0.1207
vn -0.9765 0.2080 0.0572
vn -0.9673 -0.2422 -0.0749
vn -0.7218 -0.6914 -0.0310
vn 0.9671 0.1285 -0.2195
vn 0.9777 0.2013 0.0595
vn -0.6506 -0.7586 -0.0349
vn -0.3826 -0.1832 0.9056
vn 0.6229 -0.7810 0.0460
vn -0.6463 0.7629 0.0159
vn -0.6943 0.7184 0.0415
vn -0.6649 0.7446 0.0596
vn -0.7896 -0.6045 -0.1052
vn -0.2849 -0.6967 0.6583
vn 0.1415 0.0089 0.9899
vn 0.6888 -0.1663 -0.7056
vn -0.0366 -0.0337 -0.9988
vn 0.1123 -0.0795 0.9905
vn 0.8847 0.4661 0.0079
vn -0.3877 0.1150 0.9146
vn -0.0426 -0.0662 0.9969
vn 0.6377 -0.7702 -0.0109
vn -0.8209 0.5673 0.0656
vn 0.7449 0.6590 0.1044
vn 0.7775 0.6259 0.0608
vn 0.7618 -0.6404 -0.0979
vn 0.4218 -0.2683 0.8661
vn -0.8118 0.5648 0.1481
vn -0.9220 0.3748 0.0972
vn 0.7832 -0.6117 -0.1117
vn 0.8107 0.2098 -0.5466
vn 0.9410 -0.1551 0.3008
vn -0.8970 0.4243 0.1242
vn -0.7702 0.1331 -0.6238
vn 0.3146 0.3166 -0.8949
vn 0.0286 0.1734 -0.9844
vn -0.0663 0.1589 -0.9851
vn 0.9123 0.2804 -0.2984
vn -0.8295 -0.5426 -0.1321
vn -0.8320 -0.5332 -0.1529
vn -0.9731 0.2235 0.0560
vn -0.9283 0.3332 -0.1650
vn -0.6752 -0.6655 -0.3181
vn -0.7448 -0.4969 0.4455
vn 0.5871 -0.7963 -0.1455
vn -0.4787 -0.7795 -0.4041
vn -0.4529 -0.6965 -0.5566
vn 0.5925 -0.8050 -0.0308
vn 0.5371 -0.8435 -0.0099
vn -0.2775 -0.2460 0.9287
vn 0.5162 -0.7705 -0.3739
vn -0.0657 -0.2863 0.9559
vn -0.0682 -0.2867 0.9556
vn -0.6373 -0.7642 -0.0990
vn -0.6612 0.7431 0.1031
vn 0.7851 -0.6091 -0.1125
vn 0.7517 -0.6451 -0.1371
vn 0.4072 -0.8692 0.2804
vn 0.5969 0.7990 0.0733
vn 0.4792 -0.8771 -0.0309
vn -0.7306 -0.4880 0.4775
vn -0.7290 -0.6463 -0.2252
vn 0.5042 -0.8596 -0.0830
vn -0.7065 -0.6980 -0.1169
vn -0.6665 -0.7335 -0.1333
vn -0.7294 -0.6799 -0.0756
vn 0.8290 -0.5580 0.0369
vn -0.4384 0.3283 -0.8367
vn -0.2817 0.5333 -0.7976
vn 0.1093 0.3602 -0.9264
vn -0.6390 0.4602 -0.6164
vn -0.6967 0.7092 0.1079
vn -0.9974 -0.0641 0.0339
vn -0.9969 -0.0554 0.0566
vn -0.9827 -0.1853 -0.0076
vn 0.2822 -0.5899 0.7566
vn 0.2220 0.1165 -0.9681
vn -0.1073 0.1314 0.9855
vn -0.3723 -0.5550 0.7439
vn -0.2645 -0.6027 0.7529
vn -0.5294 -0.8467 -0.0526
vn 0.5719 0.8199 0.0240
vn -0.5349 0.8441 0.0363
vn 0.7397 -0.6603 -0.1299
vn 0.4891 -0.8718 -0.0289
vn 0.7794 0.6127 0.1306
vn -0.5309 -0.8464 -0.0418
vn -0.4941 -0.8671 -0.0633
vn 0.5160 -0.8550 -0.0525
vn 0.3678 0.8939 -0.2564
vn -0.4604 -0.8875 -0.0182
vn -0.4211 -0.9009 -0.1047
vn 0.5256 -0.8478 -0.0700
vn -0.7029 -0.6947 -0.1526
vn -0.1824 0.3084 0.9336
vn 0.7153 0.6818 0.1532
vn -0.8350 0.5027 -0.2238
vn 0.4880 0.8719 0.0418
vn -0.5172 0.8514 0.0868
vn -0.5147 0.8529 0.0875
vn -0.4813 0.8174 0.3166
vn -0.8230 0.5145 -0.2407
vn 0.7384 0.6525 -0.1706
vn -0.4902 -0.8707 -0.0401
vn 0.6150 0.4477 -0.6491
vn 0.5527 0.5550 -0.6217
vn 0.3820 0.6036 -0.6998
vn 0.4297 -0.9029 -0.0158
vn 0.7362 -0.6610 0.1452
vn -0.4841 0.8738 0.0462
vn -0.4682 -0.8781 -0.0985
vn 0.5127 -0.8539 -0.0897
vn -0.5822 -0.8129 -0.0178
vn 0.4356 -0.8908 -0.1293
vn -0.4573 0.8858 0.0789
vn -0.4052 -0.9133 -0.0406
vn -0.3851 -0.9226 -0.0199
vn -0.5528 -0.7462 0.3709
vn -0.4296 -0.8105 0.3981
vn 0.5276 0.8466 0.0700
vn 0.5234 0.8403 0.1412
vn -0.5004 0.8562 0.1284
vn -0.4692 0.8724 0.1374
vn -0.4581 -0.8880 -0.0394
vn -0.4390 -0.8978 -0.0351
vn -0.0684 -0.9569 0.2822
vn 0.1233 -0.7311 0.6711
vn 0.7991 0.4400 0.4096
vn 0.1725 0.1408 -0.9749
vn 0.0454 -0.9534 0.2984
vn 0.1801 -0.5437 -0.8197
vn 0.4946 -0.8422 -0.2145
vn 0.3704 -0.9087 0.1925
vn -0.7444 -0.5442 -0.3869
vn -0.1669 -0.9228 0.3471
vn 0.3506 0.1754 0.9200
vn 0.4029 -0.7843 -0.4718
vn -0.4351 0.3144 -0.8437
vn 0.0331 -0.9279 -0.3713
vn 0.0356 0.3769 0.9256
vn 0.9692 0.2135 -0.1228
vn -0.1332 -0.9738 -0.1844
vn -0.1227 -0.8417 0.5257
vn 0.0608 -0.4193 -0.9058
vn -0.2063 -0.9785 -0.0000
vn -0.3624 -0.9311 -0.0414
vn -0.4381 -0.8987 -0.0209
vn 0.4029 -0.9130 0.0634
vn 0.4637 -0.8822 -0.0814
vn 0.9539 -0.2999 0.0129
vn -0.3888 -0.9114 -0.1347
vn 0.4190 -0.9006 -0.1157
vn 0.4219 0.8888 0.1790
vn 0.4052 -0.9126 -0.0538
vn -0.4421 0.8733 -0.2049
vn -0.4517 -0.8867 0.0985
vn 0.2526 -0.8170 0.5184
vn 0.1456 -0.8981 0.4149
vn -0.4147 -0.9003 -0.1324
vn -0.1951 -0.6180 -0.7616
vn 0.0009 -0.9999 0.0154
vn -0.3180 0.7289 -0.6063
vn -0.0000 0.0003 1.0000
vn 0.0019 -0.0063 1.0000
vn 0.0023 -0.0071 1.0000
vn 0.0384 -0.8341 0.5503
vn -0.0002 -0.0006 1.0000
vn 0.0007 -0.0069 1.0000
vn -0.0426 -0.9765 0.2111
vn 0.0001 -0.9998 0.0198
vn 0.0023 -0.0376 -0.9993
vn 0.0003 -0.0021 -1.0000
vn -0.0000 0.0007 -1.0000
vn -0.0001 0.0009 -1.0000
vn -0.0530 0.1221 0.9911
vn 0.6712 0.7410 0.0217
vn -0.3940 -0.9189 -0.0184
vn -0.5535 -0.7941 0.2512
vn -0.2686 -0.9599 -0.0803
vn -0.3598 -0.9314 -0.0554
vn 0.1767 0.8359 -0.5197
vn -0.1653 0.8118 -0.5600
vn -0.3480 0.9259 -0.1470
vn 0.4107 -0.9037 -0.1211
vn -0.3490 0.9367 0.0293
vn 0.1325 0.2679 0.9543
vn 0.2857 -0.9422 0.1752
vn -0.2648 -0.9623 -0.0620
vn -0.3452 -0.9380 -0.0301
vn 0.3203 -0.9472 -0.0128
vn 0.4737 0.8772 0.0785
vn 0.3747 -0.9000 0.2227
vn 0.2795 -0.9590 -0.0472
vn 0.0001 0.0008 -1.0000
vn 0.7132 0.6995 0.0461
vn -0.4522 0.8418 -0.2947
vn -0.4911 0.8284 -0.2693
vn 0.4071 0.9129 0.0290
vn 0.4052 0.9131 0.0445
vn 0.6242 -0.7131 0.3191
vn 0.2898 -0.9565 -0.0340
vn -0.0491 -0.9624 0.2673
vn 0.1079 -0.9405 0.3223
vn -0.4156 0.9049 0.0920
vn -0.2847 -0.9585 -0.0155
vn 0.0117 -0.9712 0.2378
vn -0.1418 -0.9898 -0.0117
vn -0.3084 -0.9511 -0.0160
vn -0.8979 -0.1507 -0.4135
vn -0.2713 0.5568 -0.7851
vn 0.4375 0.0052 0.8992
vn 0.2580 -0.9623 -0.0861
vn 0.4546 0.8881 0.0680
vn -0.0002 -0.0005 1.0000
vn 0.0001 -0.0007 -1.0000
vn -0.2569 -0.9662 -0.0189
vn -0.4941 0.8654 0.0831
vn -0.0830 0.8725 -0.4816
vn 0.0587 0.7824 -0.6200
vn 0.3057 0.9486 0.0818
vn -0.2572 -0.9642 -0.0650
vn 0.1483 -0.9680 0.2024
vn 0.3732 0.9254 0.0658
vn -0.2593 -0.9642 -0.0555
vn 0.2639 -0.9632 -0.0510
vn 0.2611 -0.9612 -0.0896
vn 0.3311 0.9408 0.0721
vn 0.2940 0.9555 0.0242
vn -0.2620 0.9627 0.0672
vn -0.3506 0.9355 0.0436
vn 0.1670 -0.9857 -0.0229
vn -0.1328 -0.9722 0.1928
vn 0.0218 0.1699 0.9852
vn -0.2510 -0.9677 -0.0239
vn -0.1457 -0.9891 -0.0198
vn 0.1503 -0.9884 -0.0212
vn 0.4607 -0.8431 0.2775
vn 0.2374 -0.9713 -0.0152
vn 0.0387 -0.8968 0.4408
vn -0.2699 -0.9578 0.0989
vn 0.4466 0.5907 -0.6720
vn -0.3189 0.9117 -0.2592
vn 0.1398 -0.9898 -0.0273
vn -0.1182 -0.9928 0.0180
vn -0.1853 -0.9826 -0.0106
vn -0.1445 -0.9895 -0.0064
vn 0.3614 0.9255 0.1134
vn -0.1815 -0.9833 -0.0112
vn -0.1102 -0.9928 -0.0470
vn 0.1415 -0.9892 -0.0381
vn 0.1504 -0.9878 -0.0393
vn -0.3210 0.9471 0.0034
vn -0.0613 -0.9976 0.0326
vn 0.2327 0.9537 -0.1904
vn 0.1511 0.9442 -0.2928
vn 0.0833 -0.9965 -0.0104
vn 0.1585 -0.9872 -0.0188
vn -0.0031 0.2778 0.9606
vn -0.0674 -0.9974 0.0250
vn 0.0045 -0.9994 0.0338
vn 0.0703 -0.9975 0.0004
vn 0.0753 -0.9971 -0.0143
vn 0.0713 -0.9974 -0.0100
vn 0.0767 -0.9968 -0.0212
vn 0.3479 -0.8721 0.3441
vn -0.1019 -0.9948 -0.0084
vn -0.0452 -0.9990 0.0036
vn -0.2544 0.9623 0.0965
vn 0.0284 -0.9995 0.0137
vn -0.0281 0.3034 0.9524
vn 0.0900 -0.9958 -0.0149
vn 0.0201 0.1743 0.9845
vn -0.1098 -0.9938 -0.0176
vn 0.2544 0.9671 -0.0016
vn -0.1101 -0.9937 -0.0189
vn 0.1153 -0.9931 -0.0230
vn 0.0136 -0.9996 0.0262
vn 0.2543 0.9667 0.0281
vn 0.0146 -0.9996 0.0235
vn -0.2425 0.9699 0.0214
vn -0.2894 0.9565 0.0364
vn 0.2341 0.9588 -0.1607
vn 0.0014 0.3918 0.9200
vn 0.1443 0.9875 0.0631
vn -0.1007 -0.9949 -0.0106
vn -0.1108 -0.9938 -0.0103
vn -0.0616 -0.9981 -0.0080
vn 0.0732 -0.9973 -0.0089
vn -0.0175 -0.9998 -0.0051
vn 0.0165 -0.9998 -0.0103
vn 0.0309 -0.9995 0.0091
vn 0.0963 0.9948 0.0337
vn 0.0317 -0.9994 -0.0101
vn 0.0102 -0.9999 -0.0085
vn -0.0158 -0.9999 -0.0003
vn -0.0405 -0.9987 0.0317
vn -0.6251 -0.7805 0.0043
vn 0.0107 -0.9999 -0.0084
vn -0.1984 0.9793 0.0414
vn 0.2283 0.9585 -0.1710
vn -0.0137 0.9806 -0.1957
vn 0.2064 -0.9755 -0.0768
vn -0.2194 0.9753 0.0235
vn -0.1726 0.9827 -0.0667
vn -0.1849 0.9713 -0.1499
vn 0.0910 0.9920 -0.0877
vn 0.1772 0.9839 -0.0228
vn 0.1402 0.9881 0.0627
vn -0.1713 0.9819 0.0806
vn -0.1538 0.9875 0.0346
vn 0.1843 0.9827 0.0195
vn 0.1922 0.9805 0.0406
vn -0.1909 0.9811 0.0307
vn 0.1681 0.9858 0.0046
vn -0.1757 0.9840 0.0307
vn -0.2223 0.9746 0.0253
vn -0.1231 0.9919 0.0321
vn -0.1786 0.9836 0.0243
vn -0.0259 0.9954 -0.0926
vn 0.1521 0.9882 0.0162
vn -0.1332 0.9910 0.0164
vn 0.0833 0.9962 0.0258
vn 0.0093 0.9989 -0.0449
vn -0.1413 0.9899 0.0140
vn 0.1646 0.9861 0.0222
vn -0.1042 0.9945 0.0089
vn 0.0538 0.9974 0.0472
vn -0.0095 0.9984 -0.0562
vn -0.0575 0.9983 0.0128
vn 0.0490 0.9988 0.0032
vn 0.0930 0.9957 0.0016
vn 0.0847 0.9964 0.0080
vn 0.0444 0.9990 0.0099
vn -0.0839 0.9963 0.0171
vn -0.0623 0.9979 0.0165
vn -0.0600 0.9982 -0.0015
vn -0.0468 0.9989 0.0088
vn 0.0149 0.9997 -0.0192
vn 0.0538 0.9985 0.0037
vn -0.0169 0.9998 -0.0053
vn -0.0219 0.9996 -0.0161
vn 0.0498 0.9987 0.0087
vn -0.0003 0.9999 -0.0135
vn 0.0478 0.9989 -0.0018
vn 0.0043 0.9999 -0.0100
vn 0.0129 0.9999 0.0055
vn -0.0313 0.9995 0.0071
vn 0.1501 0.8513 -0.5028
vn 0.8232 -0.5630 -0.0734
vn -0.7985 -0.5834 -0.1485
vn 0.2423 0.9492 0.2009
vn -0.0067 0.6937 -0.7203
vn -0.0905 0.9625 0.2558
vn -0.0807 0.9576 0.2764
vn 0.0963 0.9318 0.3499
vn -0.1456 0.8419 -0.5197
s 0
f 1//1 2//1 3//1
f 4//2 3//2 5//2
f 3//3 6//3 5//3
f 4//4 1//4 3//4
f 7//5 8//5 9//5
f 10//6 8//6 9//6
f 11//7 10//7 9//7
f 12//8 13//8 9//8
f 13//9 11//9 9//9
f 14//10 12//10 9//10
f 15//11 14//11 9//11
f 16//12 14//12 15//12
f 17//13 16//13 15//13
f 18//14 13//14 12//14
f 19//15 10//15 11//15
f 14//16 18//16 12//16
f 20//17 9//17 8//17
f 14//18 11//18 13//18
f 18//19 14//19 13//19
f 10//20 21//20 8//20
f 21//21 20//21 8//21
f 14//22 22//22 11//22
f 21//23 23//23 20//23
f 20//24 24//24 9//24
f 24//25 25//25 9//25
f 23//26 26//26 20//26
f 27//27 22//27 14//27
f 28//28 29//28 14//28
f 29//29 27//29 14//29
f 30//30 28//30 14//30
f 31//31 30//31 14//31
f 16//32 31//32 14//32
f 32//33 24//33 20//33
f 29//34 33//34 27//34
f 34//35 32//35 20//35
f 26//36 34//36 20//36
f 35//37 32//37 34//37
f 36//38 35//38 34//38
f 29//39 37//39 33//39
f 37//40 38//40 33//40
f 39//41 25//41 24//41
f 32//42 40//42 24//42
f 28//43 41//43 29//43
f 41//44 37//44 29//44
f 35//45 42//45 32//45
f 30//46 37//46 28//46
f 37//47 41//47 28//47
f 43//48 24//48 40//48
f 44//49 30//49 31//49
f 45//50 32//50 35//50
f 40//51 46//51 24//51
f 47//52 40//52 48//52
f 49//53 44//53 50//53
f 44//54 51//54 50//54
f 30//55 44//55 49//55
f 32//56 48//56 40//56
f 45//57 52//57 32//57
f 52//58 48//58 32//58
f 47//59 53//59 40//59
f 53//60 54//60 40//60
f 54//61 47//61 40//61
f 48//62 55//62 40//62
f 55//63 46//63 40//63
f 56//64 49//64 50//64
f 56//65 57//65 49//65
f 51//66 58//66 50//66
f 58//67 56//67 50//67
f 59//68 60//68 56//68
f 58//69 61//69 59//69
f 56//70 58//70 59//70
f 62//71 63//71 48//71
f 64//72 60//72 59//72
f 61//73 60//73 59//73
f 65//74 55//74 48//74
f 66//75 5//75 6//75
f 67//76 60//76 61//76
f 60//77 68//77 2//77
f 5//78 65//78 48//78
f 67//79 68//79 60//79
f 6//80 65//80 5//80
f 68//81 69//81 2//81
f 69//82 3//82 2//82
f 67//83 69//83 68//83
f 70//84 65//84 6//84
f 71//85 72//85 6//85
f 69//86 73//86 3//86
f 74//87 3//87 73//87
f 73//88 6//88 3//88
f 67//89 73//89 69//89
f 25//90 75//90 9//90
f 75//91 15//91 9//91
f 76//92 75//92 25//92
f 39//93 76//93 25//93
f 17//94 31//94 16//94
f 77//95 44//95 31//95
f 46//96 39//96 24//96
f 77//97 51//97 44//97
f 78//98 58//98 51//98
f 55//99 79//99 46//99
f 80//100 79//100 55//100
f 81//101 80//101 55//101
f 65//102 81//102 55//102
f 82//103 67//103 61//103
f 83//104 73//104 67//104
f 73//105 70//105 6//105
f 15//106 75//106 17//106
f 84//107 17//107 75//107
f 84//108 31//108 17//108
f 19//109 85//109 10//109
f 11//110 86//110 19//110
f 86//111 85//111 19//111
f 87//112 21//112 10//112
f 85//113 87//113 10//113
f 88//114 86//114 11//114
f 22//115 88//115 11//115
f 87//116 23//116 21//116
f 87//117 89//117 23//117
f 89//118 26//118 23//118
f 27//119 90//119 22//119
f 91//120 88//120 22//120
f 90//121 91//121 22//121
f 33//122 90//122 27//122
f 38//123 92//123 33//123
f 34//124 93//124 36//124
f 94//125 38//125 37//125
f 36//126 95//126 35//126
f 95//127 45//127 35//127
f 37//128 96//128 94//128
f 30//129 96//129 37//129
f 97//130 96//130 30//130
f 49//131 97//131 30//131
f 45//132 98//132 52//132
f 57//133 97//133 49//133
f 98//134 99//134 52//134
f 99//135 48//135 52//135
f 60//136 100//136 56//136
f 100//137 57//137 56//137
f 99//138 4//138 48//138
f 2//139 100//139 60//139
f 4//140 5//140 48//140
f 1//141 100//141 2//141
f 79//142 101//142 46//142
f 78//143 102//143 58//143
f 102//144 61//144 58//144
f 82//145 103//145 67//145
f 103//146 83//146 67//146
f 104//147 65//147 70//147
f 39//148 105//148 76//148
f 106//149 105//149 39//149
f 84//150 77//150 31//150
f 98//151 43//151 40//151
f 107//152 108//152 55//152
f 57//153 56//153 58//153
f 64//154 68//154 60//154
f 1//155 74//155 3//155
f 76//156 109//156 75//156
f 110//157 77//157 84//157
f 111//158 109//158 76//158
f 112//159 80//159 81//159
f 39//160 113//160 106//160
f 46//161 113//161 39//161
f 75//162 110//162 84//162
f 114//163 110//163 75//163
f 109//164 114//164 75//164
f 94//28 95//28 38//28
f 95//8 36//8 38//8
f 36//165 92//165 38//165
f 94//166 115//166 95//166
f 116//167 115//167 94//167
f 115//168 117//168 95//168
f 117//169 42//169 95//169
f 118//170 116//170 94//170
f 117//171 119//171 42//171
f 41//172 118//172 94//172
f 120//173 43//173 42//173
f 119//174 120//174 42//174
f 94//175 96//175 41//175
f 45//176 95//176 42//176
f 121//177 118//177 41//177
f 122//178 121//178 41//178
f 43//179 98//179 42//179
f 98//180 45//180 42//180
f 96//10 97//10 41//10
f 97//181 122//181 41//181
f 120//182 123//182 43//182
f 123//183 53//183 43//183
f 124//184 121//184 122//184
f 97//185 125//185 122//185
f 53//186 98//186 43//186
f 126//28 54//28 53//28
f 123//187 126//187 53//187
f 123//188 54//188 126//188
f 125//189 124//189 122//189
f 123//190 127//190 54//190
f 128//191 124//191 125//191
f 47//192 62//192 53//192
f 99//10 98//10 53//10
f 62//10 99//10 53//10
f 97//193 57//193 125//193
f 54//194 62//194 47//194
f 108//195 107//195 54//195
f 107//28 62//28 54//28
f 129//196 108//196 54//196
f 127//197 129//197 54//197
f 57//198 130//198 125//198
f 130//199 128//199 125//199
f 108//200 62//200 107//200
f 64//201 130//201 57//201
f 100//202 64//202 57//202
f 131//203 62//203 108//203
f 131//204 132//204 62//204
f 132//205 63//205 62//205
f 133//206 134//206 130//206
f 62//207 4//207 99//207
f 64//208 133//208 130//208
f 135//209 133//209 64//209
f 132//210 136//210 63//210
f 66//211 4//211 62//211
f 68//212 64//212 100//212
f 136//213 62//213 63//213
f 136//214 137//214 62//214
f 66//215 72//215 4//215
f 138//216 68//216 100//216
f 137//217 66//217 62//217
f 139//218 135//218 64//218
f 68//219 139//219 64//219
f 1//220 138//220 100//220
f 72//221 1//221 4//221
f 137//222 72//222 66//222
f 71//223 1//223 72//223
f 138//224 140//224 68//224
f 140//225 139//225 68//225
f 137//226 141//226 72//226
f 141//227 71//227 72//227
f 71//228 74//228 1//228
f 74//229 138//229 1//229
f 141//230 142//230 71//230
f 143//231 140//231 138//231
f 74//232 143//232 138//232
f 144//233 74//233 71//233
f 142//234 144//234 71//234
f 144//235 143//235 74//235
f 106//236 145//236 105//236
f 145//237 76//237 105//237
f 101//238 113//238 46//238
f 146//239 51//239 77//239
f 146//240 78//240 51//240
f 78//241 147//241 102//241
f 148//242 61//242 102//242
f 147//243 149//243 102//243
f 149//244 148//244 102//244
f 148//245 82//245 61//245
f 65//246 150//246 81//246
f 104//247 150//247 65//247
f 151//248 103//248 82//248
f 152//249 83//249 103//249
f 153//250 104//250 70//250
f 73//251 154//251 70//251
f 154//252 153//252 70//252
f 83//253 154//253 73//253
f 155//254 154//254 83//254
f 156//255 155//255 83//255
f 157//256 145//256 106//256
f 114//257 158//257 110//257
f 158//258 77//258 110//258
f 159//259 76//259 145//259
f 109//260 160//260 114//260
f 161//261 111//261 76//261
f 160//262 162//262 114//262
f 163//263 159//263 145//263
f 157//264 164//264 145//264
f 164//263 163//263 145//263
f 162//265 165//265 114//265
f 165//266 166//266 114//266
f 166//267 158//267 114//267
f 106//268 167//268 157//268
f 167//269 164//269 157//269
f 166//270 168//270 158//270
f 168//271 77//271 158//271
f 113//272 167//272 106//272
f 101//273 169//273 113//273
f 170//274 169//274 101//274
f 79//275 170//275 101//275
f 146//276 171//276 78//276
f 172//277 170//277 79//277
f 147//278 78//278 171//278
f 80//279 172//279 79//279
f 173//280 172//280 80//280
f 112//281 173//281 80//281
f 81//282 174//282 112//282
f 150//283 174//283 81//283
f 148//284 151//284 82//284
f 175//285 150//285 104//285
f 153//286 175//286 104//286
f 152//287 156//287 83//287
f 26//288 93//288 34//288
f 92//289 176//289 33//289
f 92//290 36//290 93//290
f 89//291 93//291 26//291
f 89//292 177//292 93//292
f 176//293 90//293 33//293
f 176//294 168//294 166//294
f 169//295 167//295 113//295
f 168//296 146//296 77//296
f 178//297 146//297 168//297
f 167//298 93//298 164//298
f 168//299 176//299 92//299
f 167//300 179//300 93//300
f 179//301 180//301 93//301
f 181//302 168//302 92//302
f 180//303 92//303 93//303
f 180//304 181//304 92//304
f 182//305 168//305 181//305
f 182//306 178//306 168//306
f 169//307 179//307 167//307
f 177//308 164//308 93//308
f 111//309 183//309 109//309
f 183//310 184//310 185//310
f 186//311 183//311 185//311
f 187//312 186//312 185//312
f 186//313 109//313 183//313
f 111//314 185//314 183//314
f 177//315 163//315 164//315
f 166//316 90//316 176//316
f 188//317 149//317 147//317
f 165//318 90//318 166//318
f 161//319 189//319 185//319
f 111//320 161//320 185//320
f 189//321 187//321 185//321
f 190//322 109//322 186//322
f 191//323 190//323 186//323
f 190//324 160//324 109//324
f 192//325 193//325 186//325
f 180//326 194//326 181//326
f 194//327 182//327 181//327
f 179//328 194//328 180//328
f 169//329 194//329 179//329
f 116//330 117//330 115//330
f 120//331 119//331 117//331
f 182//332 117//332 116//332
f 118//333 182//333 116//333
f 127//334 123//334 120//334
f 124//335 118//335 121//335
f 131//336 129//336 127//336
f 171//337 188//337 147//337
f 131//338 108//338 129//338
f 130//339 133//339 128//339
f 133//340 124//340 128//340
f 136//341 132//341 131//341
f 188//342 148//342 149//342
f 135//343 195//343 133//343
f 174//344 173//344 112//344
f 174//345 137//345 136//345
f 139//346 195//346 135//346
f 175//347 174//347 150//347
f 174//348 175//348 137//348
f 175//349 141//349 137//349
f 140//350 195//350 139//350
f 144//351 142//351 141//351
f 175//352 144//352 141//352
f 156//353 195//353 140//353
f 143//354 156//354 140//354
f 151//355 152//355 103//355
f 155//356 156//356 143//356
f 144//357 155//357 143//357
f 154//358 155//358 144//358
f 154//359 175//359 153//359
f 85//360 193//360 192//360
f 193//361 191//361 186//361
f 196//362 159//362 163//362
f 197//363 191//363 193//363
f 187//364 192//364 186//364
f 184//365 197//365 193//365
f 117//366 182//366 194//366
f 120//367 117//367 194//367
f 169//368 120//368 194//368
f 170//369 120//369 169//369
f 118//370 146//370 178//370
f 182//371 118//371 178//371
f 127//372 120//372 170//372
f 118//373 171//373 146//373
f 118//374 124//374 171//374
f 172//375 127//375 170//375
f 188//376 171//376 124//376
f 172//377 131//377 127//377
f 133//378 188//378 124//378
f 173//379 136//379 172//379
f 136//380 131//380 172//380
f 133//381 148//381 188//381
f 195//382 148//382 133//382
f 195//383 151//383 148//383
f 173//384 174//384 136//384
f 152//385 151//385 195//385
f 156//386 152//386 195//386
f 175//387 154//387 144//387
f 85//388 197//388 193//388
f 86//389 197//389 85//389
f 198//390 90//390 165//390
f 159//391 161//391 76//391
f 199//392 161//392 159//392
f 196//393 199//393 159//393
f 192//394 87//394 85//394
f 200//395 177//395 89//395
f 201//396 163//396 177//396
f 200//397 201//397 177//397
f 198//398 91//398 90//398
f 202//399 187//399 189//399
f 203//400 160//400 190//400
f 191//401 204//401 190//401
f 205//402 189//402 161//402
f 206//403 192//403 187//403
f 86//404 207//404 197//404
f 207//405 191//405 197//405
f 207//406 86//406 88//406
f 191//407 207//407 88//407
f 206//408 87//408 192//408
f 206//409 187//409 87//409
f 208//410 89//410 87//410
f 187//411 208//411 87//411
f 91//412 209//412 88//412
f 209//413 191//413 88//413
f 208//414 200//414 89//414
f 210//415 209//415 91//415
f 163//416 211//416 196//416
f 211//417 199//417 196//417
f 212//418 162//418 160//418
f 211//419 213//419 199//419
f 213//420 161//420 199//420
f 212//421 165//421 162//421
f 214//422 198//422 165//422
f 212//423 214//423 165//423
f 215//424 200//424 208//424
f 216//425 215//425 208//425
f 187//426 217//426 208//426
f 217//427 216//427 208//427
f 210//425 218//425 209//425
f 218//428 219//428 209//428
f 219//429 191//429 209//429
f 163//430 220//430 211//430
f 220//431 213//431 211//431
f 189//432 217//432 187//432
f 204//433 203//433 190//433
f 221//434 222//434 198//434
f 223//435 221//435 198//435
f 214//436 223//436 198//436
f 220//437 224//437 213//437
f 224//438 161//438 213//438
f 204//439 225//439 212//439
f 225//440 214//440 212//440
f 160//441 204//441 212//441
f 225//442 223//442 214//442
f 191//443 219//443 203//443
f 205//444 217//444 189//444
f 201//445 220//445 163//445
f 205//446 224//446 189//446
f 224//447 202//447 189//447
f 191//448 226//448 204//448
f 161//449 224//449 205//449
f 203//450 204//450 160//450
f 227//451 217//451 205//451
f 202//452 227//452 187//452
f 203//453 228//453 191//453
f 189//454 227//454 205//454
f 219//455 228//455 203//455
f 227//456 216//456 217//456
f 198//457 210//457 91//457
f 227//458 189//458 187//458
f 218//459 228//459 219//459
f 215//460 201//460 200//460
f 191//461 228//461 226//461
f 229//425 215//425 216//425
f 202//462 229//462 216//462
f 227//463 202//463 216//463
f 210//425 230//425 218//425
f 230//464 231//464 218//464
f 231//465 228//465 218//465
f 201//466 232//466 220//466
f 233//467 234//467 224//467
f 235//468 233//468 224//468
f 220//469 235//469 224//469
f 234//470 236//470 224//470
f 236//471 202//471 224//471
f 237//472 238//472 204//472
f 238//473 239//473 204//473
f 239//474 225//474 204//474
f 226//475 237//475 204//475
f 239//476 223//476 225//476
f 232//477 235//477 220//477
f 231//478 226//478 228//478
f 222//479 230//479 210//479
f 198//480 222//480 210//480
f 239//481 240//481 223//481
f 240//482 241//482 223//482
f 241//483 221//483 223//483
f 242//484 202//484 236//484
f 243//425 244//425 229//425
f 244//425 215//425 229//425
f 236//485 243//485 229//485
f 242//486 236//486 229//486
f 202//487 242//487 229//487
f 222//488 245//488 230//488
f 245//489 226//489 230//489
f 226//490 231//490 230//490
f 246//491 235//491 232//491
f 235//492 247//492 233//492
f 248//493 234//493 233//493
f 249//494 250//494 238//494
f 250//495 239//495 238//495
f 251//496 247//496 235//496
f 252//497 238//497 237//497
f 252//498 249//498 238//498
f 246//499 253//499 235//499
f 253//425 251//425 235//425
f 254//500 241//500 240//500
f 239//425 254//425 240//425
f 244//501 201//501 215//501
f 255//502 243//502 236//502
f 201//503 246//503 232//503
f 254//504 256//504 241//504
f 256//505 221//505 241//505
f 245//506 257//506 226//506
f 257//507 237//507 226//507
f 244//508 258//508 201//508
f 258//509 246//509 201//509
f 259//425 260//425 243//425
f 260//425 244//425 243//425
f 255//510 259//510 243//510
f 222//511 261//511 245//511
f 261//512 257//512 245//512
f 262//513 237//513 257//513
f 236//514 263//514 255//514
f 264//515 234//515 248//515
f 236//516 264//516 263//516
f 262//517 252//517 237//517
f 260//518 258//518 244//518
f 265//519 261//519 222//519
f 221//520 265//520 222//520
f 266//521 237//521 262//521
f 267//522 253//522 246//522
f 234//523 268//523 236//523
f 269//524 268//524 248//524
f 233//525 269//525 248//525
f 247//264 270//264 233//264
f 270//526 269//526 233//526
f 267//527 271//527 253//527
f 271//425 251//425 253//425
f 250//118 272//118 239//118
f 272//425 273//425 239//425
f 273//425 254//425 239//425
f 273//528 256//528 254//528
f 268//529 264//529 248//529
f 268//530 234//530 264//530
f 259//531 255//531 263//531
f 249//532 272//532 250//532
f 251//264 270//264 247//264
f 274//533 252//533 237//533
f 261//534 266//534 257//534
f 266//535 262//535 257//535
f 260//536 275//536 258//536
f 275//509 246//509 258//509
f 274//537 249//537 252//537
f 276//425 260//425 259//425
f 263//538 276//538 259//538
f 265//425 277//425 261//425
f 277//539 278//539 261//539
f 278//540 266//540 261//540
f 266//541 274//541 237//541
f 279//542 276//542 263//542
f 280//543 263//543 236//543
f 268//544 280//544 236//544
f 275//545 267//545 246//545
f 281//546 265//546 221//546
f 256//547 282//547 221//547
f 282//548 281//548 221//548
f 283//425 277//425 265//425
f 281//549 283//549 265//549
f 284//550 274//550 266//550
f 285//551 276//551 279//551
f 263//552 285//552 279//552
f 286//553 271//553 267//553
f 273//554 282//554 256//554
f 269//555 287//555 268//555
f 287//556 280//556 268//556
f 288//557 249//557 274//557
f 284//558 288//558 274//558
f 270//559 287//559 269//559
f 286//560 251//560 271//560
f 272//561 282//561 273//561
f 278//562 284//562 266//562
f 251//563 287//563 270//563
f 288//564 272//564 249//564
f 286//565 289//565 251//565
f 289//566 287//566 251//566
f 288//567 290//567 272//567
f 290//568 282//568 272//568
f 282//569 290//569 281//569
f 277//570 291//570 278//570
f 277//571 292//571 291//571
f 292//425 293//425 291//425
f 293//572 278//572 291//572
f 294//573 276//573 285//573
f 294//425 260//425 276//425
f 283//425 295//425 277//425
f 296//574 292//574 277//574
f 295//575 296//575 277//575
f 297//576 294//576 285//576
f 263//577 297//577 285//577
f 267//578 289//578 286//578
f 293//579 284//579 278//579
f 294//580 298//580 260//580
f 298//581 275//581 260//581
f 299//425 295//425 283//425
f 300//582 267//582 275//582
f 301//583 283//583 281//583
f 290//584 301//584 281//584
f 280//585 297//585 263//585
f 296//586 293//586 292//586
f 280//587 294//587 297//587
f 288//588 302//588 290//588
f 302//589 303//589 290//589
f 267//578 304//578 289//578
f 304//590 305//590 289//590
f 305//591 306//591 289//591
f 306//592 287//592 289//592
f 306//593 307//593 287//593
f 307//594 280//594 287//594
f 290//584 308//584 301//584
f 300//595 304//595 267//595
f 300//596 305//596 304//596
f 309//597 290//597 303//597
f 302//598 310//598 303//598
f 310//599 309//599 303//599
f 306//600 311//600 280//600
f 311//601 294//601 280//601
f 312//602 298//602 294//602
f 311//603 312//603 294//603
f 299//604 313//604 295//604
f 313//605 296//605 295//605
f 314//425 315//425 283//425
f 315//425 299//425 283//425
f 301//606 314//606 283//606
f 296//607 284//607 293//607
f 316//608 317//608 300//608
f 317//609 305//609 300//609
f 302//610 288//610 318//610
f 319//611 300//611 275//611
f 320//612 288//612 284//612
f 306//613 305//613 311//613
f 321//614 302//614 318//614
f 313//615 321//615 296//615
f 322//616 314//616 301//616
f 308//617 323//617 301//617
f 323//618 322//618 301//618
f 305//619 317//619 311//619
f 309//620 308//620 290//620
f 321//621 324//621 302//621
f 324//622 310//622 302//622
f 325//623 312//623 311//623
f 307//624 325//624 311//624
f 318//625 288//625 321//625
f 325//626 307//626 306//626
f 280//627 325//627 306//627
f 298//628 322//628 275//628
f 322//629 319//629 275//629
f 312//630 326//630 298//630
f 327//631 315//631 314//631
f 328//632 280//632 307//632
f 317//633 307//633 311//633
f 329//634 325//634 280//634
f 299//635 330//635 313//635
f 330//636 296//636 313//636
f 329//637 312//637 325//637
f 329//638 326//638 312//638
f 315//639 330//639 299//639
f 323//640 331//640 322//640
f 320//641 321//641 288//641
f 310//642 308//642 309//642
f 317//643 328//643 307//643
f 316//644 332//644 317//644
f 320//645 310//645 324//645
f 321//646 320//646 324//646
f 326//647 333//647 298//647
f 333//648 314//648 298//648
f 314//649 322//649 298//649
f 333//558 327//558 314//558
f 331//526 319//526 322//526
f 332//650 316//650 300//650
f 319//651 332//651 300//651
f 296//652 334//652 284//652
f 335//653 320//653 284//653
f 334//425 335//425 284//425
f 332//654 328//654 317//654
f 336//655 326//655 329//655
f 320//656 308//656 310//656
f 330//657 334//657 296//657
f 328//658 329//658 280//658
f 337//659 332//659 319//659
f 338//660 326//660 336//660
f 339//661 340//661 330//661
f 315//662 339//662 330//662
f 336//663 341//663 338//663
f 341//664 326//664 338//664
f 341//665 333//665 326//665
f 327//666 342//666 315//666
f 342//667 339//667 315//667
f 343//668 328//668 332//668
f 337//669 343//669 332//669
f 328//670 344//670 329//670
f 345//671 323//671 308//671
f 320//672 345//672 308//672
f 342//673 346//673 339//673
f 343//674 347//674 328//674
f 347//675 344//675 328//675
f 335//676 348//676 320//676
f 348//677 349//677 320//677
f 349//678 345//678 320//678
f 336//679 350//679 341//679
f 350//680 351//680 341//680
f 350//681 333//681 341//681
f 327//682 340//682 339//682
f 346//683 327//683 339//683
f 327//684 346//684 342//684
f 352//685 335//685 334//685
f 353//686 331//686 323//686
f 345//687 353//687 323//687
f 354//688 350//688 336//688
f 327//689 354//689 340//689
f 354//690 330//690 340//690
f 354//691 333//691 350//691
f 333//692 354//692 327//692
f 355//693 352//693 354//693
f 329//694 354//694 336//694
f 354//695 334//695 330//695
f 334//696 354//696 329//696
f 344//697 334//697 329//697
f 344//698 352//698 334//698
f 356//699 343//699 337//699
f 319//700 356//700 337//700
f 351//10 349//10 347//10
f 343//10 351//10 347//10
f 355//701 344//701 347//701
f 348//702 355//702 347//702
f 349//703 348//703 347//703
f 346//10 345//10 349//10
f 351//10 346//10 349//10
f 351//10 343//10 346//10
f 343//10 345//10 346//10
f 356//425 345//425 343//425
f 356//425 353//425 345//425
f 357//704 356//704 319//704
f 353//686 358//686 331//686
f 355//705 352//705 344//705
f 352//706 355//706 335//706
f 355//707 348//707 335//707
f 359//425 353//425 356//425
f 357//425 360//425 356//425
f 360//425 361//425 356//425
f 361//425 359//425 356//425
f 359//708 358//708 353//708
f 362//709 331//709 358//709
f 359//710 362//710 358//710
f 319//711 363//711 357//711
f 363//425 360//425 357//425
f 361//712 362//712 359//712
f 362//713 319//713 331//713
f 362//714 364//714 319//714
f 364//715 363//715 319//715
f 361//716 364//716 362//716
f 364//717 360//717 363//717
f 360//718 364//718 361//718
f 365//526 366//526 367//526
f 366//719 368//719 367//719
f 369//720 370//720 371//720
f 370//721 368//721 371//721
f 372//722 369//722 371//722
f 368//723 372//723 371//723
f 373//526 374//526 375//526
f 376//724 373//724 375//724
f 366//725 372//725 368//725
f 370//726 367//726 368//726
f 365//727 372//727 366//727
f 377//728 369//728 372//728
f 365//729 377//729 372//729
f 375//730 378//730 376//730
f 378//731 369//731 376//731
f 374//526 379//526 375//526
f 370//732 365//732 367//732
f 380//733 377//733 365//733
f 369//734 381//734 370//734
f 381//735 365//735 370//735
f 380//736 369//736 377//736
f 375//737 382//737 378//737
f 369//738 373//738 376//738
f 379//739 382//739 375//739
f 369//740 383//740 373//740
f 383//526 374//526 373//526
f 384//741 380//741 365//741
f 385//425 386//425 365//425
f 381//742 385//742 365//742
f 387//425 386//425 385//425
f 381//743 387//743 385//743
f 388//744 369//744 380//744
f 389//745 390//745 381//745
f 369//746 389//746 381//746
f 390//743 387//743 381//743
f 388//747 391//747 369//747
f 382//748 392//748 378//748
f 389//749 369//749 378//749
f 392//750 389//750 378//750
f 393//751 383//751 369//751
f 394//526 374//526 383//526
f 390//752 395//752 387//752
f 390//753 396//753 395//753
f 397//754 391//754 388//754
f 389//755 398//755 390//755
f 398//756 396//756 390//756
f 399//757 369//757 391//757
f 397//758 399//758 391//758
f 393//759 400//759 383//759
f 400//760 394//760 383//760
f 384//761 388//761 380//761
f 387//526 365//526 386//526
f 398//762 395//762 396//762
f 388//763 399//763 397//763
f 398//764 387//764 395//764
f 389//765 387//765 398//765
f 401//766 369//766 399//766
f 388//767 401//767 399//767
f 382//768 389//768 392//768
f 402//769 400//769 393//769
f 369//770 402//770 393//770
f 403//629 394//629 400//629
f 384//425 365//425 387//425
f 404//425 384//425 387//425
f 405//425 388//425 384//425
f 405//425 406//425 388//425
f 407//425 404//425 387//425
f 389//771 407//771 387//771
f 406//772 401//772 388//772
f 389//773 408//773 407//773
f 409//774 369//774 401//774
f 410//775 409//775 401//775
f 406//776 410//776 401//776
f 382//777 411//777 389//777
f 412//778 400//778 402//778
f 369//779 409//779 402//779
f 409//780 412//780 402//780
f 379//781 411//781 382//781
f 412//782 413//782 400//782
f 413//783 403//783 400//783
f 414//425 404//425 407//425
f 408//784 414//784 407//784
f 415//785 410//785 406//785
f 389//786 416//786 408//786
f 416//787 414//787 408//787
f 411//788 417//788 389//788
f 379//526 418//526 411//526
f 419//789 404//789 414//789
f 419//790 384//790 404//790
f 405//791 415//791 406//791
f 416//792 419//792 414//792
f 411//793 420//793 417//793
f 420//794 421//794 417//794
f 421//795 389//795 417//795
f 422//796 413//796 412//796
f 409//797 422//797 412//797
f 418//582 420//582 411//582
f 423//526 405//526 384//526
f 423//526 424//526 405//526
f 425//425 426//425 405//425
f 426//425 415//425 405//425
f 379//798 374//798 423//798
f 374//799 424//799 423//799
f 394//800 424//800 374//800
f 394//801 405//801 424//801
f 403//802 405//802 394//802
f 418//803 379//803 423//803
f 384//804 418//804 423//804
f 427//805 410//805 415//805
f 428//806 419//806 416//806
f 427//807 409//807 410//807
f 416//808 389//808 421//808
f 429//526 403//526 413//526
f 403//809 425//809 405//809
f 429//810 425//810 403//810
f 430//811 418//811 384//811
f 431//812 430//812 384//812
f 430//813 420//813 418//813
f 432//526 433//526 429//526
f 413//526 432//526 429//526
f 433//814 425//814 429//814
f 409//815 413//815 422//815
f 426//816 427//816 415//816
f 426//817 409//817 427//817
f 409//818 432//818 413//818
f 434//819 420//819 430//819
f 432//820 435//820 433//820
f 436//813 434//813 430//813
f 435//569 437//569 433//569
f 438//821 430//821 431//821
f 433//822 431//822 425//822
f 438//526 436//526 430//526
f 437//526 438//526 433//526
f 438//823 431//823 433//823
f 439//824 428//824 416//824
f 384//526 425//526 431//526
f 440//825 436//825 438//825
f 437//526 440//526 438//526
f 441//826 409//826 442//826
f 428//827 443//827 419//827
f 444//828 409//828 426//828
f 443//829 384//829 419//829
f 443//425 445//425 384//425
f 446//425 425//425 384//425
f 445//425 446//425 384//425
f 446//425 426//425 425//425
f 447//526 444//526 426//526
f 439//830 443//830 428//830
f 448//831 442//831 409//831
f 444//832 448//832 409//832
f 441//833 432//833 409//833
f 449//834 439//834 416//834
f 439//835 449//835 443//835
f 447//836 448//836 444//836
f 450//837 442//837 448//837
f 447//838 450//838 448//838
f 420//839 434//839 421//839
f 434//840 449//840 421//840
f 449//841 416//841 421//841
f 441//842 435//842 432//842
f 449//843 445//843 443//843
f 426//844 450//844 447//844
f 451//845 445//845 449//845
f 426//846 442//846 450//846
f 442//847 435//847 441//847
f 452//848 442//848 426//848
f 451//849 453//849 445//849
f 454//850 455//850 445//850
f 455//851 446//851 445//851
f 455//852 456//852 446//852
f 446//853 457//853 426//853
f 457//854 458//854 426//854
f 458//855 452//855 426//855
f 458//856 459//856 452//856
f 460//857 451//857 449//857
f 451//858 461//858 453//858
f 460//859 461//859 451//859
f 462//860 463//860 442//860
f 452//861 462//861 442//861
f 434//862 464//862 449//862
f 463//863 435//863 442//863
f 436//864 464//864 434//864
f 465//865 460//865 449//865
f 459//866 462//866 452//866
f 460//867 453//867 461//867
f 460//868 445//868 453//868
f 465//869 445//869 460//869
f 459//870 463//870 462//870
f 463//871 437//871 435//871
f 466//872 465//872 449//872
f 465//873 454//873 445//873
f 454//874 456//874 455//874
f 464//875 467//875 449//875
f 457//876 459//876 458//876
f 463//877 468//877 449//877
f 468//878 466//878 449//878
f 465//879 466//879 454//879
f 459//880 469//880 463//880
f 436//881 467//881 464//881
f 470//882 437//882 463//882
f 469//883 471//883 463//883
f 467//884 470//884 463//884
f 467//885 463//885 449//885
f 471//886 468//886 463//886
f 466//887 456//887 454//887
f 457//888 469//888 459//888
f 468//889 456//889 466//889
f 457//890 471//890 469//890
f 446//891 471//891 457//891
f 468//892 472//892 456//892
f 456//893 472//893 446//893
f 472//894 471//894 446//894
f 472//895 468//895 471//895
f 436//896 473//896 467//896
f 467//897 473//897 470//897
f 473//898 437//898 470//898
f 440//899 473//899 436//899
f 473//900 440//900 437//900
f 374//425 474//425 375//425
f 474//901 475//901 375//901
f 475//902 476//902 375//902
f 477//526 476//526 475//526
f 478//425 374//425 375//425
f 479//903 478//903 375//903
f 476//904 479//904 375//904
f 374//425 480//425 474//425
f 480//905 475//905 474//905
f 481//526 479//526 476//526
f 477//526 481//526 476//526
f 480//905 482//905 475//905
f 482//526 477//526 475//526
f 483//425 484//425 478//425
f 484//425 374//425 478//425
f 485//906 483//906 478//906
f 479//906 485//906 478//906
f 374//425 486//425 480//425
f 486//907 482//907 480//907
f 481//526 485//526 479//526
f 486//907 487//907 482//907
f 487//526 477//526 482//526
f 488//425 484//425 483//425
f 489//908 488//908 483//908
f 485//908 489//908 483//908
f 374//425 490//425 486//425
f 490//909 487//909 486//909
f 491//526 489//526 485//526
f 481//526 491//526 485//526
f 490//909 492//909 487//909
f 492//526 493//526 487//526
f 493//526 477//526 487//526
f 494//425 495//425 488//425
f 495//425 484//425 488//425
f 496//910 494//910 488//910
f 489//910 496//910 488//910
f 374//425 497//425 490//425
f 497//911 492//911 490//911
f 491//526 496//526 489//526
f 497//911 498//911 492//911
f 498//526 493//526 492//526
f 499//425 500//425 494//425
f 500//425 495//425 494//425
f 501//912 499//912 494//912
f 496//912 501//912 494//912
f 374//425 502//425 497//425
f 502//425 503//425 497//425
f 503//913 498//913 497//913
f 491//526 504//526 496//526
f 504//526 501//526 496//526
f 503//913 505//913 498//913
f 505//526 493//526 498//526
f 506//425 500//425 499//425
f 507//914 506//914 499//914
f 501//914 507//914 499//914
f 502//425 508//425 503//425
f 508//425 509//425 503//425
f 509//915 505//915 503//915
f 504//526 507//526 501//526
f 509//915 510//915 505//915
f 511//526 493//526 505//526
f 510//526 511//526 505//526
f 512//425 500//425 506//425
f 513//916 512//916 506//916
f 507//916 513//916 506//916
f 508//425 514//425 509//425
f 514//425 515//425 509//425
f 515//917 510//917 509//917
f 516//526 513//526 507//526
f 504//526 516//526 507//526
f 515//917 517//917 510//917
f 517//526 511//526 510//526
f 518//425 500//425 512//425
f 519//918 518//918 512//918
f 513//918 519//918 512//918
f 514//425 520//425 515//425
f 520//425 521//425 515//425
f 521//919 517//919 515//919
f 516//526 519//526 513//526
f 521//919 522//919 517//919
f 523//526 511//526 517//526
f 522//526 523//526 517//526
f 374//920 481//920 477//920
f 484//921 491//921 481//921
f 374//922 484//922 481//922
f 493//923 374//923 477//923
f 495//924 504//924 491//924
f 484//925 495//925 491//925
f 511//926 502//926 493//926
f 502//927 374//927 493//927
f 500//928 504//928 495//928
f 511//929 508//929 502//929
f 500//930 516//930 504//930
f 514//931 508//931 511//931
f 523//932 514//932 511//932
f 523//933 520//933 514//933
f 524//425 521//425 520//425
f 525//425 526//425 518//425
f 526//425 500//425 518//425
f 527//934 525//934 518//934
f 519//934 527//934 518//934
f 524//935 522//935 521//935
f 516//526 527//526 519//526
f 526//936 528//936 516//936
f 500//937 526//937 516//937
f 528//526 527//526 516//526
f 529//938 520//938 523//938
f 522//526 530//526 523//526
f 530//526 529//526 523//526
f 524//935 530//935 522//935
f 525//425 531//425 526//425
f 531//939 528//939 526//939
f 532//425 524//425 520//425
f 525//425 533//425 531//425
f 534//425 532//425 520//425
f 535//425 534//425 520//425
f 529//940 535//940 520//940
f 536//425 537//425 531//425
f 533//425 536//425 531//425
f 537//941 528//941 531//941
f 537//942 538//942 528//942
f 539//526 527//526 528//526
f 540//526 539//526 528//526
f 538//526 540//526 528//526
f 541//943 535//943 529//943
f 542//526 543//526 529//526
f 543//526 541//526 529//526
f 530//526 544//526 529//526
f 544//526 542//526 529//526
f 545//425 534//425 535//425
f 546//425 545//425 535//425
f 541//944 546//944 535//944
f 536//425 547//425 537//425
f 548//425 545//425 546//425
f 549//425 548//425 546//425
f 547//425 550//425 537//425
f 537//945 551//945 538//945
f 551//946 552//946 538//946
f 553//526 540//526 538//526
f 552//526 554//526 538//526
f 554//526 555//526 538//526
f 555//526 553//526 538//526
f 556//947 546//947 541//947
f 543//526 557//526 541//526
f 557//526 558//526 541//526
f 558//526 556//526 541//526
f 559//425 551//425 537//425
f 550//425 559//425 537//425
f 560//425 549//425 546//425
f 561//425 438//425 551//425
f 559//425 561//425 551//425
f 438//948 552//948 551//948
f 562//425 560//425 546//425
f 563//425 562//425 546//425
f 556//949 563//949 546//949
f 561//950 440//950 438//950
f 438//951 564//951 552//951
f 564//526 565//526 552//526
f 565//526 566//526 552//526
f 566//526 554//526 552//526
f 564//952 563//952 556//952
f 558//526 567//526 556//526
f 567//526 568//526 556//526
f 568//526 564//526 556//526
f 569//425 562//425 563//425
f 438//425 569//425 563//425
f 564//953 438//953 563//953
f 440//954 569//954 438//954
f 333//955 565//955 564//955
f 568//526 570//526 564//526
f 570//956 333//956 564//956
f 539//957 533//957 525//957
f 527//957 539//957 525//957
f 532//958 530//958 524//958
f 532//958 544//958 530//958
f 540//959 536//959 533//959
f 539//959 540//959 533//959
f 534//960 544//960 532//960
f 534//960 542//960 544//960
f 553//961 547//961 536//961
f 540//961 553//961 536//961
f 545//962 542//962 534//962
f 545//962 543//962 542//962
f 555//963 550//963 547//963
f 553//963 555//963 547//963
f 548//964 543//964 545//964
f 548//964 557//964 543//964
f 554//965 559//965 550//965
f 555//965 554//965 550//965
f 549//966 557//966 548//966
f 549//966 558//966 557//966
f 566//967 561//967 559//967
f 554//967 566//967 559//967
f 560//968 558//968 549//968
f 560//968 567//968 558//968
f 565//969 440//969 561//969
f 566//970 565//970 561//970
f 562//971 567//971 560//971
f 562//971 568//971 567//971
f 569//972 568//972 562//972
f 569//972 570//972 568//972
f 565//973 333//973 440//973
f 440//974 570//974 569//974
f 440//975 333//975 570//975
f 571//976 572//976 573//976
f 572//977 574//977 573//977
f 575//978 576//978 573//978
f 577//979 575//979 573//979
f 576//980 571//980 573//980
f 578//981 574//981 572//981
f 579//982 573//982 574//982
f 579//983 577//983 573//983
f 580//984 578//984 572//984
f 581//985 580//985 572//985
f 571//986 581//986 572//986
f 580//987 582//987 578//987
f 575//988 583//988 576//988
f 584//989 571//989 576//989
f 578//990 585//990 574//990
f 584//991 581//991 571//991
f 582//992 585//992 578//992
f 574//993 586//993 579//993
f 587//994 588//994 579//994
f 588//995 577//995 579//995
f 583//996 589//996 576//996
f 581//997 590//997 580//997
f 591//998 592//998 593//998
f 594//999 595//999 593//999
f 595//1000 591//1000 593//1000
f 596//1001 595//1001 594//1001
f 597//1002 583//1002 575//1002
f 577//1003 598//1003 575//1003
f 595//1004 599//1004 591//1004
f 589//1005 584//1005 576//1005
f 585//1006 600//1006 574//1006
f 601//1007 590//1007 581//1007
f 580//1008 602//1008 582//1008
f 592//1009 603//1009 593//1009
f 582//1010 604//1010 585//1010
f 591//1011 605//1011 592//1011
f 599//1012 606//1012 591//1012
f 607//1013 599//1013 595//1013
f 606//1014 605//1014 591//1014
f 607//1015 608//1015 599//1015
f 600//1016 586//1016 574//1016
f 586//1017 587//1017 579//1017
f 584//1018 601//1018 581//1018
f 609//1019 604//1019 582//1019
f 602//1020 609//1020 582//1020
f 608//1021 606//1021 599//1021
f 595//1022 610//1022 607//1022
f 598//1023 597//1023 575//1023
f 577//1024 588//1024 598//1024
f 593//1025 611//1025 594//1025
f 603//1026 592//1026 612//1026
f 613//1027 611//1027 593//1027
f 603//1028 613//1028 593//1028
f 596//1029 614//1029 595//1029
f 614//1030 610//1030 595//1030
f 615//1031 584//1031 589//1031
f 616//1032 600//1032 585//1032
f 617//1033 602//1033 580//1033
f 590//1034 617//1034 580//1034
f 618//1035 617//1035 590//1035
f 601//1036 618//1036 590//1036
f 605//1037 612//1037 592//1037
f 614//1038 619//1038 610//1038
f 594//1039 611//1039 596//1039
f 611//1040 620//1040 596//1040
f 621//1041 613//1041 603//1041
f 607//1042 622//1042 608//1042
f 606//1043 623//1043 605//1043
f 620//1044 614//1044 596//1044
f 624//1045 616//1045 585//1045
f 604//1046 624//1046 585//1046
f 625//1047 606//1047 608//1047
f 622//1048 625//1048 608//1048
f 610//1049 622//1049 607//1049
f 597//1050 626//1050 583//1050
f 627//1051 588//1051 587//1051
f 628//1052 601//1052 584//1052
f 629//1053 615//1053 589//1053
f 630//1054 612//1054 605//1054
f 631//1055 630//1055 605//1055
f 611//1056 632//1056 620//1056
f 612//1057 633//1057 603//1057
f 633//1058 621//1058 603//1058
f 613//1059 634//1059 611//1059
f 635//1060 633//1060 612//1060
f 630//1061 635//1061 612//1061
f 634//1062 632//1062 611//1062
f 623//1063 631//1063 605//1063
f 625//1064 636//1064 606//1064
f 637//1065 622//1065 610//1065
f 619//1066 637//1066 610//1066
f 638//1067 639//1067 586//1067
f 639//1068 587//1068 586//1068
f 600//1069 638//1069 586//1069
f 615//1070 628//1070 584//1070
f 640//526 625//526 622//526
f 598//1071 641//1071 597//1071
f 636//1072 623//1072 606//1072
f 637//526 640//526 622//526
f 642//425 643//425 644//425
f 643//1073 645//1073 644//1073
f 645//1074 646//1074 644//1074
f 583//1075 647//1075 589//1075
f 648//1076 638//1076 600//1076
f 621//1077 634//1077 613//1077
f 621//1078 649//1078 634//1078
f 650//1079 621//1079 633//1079
f 650//1080 651//1080 621//1080
f 651//1081 652//1081 621//1081
f 630//1082 653//1082 635//1082
f 654//1083 614//1083 620//1083
f 655//425 642//425 644//425
f 646//1084 655//1084 644//1084
f 654//1085 619//1085 614//1085
f 647//1086 629//1086 589//1086
f 616//1087 648//1087 600//1087
f 652//1088 649//1088 621//1088
f 649//1089 632//1089 634//1089
f 656//425 642//425 655//425
f 618//1090 657//1090 617//1090
f 658//1091 618//1091 601//1091
f 609//1092 659//1092 604//1092
f 660//526 640//526 637//526
f 619//1093 660//1093 637//1093
f 617//1094 661//1094 602//1094
f 661//1095 609//1095 602//1095
f 640//526 636//526 625//526
f 629//1096 628//1096 615//1096
f 662//1097 616//1097 624//1097
f 663//1098 662//1098 624//1098
f 604//1099 663//1099 624//1099
f 646//1100 664//1100 655//1100
f 665//1101 648//1101 616//1101
f 662//1102 665//1102 616//1102
f 639//1103 627//1103 587//1103
f 639//1104 666//1104 627//1104
f 627//1105 667//1105 588//1105
f 628//1106 658//1106 601//1106
f 668//1107 598//1107 588//1107
f 641//1108 669//1108 597//1108
f 669//1109 626//1109 597//1109
f 670//1110 641//1110 598//1110
f 668//1111 670//1111 598//1111
f 626//1112 647//1112 583//1112
f 658//1113 671//1113 618//1113
f 661//1114 659//1114 609//1114
f 642//425 672//425 643//425
f 672//1115 645//1115 643//1115
f 623//1116 673//1116 631//1116
f 654//1117 674//1117 619//1117
f 675//1118 676//1118 620//1118
f 632//1119 675//1119 620//1119
f 677//1120 675//1120 632//1120
f 649//1121 677//1121 632//1121
f 678//1122 677//1122 649//1122
f 652//1123 678//1123 649//1123
f 650//1124 679//1124 651//1124
f 680//526 681//526 646//526
f 645//526 680//526 646//526
f 633//1125 679//1125 650//1125
f 682//1126 679//1126 633//1126
f 635//1127 682//1127 633//1127
f 653//1128 682//1128 635//1128
f 626//1129 683//1129 647//1129
f 657//1130 684//1130 617//1130
f 684//1131 661//1131 617//1131
f 685//425 686//425 687//425
f 686//1132 688//1132 687//1132
f 688//1133 689//1133 687//1133
f 690//1134 673//1134 623//1134
f 618//1135 691//1135 657//1135
f 631//1136 692//1136 630//1136
f 693//425 685//425 687//425
f 694//954 693//954 687//954
f 689//1137 694//1137 687//1137
f 674//1138 660//1138 619//1138
f 695//1139 628//1139 629//1139
f 681//526 664//526 646//526
f 659//1140 663//1140 604//1140
f 676//1141 696//1141 620//1141
f 696//1142 654//1142 620//1142
f 691//1143 697//1143 657//1143
f 697//1144 698//1144 657//1144
f 697//1145 699//1145 698//1145
f 698//1146 684//1146 657//1146
f 700//1147 684//1147 698//1147
f 701//1148 697//1148 691//1148
f 671//1149 691//1149 618//1149
f 699//1150 702//1150 698//1150
f 683//1151 703//1151 647//1151
f 703//1152 629//1152 647//1152
f 689//1153 704//1153 694//1153
f 685//425 705//425 686//425
f 705//1154 706//1154 686//1154
f 699//1155 707//1155 702//1155
f 708//1156 661//1156 684//1156
f 702//1157 700//1157 698//1157
f 671//1158 709//1158 691//1158
f 709//1159 701//1159 691//1159
f 710//425 693//425 694//425
f 704//1160 710//1160 694//1160
f 707//1161 701//1161 709//1161
f 711//425 656//425 655//425
f 664//1162 711//1162 655//1162
f 709//1163 671//1163 702//1163
f 707//1164 709//1164 702//1164
f 664//1165 712//1165 711//1165
f 708//1166 659//1166 661//1166
f 713//1167 645//1167 672//1167
f 638//1168 714//1168 639//1168
f 714//1169 666//1169 639//1169
f 668//1170 588//1170 667//1170
f 648//1171 715//1171 638//1171
f 716//526 689//526 688//526
f 717//1172 662//1172 663//1172
f 716//526 718//526 689//526
f 719//1173 720//1173 721//1173
f 659//1174 722//1174 663//1174
f 723//1175 700//1175 702//1175
f 718//813 704//813 689//813
f 724//1176 675//1176 677//1176
f 725//1177 720//1177 719//1177
f 679//1178 726//1178 651//1178
f 630//1179 692//1179 653//1179
f 727//1180 682//1180 653//1180
f 685//425 728//425 705//425
f 729//1181 725//1181 719//1181
f 730//1182 665//1182 662//1182
f 717//1183 730//1183 662//1183
f 723//1184 719//1184 700//1184
f 636//1185 690//1185 623//1185
f 708//1186 722//1186 659//1186
f 721//1187 700//1187 719//1187
f 626//1188 731//1188 683//1188
f 731//1189 732//1189 683//1189
f 733//1190 725//1190 729//1190
f 681//813 712//813 664//813
f 686//1191 706//1191 688//1191
f 706//825 716//825 688//825
f 640//526 690//526 636//526
f 732//1192 734//1192 683//1192
f 735//1193 715//1193 648//1193
f 665//1194 735//1194 648//1194
f 720//1195 736//1195 721//1195
f 704//1196 737//1196 710//1196
f 719//1197 723//1197 729//1197
f 738//1198 674//1198 654//1198
f 696//1199 738//1199 654//1199
f 723//1200 739//1200 729//1200
f 739//1201 733//1201 729//1201
f 740//1202 658//1202 628//1202
f 695//1203 740//1203 628//1203
f 673//1204 692//1204 631//1204
f 741//1205 692//1205 673//1205
f 742//526 716//526 706//526
f 743//1206 733//1206 739//1206
f 723//1207 744//1207 739//1207
f 745//1208 700//1208 721//1208
f 713//526 680//526 645//526
f 746//1209 735//1209 665//1209
f 730//1210 746//1210 665//1210
f 744//1211 747//1211 739//1211
f 747//1212 743//1212 739//1212
f 671//1213 723//1213 702//1213
f 736//1214 748//1214 721//1214
f 745//1215 684//1215 700//1215
f 747//1216 744//1216 749//1216
f 750//1217 747//1217 749//1217
f 750//1218 743//1218 747//1218
f 745//1219 708//1219 684//1219
f 751//1220 731//1220 626//1220
f 669//1221 751//1221 626//1221
f 740//1222 671//1222 658//1222
f 722//1223 717//1223 663//1223
f 752//1224 746//1224 730//1224
f 666//1225 753//1225 627//1225
f 753//1226 667//1226 627//1226
f 715//1227 714//1227 638//1227
f 714//1228 753//1228 666//1228
f 754//526 660//526 674//526
f 740//1229 755//1229 671//1229
f 671//1230 755//1230 723//1230
f 756//425 656//425 711//425
f 757//425 756//425 711//425
f 712//1231 757//1231 711//1231
f 642//425 758//425 672//425
f 758//1232 713//1232 672//1232
f 690//1233 741//1233 673//1233
f 759//1234 652//1234 651//1234
f 726//1235 759//1235 651//1235
f 760//1236 761//1236 675//1236
f 724//1237 760//1237 675//1237
f 762//1238 679//1238 682//1238
f 763//1239 762//1239 682//1239
f 679//1240 764//1240 726//1240
f 692//1241 765//1241 653//1241
f 765//1242 727//1242 653//1242
f 763//1243 682//1243 727//1243
f 748//1244 745//1244 721//1244
f 766//1245 750//1245 749//1245
f 744//1246 766//1246 749//1246
f 703//1247 695//1247 629//1247
f 738//548 754//548 674//548
f 767//1248 744//1248 723//1248
f 705//1249 768//1249 706//1249
f 761//1250 676//1250 675//1250
f 718//813 737//813 704//813
f 768//526 742//526 706//526
f 681//526 769//526 712//526
f 741//1251 765//1251 692//1251
f 761//1252 696//1252 676//1252
f 770//580 693//580 710//580
f 771//1253 770//1253 710//1253
f 737//1254 771//1254 710//1254
f 728//425 772//425 705//425
f 772//1255 768//1255 705//1255
f 669//1256 773//1256 751//1256
f 774//1257 740//1257 695//1257
f 703//1258 774//1258 695//1258
f 717//1259 775//1259 730//1259
f 745//1260 722//1260 708//1260
f 774//1261 755//1261 740//1261
f 775//1262 717//1262 722//1262
f 734//1263 703//1263 683//1263
f 640//526 776//526 690//526
f 777//425 778//425 758//425
f 642//425 777//425 758//425
f 745//1264 775//1264 722//1264
f 779//1265 765//1265 741//1265
f 780//1266 738//1266 696//1266
f 761//1267 780//1267 696//1267
f 781//1268 757//1268 712//1268
f 714//1269 782//1269 753//1269
f 744//1270 767//1270 766//1270
f 746//1271 783//1271 735//1271
f 690//1272 784//1272 741//1272
f 784//1273 779//1273 741//1273
f 780//1274 785//1274 738//1274
f 769//783 781//783 712//783
f 758//1275 786//1275 713//1275
f 786//526 680//526 713//526
f 787//1276 774//1276 703//1276
f 734//1277 787//1277 703//1277
f 788//1278 752//1278 730//1278
f 789//1279 677//1279 678//1279
f 652//1280 789//1280 678//1280
f 759//1281 789//1281 652//1281
f 775//1282 788//1282 730//1282
f 755//1283 767//1283 723//1283
f 776//783 784//783 690//783
f 785//1284 754//1284 738//1284
f 790//1285 773//1285 669//1285
f 791//813 771//813 737//813
f 718//526 791//526 737//526
f 792//1286 750//1286 766//1286
f 793//1287 755//1287 774//1287
f 787//1288 793//1288 774//1288
f 794//1289 788//1289 775//1289
f 745//1290 794//1290 775//1290
f 779//1291 795//1291 765//1291
f 796//1292 780//1292 761//1292
f 797//1293 787//1293 734//1293
f 748//1294 798//1294 745//1294
f 799//1295 795//1295 779//1295
f 796//1296 785//1296 780//1296
f 797//1297 793//1297 787//1297
f 784//1298 799//1298 779//1298
f 796//1299 800//1299 785//1299
f 736//1300 801//1300 748//1300
f 802//1301 668//1301 667//1301
f 735//1302 803//1302 715//1302
f 803//1303 714//1303 715//1303
f 798//1304 748//1304 801//1304
f 800//1284 754//1284 785//1284
f 776//1305 804//1305 784//1305
f 732//1306 805//1306 734//1306
f 805//1307 797//1307 734//1307
f 778//1308 806//1308 758//1308
f 806//1309 786//1309 758//1309
f 668//1310 807//1310 670//1310
f 808//1311 807//1311 668//1311
f 802//1312 808//1312 668//1312
f 809//1313 810//1313 763//1313
f 677//1314 811//1314 724//1314
f 789//1315 811//1315 677//1315
f 789//1316 812//1316 811//1316
f 813//1317 679//1317 762//1317
f 764//1318 679//1318 813//1318
f 813//1319 814//1319 764//1319
f 814//1320 815//1320 764//1320
f 759//1321 816//1321 789//1321
f 816//1322 812//1322 789//1322
f 815//1323 726//1323 764//1323
f 815//1324 817//1324 759//1324
f 817//1325 816//1325 759//1325
f 726//1326 815//1326 759//1326
f 814//1327 817//1327 815//1327
f 809//1328 727//1328 765//1328
f 818//1329 819//1329 760//1329
f 819//1330 761//1330 760//1330
f 820//1331 821//1331 809//1331
f 809//1332 763//1332 727//1332
f 822//1333 760//1333 724//1333
f 821//1334 810//1334 809//1334
f 811//1335 822//1335 724//1335
f 761//1336 819//1336 796//1336
f 765//1337 823//1337 809//1337
f 823//1338 820//1338 809//1338
f 824//1339 792//1339 766//1339
f 767//1340 825//1340 766//1340
f 825//1341 824//1341 766//1341
f 795//1342 823//1342 765//1342
f 826//1343 757//1343 781//1343
f 769//640 826//640 781//640
f 827//1344 768//1344 772//1344
f 827//819 742//819 768//819
f 828//1345 731//1345 751//1345
f 783//1346 803//1346 735//1346
f 793//1347 829//1347 755//1347
f 736//1195 830//1195 801//1195
f 798//1348 794//1348 745//1348
f 784//1349 831//1349 799//1349
f 831//1350 832//1350 799//1350
f 833//425 792//425 824//425
f 829//1351 767//1351 755//1351
f 834//1352 835//1352 800//1352
f 835//1353 754//1353 800//1353
f 804//1354 836//1354 784//1354
f 837//1355 820//1355 823//1355
f 818//1356 838//1356 819//1356
f 839//1357 800//1357 796//1357
f 799//1358 840//1358 841//1358
f 795//1359 799//1359 841//1359
f 840//1360 842//1360 841//1360
f 838//1361 843//1361 839//1361
f 819//1362 838//1362 839//1362
f 796//1363 819//1363 839//1363
f 823//181 795//181 841//181
f 844//1364 823//1364 841//1364
f 842//1365 844//1365 841//1365
f 844//1366 837//1366 823//1366
f 832//1367 845//1367 799//1367
f 839//1368 846//1368 800//1368
f 846//1369 834//1369 800//1369
f 847//1370 840//1370 799//1370
f 848//1371 840//1371 847//1371
f 849//1372 848//1372 847//1372
f 850//1373 846//1373 849//1373
f 845//1374 847//1374 799//1374
f 850//1375 834//1375 846//1375
f 846//1376 851//1376 849//1376
f 843//1377 851//1377 846//1377
f 839//1378 843//1378 846//1378
f 852//1379 842//1379 840//1379
f 716//1380 736//1380 720//1380
f 720//1381 718//1381 716//1381
f 851//1382 848//1382 849//1382
f 847//1383 850//1383 849//1383
f 693//1384 681//1384 685//1384
f 680//1385 728//1385 685//1385
f 681//1386 680//1386 685//1386
f 656//1387 640//1387 642//1387
f 660//1388 642//1388 640//1388
f 853//1389 786//1389 806//1389
f 753//1390 802//1390 667//1390
f 670//1391 807//1391 641//1391
f 807//1392 669//1392 641//1392
f 699//1393 697//1393 701//1393
f 699//1394 701//1394 707//1394
f 714//1395 803//1395 782//1395
f 854//1396 850//1396 847//1396
f 828//1397 732//1397 731//1397
f 829//1398 825//1398 767//1398
f 742//1399 736//1399 716//1399
f 855//1400 783//1400 746//1400
f 752//1401 855//1401 746//1401
f 828//1402 805//1402 732//1402
f 855//1403 818//1403 783//1403
f 751//1404 856//1404 828//1404
f 856//1405 857//1405 828//1405
f 831//1406 845//1406 832//1406
f 807//1407 790//1407 669//1407
f 853//1408 680//1408 786//1408
f 783//1409 818//1409 803//1409
f 858//1410 798//1410 801//1410
f 782//1411 802//1411 753//1411
f 773//1412 856//1412 751//1412
f 859//1413 854//1413 847//1413
f 845//1414 859//1414 847//1414
f 860//1415 861//1415 850//1415
f 750//1416 718//1416 720//1416
f 769//1417 681//1417 693//1417
f 854//1418 860//1418 850//1418
f 855//1419 862//1419 818//1419
f 776//1420 640//1420 656//1420
f 756//1421 776//1421 656//1421
f 660//1422 777//1422 642//1422
f 754//1423 777//1423 660//1423
f 813//1424 807//1424 808//1424
f 782//1425 814//1425 802//1425
f 814//1426 808//1426 802//1426
f 807//1427 810//1427 790//1427
f 813//1428 810//1428 807//1428
f 856//1429 863//1429 857//1429
f 863//1430 864//1430 857//1430
f 864//1431 828//1431 857//1431
f 812//1432 822//1432 811//1432
f 762//1433 763//1433 810//1433
f 810//1434 813//1434 762//1434
f 812//1435 782//1435 822//1435
f 812//1436 814//1436 782//1436
f 816//1437 814//1437 812//1437
f 808//1438 814//1438 813//1438
f 817//1439 814//1439 816//1439
f 821//1440 856//1440 773//1440
f 818//1441 760//1441 803//1441
f 773//1442 810//1442 821//1442
f 820//1443 856//1443 821//1443
f 790//1444 810//1444 773//1444
f 822//1445 803//1445 760//1445
f 822//1446 782//1446 803//1446
f 844//28 863//28 837//28
f 863//28 820//28 837//28
f 856//1447 820//1447 863//1447
f 852//1448 863//1448 842//1448
f 862//1449 851//1449 843//1449
f 863//28 844//28 842//28
f 838//1450 818//1450 843//1450
f 818//1451 862//1451 843//1451
f 852//1452 864//1452 863//1452
f 848//1453 852//1453 840//1453
f 855//1454 865//1454 862//1454
f 866//1455 793//1455 797//1455
f 867//1456 855//1456 788//1456
f 855//1457 752//1457 788//1457
f 798//1458 867//1458 794//1458
f 866//1459 829//1459 793//1459
f 867//1460 788//1460 794//1460
f 868//1461 869//1461 870//1461
f 869//1462 871//1462 870//1462
f 854//1463 859//1463 870//1463
f 871//1464 854//1464 870//1464
f 862//1465 848//1465 851//1465
f 864//1466 852//1466 848//1466
f 865//1467 864//1467 848//1467
f 862//1468 865//1468 848//1468
f 850//1469 861//1469 834//1469
f 845//1470 872//1470 859//1470
f 873//1471 845//1471 831//1471
f 805//1472 828//1472 864//1472
f 825//1473 874//1473 824//1473
f 829//1474 874//1474 825//1474
f 871//1475 860//1475 854//1475
f 875//1476 864//1476 865//1476
f 875//1477 876//1477 864//1477
f 877//1478 875//1478 865//1478
f 750//1479 699//1479 743//1479
f 699//1480 725//1480 733//1480
f 733//1481 743//1481 699//1481
f 720//1482 725//1482 699//1482
f 750//1483 720//1483 699//1483
f 878//1484 874//1484 829//1484
f 879//1485 865//1485 855//1485
f 876//1486 805//1486 864//1486
f 880//1487 881//1487 870//1487
f 881//1488 868//1488 870//1488
f 859//1489 880//1489 870//1489
f 869//425 882//425 871//425
f 882//1490 860//1490 871//1490
f 791//1491 718//1491 750//1491
f 792//1492 791//1492 750//1492
f 728//1339 883//1339 772//1339
f 883//1493 827//1493 772//1493
f 884//1494 770//1494 771//1494
f 805//1495 866//1495 797//1495
f 885//1496 858//1496 801//1496
f 830//1497 885//1497 801//1497
f 861//1498 835//1498 834//1498
f 836//1499 831//1499 784//1499
f 836//1500 873//1500 831//1500
f 876//1501 886//1501 805//1501
f 869//1502 868//1502 887//1502
f 873//1503 872//1503 845//1503
f 888//1504 876//1504 875//1504
f 877//1505 888//1505 875//1505
f 881//1506 887//1506 868//1506
f 889//425 882//425 869//425
f 887//1507 889//1507 869//1507
f 879//1508 890//1508 865//1508
f 890//1509 877//1509 865//1509
f 880//1510 859//1510 872//1510
f 890//1511 888//1511 877//1511
f 891//1512 680//1512 853//1512
f 892//1513 893//1513 770//1513
f 893//950 693//950 770//950
f 884//1514 892//1514 770//1514
f 894//611 742//611 827//611
f 791//526 895//526 771//526
f 895//783 884//783 771//783
f 874//1515 896//1515 824//1515
f 896//1339 833//1339 824//1339
f 897//1516 889//1516 887//1516
f 886//1517 898//1517 866//1517
f 898//1518 829//1518 866//1518
f 899//1519 855//1519 867//1519
f 876//1520 900//1520 886//1520
f 804//1521 776//1521 756//1521
f 901//1522 897//1522 887//1522
f 881//1523 901//1523 887//1523
f 889//425 902//425 882//425
f 902//1524 860//1524 882//1524
f 903//1525 756//1525 757//1525
f 898//1526 904//1526 829//1526
f 904//1527 878//1527 829//1527
f 899//1528 879//1528 855//1528
f 900//1529 876//1529 888//1529
f 890//1530 905//1530 888//1530
f 905//1531 900//1531 888//1531
f 860//1532 906//1532 861//1532
f 826//1533 903//1533 757//1533
f 805//1534 886//1534 866//1534
f 907//425 902//425 889//425
f 897//1535 907//1535 889//1535
f 833//1536 791//1536 792//1536
f 742//1537 830//1537 736//1537
f 908//1538 886//1538 900//1538
f 909//1539 890//1539 879//1539
f 885//1540 910//1540 858//1540
f 911//1541 912//1541 874//1541
f 912//1542 896//1542 874//1542
f 873//1543 913//1543 872//1543
f 830//1544 910//1544 885//1544
f 912//1545 833//1545 896//1545
f 883//1546 894//1546 827//1546
f 895//1547 892//1547 884//1547
f 914//1548 894//1548 883//1548
f 895//1547 893//1547 892//1547
f 728//425 914//425 883//425
f 769//1549 915//1549 826//1549
f 916//1550 911//1550 874//1550
f 806//1551 891//1551 853//1551
f 915//1552 903//1552 826//1552
f 861//1553 754//1553 835//1553
f 778//1554 891//1554 806//1554
f 910//1555 917//1555 858//1555
f 917//1556 918//1556 858//1556
f 916//1557 919//1557 911//1557
f 919//425 912//425 911//425
f 899//1558 909//1558 879//1558
f 920//1559 891//1559 778//1559
f 902//1560 906//1560 860//1560
f 921//1561 897//1561 901//1561
f 921//1562 907//1562 897//1562
f 917//1563 922//1563 918//1563
f 923//1564 919//1564 916//1564
f 917//1565 924//1565 922//1565
f 925//1566 919//1566 923//1566
f 798//1567 899//1567 867//1567
f 926//1568 890//1568 909//1568
f 927//1569 928//1569 929//1569
f 930//1570 927//1570 929//1570
f 931//526 930//526 929//526
f 932//526 933//526 929//526
f 933//526 934//526 929//526
f 934//526 931//526 929//526
f 928//813 932//813 929//813
f 935//1571 936//1571 937//1571
f 938//526 935//526 937//526
f 926//1572 939//1572 890//1572
f 930//1570 940//1570 927//1570
f 936//1573 941//1573 937//1573
f 941//1566 942//1566 937//1566
f 942//1566 938//1566 937//1566
f 905//1574 943//1574 900//1574
f 890//1575 939//1575 905//1575
f 798//1576 944//1576 899//1576
f 945//425 942//425 941//425
f 936//580 946//580 941//580
f 946//425 947//425 941//425
f 947//425 948//425 941//425
f 948//425 949//425 941//425
f 949//425 945//425 941//425
f 950//1577 951//1577 952//1577
f 953//526 950//526 952//526
f 951//1578 954//1578 952//1578
f 954//1579 955//1579 952//1579
f 956//1580 957//1580 958//1580
f 957//1581 959//1581 958//1581
f 915//1582 769//1582 693//1582
f 893//1583 915//1583 693//1583
f 680//1584 914//1584 728//1584
f 891//1585 914//1585 680//1585
f 777//1586 920//1586 778//1586
f 915//1587 756//1587 903//1587
f 918//1588 798//1588 858//1588
f 960//1589 961//1589 880//1589
f 961//1590 881//1590 880//1590
f 872//1591 960//1591 880//1591
f 907//425 962//425 902//425
f 962//1592 906//1592 902//1592
f 961//1593 901//1593 881//1593
f 935//1594 963//1594 936//1594
f 963//425 946//425 936//425
f 964//1595 754//1595 861//1595
f 965//1596 928//1596 927//1596
f 940//1597 965//1597 927//1597
f 836//1598 966//1598 873//1598
f 967//425 921//425 901//425
f 908//1599 968//1599 886//1599
f 900//1600 969//1600 908//1600
f 943//1601 969//1601 900//1601
f 970//526 943//526 905//526
f 939//1602 970//1602 905//1602
f 926//1603 970//1603 939//1603
f 754//1604 920//1604 777//1604
f 971//1605 836//1605 804//1605
f 964//1606 920//1606 754//1606
f 804//1607 959//1607 957//1607
f 972//1608 944//1608 798//1608
f 951//1609 964//1609 954//1609
f 895//1610 791//1610 833//1610
f 894//1611 830//1611 742//1611
f 973//425 925//425 923//425
f 916//1612 973//1612 923//1612
f 874//1613 973//1613 916//1613
f 922//1614 974//1614 918//1614
f 974//1615 798//1615 918//1615
f 924//791 975//791 922//791
f 975//1616 974//1616 922//1616
f 968//1617 898//1617 886//1617
f 968//1618 878//1618 898//1618
f 878//1619 904//1619 898//1619
f 976//1620 804//1620 957//1620
f 964//1621 977//1621 954//1621
f 977//1622 955//1622 954//1622
f 959//1623 956//1623 958//1623
f 978//425 967//425 901//425
f 961//1624 978//1624 901//1624
f 955//1625 979//1625 952//1625
f 980//1626 973//1626 874//1626
f 915//1627 804//1627 756//1627
f 981//1548 891//1548 920//1548
f 915//1628 982//1628 804//1628
f 833//1629 912//1629 895//1629
f 912//1630 915//1630 895//1630
f 915//1631 893//1631 895//1631
f 981//1548 910//1548 894//1548
f 910//1632 830//1632 894//1632
f 914//1548 981//1548 894//1548
f 891//1633 981//1633 914//1633
f 983//425 925//425 973//425
f 960//425 984//425 961//425
f 984//1634 978//1634 961//1634
f 985//425 962//425 907//425
f 921//1635 985//1635 907//1635
f 912//1636 919//1636 915//1636
f 919//1637 982//1637 915//1637
f 920//1638 951//1638 981//1638
f 951//1639 910//1639 981//1639
f 951//1640 917//1640 910//1640
f 986//1641 968//1641 908//1641
f 987//425 984//425 960//425
f 872//1642 913//1642 960//1642
f 913//1643 987//1643 960//1643
f 906//1644 988//1644 861//1644
f 969//1645 986//1645 908//1645
f 966//1646 913//1646 873//1646
f 980//1647 874//1647 878//1647
f 982//1648 959//1648 804//1648
f 951//1649 920//1649 964//1649
f 976//1650 971//1650 804//1650
f 942//1651 919//1651 938//1651
f 919//1652 925//1652 938//1652
f 924//1565 917//1565 930//1565
f 917//1653 951//1653 930//1653
f 951//1654 940//1654 930//1654
f 931//1655 975//1655 930//1655
f 975//1656 924//1656 930//1656
f 989//1657 959//1657 942//1657
f 945//1658 989//1658 942//1658
f 982//1566 919//1566 942//1566
f 959//1659 982//1659 942//1659
f 989//813 956//813 959//813
f 950//1660 940//1660 951//1660
f 983//1661 938//1661 925//1661
f 979//1662 953//1662 952//1662
f 965//1663 990//1663 928//1663
f 990//526 932//526 928//526
f 991//1664 963//1664 935//1664
f 964//1665 992//1665 977//1665
f 992//1666 955//1666 977//1666
f 993//1667 964//1667 861//1667
f 994//1668 966//1668 836//1668
f 944//1669 995//1669 899//1669
f 996//425 967//425 978//425
f 984//1670 996//1670 978//1670
f 986//1671 997//1671 968//1671
f 995//1672 909//1672 899//1672
f 972//1673 995//1673 944//1673
f 998//1674 878//1674 968//1674
f 974//1675 999//1675 798//1675
f 997//1676 998//1676 968//1676
f 999//1677 972//1677 798//1677
f 991//580 946//580 963//580
f 1000//425 1001//425 965//425
f 940//425 1000//425 965//425
f 1002//1678 926//1678 909//1678
f 1002//1679 1003//1679 926//1679
f 1003//1680 970//1680 926//1680
f 1004//1681 989//1681 945//1681
f 950//1682 1000//1682 940//1682
f 1004//813 956//813 989//813
f 1005//1683 980//1683 878//1683
f 967//1684 985//1684 921//1684
f 987//425 1006//425 984//425
f 1006//1685 1007//1685 984//1685
f 1007//1686 996//1686 984//1686
f 1008//425 962//425 985//425
f 967//1687 1009//1687 985//1687
f 1009//1688 1008//1688 985//1688
f 980//1689 1010//1689 973//1689
f 1010//1690 983//1690 973//1690
f 1011//1691 1012//1691 935//1691
f 1012//1692 991//1692 935//1692
f 1007//1339 967//1339 996//1339
f 913//1693 966//1693 987//1693
f 966//1694 1006//1694 987//1694
f 1008//1695 988//1695 962//1695
f 988//1696 906//1696 962//1696
f 995//1697 1002//1697 909//1697
f 1001//1698 990//1698 965//1698
f 1012//1699 1013//1699 991//1699
f 1013//425 946//425 991//425
f 1014//1700 878//1700 998//1700
f 1015//1701 1014//1701 998//1701
f 997//1702 1015//1702 998//1702
f 972//1703 1016//1703 995//1703
f 964//1704 1017//1704 992//1704
f 1017//1705 1018//1705 992//1705
f 1018//1706 1019//1706 992//1706
f 1019//1707 955//1707 992//1707
f 994//813 836//813 971//813
f 1020//1708 1017//1708 964//1708
f 993//1709 1020//1709 964//1709
f 1021//1710 1016//1710 972//1710
f 1005//1711 878//1711 1014//1711
f 1022//1712 953//1712 979//1712
f 1023//1713 979//1713 955//1713
f 956//1714 1024//1714 957//1714
f 1025//1715 1010//1715 980//1715
f 861//1716 988//1716 993//1716
f 949//1717 1004//1717 945//1717
f 1026//580 1027//580 1000//580
f 1027//425 1001//425 1000//425
f 1028//813 1029//813 1004//813
f 1029//760 1030//760 1004//760
f 1024//1718 956//1718 1004//1718
f 1030//1719 1031//1719 1004//1719
f 1031//1720 1024//1720 1004//1720
f 953//1721 1000//1721 950//1721
f 1032//1722 1010//1722 1025//1722
f 980//1723 1033//1723 1025//1723
f 975//1724 1034//1724 974//1724
f 1034//1725 999//1725 974//1725
f 1001//1726 1035//1726 990//1726
f 1035//1727 932//1727 990//1727
f 931//1728 1036//1728 975//1728
f 983//1729 1037//1729 938//1729
f 1037//1730 1038//1730 938//1730
f 1039//1731 935//1731 938//1731
f 1038//1732 1040//1732 938//1732
f 1040//1733 1041//1733 938//1733
f 1041//526 1042//526 938//526
f 1042//526 1043//526 938//526
f 1043//1720 1039//1720 938//1720
f 934//1734 1036//1734 931//1734
f 967//1735 1044//1735 1009//1735
f 983//1736 1010//1736 1045//1736
f 1010//1737 1032//1737 1045//1737
f 1037//1738 983//1738 1045//1738
f 1034//1739 975//1739 1046//1739
f 999//1740 1034//1740 1046//1740
f 1047//1741 999//1741 1046//1741
f 1048//1742 1047//1742 1046//1742
f 975//1743 1048//1743 1046//1743
f 1025//1744 1045//1744 1032//1744
f 972//1745 1049//1745 1021//1745
f 997//1746 1050//1746 1015//1746
f 1051//1747 995//1747 1016//1747
f 1025//1748 1052//1748 1045//1748
f 1052//1749 1037//1749 1045//1749
f 1036//1750 1048//1750 975//1750
f 1048//1751 1053//1751 1054//1751
f 1053//1752 1016//1752 1054//1752
f 1016//1753 1021//1753 1054//1753
f 1015//1754 1055//1754 1014//1754
f 1056//1755 1048//1755 1054//1755
f 1021//1756 1056//1756 1054//1756
f 1015//1757 1037//1757 1055//1757
f 1051//1758 1016//1758 1053//1758
f 1049//1759 1056//1759 1021//1759
f 1033//1760 1052//1760 1025//1760
f 1048//1761 1051//1761 1053//1761
f 1024//1762 1057//1762 957//1762
f 1057//425 976//425 957//425
f 935//1763 1039//1763 1011//1763
f 1005//1764 1033//1764 980//1764
f 1058//1765 997//1765 986//1765
f 955//1766 1059//1766 1023//1766
f 1060//1767 971//1767 976//1767
f 1061//1768 1060//1768 976//1768
f 1057//425 1061//425 976//425
f 1020//1769 1062//1769 1017//1769
f 1062//1770 1063//1770 1017//1770
f 1063//1771 1018//1771 1017//1771
f 1060//1772 1064//1772 971//1772
f 1064//1773 994//1773 971//1773
f 993//1774 1062//1774 1020//1774
f 966//1775 1007//1775 1006//1775
f 1009//1776 988//1776 1008//1776
f 1044//1777 988//1777 1009//1777
f 1028//1778 1004//1778 949//1778
f 948//1779 1028//1779 949//1779
f 953//1780 1065//1780 1000//1780
f 1065//1781 1026//1781 1000//1781
f 1066//1782 999//1782 1047//1782
f 1067//1783 1066//1783 1047//1783
f 1048//1784 1067//1784 1047//1784
f 1068//1785 1055//1785 1037//1785
f 1037//1786 1069//1786 1038//1786
f 1069//1787 1070//1787 1038//1787
f 1070//569 1040//569 1038//569
f 1055//1788 1071//1788 1014//1788
f 1068//1789 1071//1789 1055//1789
f 1072//1790 1048//1790 1056//1790
f 1049//1791 1072//1791 1056//1791
f 1050//1792 1037//1792 1015//1792
f 1073//1793 1051//1793 1048//1793
f 994//1794 1074//1794 966//1794
f 1074//1795 1007//1795 966//1795
f 1073//1796 995//1796 1051//1796
f 1005//1797 1014//1797 1071//1797
f 1052//1798 1075//1798 1037//1798
f 1076//1799 1067//1799 1048//1799
f 1075//1800 1069//1800 1037//1800
f 1072//1801 1073//1801 1048//1801
f 1036//1802 1076//1802 1048//1802
f 1033//1803 1075//1803 1052//1803
f 1077//1804 1070//1804 1069//1804
f 1078//1805 1036//1805 934//1805
f 933//1806 1078//1806 934//1806
f 1037//1807 1050//1807 1068//1807
f 1050//1808 1071//1808 1068//1808
f 1050//1809 1005//1809 1071//1809
f 1079//1810 1049//1810 972//1810
f 1073//1811 1072//1811 1049//1811
f 1080//1812 1002//1812 995//1812
f 1073//1813 1080//1813 995//1813
f 1066//1814 972//1814 999//1814
f 1066//1815 1081//1815 972//1815
f 1082//1816 1075//1816 1033//1816
f 1082//1817 1033//1817 1005//1817
f 1081//1818 1079//1818 972//1818
f 1082//1819 1083//1819 1069//1819
f 1083//580 1084//580 1069//580
f 1085//1820 1077//1820 1069//1820
f 1084//425 1085//425 1069//425
f 1086//1821 1036//1821 1078//1821
f 933//1822 1087//1822 1078//1822
f 1088//1823 1089//1823 1078//1823
f 1087//425 1088//425 1078//425
f 1089//1824 1090//1824 1078//1824
f 1090//1825 1091//1825 1078//1825
f 1091//1690 1092//1690 1078//1690
f 1092//1690 1093//1690 1078//1690
f 1093//1826 1086//1826 1078//1826
f 1076//1827 1036//1827 1086//1827
f 1076//1828 1066//1828 1067//1828
f 1075//1829 1082//1829 1069//1829
f 997//1830 1005//1830 1050//1830
f 1049//1831 1079//1831 1073//1831
f 1079//1832 1080//1832 1073//1832
f 1066//1833 1076//1833 1086//1833
f 1058//1834 986//1834 969//1834
f 1086//1835 1081//1835 1066//1835
f 1094//1836 1005//1836 997//1836
f 1039//1837 1012//1837 1011//1837
f 1031//1838 1057//1838 1024//1838
f 1005//1839 1083//1839 1082//1839
f 1093//1840 1081//1840 1086//1840
f 1001//1841 1095//1841 1035//1841
f 1095//1842 932//1842 1035//1842
f 1096//954 1061//954 1057//954
f 1097//1843 967//1843 1007//1843
f 1098//1844 969//1844 943//1844
f 1044//1845 993//1845 988//1845
f 1019//1846 1059//1846 955//1846
f 1099//1847 997//1847 1058//1847
f 1031//1848 1096//1848 1057//1848
f 1099//1849 1094//1849 997//1849
f 1099//1850 1100//1850 1094//1850
f 1100//1851 1005//1851 1094//1851
f 1100//1852 1101//1852 1005//1852
f 1080//1853 1003//1853 1002//1853
f 1059//1854 979//1854 1023//1854
f 1101//1855 1102//1855 1005//1855
f 1043//1856 1013//1856 1039//1856
f 1013//1857 1012//1857 1039//1857
f 1001//1858 1027//1858 1095//1858
f 1081//1859 1103//1859 1079//1859
f 1103//1860 1080//1860 1079//1860
f 1003//1861 1104//1861 970//1861
f 1105//1862 1104//1862 1003//1862
f 1106//1863 1103//1863 1081//1863
f 1092//1864 1081//1864 1093//1864
f 1092//1865 1107//1865 1081//1865
f 1108//1866 1080//1866 1103//1866
f 970//1867 1098//1867 943//1867
f 1102//1868 1083//1868 1005//1868
f 1106//1869 1081//1869 1107//1869
f 1018//1870 1109//1870 1019//1870
f 1027//1871 1110//1871 1095//1871
f 1110//526 932//526 1095//526
f 1099//1872 1101//1872 1100//1872
f 1091//1873 1107//1873 1092//1873
f 1043//1874 946//1874 1013//1874
f 1111//1875 1003//1875 1080//1875
f 1112//1876 970//1876 1104//1876
f 1112//1877 1098//1877 970//1877
f 1058//1878 969//1878 1098//1878
f 1097//1879 1113//1879 967//1879
f 1113//1880 1044//1880 967//1880
f 1007//1881 1074//1881 1097//1881
f 1114//1882 993//1882 1044//1882
f 1114//1883 1062//1883 993//1883
f 1115//1884 1074//1884 994//1884
f 1064//1885 1115//1885 994//1885
f 1109//1886 1059//1886 1019//1886
f 1115//1887 1116//1887 1074//1887
f 1042//1888 946//1888 1043//1888
f 1090//1889 1107//1889 1091//1889
f 1108//1890 1111//1890 1080//1890
f 1117//1891 1101//1891 1099//1891
f 1022//1892 979//1892 1059//1892
f 1031//1893 1118//1893 1096//1893
f 1111//1894 1105//1894 1003//1894
f 1113//1895 1119//1895 1044//1895
f 1119//1896 1114//1896 1044//1896
f 947//1897 946//1897 1042//1897
f 1027//1898 932//1898 1110//1898
f 1116//1899 1120//1899 1074//1899
f 1120//1900 1097//1900 1074//1900
f 1030//1901 1118//1901 1031//1901
f 1097//1902 1120//1902 1113//1902
f 1120//1903 1119//1903 1113//1903
f 1121//1904 1117//1904 1099//1904
f 1106//1905 1108//1905 1103//1905
f 1122//1906 1105//1906 1111//1906
f 1123//1907 1058//1907 1098//1907
f 1121//1908 1099//1908 1058//1908
f 1064//1909 1124//1909 1115//1909
f 1125//1910 1111//1910 1108//1910
f 1126//1911 1101//1911 1117//1911
f 1120//1912 1127//1912 1119//1912
f 1018//1913 1062//1913 1114//1913
f 1109//1914 1022//1914 1059//1914
f 1104//1915 1128//1915 1112//1915
f 1128//1916 1129//1916 1112//1916
f 1129//1917 1123//1917 1098//1917
f 1112//1918 1129//1918 1098//1918
f 1102//1919 1084//1919 1083//1919
f 1123//1920 1121//1920 1058//1920
f 1130//1921 1128//1921 1104//1921
f 1124//1922 1116//1922 1115//1922
f 1105//1923 1130//1923 1104//1923
f 1122//1924 1130//1924 1105//1924
f 1131//1925 1107//1925 1090//1925
f 1090//1926 1089//1926 1131//1926
f 1041//1927 947//1927 1042//1927
f 1096//1928 1118//1928 1030//1928
f 1029//1929 1096//1929 1030//1929
f 1129//1930 1132//1930 1123//1930
f 1127//1931 1133//1931 1119//1931
f 1134//1932 1127//1932 1120//1932
f 1116//1933 1134//1933 1120//1933
f 1130//1934 1135//1934 1128//1934
f 1135//1935 1129//1935 1128//1935
f 1136//1936 1132//1936 1129//1936
f 1135//1937 1134//1937 1129//1937
f 1134//1938 1136//1938 1129//1938
f 1027//1939 1089//1939 932//1939
f 1134//1940 1137//1940 1136//1940
f 1026//1941 1089//1941 1027//1941
f 1109//1942 1018//1942 1022//1942
f 1138//1943 1134//1943 1135//1943
f 1122//1944 1139//1944 1130//1944
f 1132//1945 1121//1945 1123//1945
f 1139//1946 1135//1946 1130//1946
f 1140//1947 1138//1947 1139//1947
f 1137//1948 1141//1948 1136//1948
f 1141//1949 1142//1949 1136//1949
f 1142//1950 1132//1950 1136//1950
f 1142//1951 1143//1951 1132//1951
f 1139//1952 1138//1952 1135//1952
f 1108//1953 1106//1953 1125//1953
f 1106//1954 1144//1954 1125//1954
f 1117//1955 1145//1955 1126//1955
f 1145//1956 1146//1956 1126//1956
f 1144//1957 1111//1957 1125//1957
f 1144//1958 1122//1958 1111//1958
f 1121//1959 1145//1959 1117//1959
f 1144//1960 1147//1960 1122//1960
f 1127//1961 1148//1961 1133//1961
f 1096//1962 1149//1962 1124//1962
f 1119//1963 1150//1963 1114//1963
f 1149//1964 1151//1964 1124//1964
f 1140//1965 1150//1965 1119//1965
f 1152//1966 1026//1966 1150//1966
f 1153//1967 1152//1967 1150//1967
f 1026//1968 1018//1968 1150//1968
f 1018//1969 1114//1969 1150//1969
f 1140//1970 1153//1970 1150//1970
f 1096//1971 1029//1971 1149//1971
f 1029//1972 1143//1972 1149//1972
f 1143//1973 1151//1973 1149//1973
f 1152//1974 1154//1974 1026//1974
f 1022//1975 1018//1975 1026//1975
f 1084//1976 1155//1976 1029//1976
f 1041//1977 1084//1977 1029//1977
f 947//1978 1041//1978 1029//1978
f 1155//1979 1143//1979 1029//1979
f 1156//1980 1061//1980 1096//1980
f 1124//1981 1156//1981 1096//1981
f 1063//1982 1157//1982 1018//1982
f 1157//1983 1062//1983 1018//1983
f 1064//1984 1156//1984 1124//1984
f 1158//1985 948//1985 947//1985
f 1028//1986 1158//1986 947//1986
f 1029//1987 1028//1987 947//1987
f 1065//1988 953//1988 1026//1988
f 953//1989 1022//1989 1026//1989
f 1084//1990 1159//1990 1155//1990
f 1154//1991 1089//1991 1026//1991
f 1160//1992 1085//1992 1084//1992
f 1041//1993 1040//1993 1084//1993
f 1040//1994 1160//1994 1084//1994
f 933//1995 932//1995 1089//1995
f 1161//1996 1116//1996 1162//1996
f 1161//1997 1137//1997 1116//1997
f 1160//1998 1159//1998 1084//1998
f 1134//1999 1138//1999 1127//1999
f 1162//2000 1116//2000 1124//2000
f 1151//2001 1162//2001 1124//2001
f 1163//2002 1145//2002 1121//2002
f 1132//2003 1163//2003 1121//2003
f 1077//2004 1159//2004 1160//2004
f 1040//2005 1077//2005 1160//2005
f 1088//2006 1131//2006 1089//2006
f 1154//2007 933//2007 1089//2007
f 1160//2008 1077//2008 1085//2008
f 1164//2009 1131//2009 1088//2009
f 1087//2010 1164//2010 1088//2010
f 1160//2011 1084//2011 1102//2011
f 1146//2012 1101//2012 1126//2012
f 1147//2013 1139//2013 1122//2013
f 1133//2014 1140//2014 1119//2014
f 1143//2015 1163//2015 1132//2015
f 1137//2016 1134//2016 1116//2016
f 1143//2017 1162//2017 1151//2017
f 1147//2018 1140//2018 1139//2018
f 1161//2019 1141//2019 1137//2019
f 1138//2020 1148//2020 1127//2020
f 1143//2021 1142//2021 1162//2021
f 1164//2022 1106//2022 1131//2022
f 1165//2023 1148//2023 1138//2023
f 1161//264 1166//264 1141//264
f 1166//2024 1167//2024 1141//2024
f 1167//2025 1142//2025 1141//2025
f 1167//118 1168//118 1142//118
f 1168//2026 1162//2026 1142//2026
f 1143//2027 1145//2027 1163//2027
f 1166//629 1168//629 1167//629
f 1169//629 1168//629 1166//629
f 1161//264 1169//264 1166//264
f 1133//2028 1170//2028 1140//2028
f 1170//2029 1165//2029 1140//2029
f 1165//2030 1138//2030 1140//2030
f 1153//2031 1140//2031 1147//2031
f 1152//2032 1153//2032 1147//2032
f 1144//2032 1152//2032 1147//2032
f 1155//2033 1145//2033 1143//2033
f 1154//2034 1144//2034 1106//2034
f 1154//28 1152//28 1144//28
f 1064//2035 1061//2035 1156//2035
f 1064//2036 1060//2036 1061//2036
f 1062//2037 1157//2037 1063//2037
f 1028//2038 948//2038 1158//2038
f 1159//2039 1145//2039 1155//2039
f 1146//28 1145//28 1159//28
f 1160//2040 1146//2040 1159//2040
f 1154//28 1106//28 933//28
f 1106//2032 1164//2032 933//2032
f 1040//2041 1070//2041 1077//2041
f 933//28 1164//28 1087//28
f 1160//2042 1102//2042 1146//2042
f 1131//2043 1106//2043 1107//2043
f 1101//2044 1146//2044 1102//2044
f 1169//2045 1161//2045 1162//2045
f 1168//2046 1169//2046 1162//2046
f 1148//2047 1170//2047 1133//2047
f 1165//28 1170//28 1148//28
f 1171//2048 1172//2048 1173//2048
f 1174//2049 1175//2049 1176//2049
f 1177//2050 1174//2050 1176//2050
f 1178//2051 1179//2051 1180//2051
f 1181//2052 1177//2052 1176//2052
f 1182//2053 1181//2053 1176//2053
f 1183//2054 1184//2054 1180//2054
f 1185//2055 1186//2055 1182//2055
f 1187//2056 1182//2056 1186//2056
f 1188//2057 1189//2057 1186//2057
f 1190//2058 1191//2058 1192//2058
f 1193//2059 1194//2059 1190//2059
f 1187//2060 1181//2060 1182//2060
f 1195//2061 1184//2061 1183//2061
f 1191//2062 1190//2062 1194//2062
f 1196//2063 1197//2063 1198//2063
f 1199//2064 1200//2064 1201//2064
f 1202//2065 1203//2065 1204//2065
f 1203//2066 1189//2066 1204//2066
f 1204//2067 1179//2067 1178//2067
f 1205//2068 1176//2068 1175//2068
f 1206//2069 1178//2069 1180//2069
f 1179//2070 1207//2070 1180//2070
f 1208//2071 1209//2071 1175//2071
f 1180//2072 1210//2072 1183//2072
f 1174//2073 1208//2073 1175//2073
f 1211//2074 1212//2074 1180//2074
f 1212//2075 1210//2075 1180//2075
f 1184//2076 1206//2076 1180//2076
f 1213//2077 1195//2077 1183//2077
f 1192//2078 1193//2078 1190//2078
f 1214//2079 1198//2079 1197//2079
f 1198//2080 1215//2080 1196//2080
f 1199//2081 1216//2081 1200//2081
f 1201//2082 1217//2082 1199//2082
f 1218//2083 1219//2083 1172//2083
f 1219//2084 1220//2084 1172//2084
f 1220//2085 1173//2085 1172//2085
f 1220//2086 1221//2086 1173//2086
f 1222//2087 1223//2087 1191//2087
f 1223//2088 1224//2088 1191//2088
f 1225//2089 1222//2089 1191//2089
f 1226//2090 1192//2090 1191//2090
f 1224//2090 1226//2090 1191//2090
f 1226//2091 1227//2091 1192//2091
f 1227//2092 1193//2092 1192//2092
f 1209//2093 1228//2093 1175//2093
f 1210//2094 1213//2094 1183//2094
f 1228//2095 1229//2095 1175//2095
f 1184//2096 1178//2096 1206//2096
f 1230//2097 1189//2097 1203//2097
f 1143//2098 1231//2098 1232//2098
f 1233//2099 1234//2099 1235//2099
f 1189//2100 1236//2100 1186//2100
f 1230//2101 1236//2101 1189//2101
f 1237//2102 1143//2102 1232//2102
f 1176//2103 1238//2103 1182//2103
f 1179//2104 1239//2104 1207//2104
f 1238//2105 1185//2105 1182//2105
f 1204//2106 1240//2106 1179//2106
f 1187//2107 1241//2107 1181//2107
f 1185//2108 1188//2108 1186//2108
f 1189//2109 1240//2109 1204//2109
f 1242//2110 1240//2110 1189//2110
f 1188//2111 1242//2111 1189//2111
f 1243//2112 1176//2112 1205//2112
f 1244//2113 1211//2113 1180//2113
f 1207//2114 1244//2114 1180//2114
f 1243//2115 1238//2115 1176//2115
f 1229//2116 1205//2116 1175//2116
f 1174//2117 1237//2117 1208//2117
f 1245//2118 1209//2118 1232//2118
f 1166//2119 1245//2119 1232//2119
f 1213//2120 1233//2120 1195//2120
f 1245//2121 1228//2121 1209//2121
f 1208//2122 1232//2122 1209//2122
f 1235//2123 1184//2123 1195//2123
f 1233//2124 1235//2124 1195//2124
f 1237//2125 1232//2125 1208//2125
f 1231//2126 1166//2126 1232//2126
f 1061//2127 1246//2127 1247//2127
f 1028//2128 948//2128 1247//2128
f 948//118 1248//118 1247//118
f 1248//118 1249//118 1247//118
f 1249//118 1070//118 1247//118
f 1246//2129 1028//2129 1247//2129
f 1070//2130 1250//2130 1247//2130
f 1250//526 1061//526 1247//526
f 1070//2131 1251//2131 1250//2131
f 1252//2132 1061//2132 1250//2132
f 1253//2133 1252//2133 1250//2133
f 1251//2134 1254//2134 1250//2134
f 1254//2135 1253//2135 1250//2135
f 1255//118 1256//118 1257//118
f 1258//2136 1259//2136 1257//2136
f 1259//2137 1260//2137 1257//2137
f 1260//118 1255//118 1257//118
f 1256//181 1261//181 1257//181
f 1261//2138 1258//2138 1257//2138
f 1262//2139 1263//2139 1261//2139
f 1256//10 1262//10 1261//10
f 1077//2140 1251//2140 1070//2140
f 1077//2141 1264//2141 1251//2141
f 1264//2142 1265//2142 1251//2142
f 1266//264 1267//264 1251//264
f 1267//2139 1254//2139 1251//2139
f 1265//2143 1268//2143 1251//2143
f 1268//2144 1269//2144 1251//2144
f 1269//264 1266//264 1251//264
f 1255//267 1270//267 1256//267
f 1270//2145 1223//2145 1256//2145
f 1271//2146 1262//2146 1256//2146
f 1223//2147 1271//2147 1256//2147
f 1272//2148 1273//2148 1262//2148
f 1273//2149 1274//2149 1262//2149
f 1275//2150 1263//2150 1262//2150
f 1274//2151 1275//2151 1262//2151
f 1271//2152 1272//2152 1262//2152
f 1241//2153 1276//2153 1181//2153
f 1187//2154 1277//2154 1241//2154
f 1186//2155 1277//2155 1187//2155
f 1278//2156 1204//2156 1178//2156
f 1181//2157 1276//2157 1177//2157
f 1177//2158 1237//2158 1174//2158
f 1278//2159 1202//2159 1204//2159
f 1171//2160 1218//2160 1172//2160
f 1184//2161 1279//2161 1178//2161
f 1225//2162 1191//2162 1194//2162
f 1193//2163 1225//2163 1194//2163
f 1280//2164 1281//2164 1177//2164
f 1281//2165 1237//2165 1177//2165
f 1202//2166 1282//2166 1203//2166
f 1281//2167 1143//2167 1237//2167
f 1217//2168 1283//2168 1284//2168
f 1234//2169 1217//2169 1284//2169
f 1285//10 1286//10 1284//10
f 1286//2170 1234//2170 1284//2170
f 1287//10 1288//10 1289//10
f 1151//2171 1287//2171 1289//2171
f 1290//2172 1151//2172 1289//2172
f 1286//2173 1153//2173 1234//2173
f 1285//2174 1153//2174 1286//2174
f 1155//2175 1288//2175 1287//2175
f 1143//2176 1155//2176 1287//2176
f 1151//2177 1143//2177 1287//2177
f 1152//2174 1153//2174 1285//2174
f 1291//2178 1152//2178 1285//2178
f 1284//10 1291//10 1285//10
f 1292//10 1289//10 1288//10
f 1293//10 1292//10 1288//10
f 1159//2179 1293//2179 1288//2179
f 1155//2180 1159//2180 1288//2180
f 1292//2181 1294//2181 1289//2181
f 1294//2182 1295//2182 1289//2182
f 1295//2183 1156//2183 1289//2183
f 1156//2184 1290//2184 1289//2184
f 1296//2185 1297//2185 1298//2185
f 1299//2185 1296//2185 1298//2185
f 1297//10 1291//10 1298//10
f 1300//2186 1299//2186 1298//2186
f 1284//2187 1300//2187 1298//2187
f 1291//10 1284//10 1298//10
f 1301//2188 1158//2188 1292//2188
f 1283//2189 1300//2189 1284//2189
f 1158//2190 1294//2190 1292//2190
f 1040//2191 1292//2191 1293//2191
f 1159//2192 1040//2192 1293//2192
f 1296//425 1291//425 1297//425
f 1296//425 1154//425 1291//425
f 1154//2178 1152//2178 1291//2178
f 1040//2193 1301//2193 1292//2193
f 1279//2194 1278//2194 1178//2194
f 1280//2195 1177//2195 1276//2195
f 1235//2196 1279//2196 1184//2196
f 1200//2197 1217//2197 1201//2197
f 1302//2198 1219//2198 1218//2198
f 1171//2199 1302//2199 1218//2199
f 1173//2200 1302//2200 1171//2200
f 1193//264 1271//264 1222//264
f 1271//2201 1223//2201 1222//2201
f 1225//2202 1193//2202 1222//2202
f 1227//2203 1271//2203 1193//2203
f 1186//2204 1303//2204 1277//2204
f 1236//2205 1303//2205 1186//2205
f 1230//2206 1304//2206 1236//2206
f 1282//2207 1230//2207 1203//2207
f 1281//2208 1305//2208 1143//2208
f 1306//2209 1305//2209 1281//2209
f 1280//2210 1306//2210 1281//2210
f 1233//2211 1138//2211 1234//2211
f 1166//2212 1231//2212 1143//2212
f 1307//2213 1166//2213 1143//2213
f 1242//2214 1188//2214 1308//2214
f 1185//2215 1309//2215 1188//2215
f 1309//2216 1310//2216 1188//2216
f 1311//2217 1312//2217 1313//2217
f 1314//2218 1311//2218 1313//2218
f 1240//28 1314//28 1313//28
f 1310//2219 1308//2219 1188//2219
f 1242//2220 1314//2220 1240//2220
f 1315//2221 1311//2221 1314//2221
f 1242//2222 1315//2222 1314//2222
f 1308//2223 1315//2223 1242//2223
f 1239//2224 1244//2224 1207//2224
f 1239//2225 1316//2225 1244//2225
f 1243//2226 1317//2226 1238//2226
f 1317//2227 1309//2227 1238//2227
f 1312//2228 1316//2228 1239//2228
f 1309//2229 1185//2229 1238//2229
f 1240//2230 1313//2230 1179//2230
f 1313//2231 1239//2231 1179//2231
f 1313//2232 1312//2232 1239//2232
f 1318//2233 1317//2233 1205//2233
f 1244//2234 1212//2234 1211//2234
f 1319//2235 1320//2235 1212//2235
f 1317//2236 1243//2236 1205//2236
f 1244//2237 1319//2237 1212//2237
f 1210//2238 1212//2238 1321//2238
f 1318//2239 1205//2239 1322//2239
f 1205//902 1229//902 1322//902
f 1228//2240 1322//2240 1229//2240
f 1321//2241 1213//2241 1210//2241
f 1320//2242 1321//2242 1212//2242
f 1322//2243 1166//2243 1307//2243
f 1322//28 1228//28 1166//28
f 1228//28 1245//28 1166//28
f 1138//2244 1213//2244 1234//2244
f 1233//2245 1213//2245 1138//2245
f 1321//2246 1234//2246 1213//2246
f 1235//2247 1153//2247 1323//2247
f 1324//2248 1235//2248 1323//2248
f 1325//2249 1217//2249 1234//2249
f 1235//2250 1234//2250 1153//2250
f 1152//10 1323//10 1153//10
f 1305//2251 1155//2251 1143//2251
f 1307//2252 1143//2252 1151//2252
f 1197//2253 1307//2253 1151//2253
f 1290//2254 1197//2254 1151//2254
f 1306//2255 1326//2255 1305//2255
f 1294//2256 1246//2256 1295//2256
f 1254//2257 1327//2257 1253//2257
f 1328//2258 1260//2258 1259//2258
f 1258//2259 1329//2259 1259//2259
f 1283//2260 1258//2260 1263//2260
f 1258//2261 1261//2261 1263//2261
f 1217//2262 1258//2262 1283//2262
f 1295//2263 1061//2263 1156//2263
f 1061//2264 1290//2264 1156//2264
f 1295//2265 1246//2265 1061//2265
f 1252//2266 1290//2266 1061//2266
f 1330//2267 1331//2267 1252//2267
f 1331//2268 1290//2268 1252//2268
f 1332//2269 1155//2269 1305//2269
f 1326//2270 1332//2270 1305//2270
f 1215//2271 1290//2271 1331//2271
f 1333//2272 1324//2272 1323//2272
f 1214//2273 1197//2273 1290//2273
f 1325//2274 1199//2274 1217//2274
f 1334//118 1248//118 948//118
f 1158//2275 1334//2275 948//2275
f 1335//2276 1267//2276 1266//2276
f 1336//2277 1335//2277 1266//2277
f 1337//2278 1336//2278 1266//2278
f 1269//264 1337//264 1266//264
f 1338//2279 1294//2279 1158//2279
f 1338//2280 1158//2280 1028//2280
f 1246//2281 1338//2281 1028//2281
f 1335//2282 1339//2282 1267//2282
f 1339//2283 1340//2283 1267//2283
f 1340//264 1254//264 1267//264
f 1154//181 1341//181 1323//181
f 1152//10 1154//10 1323//10
f 1341//2284 1342//2284 1323//2284
f 1342//2285 1333//2285 1323//2285
f 1332//2286 1159//2286 1155//2286
f 1338//2287 1246//2287 1294//2287
f 1340//2288 1327//2288 1254//2288
f 1343//2289 1260//2289 1328//2289
f 1344//2290 1255//2290 1260//2290
f 1343//2291 1344//2291 1260//2291
f 1275//2292 1283//2292 1263//2292
f 1107//2293 1296//2293 1272//2293
f 1332//2294 1345//2294 1159//2294
f 1345//2295 1102//2295 1159//2295
f 1102//2296 1040//2296 1159//2296
f 1102//2297 1302//2297 1040//2297
f 1299//2298 1273//2298 1296//2298
f 1273//2299 1272//2299 1296//2299
f 1341//10 1154//10 1296//10
f 1107//10 1341//10 1296//10
f 1302//2300 1077//2300 1040//2300
f 1302//2301 1264//2301 1077//2301
f 1070//2302 1346//2302 1040//2302
f 1346//2303 1301//2303 1040//2303
f 1249//2304 1346//2304 1070//2304
f 1264//2305 1347//2305 1265//2305
f 1346//2306 1249//2306 1301//2306
f 1249//2307 1248//2307 1301//2307
f 1348//2308 1269//2308 1268//2308
f 1349//2309 1269//2309 1348//2309
f 1270//2310 1255//2310 1350//2310
f 1300//2311 1275//2311 1274//2311
f 1299//10 1300//10 1274//10
f 1273//2312 1299//2312 1274//2312
f 1334//2313 1301//2313 1248//2313
f 1349//526 1337//526 1269//526
f 1255//2314 1344//2314 1350//2314
f 1283//2315 1275//2315 1300//2315
f 1326//2316 1351//2316 1332//2316
f 1351//2317 1345//2317 1332//2317
f 1352//2318 1341//2318 1107//2318
f 1352//2319 1342//2319 1341//2319
f 1345//2320 1353//2320 1102//2320
f 1351//2321 1353//2321 1345//2321
f 1354//2322 1335//2322 1336//2322
f 1278//2323 1355//2323 1202//2323
f 1304//2324 1230//2324 1282//2324
f 1356//2325 1241//2325 1277//2325
f 1303//2326 1356//2326 1277//2326
f 1357//2327 1331//2327 1330//2327
f 1252//580 1357//580 1330//580
f 1358//2328 1331//2328 1357//2328
f 1359//2329 1215//2329 1331//2329
f 1358//2330 1359//2330 1331//2330
f 1321//2331 1325//2331 1234//2331
f 1360//2332 1322//2332 1307//2332
f 1361//2333 1235//2333 1324//2333
f 1306//2334 1362//2334 1326//2334
f 1363//2335 1339//2335 1335//2335
f 1354//2336 1363//2336 1335//2336
f 1340//2337 1364//2337 1327//2337
f 1259//2338 1329//2338 1328//2338
f 1348//2339 1365//2339 1349//2339
f 1365//2340 1337//2340 1349//2340
f 1280//2341 1366//2341 1306//2341
f 1366//2342 1362//2342 1306//2342
f 1320//2343 1325//2343 1321//2343
f 1361//2344 1279//2344 1235//2344
f 1360//2345 1318//2345 1322//2345
f 1334//2346 1158//2346 1301//2346
f 1276//2347 1367//2347 1280//2347
f 1367//2348 1366//2348 1280//2348
f 1219//2349 1302//2349 1102//2349
f 1353//2350 1219//2350 1102//2350
f 1227//2351 1107//2351 1272//2351
f 1352//2352 1368//2352 1342//2352
f 1368//2353 1369//2353 1342//2353
f 1369//2354 1333//2354 1342//2354
f 1196//2355 1307//2355 1197//2355
f 1370//2356 1219//2356 1353//2356
f 1371//2357 1343//2357 1328//2357
f 1329//2358 1371//2358 1328//2358
f 1372//2359 1253//2359 1327//2359
f 1373//2360 1270//2360 1350//2360
f 1365//2361 1363//2361 1354//2361
f 1221//2362 1347//2362 1264//2362
f 1302//2363 1221//2363 1264//2363
f 1271//2364 1227//2364 1272//2364
f 1374//2365 1324//2365 1333//2365
f 1362//2366 1375//2366 1326//2366
f 1375//2367 1351//2367 1326//2367
f 1217//2368 1200//2368 1258//2368
f 1315//2369 1312//2369 1311//2369
f 1374//2370 1376//2370 1324//2370
f 1376//2371 1361//2371 1324//2371
f 1325//2372 1216//2372 1199//2372
f 1241//2373 1377//2373 1276//2373
f 1316//2374 1319//2374 1244//2374
f 1376//2375 1378//2375 1361//2375
f 1355//2376 1282//2376 1202//2376
f 1303//2377 1379//2377 1356//2377
f 1236//2378 1380//2378 1303//2378
f 1380//2379 1236//2379 1304//2379
f 1377//2380 1367//2380 1276//2380
f 1196//2381 1381//2381 1307//2381
f 1381//2382 1360//2382 1307//2382
f 1378//2383 1279//2383 1361//2383
f 1378//2384 1278//2384 1279//2384
f 1347//2385 1268//2385 1265//2385
f 1354//2386 1336//2386 1337//2386
f 1226//2387 1107//2387 1227//2387
f 1370//2388 1220//2388 1219//2388
f 1173//2389 1221//2389 1302//2389
f 1224//2390 1223//2390 1270//2390
f 1373//2391 1224//2391 1270//2391
f 1215//2392 1198//2392 1290//2392
f 1198//2393 1214//2393 1290//2393
f 1310//2394 1382//2394 1308//2394
f 1382//2395 1315//2395 1308//2395
f 1215//2396 1381//2396 1196//2396
f 1258//2397 1200//2397 1216//2397
f 1325//2398 1383//2398 1216//2398
f 1320//2399 1383//2399 1325//2399
f 1384//2400 1316//2400 1312//2400
f 1375//2401 1385//2401 1351//2401
f 1373//2402 1226//2402 1224//2402
f 1357//2403 1252//2403 1253//2403
f 1372//2404 1357//2404 1253//2404
f 1386//2405 1329//2405 1258//2405
f 1215//2406 1387//2406 1381//2406
f 1387//2407 1360//2407 1381//2407
f 1388//2408 1318//2408 1360//2408
f 1319//2409 1389//2409 1320//2409
f 1390//2410 1304//2410 1282//2410
f 1390//2411 1380//2411 1304//2411
f 1380//2412 1379//2412 1303//2412
f 1355//2413 1390//2413 1282//2413
f 1369//2414 1374//2414 1333//2414
f 1391//647 1392//647 1364//647
f 1340//425 1391//425 1364//425
f 1372//2415 1327//2415 1364//2415
f 1392//2416 1372//2416 1364//2416
f 1347//2417 1365//2417 1348//2417
f 1268//2418 1347//2418 1348//2418
f 1344//2419 1373//2419 1350//2419
f 1226//2420 1352//2420 1107//2420
f 1309//2421 1393//2421 1310//2421
f 1393//2422 1382//2422 1310//2422
f 1365//2423 1354//2423 1337//2423
f 1385//2424 1353//2424 1351//2424
f 1394//2425 1369//2425 1368//2425
f 1389//2426 1383//2426 1320//2426
f 1373//2427 1395//2427 1226//2427
f 1362//2428 1396//2428 1375//2428
f 1391//2429 1340//2429 1339//2429
f 1363//2430 1391//2430 1339//2430
f 1373//2431 1344//2431 1343//2431
f 1370//2432 1397//2432 1220//2432
f 1397//2433 1221//2433 1220//2433
f 1215//2434 1398//2434 1387//2434
f 1216//2435 1386//2435 1258//2435
f 1387//2436 1388//2436 1360//2436
f 1226//2437 1399//2437 1352//2437
f 1366//2438 1396//2438 1362//2438
f 1400//2439 1355//2439 1278//2439
f 1401//2440 1385//2440 1375//2440
f 1402//2441 1374//2441 1369//2441
f 1394//2442 1402//2442 1369//2442
f 1399//2443 1368//2443 1352//2443
f 1378//2444 1400//2444 1278//2444
f 1377//2445 1403//2445 1367//2445
f 1347//2446 1221//2446 1397//2446
f 1356//2447 1377//2447 1241//2447
f 1404//2448 1377//2448 1356//2448
f 1379//2449 1404//2449 1356//2449
f 1373//2450 1405//2450 1395//2450
f 1316//2451 1389//2451 1319//2451
f 1406//2452 1394//2452 1368//2452
f 1359//2453 1398//2453 1215//2453
f 1216//2454 1407//2454 1386//2454
f 1408//2455 1318//2455 1388//2455
f 1383//2456 1407//2456 1216//2456
f 1399//2457 1406//2457 1368//2457
f 1363//2458 1392//2458 1391//2458
f 1397//2459 1409//2459 1347//2459
f 1410//2460 1309//2460 1317//2460
f 1410//2461 1393//2461 1309//2461
f 1411//2462 1401//2462 1375//2462
f 1396//2463 1411//2463 1375//2463
f 1402//2464 1412//2464 1374//2464
f 1412//2465 1376//2465 1374//2465
f 1413//2466 1392//2466 1363//2466
f 1413//2467 1363//2467 1365//2467
f 1414//2468 1415//2468 1416//2468
f 1417//2469 1414//2469 1416//2469
f 1418//2470 1417//2470 1416//2470
f 1419//2471 1420//2471 1415//2471
f 1414//2472 1316//2472 1415//2472
f 1415//2473 1418//2473 1416//2473
f 1316//2474 1418//2474 1415//2474
f 1421//2475 1422//2475 1423//2475
f 1424//2476 1421//2476 1423//2476
f 1421//2477 1388//2477 1422//2477
f 1425//2478 1426//2478 1422//2478
f 1408//2479 1388//2479 1421//2479
f 1424//2480 1408//2480 1421//2480
f 1423//2481 1422//2481 1388//2481
f 1424//2482 1423//2482 1388//2482
f 1427//2483 1428//2483 1429//2483
f 1405//2484 1427//2484 1429//2484
f 1405//2485 1429//2485 1428//2485
f 1430//2486 1343//2486 1371//2486
f 1431//2487 1430//2487 1371//2487
f 1409//2488 1413//2488 1347//2488
f 1413//2489 1365//2489 1347//2489
f 1432//2490 1405//2490 1373//2490
f 1386//2491 1371//2491 1329//2491
f 1358//2492 1357//2492 1372//2492
f 1433//2493 1358//2493 1372//2493
f 1383//2494 1434//2494 1407//2494
f 1358//2495 1433//2495 1359//2495
f 1343//2496 1435//2496 1373//2496
f 1435//2497 1432//2497 1373//2497
f 1408//2498 1410//2498 1318//2498
f 1315//2499 1384//2499 1312//2499
f 1382//2500 1384//2500 1315//2500
f 1398//2501 1388//2501 1387//2501
f 1431//1408 1436//1408 1372//1408
f 1436//2502 1433//2502 1372//2502
f 1392//2503 1430//2503 1372//2503
f 1430//10 1431//10 1372//10
f 1437//526 1438//526 1431//526
f 1438//783 1436//783 1431//783
f 1439//526 1437//526 1431//526
f 1371//2504 1439//2504 1431//2504
f 1440//2505 1430//2505 1392//2505
f 1440//425 1441//425 1430//425
f 1441//425 1442//425 1430//425
f 1442//425 1443//425 1430//425
f 1443//425 1444//425 1430//425
f 1444//2506 1445//2506 1430//2506
f 1445//2507 1343//2507 1430//2507
f 1409//2508 1427//2508 1413//2508
f 1409//2509 1446//2509 1427//2509
f 1446//2510 1447//2510 1427//2510
f 1432//2511 1427//2511 1405//2511
f 1432//2512 1413//2512 1427//2512
f 1432//2513 1448//2513 1413//2513
f 1435//2514 1449//2514 1432//2514
f 1449//2515 1450//2515 1432//2515
f 1450//2516 1448//2516 1432//2516
f 1399//2517 1226//2517 1395//2517
f 1396//2518 1366//2518 1367//2518
f 1370//2519 1409//2519 1397//2519
f 1318//2520 1410//2520 1317//2520
f 1451//2521 1398//2521 1359//2521
f 1433//2522 1451//2522 1359//2522
f 1379//2523 1452//2523 1404//2523
f 1453//2524 1380//2524 1390//2524
f 1376//2525 1454//2525 1378//2525
f 1389//2526 1434//2526 1383//2526
f 1406//2527 1455//2527 1394//2527
f 1456//2528 1370//2528 1353//2528
f 1316//2529 1414//2529 1389//2529
f 1424//2530 1388//2530 1398//2530
f 1448//2531 1392//2531 1413//2531
f 1445//2532 1435//2532 1343//2532
f 1456//2533 1353//2533 1385//2533
f 1418//2534 1316//2534 1384//2534
f 1386//2535 1457//2535 1371//2535
f 1458//2536 1449//2536 1435//2536
f 1403//2537 1396//2537 1367//2537
f 1419//2538 1390//2538 1355//2538
f 1400//2539 1419//2539 1355//2539
f 1385//2540 1459//2540 1456//2540
f 1401//2541 1459//2541 1385//2541
f 1428//2542 1399//2542 1395//2542
f 1405//2543 1428//2543 1395//2543
f 1460//2544 1382//2544 1393//2544
f 1382//2545 1461//2545 1384//2545
f 1412//2546 1454//2546 1376//2546
f 1446//2547 1409//2547 1370//2547
f 1460//2548 1461//2548 1382//2548
f 1462//2549 1399//2549 1428//2549
f 1448//2550 1440//2550 1392//2550
f 1463//2551 1429//2551 1464//2551
f 1406//2552 1464//2552 1429//2552
f 1463//2553 1406//2553 1429//2553
f 1407//2554 1457//2554 1386//2554
f 1411//2555 1459//2555 1401//2555
f 1435//2556 1465//2556 1458//2556
f 1466//1731 1467//1731 1458//1731
f 1467//2557 1449//2557 1458//2557
f 1450//2558 1440//2558 1448//2558
f 1400//2559 1378//2559 1454//2559
f 1452//2560 1380//2560 1453//2560
f 1380//2561 1452//2561 1379//2561
f 1396//2562 1468//2562 1411//2562
f 1451//2563 1424//2563 1398//2563
f 1461//2564 1418//2564 1384//2564
f 1403//2565 1425//2565 1396//2565
f 1436//2566 1451//2566 1433//2566
f 1457//2567 1439//2567 1371//2567
f 1434//2568 1457//2568 1407//2568
f 1468//2569 1469//2569 1411//2569
f 1469//2570 1459//2570 1411//2570
f 1470//2571 1402//2571 1394//2571
f 1455//2572 1470//2572 1394//2572
f 1445//2573 1465//2573 1435//2573
f 1460//2574 1393//2574 1410//2574
f 1456//2575 1471//2575 1370//2575
f 1471//2576 1446//2576 1370//2576
f 1436//2577 1472//2577 1451//2577
f 1473//2578 1439//2578 1457//2578
f 1417//2579 1389//2579 1414//2579
f 1417//2580 1434//2580 1389//2580
f 1474//2581 1475//2581 1476//2581
f 1477//2582 1475//2582 1474//2582
f 1477//2583 1476//2583 1475//2583
f 1453//2584 1390//2584 1419//2584
f 1478//2585 1434//2585 1417//2585
f 1424//2586 1410//2586 1408//2586
f 1441//2587 1440//2587 1450//2587
f 1447//2588 1446//2588 1471//2588
f 1425//2589 1468//2589 1396//2589
f 1449//2590 1441//2590 1450//2590
f 1472//2591 1424//2591 1451//2591
f 1478//2592 1457//2592 1434//2592
f 1478//2593 1473//2593 1457//2593
f 1464//2594 1406//2594 1399//2594
f 1479//2595 1460//2595 1410//2595
f 1480//2596 1377//2596 1404//2596
f 1452//2597 1480//2597 1404//2597
f 1417//2598 1481//2598 1478//2598
f 1444//2599 1465//2599 1445//2599
f 1482//2600 1399//2600 1462//2600
f 1424//2601 1479//2601 1410//2601
f 1479//2602 1461//2602 1460//2602
f 1418//2603 1481//2603 1417//2603
f 1481//2604 1474//2604 1478//2604
f 1474//2605 1473//2605 1478//2605
f 1447//2606 1462//2606 1428//2606
f 1447//2607 1428//2607 1427//2607
f 1467//2608 1441//2608 1449//2608
f 1472//2609 1479//2609 1424//2609
f 1470//2610 1412//2610 1402//2610
f 1483//2611 1481//2611 1418//2611
f 1484//2612 1482//2612 1462//2612
f 1447//2613 1484//2613 1462//2613
f 1456//2614 1484//2614 1471//2614
f 1484//2615 1447//2615 1471//2615
f 1485//2616 1456//2616 1459//2616
f 1438//2617 1472//2617 1436//2617
f 1473//2618 1437//2618 1439//2618
f 1479//2619 1418//2619 1461//2619
f 1469//2620 1485//2620 1459//2620
f 1479//2621 1483//2621 1418//2621
f 1463//2622 1486//2622 1455//2622
f 1406//2623 1463//2623 1455//2623
f 1487//2624 1403//2624 1377//2624
f 1456//2625 1482//2625 1484//2625
f 1425//2626 1426//2626 1468//2626
f 1466//2627 1442//2627 1467//2627
f 1442//2628 1441//2628 1467//2628
f 1438//2629 1476//2629 1472//2629
f 1474//2630 1437//2630 1473//2630
f 1458//2631 1443//2631 1466//2631
f 1443//2632 1442//2632 1466//2632
f 1483//2633 1474//2633 1481//2633
f 1465//2634 1443//2634 1458//2634
f 1444//2635 1443//2635 1465//2635
f 1474//2636 1476//2636 1437//2636
f 1472//2637 1483//2637 1479//2637
f 1476//2638 1483//2638 1472//2638
f 1483//2639 1477//2639 1474//2639
f 1476//2640 1438//2640 1437//2640
f 1486//2641 1470//2641 1455//2641
f 1480//2642 1487//2642 1377//2642
f 1480//2643 1452//2643 1453//2643
f 1477//2644 1483//2644 1476//2644
f 1488//2645 1419//2645 1400//2645
f 1454//2646 1488//2646 1400//2646
f 1420//2647 1453//2647 1419//2647
f 1426//2648 1425//2648 1403//2648
f 1487//2649 1426//2649 1403//2649
f 1426//2650 1489//2650 1468//2650
f 1490//2651 1454//2651 1412//2651
f 1470//2652 1490//2652 1412//2652
f 1491//2653 1469//2653 1468//2653
f 1489//2654 1491//2654 1468//2654
f 1482//2655 1464//2655 1399//2655
f 1492//2656 1456//2656 1485//2656
f 1486//2657 1490//2657 1470//2657
f 1488//2658 1420//2658 1419//2658
f 1490//2659 1488//2659 1454//2659
f 1482//2660 1463//2660 1464//2660
f 1420//2661 1480//2661 1453//2661
f 1469//2662 1492//2662 1485//2662
f 1493//2663 1486//2663 1463//2663
f 1492//2664 1494//2664 1456//2664
f 1495//2665 1487//2665 1480//2665
f 1482//2666 1493//2666 1463//2666
f 1491//2667 1492//2667 1469//2667
f 1493//2668 1496//2668 1486//2668
f 1482//2669 1456//2669 1494//2669
f 1420//2670 1495//2670 1480//2670
f 1494//2671 1493//2671 1482//2671
f 1487//2672 1489//2672 1426//2672
f 1497//2673 1498//2673 1491//2673
f 1498//2674 1492//2674 1491//2674
f 1489//2675 1497//2675 1491//2675
f 1496//2676 1490//2676 1486//2676
f 1499//2677 1488//2677 1490//2677
f 1496//2678 1499//2678 1490//2678
f 1494//2679 1496//2679 1493//2679
f 1495//2680 1497//2680 1487//2680
f 1497//2681 1489//2681 1487//2681
f 1488//2682 1495//2682 1420//2682
f 1499//2683 1495//2683 1488//2683
f 1498//2684 1494//2684 1492//2684
f 1499//2685 1497//2685 1495//2685
f 1500//2686 1498//2686 1497//2686
f 1499//2687 1500//2687 1497//2687
f 1501//2688 1494//2688 1498//2688
f 1494//2689 1501//2689 1496//2689
f 1502//2690 1503//2690 1500//2690
f 1503//2691 1498//2691 1500//2691
f 1496//2692 1504//2692 1499//2692
f 1501//2693 1504//2693 1496//2693
f 1499//2694 1502//2694 1500//2694
f 1501//2695 1498//2695 1503//2695
f 1502//2696 1501//2696 1503//2696
f 1502//2697 1504//2697 1501//2697
f 1499//2698 1504//2698 1502//2698
