# Blender 4.4.3
# www.blender.org
mtllib Link1_l.mtl
o Link1_l
v 0.025000 -0.005006 0.039686
v 0.024994 0.003517 0.039808
v 0.019389 0.000867 0.039921
v -0.025000 0.011059 0.038243
v -0.024993 -0.001651 0.039926
v -0.020413 0.000852 0.037054
v 0.015024 -0.001274 0.039951
v -0.010672 -0.001112 0.039961
v -0.001791 -0.119019 0.035263
v -0.002799 -0.116566 0.039919
v 0.002566 -0.120318 0.039814
v -0.011959 -0.123909 0.038192
v -0.024517 -0.007209 0.039332
v -0.015948 -0.000132 0.039208
v -0.012522 0.002741 0.039905
v -0.011682 -0.000793 0.038000
v 0.001304 -0.109173 0.040222
v -0.012222 -0.109012 0.038104
v 0.016252 0.000151 0.038000
v 0.025000 0.011144 0.038416
v 0.012209 -0.123918 0.038105
v 0.024999 0.009794 0.033593
v 0.003617 -0.107000 0.038335
v 0.025000 -0.012939 0.037850
v 0.024997 -0.006796 0.034342
v -0.024969 0.013666 0.032025
v -0.024999 -0.012937 0.037844
v -0.007825 -0.123650 0.033923
v -0.024974 -0.004859 0.034654
v 0.014510 -0.109000 0.037085
v -0.015371 -0.107000 0.034525
v -0.021510 0.016881 0.036141
v 0.017238 -0.120448 0.035906
v 0.022213 -0.107000 0.030574
v 0.025000 -0.020336 0.034445
v -0.024702 -0.020267 0.034861
v -0.018881 -0.018520 0.035444
v -0.018323 -0.020304 0.034462
v 0.009706 -0.107000 0.023039
v 0.003313 -0.107000 0.024779
v -0.003313 -0.107000 0.024779
v -0.024972 -0.011925 0.032872
v -0.009706 -0.107000 0.023039
v -0.024972 0.025193 0.023980
v -0.024963 0.023597 0.032251
v -0.020184 -0.121616 0.034780
v 0.019763 -0.110549 0.034975
v -0.025928 -0.109012 0.030525
v -0.019635 -0.115100 0.034885
v -0.020814 -0.017840 0.032576
v -0.024305 -0.018847 0.029508
v -0.014581 -0.121537 0.031718
v -0.023907 0.007819 0.034113
v -0.021451 0.000436 0.034978
v 0.024671 0.002754 0.034880
v 0.024999 0.018695 0.035363
v 0.025000 0.025468 0.030844
v -0.019387 -0.118788 0.031241
v -0.025000 -0.026889 0.029614
v 0.018752 -0.000234 0.034987
v -0.012916 0.000344 0.034993
v -0.008077 -0.113017 0.034033
v 0.005781 -0.113021 0.034475
v 0.006890 -0.113000 0.027952
v 0.011770 -0.113040 0.032934
v -0.006890 -0.113000 0.027952
v 0.023189 -0.121174 0.032447
v 0.016593 -0.123826 0.030801
v -0.019376 -0.021977 0.033234
v 0.025000 -0.026890 0.029613
v -0.018708 -0.020984 0.034047
v -0.022534 0.018753 0.031423
v 0.024500 -0.012084 0.032827
v 0.027140 -0.123921 0.029343
v -0.027183 -0.123900 0.029343
v -0.026002 -0.123900 0.023262
v 0.024269 0.019943 0.028761
v -0.021036 -0.022373 0.033158
v 0.019259 -0.113024 0.029222
v -0.019090 -0.113000 0.021549
v -0.019062 -0.113000 0.029353
v 0.015418 -0.107000 0.019680
v -0.025427 -0.107000 0.028239
v -0.015418 -0.107000 0.019680
v -0.019521 -0.016901 0.030679
v 0.024500 0.015054 0.031597
v -0.019867 0.017436 0.030344
v 0.024298 -0.025201 0.024176
v 0.024500 -0.017411 0.030362
v -0.024134 0.018947 0.029170
v 0.023027 -0.123693 0.026418
v -0.020385 -0.123400 0.028267
v -0.024971 0.030338 0.018259
v -0.024998 0.029853 0.026624
v -0.021077 0.018824 0.029506
v 0.026765 -0.109000 0.029726
v 0.024500 0.019028 0.029295
v 0.025000 0.031187 0.025048
v 0.024635 -0.022033 0.027195
v -0.024981 -0.024909 0.024587
v 0.034465 -0.109180 0.021010
v 0.030743 -0.107000 0.022336
v -0.031312 -0.109000 0.024676
v 0.025000 -0.032363 0.023516
v 0.024999 -0.036191 0.006998
v -0.000382 -0.030388 0.026082
v 0.013636 -0.033473 0.022414
v -0.024978 -0.033511 0.022175
v -0.010258 -0.032366 0.024109
v 0.016474 -0.113000 0.023867
v 0.025262 -0.113000 0.024225
v -0.025295 -0.113047 0.024154
v -0.022725 0.021947 0.027264
v 0.010284 -0.111400 0.027115
v -0.002654 -0.111400 0.029409
v 0.000009 -0.111359 0.017180
v -0.008520 -0.111400 0.016721
v 0.020046 -0.107000 0.014938
v -0.035403 -0.107000 0.015267
v 0.034230 -0.123900 0.020242
v 0.019090 -0.111400 0.021549
v 0.008520 -0.111400 0.016721
v -0.016474 -0.111400 0.023867
v -0.024999 0.031395 0.024533
v -0.024972 0.033177 0.010491
v 0.033469 -0.116628 0.021933
v -0.033260 -0.115937 0.022208
v 0.007772 0.028731 0.019893
v -0.003221 -0.055522 0.024807
v -0.000493 -0.053656 0.025016
v 0.025000 0.035613 0.018213
v -0.018364 0.035217 0.019138
v 0.001437 -0.090843 0.023000
v 0.002432 -0.091123 0.024872
v -0.001086 -0.089493 0.024955
v -0.002103 -0.058917 0.024899
v 0.003260 -0.058144 0.024798
v 0.000322 -0.057942 0.023000
v 0.000348 -0.095402 0.024962
v -0.002553 -0.092899 0.024859
v -0.024769 -0.031944 0.014353
v -0.000688 -0.091905 0.023000
v -0.006027 -0.034322 0.024252
v 0.010001 -0.035554 0.022927
v -0.008958 -0.036861 0.023343
v -0.014020 -0.035749 0.020704
v 0.025711 -0.113000 0.014522
v 0.030126 -0.113000 0.017816
v 0.028560 -0.121038 0.020121
v -0.026918 -0.113000 0.010209
v -0.032762 -0.112997 0.012844
v -0.030329 -0.120498 0.017525
v -0.019953 0.030041 0.017955
v 0.024500 -0.026119 0.023298
v -0.019929 -0.029981 0.018060
v -0.025711 -0.111400 0.014522
v -0.016721 -0.111400 0.008520
v -0.034950 -0.122005 0.019568
v -0.020567 -0.036418 0.017456
v 0.037576 -0.107000 0.008586
v -0.037696 -0.108797 0.013240
v 0.024599 -0.029542 0.018776
v -0.038301 -0.123916 0.010882
v 0.015121 -0.038134 0.019909
v 0.020387 -0.037421 0.016378
v -0.011878 -0.036454 0.021980
v -0.000437 -0.057386 0.016985
v 0.000589 -0.056552 0.016983
v -0.000592 -0.091431 0.016984
v 0.000496 -0.092246 0.016983
v -0.022394 0.032376 0.019018
v 0.031464 -0.120626 0.019502
v 0.023267 -0.107000 0.009147
v -0.020046 -0.107000 0.014938
v 0.033840 -0.123861 0.009216
v 0.038233 -0.123915 0.011182
v -0.020463 -0.032550 0.018439
v 0.025001 0.038564 0.010623
v 0.024992 0.034472 0.005836
v -0.022975 0.036166 0.016877
v -0.036172 -0.118954 0.016817
v 0.035888 -0.118287 0.017610
v -0.024980 0.034121 0.007741
v -0.025000 0.038429 0.010586
v 0.019540 -0.040925 0.015588
v 0.017581 -0.039623 0.017774
v -0.016485 -0.038940 0.018794
v -0.018616 -0.040301 0.016681
v 0.028875 -0.111400 0.006180
v 0.016721 -0.111400 0.008520
v -0.002627 -0.109400 0.016584
v 0.005282 -0.109400 0.016155
v 0.033219 -0.113013 0.010976
v -0.019947 -0.030458 0.017233
v 0.024500 -0.030060 0.017782
v 0.003000 0.038000 0.012490
v 0.003000 0.038564 0.010623
v -0.002982 0.038559 0.010645
v -0.003000 0.038000 0.012490
v -0.019998 0.030635 0.016921
v 0.038770 -0.108780 0.009307
v -0.009988 -0.109401 0.013756
v -0.005253 -0.109400 0.016168
v 0.013940 -0.033630 0.009638
v 0.011987 -0.032868 0.011989
v 0.011376 -0.032641 0.012633
v 0.009236 -0.031958 0.014272
v 0.007275 -0.031459 0.015330
v 0.004329 -0.030899 0.016440
v 0.002203 -0.030689 0.016827
v -0.000800 -0.030605 0.016981
v 0.024500 0.031002 0.016244
v -0.002655 -0.030728 0.016755
v -0.003301 -0.030772 0.016676
v -0.005731 -0.031126 0.016005
v -0.007886 -0.031600 0.015045
v 0.024500 0.033279 0.010762
v -0.012006 -0.032871 0.012004
v -0.015816 -0.034531 0.006877
v -0.010261 -0.032269 0.013554
v -0.020016 -0.041263 0.014914
v 0.024362 -0.043158 0.007111
v -0.024779 -0.043357 0.006380
v 0.023079 -0.055140 0.009807
v 0.025286 -0.106999 -0.003793
v -0.022897 -0.106994 0.009995
v 0.040051 -0.123862 0.000103
v 0.009992 -0.109400 0.013753
v 0.011873 -0.109400 0.011873
v -0.011873 -0.109400 0.011873
v 0.022973 -0.098015 0.010002
v -0.022958 -0.055786 0.010003
v 0.003000 0.038564 -0.010623
v 0.003000 0.038000 -0.012490
v 0.003000 0.040000 -0.000000
v 0.003000 0.039916 -0.002594
v 0.000246 0.038000 -0.000251
v -0.003000 0.040000 -0.000000
v -0.003000 0.039916 -0.002594
v -0.003000 0.038282 -0.011558
v -0.024966 0.034936 -0.000493
v -0.024975 -0.034713 -0.003596
v -0.013753 -0.055283 0.009998
v 0.014877 -0.053240 0.008243
v 0.013751 -0.055918 0.010000
v 0.013748 -0.097604 0.010000
v 0.015820 -0.101917 0.007066
v 0.014357 -0.109400 0.008808
v -0.015452 -0.101776 0.007913
v -0.013748 -0.097000 0.010000
v -0.016520 -0.109504 0.005288
v 0.025000 0.040286 0.000132
v 0.040422 -0.115683 -0.000042
v -0.040258 -0.115793 0.001187
v -0.040168 -0.120886 -0.001539
v -0.039995 -0.109150 0.001542
v 0.003000 0.039916 0.002594
v -0.003000 0.039916 0.002594
v -0.020766 0.039763 0.003591
v 0.035325 -0.112997 0.000007
v -0.035319 -0.113014 -0.000006
v -0.034808 -0.123903 0.003875
v 0.023884 -0.101810 0.006405
v -0.015849 -0.052214 0.006146
v -0.025141 -0.106995 0.001288
v 0.015318 -0.034866 0.007365
v -0.037585 -0.107000 -0.003950
v 0.034817 -0.122213 -0.001002
v 0.015937 -0.052106 0.006136
v 0.015813 -0.044889 0.006230
v 0.016688 -0.109400 0.001970
v 0.024787 -0.051969 -0.001085
v 0.028579 -0.113000 -0.003470
v -0.029000 -0.111400 -0.000000
v -0.018535 -0.111400 -0.002936
v -0.028579 -0.113000 -0.003470
v -0.025047 -0.051905 0.001170
v -0.017217 -0.102002 0.001001
v 0.017191 -0.045002 -0.001580
v 0.016667 -0.052011 -0.001368
v 0.018665 -0.111399 -0.005840
v -0.017110 -0.052000 -0.000343
v -0.024117 -0.052020 -0.006657
v 0.024170 -0.101930 -0.007815
v 0.016184 -0.102000 -0.006572
v -0.024983 0.038457 -0.010427
v 0.037402 -0.120032 0.001297
v -0.024044 -0.106999 -0.007279
v -0.016946 -0.035050 -0.002478
v -0.019783 0.039958 -0.002058
v 0.000273 0.034987 0.000104
v -0.021686 0.036830 -0.000314
v 0.039877 -0.109000 -0.001168
v -0.024977 0.034116 -0.007822
v -0.024961 -0.038380 -0.011500
v 0.015671 -0.109310 -0.007106
v -0.015439 -0.101741 -0.007655
v 0.035942 -0.107000 -0.011678
v -0.038723 -0.109000 -0.009558
v -0.015547 -0.109340 -0.007201
v 0.026918 -0.111400 -0.010209
v -0.026918 -0.111400 -0.010209
v -0.034071 -0.123492 -0.008119
v 0.038302 -0.123922 -0.010881
v -0.038390 -0.123913 -0.010543
v 0.038723 -0.109000 -0.009558
v 0.024500 0.034548 -0.005607
v 0.033703 -0.113032 -0.009499
v -0.033398 -0.113000 -0.010466
v 0.025000 0.038564 -0.010623
v -0.014725 -0.033960 -0.008680
v -0.015348 -0.052794 -0.007120
v -0.032729 -0.107000 -0.018896
v -0.024996 0.032369 -0.023301
v 0.024500 0.033279 -0.010762
v 0.024259 0.030976 -0.016302
v 0.023796 -0.052763 -0.007713
v -0.013270 -0.111400 -0.013270
v 0.015710 -0.052269 -0.007046
v -0.020028 -0.041719 -0.014889
v 0.022695 -0.113000 -0.018890
v 0.026946 -0.112994 -0.022589
v -0.025678 -0.113000 -0.013477
v 0.025002 -0.041396 -0.007000
v 0.024838 -0.034406 -0.009251
v 0.015766 -0.034809 -0.007075
v -0.022447 0.032128 -0.013279
v 0.030582 -0.122683 -0.017175
v -0.024987 0.029850 -0.018940
v 0.026002 -0.123900 -0.023262
v -0.035824 -0.109000 -0.017513
v -0.022654 -0.098219 -0.010000
v -0.020047 -0.107000 -0.014937
v -0.022940 -0.055772 -0.010004
v 0.011986 -0.032868 -0.011988
v -0.011873 -0.109400 -0.011873
v 0.022797 -0.054930 -0.009700
v 0.013752 -0.055732 -0.009999
v -0.012004 -0.032871 -0.012002
v -0.013751 -0.055963 -0.010000
v 0.011873 -0.109400 -0.011873
v 0.013748 -0.098082 -0.010000
v 0.020046 -0.107000 -0.014938
v 0.021442 -0.038687 -0.014277
v 0.024998 -0.032329 -0.023541
v 0.022974 -0.057917 -0.010003
v -0.013748 -0.097000 -0.010000
v 0.020014 -0.041260 -0.014915
v 0.020075 -0.039921 -0.015064
v 0.008520 -0.111400 -0.016721
v -0.021862 0.031867 -0.018262
v -0.030593 -0.121420 -0.017014
v -0.024962 -0.030652 -0.017030
v -0.019431 0.030156 -0.017936
v 0.029643 -0.120244 -0.018807
v 0.036172 -0.118954 -0.016817
v -0.026924 -0.112994 -0.022609
v -0.020515 0.035470 -0.018673
v 0.025000 0.035613 -0.018213
v 0.024500 -0.030060 -0.017782
v 0.035824 -0.109000 -0.017513
v -0.036009 -0.116621 -0.017321
v 0.035614 -0.122059 -0.018064
v -0.034760 -0.122200 -0.020221
v 0.016017 -0.111400 -0.024807
v -0.019090 -0.111400 -0.021549
v -0.009859 -0.109404 -0.013856
v 0.024998 0.019880 -0.028815
v 0.011317 -0.032620 -0.012686
v 0.009992 -0.109400 -0.013753
v -0.010329 -0.032290 -0.013503
v -0.024989 -0.031934 -0.023995
v 0.009182 -0.031941 -0.014309
v -0.018811 -0.040436 -0.016435
v -0.016017 -0.113000 -0.024807
v -0.007873 -0.031596 -0.015054
v 0.005291 -0.109402 -0.016158
v 0.024993 -0.022041 -0.027190
v 0.025002 -0.026889 -0.029613
v 0.007323 -0.031468 -0.015313
v -0.015418 -0.107000 -0.019680
v 0.019572 -0.040949 -0.015534
v 0.030743 -0.107000 -0.022336
v 0.015418 -0.107000 -0.019680
v -0.022213 -0.107000 -0.030574
v -0.005253 -0.109400 -0.016168
v -0.005595 -0.031101 -0.016054
v -0.019953 -0.030041 -0.017955
v -0.002936 -0.111400 -0.018535
v 0.027183 -0.123900 -0.029343
v -0.031312 -0.109000 -0.024676
v 0.004535 -0.030928 -0.016385
v 0.017447 -0.039539 -0.017905
v -0.002846 -0.030733 -0.016747
v 0.002627 -0.109400 -0.016584
v -0.002627 -0.109400 -0.016584
v 0.032909 -0.120670 -0.019983
v -0.027018 -0.123899 -0.029487
v 0.004829 0.028875 -0.019671
v 0.002358 -0.030695 -0.016816
v 0.025000 0.031187 -0.025047
v -0.017625 -0.035716 -0.018812
v -0.016836 -0.039156 -0.018481
v -0.022911 -0.032100 -0.020012
v -0.033469 -0.116628 -0.021933
v 0.000772 -0.091607 -0.016980
v 0.000219 -0.092661 -0.016986
v 0.000000 -0.109400 -0.017000
v -0.000717 -0.091626 -0.016979
v 0.000176 -0.057120 -0.016983
v -0.000458 -0.030597 -0.016994
v 0.000441 -0.090969 -0.023000
v 0.024500 -0.029514 -0.018813
v 0.014902 -0.038010 -0.020073
v 0.024500 -0.026119 -0.023298
v 0.024500 -0.025207 -0.024168
v 0.003496 -0.111400 -0.028789
v -0.006890 -0.111400 -0.027952
v 0.033260 -0.115937 -0.022208
v -0.024969 -0.024886 -0.024610
v -0.014256 -0.037651 -0.020537
v 0.013286 -0.033273 -0.022823
v -0.024134 0.025111 -0.024075
v 0.031312 -0.109000 -0.024676
v -0.023654 -0.123882 -0.025763
v -0.025000 -0.026890 -0.029613
v 0.020454 -0.113021 -0.028350
v -0.011794 -0.036408 -0.022037
v 0.015371 -0.107000 -0.034525
v 0.009706 -0.107000 -0.023039
v 0.025427 -0.107000 -0.028240
v -0.009706 -0.107000 -0.023039
v -0.024998 0.029684 -0.026812
v 0.012672 -0.036845 -0.021513
v 0.009628 -0.034947 -0.023072
v 0.025000 0.025468 -0.030844
v -0.009027 -0.032727 -0.023317
v -0.024977 0.019084 -0.029087
v -0.025638 -0.108946 -0.030730
v -0.001946 -0.060136 -0.025030
v 0.000207 -0.054176 -0.024963
v -0.000006 -0.057008 -0.022951
v 0.002896 -0.057530 -0.024831
v -0.002787 -0.090066 -0.024901
v 0.002333 -0.090944 -0.024873
v 0.000254 -0.095596 -0.024966
v 0.003313 -0.107000 -0.024780
v -0.003318 -0.106999 -0.024778
v -0.003617 -0.107000 -0.038335
v 0.008361 -0.035045 -0.023516
v 0.000754 -0.031348 -0.025122
v -0.022794 -0.123876 -0.032662
v 0.006890 -0.113000 -0.027952
v 0.008077 -0.113017 -0.034034
v -0.019259 -0.113024 -0.029222
v 0.006056 -0.034350 -0.024223
v -0.024134 0.021822 -0.027364
v 0.024500 0.024274 -0.025215
v -0.019038 -0.121546 -0.029638
v 0.003737 -0.033865 -0.024694
v -0.024963 -0.018344 -0.029899
v -0.024997 -0.020921 -0.034588
v 0.025928 -0.109012 -0.030525
v -0.025000 0.024742 -0.031231
v -0.003496 -0.113000 -0.028789
v -0.011856 -0.113000 -0.032931
v 0.024500 0.019028 -0.029295
v 0.015946 -0.121537 -0.030979
v -0.024978 0.013308 -0.032153
v 0.003851 -0.123900 -0.034176
v 0.011959 -0.123909 -0.038192
v -0.005781 -0.113021 -0.034475
v 0.023896 0.004358 -0.034724
v -0.023530 0.018216 -0.031674
v -0.020804 0.018461 -0.029726
v 0.025001 0.018695 -0.035362
v 0.023921 -0.017390 -0.030373
v 0.018974 0.015242 -0.031497
v -0.022259 -0.017211 -0.031836
v -0.024962 -0.011863 -0.032891
v 0.019387 -0.118788 -0.031241
v 0.023150 -0.121136 -0.032472
v -0.012120 -0.123897 -0.038141
v -0.019853 0.019025 -0.032083
v 0.025000 -0.020336 -0.034445
v -0.018887 -0.021500 -0.033853
v -0.024998 -0.012709 -0.037929
v -0.020001 0.016919 -0.030636
v 0.024500 -0.012084 -0.032827
v -0.020497 -0.115128 -0.034383
v -0.023515 0.021880 -0.032412
v -0.017238 -0.120448 -0.035906
v -0.018587 0.020976 -0.034049
v 0.018230 -0.117898 -0.035836
v -0.011784 -0.123400 -0.032724
v -0.022090 0.016979 -0.036175
v -0.024994 0.011033 -0.038240
v -0.024985 0.007767 -0.034127
v 0.024500 0.009798 -0.033601
v 0.024176 -0.006816 -0.034336
v -0.024981 -0.004733 -0.034689
v 0.012222 -0.109012 -0.038104
v -0.014510 -0.109000 -0.037085
v 0.024999 -0.012940 -0.037849
v -0.025000 -0.006373 -0.039490
v 0.024671 0.002754 -0.034880
v 0.025000 0.003135 -0.039877
v 0.024998 0.011147 -0.038416
v -0.024134 0.003998 -0.034550
v 0.001370 -0.119313 -0.035127
v -0.018671 -0.002212 -0.034858
v 0.018491 -0.000426 -0.035018
v 0.016272 0.000399 -0.034995
v -0.021768 0.000249 -0.034977
v 0.025000 -0.005006 -0.039686
v -0.012661 0.000532 -0.034994
v -0.020668 0.001719 -0.037598
v -0.023266 -0.002363 -0.039154
v 0.018029 -0.000077 -0.039795
v -0.012559 0.000639 -0.038000
v -0.020525 -0.017406 -0.036018
v -0.001304 -0.109173 -0.040222
v -0.002566 -0.120318 -0.039814
v 0.002799 -0.116566 -0.039919
v -0.019260 -0.000945 -0.039730
v -0.011762 0.002438 -0.039922
v -0.011761 -0.003169 -0.039880
v -0.024800 -0.004999 -0.039599
v 0.015840 0.000348 -0.039924
v -0.019000 -0.003050 0.034867
v 0.034000 -0.003050 0.034867
v 0.034000 0.003050 0.034867
v -0.019000 0.003050 0.034867
v 0.034000 0.009059 0.033807
v 0.034000 0.002792 0.033885
v 0.034000 -0.003248 0.033844
v -0.019000 0.009075 0.033803
v -0.019000 0.001165 0.004347
v -0.019000 -0.000837 0.004422
v -0.019000 -0.009059 0.033807
v 0.034000 -0.009059 0.033807
v 0.034000 -0.009186 0.032735
v 0.046350 0.008745 0.032856
v 0.046350 -0.000771 0.034112
v 0.046350 0.002578 0.025726
v 0.034000 0.008745 0.032856
v 0.046350 -0.009186 0.032735
v 0.034000 0.014792 0.031721
v -0.019000 0.014792 0.031721
v -0.019000 -0.014792 0.031721
v 0.034000 -0.014797 0.031718
v 0.034000 -0.014834 0.030593
v 0.046350 0.016690 0.029760
v 0.034000 0.014421 0.030790
v 0.046350 -0.015750 0.030229
v 0.046350 -0.000028 0.022712
v 0.034000 0.020075 0.028670
v -0.019000 0.020075 0.028670
v -0.019000 -0.020075 0.028670
v 0.034000 -0.020075 0.028670
v -0.019000 -0.002672 0.003621
v 0.046350 0.004588 0.022156
v 0.034000 0.019642 0.027752
v 0.034000 -0.015304 0.029271
v 0.034000 -0.007121 0.011723
v 0.046350 -0.007222 0.011946
v 0.034000 0.024749 0.024749
v -0.019000 0.024749 0.024749
v -0.019000 0.002935 0.003411
v -0.019000 -0.024749 0.024749
v 0.034000 -0.024749 0.024749
v 0.034000 -0.002672 0.003621
v 0.046350 0.024243 0.023838
v 0.034000 0.024243 0.023838
v 0.049350 0.001501 0.023506
v 0.034000 0.028670 0.020075
v -0.019000 0.028670 0.020075
v -0.019000 -0.028670 0.020075
v 0.034000 -0.028670 0.020075
v 0.034000 -0.003979 0.002103
v -0.019000 -0.003979 0.002103
v 0.046350 0.028166 0.019044
v 0.034000 0.028079 0.019172
v 0.046350 0.013263 0.004532
v 0.046350 0.030539 0.012585
v 0.046350 0.031022 0.013154
v 0.046347 0.002760 0.013528
v 0.046350 0.009059 0.010009
v 0.034000 0.031721 0.014792
v -0.019000 0.031721 0.014792
v -0.019000 0.004125 0.001800
v -0.019000 -0.031721 0.014792
v 0.034000 -0.031721 0.014792
v 0.034000 0.031029 0.013900
v 0.034000 0.033807 0.009059
v -0.019000 0.033807 0.009059
v -0.019000 -0.033807 0.009059
v 0.034000 -0.033807 0.009059
v 0.034000 0.031022 0.013154
v 0.034000 -0.000539 0.013630
v 0.034000 -0.000837 0.004422
v 0.034000 0.001165 0.004347
v 0.034000 0.007847 0.011257
v 0.034000 0.034867 0.003050
v 0.034000 0.022153 0.008675
v 0.034000 0.002935 0.003411
v 0.034000 0.034867 -0.003050
v -0.019000 0.034867 0.003050
v -0.019000 -0.034867 0.003050
v 0.034000 -0.034867 0.003050
v 0.034000 -0.004497 0.000168
v -0.019000 -0.004497 0.000168
v 0.034000 0.004125 0.001800
v 0.034000 0.012452 0.005509
v 0.034000 0.004497 -0.000168
v 0.034000 0.003979 -0.002103
v 0.034000 -0.014792 -0.031721
v 0.034000 -0.009059 -0.033807
v 0.034000 -0.003050 -0.034867
v 0.034000 0.002672 -0.003621
v 0.034000 -0.020075 -0.028670
v 0.034000 0.020075 -0.028670
v 0.034000 0.024749 -0.024749
v 0.034000 0.028670 -0.020075
v 0.034000 0.031721 -0.014792
v 0.034000 0.033807 -0.009059
v 0.034000 0.003050 -0.034867
v 0.034000 0.009059 -0.033807
v 0.034000 0.014792 -0.031721
v -0.019000 0.034867 -0.003050
v -0.019000 0.004497 -0.000168
v -0.019000 -0.034867 -0.003050
v 0.034000 -0.034867 -0.003050
v 0.034000 -0.004125 -0.001800
v -0.019000 -0.004125 -0.001800
v 0.034000 -0.033807 -0.009059
v -0.019000 -0.033807 -0.009059
v -0.019000 0.033807 -0.009059
v -0.019000 0.003979 -0.002103
v 0.034000 -0.002935 -0.003411
v -0.019000 -0.002935 -0.003411
v 0.034000 -0.028670 -0.020075
v 0.034000 -0.031721 -0.014792
v -0.019000 -0.028670 -0.020075
v -0.019000 -0.031721 -0.014792
v -0.019000 0.031721 -0.014792
v -0.019000 0.028670 -0.020075
v -0.019000 0.024749 -0.024749
v -0.019000 0.002672 -0.003621
v 0.034000 -0.001165 -0.004347
v -0.019000 -0.001165 -0.004347
v 0.034000 -0.024749 -0.024749
v -0.019000 -0.020075 -0.028670
v -0.019000 -0.024749 -0.024749
v 0.034000 0.000837 -0.004422
v -0.019000 0.014792 -0.031721
v -0.019000 0.000837 -0.004422
v -0.019000 0.020075 -0.028670
v -0.019000 -0.009073 -0.033804
v -0.019000 -0.014792 -0.031721
v -0.019000 0.003050 -0.034867
v -0.019000 -0.003050 -0.034867
v -0.019000 0.009059 -0.033807
v -0.022690 0.000077 0.034868
v -0.021814 0.000247 0.027453
v -0.019001 0.000911 0.035231
v -0.019000 -0.005457 0.034452
v -0.025012 0.000854 0.035475
v -0.025100 -0.017084 0.031170
v -0.019000 -0.013756 0.032183
v -0.025099 0.017687 0.030749
v -0.025100 -0.001754 0.004021
v -0.025100 0.002050 0.003879
v -0.023114 -0.018440 0.029905
v -0.019002 -0.017168 0.030690
v -0.022068 0.017744 0.030023
v -0.019000 0.019716 0.028918
v -0.021387 -0.013406 0.023906
v -0.019000 -0.025392 0.023916
v -0.019000 0.026096 0.023146
v -0.025099 0.030035 0.018737
v -0.024969 -0.029864 0.019055
v -0.025099 -0.034385 0.006899
v -0.019002 -0.030248 0.017626
v -0.021825 -0.030348 0.017462
v -0.019005 0.031059 0.016988
v -0.025100 -0.003979 0.002103
v -0.025100 0.004311 0.000816
v -0.019000 -0.032949 0.011807
v -0.025000 0.033841 0.008752
v -0.019001 -0.035602 0.000301
v -0.019000 0.034609 0.005216
v -0.025099 0.035212 -0.002984
v -0.025100 -0.004311 -0.000816
v -0.021736 -0.035007 -0.000007
v -0.025100 -0.028802 -0.021889
v -0.019003 0.035024 0.000721
v -0.022258 0.034957 -0.000516
v -0.021410 0.027453 0.000521
v -0.025000 -0.034363 -0.005893
v -0.019000 -0.033287 -0.010816
v -0.019000 0.034438 -0.006249
v -0.025100 0.003979 -0.002103
v -0.025100 -0.002050 -0.003879
v -0.019005 -0.030545 -0.017153
v -0.019000 -0.026096 -0.023146
v -0.019004 0.030763 -0.018050
v -0.019000 0.025392 -0.023916
v -0.025100 0.022930 -0.024600
v -0.025100 0.002672 -0.003621
v -0.019000 -0.018337 -0.029989
v -0.019001 0.015826 -0.031187
v -0.025100 0.000837 -0.004422
v -0.019000 -0.000411 -0.035328
v -0.025100 0.012563 -0.032701
v -0.019000 0.008298 -0.034002
v -0.025099 0.030155 -0.018412
v -0.022077 0.030587 -0.016962
v -0.023664 -0.030451 -0.018312
v -0.023047 0.017786 -0.030894
v -0.021631 0.013882 -0.023631
v -0.024988 0.006542 -0.034435
v -0.025000 -0.010352 -0.033070
v -0.021394 -0.017179 -0.030004
v -0.022406 -0.000433 -0.034867
v -0.020443 0.001117 -0.034220
v -0.025100 -0.006465 0.034418
v -0.025100 0.007287 0.034276
v -0.035373 0.000003 0.034996
v -0.041000 0.009057 0.033870
v -0.041002 -0.007956 0.034094
v -0.041000 -0.007821 0.029513
v -0.025100 -0.013756 0.032183
v -0.025100 0.017213 0.030762
v -0.040999 -0.018054 0.030087
v -0.035761 -0.017283 0.030398
v -0.025100 -0.022334 0.027027
v -0.035499 0.017492 0.030307
v -0.041000 0.019716 0.028918
v -0.035560 -0.016668 0.026882
v -0.041994 -0.005325 0.028207
v -0.041001 -0.026090 0.023392
v -0.042000 0.013046 0.024512
v -0.025100 0.025491 0.024093
v -0.040885 0.024410 0.025064
v -0.040983 0.020447 0.022280
v -0.042000 0.002050 0.003879
v -0.042000 -0.002591 0.003993
v -0.040984 -0.021844 0.021515
v -0.042000 -0.023700 0.017065
v -0.025100 -0.028796 0.020111
v -0.041000 -0.020885 0.018986
v -0.040998 0.029912 0.018770
v -0.041000 0.021651 0.016739
v -0.040970 0.022648 0.020745
v -0.042000 0.023969 0.013829
v -0.041000 -0.034438 0.006248
v -0.035503 -0.030375 0.017521
v -0.025100 0.032694 0.012596
v -0.035051 0.029751 0.018410
v -0.035851 0.027521 0.014816
v -0.025100 -0.032949 0.011807
v -0.041000 -0.032949 0.011807
v -0.040966 -0.030122 0.008699
v -0.042000 0.004311 0.000816
v -0.040977 0.029321 0.008564
v -0.041996 -0.028153 -0.000438
v -0.025100 -0.034438 0.006249
v -0.041000 0.034438 -0.006248
v -0.041000 0.030401 0.007235
v -0.041000 0.033287 0.010816
v -0.025100 0.034994 0.003267
v -0.041000 0.034619 0.005160
v -0.041994 0.027957 0.003025
v -0.033406 0.030329 0.007930
v -0.040949 -0.029354 0.006714
v -0.035828 -0.034966 -0.000410
v -0.025100 -0.034994 -0.003267
v -0.035618 0.034966 0.000468
v -0.042000 -0.004311 -0.000816
v -0.041000 -0.034619 -0.005160
v -0.035526 0.027453 -0.000086
v -0.041997 0.026559 -0.009809
v -0.025100 -0.032694 -0.012588
v -0.025100 0.034438 -0.006249
v -0.042000 0.003325 -0.002862
v -0.040972 -0.029866 -0.007780
v -0.041993 -0.022672 -0.018589
v -0.035438 -0.027406 0.000113
v -0.025100 -0.028005 -0.020994
v -0.042000 -0.001506 -0.004516
v -0.025100 0.028796 -0.020111
v -0.025100 0.032949 -0.011807
v -0.025100 0.023420 -0.026010
v -0.041999 0.014776 -0.023287
v -0.025100 -0.023085 -0.026363
v -0.042000 -0.004304 -0.027239
v -0.025100 0.013756 -0.032183
v -0.025100 0.018842 -0.029495
v -0.025100 -0.010457 -0.033479
v -0.025100 -0.003137 -0.034859
v -0.025100 0.006803 -0.034375
v -0.041005 -0.033129 -0.011355
v -0.041000 0.032949 -0.011807
v -0.040962 0.029846 -0.007997
v -0.041001 -0.025346 -0.024170
v -0.041000 0.030737 -0.016675
v -0.035178 0.031032 -0.016089
v -0.034584 0.029746 -0.018408
v -0.036707 0.029806 -0.018194
v -0.041000 0.020507 -0.020669
v -0.041000 0.023130 -0.022082
v -0.041000 0.027364 -0.021822
v -0.041000 0.013525 -0.033544
v -0.041000 0.023420 -0.026010
v -0.040967 -0.020407 -0.020752
v -0.035655 -0.030425 -0.017289
v -0.040958 -0.021743 -0.022691
v -0.033406 0.022079 -0.021792
v -0.041000 0.021491 -0.022710
v -0.041000 -0.019716 -0.028918
v -0.041000 0.005604 -0.026928
v -0.041000 -0.007720 -0.029139
v -0.040995 -0.009390 -0.033744
v -0.040981 0.008603 -0.033912
v -0.040427 0.007257 -0.028725
v -0.040997 0.016073 -0.031369
v -0.041000 0.007118 -0.030071
v -0.035408 -0.017437 -0.030333
v -0.033406 -0.007719 -0.029622
v -0.040998 -0.000321 -0.035325
v -0.041000 -0.007843 -0.031000
v -0.035766 0.017382 -0.030343
v -0.035420 0.016416 -0.026487
v -0.035383 -0.000054 -0.034991
v -0.016196 -0.088925 -0.022232
v -0.009599 -0.089167 -0.032639
v -0.012000 -0.090000 -0.032617
v -0.012000 -0.098000 -0.032617
v -0.011976 -0.097891 -0.024884
v -0.012000 -0.090000 -0.024744
v -0.016177 -0.098515 -0.022269
v -0.009822 -0.098650 -0.032057
v -0.031175 -0.028660 -0.028263
v -0.008610 -0.027007 -0.029865
v -0.008606 -0.027001 -0.031529
v -0.009123 -0.029078 -0.027895
v -0.010000 -0.029000 -0.031068
v -0.028999 -0.029000 -0.031069
v -0.029096 -0.029002 -0.029687
v -0.029013 -0.032145 -0.027772
v -0.008723 -0.034170 -0.026544
v -0.030989 -0.041151 -0.007092
v -0.010000 -0.088463 -0.025617
v -0.009997 -0.099229 -0.026051
v -0.022754 -0.031982 -0.024339
v -0.022013 -0.037173 -0.021065
v -0.029114 -0.036501 -0.021849
v -0.018176 -0.039671 -0.020742
v -0.015109 -0.101868 -0.022971
v -0.010000 -0.035061 -0.025000
v -0.010000 -0.036602 -0.025617
v -0.010000 -0.103980 -0.025000
v -0.013038 -0.088000 -0.024169
v -0.011983 -0.037446 -0.024717
v -0.010865 -0.104000 -0.025245
v -0.008600 -0.035061 -0.025000
v -0.008600 -0.104000 -0.025000
v -0.008600 -0.035412 -0.023750
v -0.008600 -0.104000 -0.023750
v -0.010000 -0.104000 -0.023750
v -0.011213 -0.104000 -0.022624
v -0.010000 -0.104000 -0.023185
v -0.015811 -0.039370 -0.022473
v -0.021300 -0.038828 -0.013527
v -0.014292 -0.036006 -0.021094
v -0.010000 -0.035412 -0.023750
v -0.010000 -0.035721 -0.023185
v -0.013415 -0.037308 -0.021363
v -0.015239 -0.038298 -0.020102
v -0.015162 -0.104000 -0.020191
v -0.020057 -0.104000 -0.018814
v -0.020484 -0.067259 -0.018409
v -0.018599 -0.103982 -0.017077
v -0.025090 -0.041673 -0.004909
v -0.023225 -0.104000 -0.014725
v -0.023308 -0.042971 -0.014614
v -0.021409 -0.104000 -0.013387
v -0.025809 -0.046604 -0.009615
v -0.029000 -0.041413 -0.002797
v -0.025572 -0.104000 -0.010116
v -0.023551 -0.057999 -0.009303
v -0.023429 -0.066007 -0.009440
v -0.023540 -0.089001 -0.009311
v -0.024811 -0.098011 -0.004891
v -0.025105 -0.103986 -0.004745
v -0.027103 -0.045614 -0.004753
v -0.029273 -0.040665 0.005593
v -0.027014 -0.104000 -0.005149
v -0.025717 -0.064988 -0.000289
v -0.022159 -0.065408 0.014523
v -0.025081 -0.073975 -0.003177
v -0.024798 -0.072993 -0.004968
v -0.022145 -0.073444 -0.002460
v -0.024846 -0.082006 0.004699
v -0.025343 -0.080999 -0.001576
v -0.022106 -0.081514 -0.002499
v -0.025105 -0.065682 0.003171
v -0.024976 -0.057002 -0.003630
v -0.027500 -0.103991 0.000001
v -0.025094 -0.090002 0.003241
v -0.022230 -0.089572 0.003622
v -0.027654 -0.043531 0.008077
v -0.023027 -0.097295 0.003324
v -0.024294 -0.103997 0.006552
v -0.027014 -0.104000 0.005149
v -0.024718 -0.043315 0.005830
v -0.027394 -0.046098 0.002070
v -0.026943 -0.043905 0.005689
v -0.023732 -0.088973 0.008905
v -0.025576 -0.103975 0.010092
v -0.021594 -0.104000 0.013087
v -0.023225 -0.103958 0.014725
v -0.019429 -0.036256 0.017606
v -0.021455 -0.042349 0.013269
v -0.029275 -0.035671 0.022891
v -0.031011 -0.027005 0.031530
v -0.018910 -0.038031 0.020044
v -0.018836 -0.104000 0.016816
v -0.020057 -0.103981 0.018814
v -0.020018 -0.041332 0.015326
v -0.030722 -0.033397 0.022444
v -0.012844 -0.032866 0.023277
v -0.017207 -0.039474 0.018441
v -0.018815 -0.040511 0.016798
v -0.015442 -0.104000 0.019978
v -0.016261 -0.103665 0.022179
v -0.016253 -0.088992 0.022182
v -0.014670 -0.037989 0.020493
v -0.011527 -0.104000 0.022465
v -0.007976 -0.104000 0.026135
v -0.013967 -0.036929 0.023760
v -0.011066 -0.036185 0.022671
v -0.012000 -0.090000 0.024744
v -0.011988 -0.090104 0.032454
v -0.012132 -0.098401 0.032295
v -0.012000 -0.098000 0.024744
v -0.013012 -0.088000 0.024188
v -0.010004 -0.099007 0.025921
v -0.010000 -0.088949 0.028400
v -0.010000 -0.104000 0.023185
v -0.010000 -0.104000 0.023750
v -0.029000 -0.032359 0.027552
v -0.028971 -0.029007 0.029691
v -0.008600 -0.031748 0.024999
v -0.010000 -0.035721 0.023185
v -0.010000 -0.035412 0.023750
v -0.008600 -0.035412 0.023750
v -0.008600 -0.104000 0.023750
v -0.010000 -0.104000 0.025000
v -0.008600 -0.104000 0.025000
v -0.010000 -0.088000 0.025617
v -0.010000 -0.100000 0.025617
v -0.010000 -0.099565 0.025837
v -0.008949 -0.030237 0.028354
v -0.010000 -0.035061 0.025000
v -0.010000 -0.034962 0.025619
v -0.009981 -0.098938 0.032613
v -0.010000 -0.093854 0.029081
v -0.008694 -0.027024 0.029862
v -0.010023 -0.029828 0.030283
v -0.028998 -0.029000 0.031069
v 0.028980 0.006264 -0.042038
v 0.029171 -0.002045 -0.042406
v 0.016597 -0.001579 -0.042578
v -0.029122 -0.001961 -0.042433
v -0.029109 0.006336 -0.042020
v -0.013517 -0.000027 -0.042668
v -0.028822 -0.010191 -0.041261
v 0.029295 -0.010211 -0.041253
v 0.029914 0.008660 -0.040805
v -0.011957 -0.000160 -0.040336
v 0.024761 -0.000366 -0.040320
v -0.029031 0.014338 -0.040008
v 0.029162 0.014339 -0.040007
v 0.029000 -0.018032 -0.038485
v -0.029060 -0.018030 -0.038486
v -0.029862 -0.011840 -0.039543
v 0.030982 -0.011862 -0.038424
v -0.030788 0.010562 -0.038839
v -0.022314 -0.000568 -0.040241
v -0.030814 -0.012057 -0.038374
v 0.029750 -0.016802 -0.037906
v 0.027001 0.001077 -0.040453
v -0.030971 0.016075 -0.036902
v -0.029086 0.021838 -0.036459
v -0.031003 -0.006747 -0.039681
v 0.025000 0.000373 -0.036326
v 0.024999 0.004084 -0.040042
v 0.027000 -0.000547 -0.038208
v 0.025000 0.012084 -0.038393
v 0.027000 0.007485 -0.035213
v 0.027000 0.012154 -0.038361
v 0.029000 0.021838 -0.036460
v 0.029812 0.022174 -0.035015
v 0.030500 -0.005728 -0.039840
v 0.030500 -0.011340 -0.038620
v -0.030727 -0.018220 -0.036716
v -0.031127 0.021255 -0.034181
v 0.027003 0.021922 -0.033977
v 0.029000 -0.025166 -0.034248
v -0.029000 -0.025167 -0.034247
v 0.025000 0.019586 -0.035163
v 0.027000 0.022229 -0.028945
v -0.030500 -0.012437 -0.038280
v 0.028803 -0.016844 -0.036563
v 0.030874 -0.021756 -0.033864
v 0.029750 -0.023874 -0.033899
v -0.032808 -0.017800 -0.036092
v -0.030982 -0.022879 -0.033115
v -0.029147 0.028507 -0.031520
v 0.029000 0.028507 -0.031522
v 0.029824 0.028571 -0.030008
v 0.030800 0.028766 -0.028037
v -0.029820 -0.027000 -0.031355
v 0.025000 0.017901 -0.031006
v 0.025000 0.026281 -0.030485
v -0.030987 0.025997 -0.030735
v 0.029781 -0.032328 -0.025570
v 0.029000 -0.031342 -0.028704
v -0.005071 -0.030346 -0.029739
v 0.030500 -0.026318 -0.030449
v -0.007987 -0.090330 -0.026483
v 0.000746 -0.089966 -0.027798
v -0.006943 -0.098257 -0.027068
v 0.029856 0.033724 -0.023913
v -0.029110 0.034089 -0.025380
v 0.029000 0.034088 -0.025382
v -0.008643 -0.027032 -0.029888
v -0.030905 0.030131 -0.026688
v 0.030602 -0.032891 -0.022934
v 0.025000 0.031895 -0.024552
v 0.027000 0.031896 -0.024550
v -0.000518 -0.031452 -0.025298
v 0.029105 -0.036326 -0.022016
v 0.025000 0.028965 -0.021044
v 0.010048 -0.033733 -0.026323
v 0.002699 -0.033987 -0.027561
v -0.009992 -0.089108 -0.026555
v 0.021261 -0.038020 -0.019712
v -0.003670 -0.046480 -0.027220
v 0.001576 -0.057152 -0.027624
v 0.000523 -0.104002 -0.027769
v -0.005078 -0.088000 -0.026967
v 0.001190 -0.092002 -0.025366
v 0.008340 -0.104000 -0.023833
v 0.001129 -0.104000 -0.025200
v 0.009083 -0.104000 -0.025957
v 0.009637 -0.036676 -0.025795
v 0.000397 -0.057046 -0.024406
v -0.008500 -0.104000 -0.025000
v -0.004339 -0.104000 -0.024874
v -0.007424 -0.035744 -0.026469
v -0.006432 -0.088000 -0.026737
v -0.030894 0.033670 -0.022055
v 0.015213 -0.037990 -0.022960
v -0.010000 -0.035528 -0.025000
v 0.013910 -0.104000 -0.021073
v 0.015150 -0.104000 -0.022951
v 0.013161 -0.037973 -0.024146
v -0.029106 0.038371 -0.018272
v -0.008500 -0.035528 -0.025000
v -0.008496 -0.034570 -0.023834
v 0.029000 0.038371 -0.018274
v -0.003474 -0.062833 -0.024975
v 0.001139 -0.057060 -0.025419
v 0.004365 -0.034022 -0.024781
v 0.013893 -0.035834 -0.021036
v 0.008889 -0.039625 -0.023681
v -0.008500 -0.104000 -0.023776
v 0.025000 0.036195 -0.017607
v 0.027000 0.031177 -0.018000
v 0.027002 0.036006 -0.018029
v 0.012384 -0.036801 -0.021965
v 0.029823 0.037709 -0.016979
v 0.018638 -0.104000 -0.017035
v 0.020298 -0.104000 -0.018553
v 0.020427 -0.039691 -0.018428
v 0.021520 -0.036962 -0.016332
v 0.031047 -0.038488 -0.012712
v -0.030978 0.038509 -0.011692
v -0.029068 0.041190 -0.010468
v 0.017259 -0.039512 -0.018377
v 0.018607 -0.040377 -0.017009
v 0.022235 -0.104000 -0.011965
v 0.024216 -0.104000 -0.013031
v 0.022560 -0.043714 -0.015725
v 0.024192 -0.044140 -0.013102
v 0.029000 0.041190 -0.010469
v 0.025000 0.035020 -0.007444
v 0.025000 0.039004 -0.009938
v 0.027000 0.036385 -0.002849
v 0.027017 0.038927 -0.010096
v 0.022386 -0.042722 -0.011788
v 0.020294 -0.041529 -0.014915
v 0.029437 0.041632 -0.004068
v -0.029155 0.042390 -0.002562
v 0.029787 -0.041152 -0.003131
v 0.027205 -0.043285 -0.007737
v 0.026865 -0.039501 -0.009282
v 0.024928 -0.045412 -0.011535
v 0.024485 -0.104000 -0.006170
v 0.026666 -0.104000 -0.006719
v 0.026727 -0.049091 -0.006912
v 0.024371 -0.045235 -0.006827
v 0.025000 0.040218 -0.001778
v -0.030885 0.039828 -0.005813
v -0.000694 0.042363 -0.002895
v 0.028981 0.042499 -0.001861
v 0.026998 0.040633 0.004068
v 0.025087 -0.044373 -0.002829
v 0.025250 -0.104000 -0.000000
v 0.027500 -0.104000 -0.000000
v 0.027334 -0.046111 -0.002883
v 0.030804 0.039029 0.009417
v -0.030857 0.039829 0.005813
v -0.029172 0.042436 0.002256
v 0.026703 -0.041376 0.003943
v 0.025000 0.035020 0.007444
v 0.025000 0.040207 0.001859
v 0.027505 -0.043373 0.007098
v 0.027500 -0.046071 0.000000
v 0.025262 -0.045578 0.001347
v 0.000485 0.042492 0.001998
v -0.000242 0.040241 0.000281
v -0.030500 0.040183 0.000926
v 0.029098 0.042358 0.002816
v 0.027326 -0.046115 0.003034
v 0.024485 -0.104000 0.006170
v 0.026666 -0.104000 0.006719
v 0.025000 0.039004 0.009938
v 0.027000 0.032707 0.014562
v 0.029000 0.041190 0.010469
v -0.029120 0.041189 0.010471
v 0.026749 -0.045757 0.006463
v 0.029375 -0.039523 0.012953
v 0.030689 -0.037789 0.014345
v 0.024029 -0.043905 0.007754
v -0.030920 0.038567 0.011519
v 0.022235 -0.104000 0.011965
v 0.024524 -0.043670 0.012534
v 0.024216 -0.104000 0.013031
v 0.021690 -0.034898 0.020117
v 0.022428 -0.042732 0.011720
v 0.029750 0.036947 0.018595
v 0.025000 0.036195 0.017607
v 0.026998 0.034047 0.021858
v -0.029087 0.038371 0.018272
v 0.029097 0.038370 0.018275
v -0.030987 0.036502 0.016961
v 0.025000 0.027761 0.023691
v 0.018638 -0.104000 0.017035
v 0.018601 -0.038848 0.017233
v 0.021698 -0.037201 0.020676
v 0.020298 -0.104000 0.018553
v 0.022747 -0.043852 0.015423
v 0.028997 -0.036351 0.022026
v 0.020204 -0.041195 0.018595
v 0.021169 -0.042730 0.017554
v 0.029137 -0.031307 0.028733
v -0.030902 0.033666 0.022062
v -0.029102 0.034088 0.025381
v 0.027115 0.027131 0.029771
v 0.013910 -0.104000 0.021073
v 0.025000 0.031895 0.024552
v 0.027000 0.020660 0.030086
v 0.014420 -0.035204 0.020801
v 0.029062 0.034088 0.025382
v 0.013721 -0.034328 0.025098
v 0.015705 -0.039632 0.022621
v 0.015148 -0.103975 0.022951
v 0.008340 -0.104000 0.023833
v -0.031023 0.030124 0.026695
v 0.030467 -0.030584 0.026195
v 0.009874 -0.035683 0.023223
v 0.007858 -0.034368 0.024019
v 0.009083 -0.104000 0.025957
v 0.014460 -0.038644 0.023354
v 0.029830 -0.028159 0.030306
v 0.013849 -0.037078 0.023762
v 0.008330 -0.035124 0.023806
v 0.002442 -0.033016 0.025206
v -0.004339 -0.104000 0.024874
v -0.008500 -0.104000 0.023776
v -0.008500 -0.035154 0.023776
v -0.008500 -0.104000 0.025000
v -0.008500 -0.035528 0.025000
v -0.008416 -0.032247 0.024620
v 0.001091 -0.092949 0.025431
v 0.001721 -0.059486 0.025270
v 0.001132 -0.104000 0.025199
v -0.002612 -0.056156 0.025108
v -0.000209 -0.054805 0.025225
v -0.000247 -0.057267 0.024880
v 0.025000 0.026281 0.030485
v -0.004714 -0.034159 0.024770
v 0.030854 -0.026291 0.030470
v 0.001480 -0.104001 0.027585
v -0.000758 -0.091935 0.024652
v -0.010000 -0.035528 0.025000
v -0.010000 -0.088604 0.025918
v 0.008963 -0.034338 0.025958
v -0.029079 0.028507 0.031521
v 0.029046 0.028506 0.031522
v -0.007755 -0.035840 0.026377
v -0.005755 -0.088000 0.026852
v -0.007766 -0.097978 0.026603
v -0.002832 -0.089610 0.027384
v 0.001606 -0.047103 0.027613
v 0.001774 -0.057183 0.027524
v 0.002203 -0.093118 0.027454
v -0.001791 -0.056478 0.027426
v -0.008000 -0.090000 0.026311
v -0.008000 -0.090066 0.032515
v -0.005138 -0.033177 0.027008
v -0.007900 -0.098252 0.032517
v -0.020350 -0.026625 0.030151
v 0.029000 -0.025167 0.034248
v 0.025000 0.011064 0.034050
v 0.025000 0.019586 0.035163
v 0.029148 -0.018038 0.038480
v -0.030006 -0.026999 0.031311
v -0.030862 -0.022667 0.033271
v -0.031040 0.021253 0.034182
v -0.029082 0.021837 0.036460
v 0.023809 -0.021932 0.033728
v 0.030782 0.015888 0.036940
v 0.027002 0.019291 0.035363
v -0.030500 0.025955 0.030764
v -0.029096 -0.025166 0.034247
v 0.029064 0.021839 0.036459
v 0.025000 0.012084 0.038393
v 0.027000 0.007485 0.035213
v -0.030728 -0.017649 0.036153
v -0.029000 -0.018032 0.038485
v 0.027005 0.012078 0.038378
v -0.030500 0.016075 0.036901
v 0.025000 0.000000 0.036000
v 0.025000 0.004084 0.040042
v 0.027000 0.000000 0.036000
v 0.024924 0.000199 0.040276
v 0.027001 0.001605 0.040220
v -0.030029 -0.008547 0.040357
v -0.030933 -0.012400 0.038295
v 0.030500 -0.012067 0.038348
v -0.029100 0.014340 0.040006
v 0.029048 0.014338 0.040008
v 0.030921 -0.011333 0.038622
v -0.030781 0.010562 0.038839
v 0.029135 -0.010220 0.041252
v 0.029899 -0.005980 0.039778
v -0.028999 -0.010199 0.041259
v -0.018532 0.004675 0.039974
v -0.017287 -0.000608 0.040237
v -0.029200 0.006271 0.042035
v 0.029000 0.006289 0.042032
v 0.016944 -0.000106 0.042638
v -0.012959 -0.001011 0.042671
v 0.029118 -0.002255 0.042393
vn 0.0269 -0.0144 0.9995
vn 0.4818 0.1153 0.8686
vn -0.0001 -0.0712 0.9975
vn 0.5434 0.7855 -0.2962
vn -0.0764 -0.1369 0.9876
vn 0.0951 -0.0979 0.9906
vn -0.8402 -0.3981 0.3681
vn 0.0005 0.0148 0.9999
vn -0.0065 -0.0373 0.9993
vn -0.1540 0.0450 0.9870
vn 0.3993 -0.8416 -0.3636
vn 0.0020 0.0255 0.9997
vn -0.0926 0.8191 0.5661
vn -0.1184 0.3652 -0.9234
vn -0.0012 0.1796 0.9837
vn -0.3918 0.8546 0.3409
vn -0.0028 -0.0963 0.9954
vn -0.4096 0.8400 0.3559
vn 0.0181 -0.0228 0.9996
vn -0.3979 0.8556 0.3310
vn 0.1683 -0.0170 0.9856
vn 0.1830 -0.4325 0.8829
vn 0.2262 -0.2574 0.9395
vn -0.1872 0.0025 0.9823
vn -0.1793 0.6998 0.6914
vn 1.0000 0.0007 0.0016
vn 1.0000 -0.0009 -0.0000
vn -0.0032 -0.1171 0.9931
vn 0.0031 -0.4220 0.9066
vn -0.1005 0.7110 0.6959
vn 1.0000 0.0001 -0.0005
vn 1.0000 -0.0001 -0.0004
vn 0.0031 -0.2255 0.9742
vn -1.0000 -0.0013 -0.0055
vn -0.6626 -0.1356 0.7366
vn -0.0001 -0.2514 0.9679
vn -0.0006 -0.9981 -0.0612
vn -1.0000 0.0013 -0.0044
vn -1.0000 -0.0002 -0.0035
vn 0.2306 0.0309 0.9726
vn 0.1909 0.5198 0.8327
vn -0.1124 0.8207 0.5602
vn -0.0038 0.3416 0.9398
vn 0.4001 0.0009 0.9165
vn 0.2116 0.8356 0.5070
vn 1.0000 0.0002 -0.0004
vn 0.0207 0.2538 -0.9670
vn 0.0128 -0.4791 0.8777
vn -0.0000 -0.4181 0.9084
vn -0.0001 -0.3770 0.9262
vn -0.0000 1.0000 -0.0000
vn -1.0000 0.0010 -0.0052
vn -1.0000 -0.0053 -0.0072
vn -1.0000 0.0038 0.0018
vn -0.3835 -0.0013 0.9235
vn 0.4458 0.5591 0.6991
vn 0.3710 -0.0073 0.9286
vn -0.3779 0.6245 0.6835
vn -0.4801 0.1256 0.8682
vn -0.4119 0.0200 0.9110
vn 0.2996 -0.8630 -0.4068
vn -0.1741 0.4250 0.8883
vn 0.4307 -0.8797 -0.2014
vn -0.4794 0.0545 -0.8759
vn 0.1759 -0.0567 -0.9828
vn 0.7606 -0.0914 -0.6428
vn 0.2045 0.0167 -0.9787
vn -0.9473 -0.0144 -0.3202
vn 0.0009 0.3749 0.9271
vn 1.0000 0.0007 0.0013
vn 0.0026 0.5549 0.8319
vn -0.0050 0.4993 0.8664
vn 0.3361 0.6974 0.6330
vn -0.9685 -0.1265 0.2146
vn -1.0000 0.0030 -0.0048
vn -0.0456 0.0547 -0.9975
vn -0.0008 -0.0342 -0.9994
vn 0.0010 0.0627 -0.9980
vn 0.0314 -0.1689 -0.9851
vn 0.0004 -0.1163 -0.9932
vn 0.0023 0.0597 -0.9982
vn -0.0025 0.0955 -0.9954
vn 0.0041 -0.1109 -0.9938
vn 0.2057 0.0150 -0.9785
vn -0.7792 -0.4712 0.4133
vn -0.0032 -0.1798 -0.9837
vn -0.0043 -1.0000 -0.0039
vn -0.0000 -1.0000 -0.0031
vn -0.0001 -1.0000 -0.0029
vn 0.4826 -0.1530 0.8623
vn 0.0034 0.2445 -0.9697
vn 0.1046 -0.2581 -0.9604
vn -0.2268 -0.4256 -0.8761
vn -0.8241 -0.2700 -0.4980
vn 0.3151 0.0173 -0.9489
vn -0.6701 -0.1164 0.7331
vn -0.0001 -0.5919 0.8060
vn 1.0000 0.0002 -0.0003
vn -0.0000 -0.5934 0.8049
vn 0.0066 0.6311 -0.7757
vn 0.8927 0.4503 -0.0150
vn -0.0000 0.2754 -0.9613
vn 0.4914 -0.2394 0.8374
vn -0.0117 -0.9997 -0.0196
vn -0.4466 -0.4593 0.7679
vn 0.0315 -0.9990 -0.0302
vn -0.0006 -1.0000 -0.0001
vn 0.0035 -0.3357 -0.9420
vn 0.9978 0.0632 -0.0179
vn 0.0072 -0.6212 0.7836
vn 0.5670 0.7848 0.2502
vn -0.1289 0.6789 -0.7228
vn 0.0101 -0.5512 0.8343
vn 0.9845 -0.0854 0.1534
vn -0.5477 0.0326 0.8360
vn -0.2027 0.8282 -0.5225
vn -0.3164 0.2132 0.9244
vn -0.0000 -0.6173 0.7867
vn -0.4329 -0.6482 0.6264
vn -0.9091 -0.3477 0.2293
vn -0.1829 0.6201 0.7629
vn -0.0013 -1.0000 -0.0068
vn -0.4440 -0.0214 -0.8958
vn 0.0014 -1.0000 -0.0026
vn -0.0016 -1.0000 -0.0000
vn 0.3914 -0.0491 -0.9189
vn -0.3573 0.7386 0.5717
vn 0.0005 0.4038 -0.9148
vn 0.8269 -0.4377 -0.3530
vn -0.9575 -0.1772 -0.2276
vn -0.0026 -0.4042 -0.9147
vn 0.0074 -0.3541 -0.9352
vn -0.9675 0.1495 -0.2041
vn -0.6410 -0.4184 -0.6435
vn -0.9963 -0.0360 0.0778
vn -0.0017 0.4200 -0.9075
vn 0.9715 -0.2350 0.0327
vn -0.6121 0.7847 -0.0984
vn -0.5026 -0.8354 -0.2225
vn 0.9692 -0.2452 0.0207
vn 0.6319 -0.4435 -0.6356
vn 0.7254 -0.4125 -0.5510
vn -0.0165 -0.9984 -0.0544
vn 0.1263 0.9630 -0.2379
vn 0.3892 0.3590 -0.8483
vn -1.0000 0.0017 0.0014
vn -1.0000 -0.0090 -0.0037
vn -0.5339 -0.7265 -0.4327
vn 0.5994 0.0028 0.8005
vn 0.6157 -0.0048 0.7880
vn -0.6111 -0.0113 0.7915
vn 0.3926 0.5967 0.6999
vn -0.0136 0.5012 0.8652
vn -0.0025 -0.5013 -0.8653
vn -0.4063 0.8983 0.1675
vn -0.6400 -0.1014 0.7616
vn 1.0000 0.0001 0.0001
vn -0.0041 0.6687 0.7435
vn 0.0032 0.7119 0.7023
vn -0.0802 -0.3050 -0.9490
vn -0.8458 -0.3182 0.4283
vn 0.0006 0.5653 -0.8249
vn -0.0016 -0.5180 -0.8554
vn 0.5320 0.4110 -0.7403
vn 0.7976 0.3240 -0.5087
vn -1.0000 0.0025 -0.0028
vn 0.7495 0.0018 0.6621
vn -0.5632 0.0182 -0.8261
vn 0.4285 0.7871 0.4437
vn 0.5641 0.6685 0.4846
vn -0.5317 0.6902 0.4908
vn -0.7357 0.0082 0.6772
vn 1.0000 0.0001 -0.0001
vn 1.0000 0.0002 -0.0001
vn -0.0000 -0.7104 0.7038
vn 0.0102 -0.7459 0.6660
vn 0.0079 -0.7441 0.6680
vn -1.0000 0.0006 -0.0036
vn -0.0292 -0.7466 0.6646
vn 0.0007 -0.7080 0.7062
vn 0.5047 0.0259 -0.8629
vn -0.0333 -0.9975 -0.0626
vn 0.0025 -0.9313 -0.3642
vn -0.0059 0.5261 -0.8504
vn 0.0002 -1.0000 -0.0046
vn -0.0016 -1.0000 -0.0037
vn -0.6396 -0.0239 -0.7684
vn 0.0076 -1.0000 -0.0000
vn 0.6406 -0.0013 -0.7679
vn 0.0043 0.6299 -0.7766
vn 0.0030 -0.5033 -0.8641
vn 0.2463 -0.5997 -0.7614
vn 0.0039 -0.5378 -0.8431
vn -0.1728 -0.1431 -0.9745
vn -0.0006 -1.0000 -0.0035
vn -0.0000 0.6733 -0.7394
vn 0.0049 -1.0000 -0.0023
vn -0.4961 0.7800 0.3815
vn -0.0345 -0.9990 -0.0292
vn 0.6643 0.0182 -0.7473
vn -0.9907 0.0927 -0.0997
vn -0.0020 0.6901 -0.7237
vn -0.5042 -0.3310 -0.7976
vn -0.3700 0.3310 -0.8680
vn -0.0000 -1.0000 -0.0000
vn -0.0048 -1.0000 0.0008
vn 0.3686 -0.1388 -0.9192
vn 0.4118 0.4633 -0.7847
vn -0.0028 0.8049 0.5934
vn -0.9999 -0.0106 -0.0038
vn -1.0000 -0.0036 -0.0024
vn 0.7719 -0.0245 0.6352
vn 0.7875 -0.0602 0.6134
vn -0.7679 -0.0122 0.6404
vn -0.0084 -0.7181 -0.6959
vn -0.0101 -0.7146 -0.6995
vn -0.0454 -0.0455 0.9979
vn 1.0000 -0.0000 -0.0000
vn 0.0039 0.8394 0.5436
vn -0.0025 0.8174 0.5761
vn -0.4170 -0.9048 0.0865
vn 0.0247 0.0026 0.9997
vn -0.1295 0.9395 0.3171
vn 0.0187 0.0018 0.9998
vn -0.0000 -0.0157 0.9999
vn -0.0384 -0.0036 0.9993
vn -0.9997 0.0067 -0.0253
vn -0.0641 -0.0003 0.9979
vn 0.0034 -0.0458 0.9989
vn 0.2870 -0.5741 0.7669
vn -0.7863 0.3929 0.4767
vn 0.0494 -0.0031 0.9988
vn -0.0775 0.0016 0.9970
vn 0.6545 -0.2164 0.7245
vn -0.0825 -0.0001 0.9966
vn 0.4362 0.5351 0.7234
vn 0.7487 -0.3383 0.5701
vn -0.2991 -0.0146 0.9541
vn -0.4894 -0.4457 0.7496
vn 0.0997 -0.0003 0.9950
vn -0.0980 -0.0004 0.9952
vn -0.1323 -0.0133 -0.9911
vn 0.2242 -0.0001 0.9746
vn 0.2627 0.0004 0.9649
vn -0.1953 -0.0002 0.9807
vn 0.3055 0.0045 -0.9522
vn -0.3011 -0.0047 0.9536
vn -0.2627 -0.0014 0.9649
vn 0.2507 -0.0119 0.9680
vn -0.0423 -0.6851 0.7273
vn -0.7964 -0.0182 -0.6045
vn -0.7559 0.0238 -0.6542
vn 0.0059 -1.0000 -0.0041
vn -0.0020 -1.0000 -0.0031
vn 0.8322 -0.0731 -0.5497
vn 0.0066 -0.7818 -0.6235
vn 0.0246 0.6936 -0.7199
vn -0.0005 0.7895 -0.6138
vn -0.3477 -0.7147 -0.6069
vn 0.7977 -0.0024 -0.6031
vn -0.7039 0.1431 -0.6958
vn 0.7039 -0.1431 -0.6958
vn -0.1513 -0.2085 0.9662
vn -0.7866 -0.0488 0.6155
vn -0.1240 -0.8924 0.4338
vn 0.5572 0.7829 0.2769
vn -0.7614 0.4820 0.4336
vn -0.8704 0.0711 0.4872
vn -0.9958 -0.0903 0.0172
vn -0.7480 -0.5369 0.3900
vn -0.6539 -0.6457 0.3944
vn 0.0011 -1.0000 0.0002
vn 0.0018 0.7974 -0.6035
vn 0.5070 -0.0007 0.8620
vn -0.5575 0.0061 -0.8302
vn 0.5333 -0.0009 0.8459
vn -0.4227 0.0006 0.9063
vn -0.5126 -0.0029 0.8586
vn -0.5070 -0.0024 0.8620
vn 0.6234 -0.7674 -0.1497
vn -0.5976 -0.7985 -0.0724
vn -0.2144 0.4288 0.8776
vn -0.5692 0.8128 -0.1243
vn 0.5106 0.2451 -0.8242
vn -0.4377 -0.2727 0.8568
vn -0.0108 -0.9999 -0.0031
vn -0.4507 -0.8926 0.0128
vn -0.5498 -0.2039 0.8100
vn -0.6495 0.2035 -0.7326
vn 1.0000 0.0002 0.0002
vn -0.9033 -0.3490 -0.2497
vn 1.0000 -0.0010 -0.0010
vn 0.8094 0.3779 0.4495
vn -0.1571 -0.8319 -0.5322
vn -0.8904 0.0511 0.4524
vn 0.1936 0.3691 0.9090
vn 0.9117 -0.0803 0.4029
vn 0.6173 -0.5850 -0.5261
vn 0.4504 -0.6112 -0.6508
vn 0.5423 0.6976 -0.4683
vn 0.0473 -0.9797 -0.1950
vn -0.9997 -0.0236 -0.0049
vn -1.0000 -0.0034 -0.0017
vn -0.3726 0.8286 0.4179
vn 0.7432 -0.0049 0.6691
vn 0.6555 0.0003 0.7552
vn 0.7156 -0.0014 0.6985
vn -0.6129 0.0007 0.7901
vn -0.7156 -0.0029 0.6985
vn -0.7037 -0.0018 0.7105
vn 0.8627 -0.0530 0.5030
vn -0.3842 -0.3626 0.8491
vn -0.7525 0.2073 0.6251
vn -0.8387 0.3524 -0.4152
vn -0.0943 -0.6873 -0.7203
vn -0.5585 -0.7495 -0.3555
vn 0.6085 0.6733 -0.4200
vn 0.3955 -0.5009 0.7699
vn 0.0534 -0.2240 -0.9731
vn -0.0521 -0.3489 -0.9357
vn 0.6962 -0.6768 -0.2392
vn -0.9778 0.1900 -0.0888
vn -0.7644 0.0641 -0.6415
vn -0.8863 0.0298 0.4621
vn -0.0005 0.8662 -0.4997
vn -0.0022 0.8868 -0.4621
vn 0.5639 -0.2126 0.7980
vn -0.0002 0.9227 0.3856
vn 0.0287 0.9569 0.2889
vn -0.0000 0.9321 0.3623
vn 0.0063 0.9266 0.3760
vn -0.0480 0.9561 0.2892
vn -0.0000 0.9225 0.3861
vn -0.9506 0.2496 0.1848
vn 0.3315 -0.5042 0.7974
vn -0.9095 0.0592 -0.4114
vn 0.9382 0.0175 0.3457
vn 0.3230 -0.7027 -0.6339
vn 0.1383 -0.4672 -0.8733
vn -0.0010 -1.0000 0.0014
vn -0.0611 -0.8826 0.4662
vn -0.0504 0.9371 -0.3454
vn -0.0392 0.9298 -0.3660
vn -0.0201 0.9134 -0.4066
vn -0.0101 0.8973 -0.4414
vn -0.0060 0.8860 -0.4636
vn -0.0035 0.8710 -0.4913
vn -0.0022 0.8584 -0.5130
vn -0.0008 0.8378 -0.5460
vn 0.6079 -0.3114 0.7304
vn -0.0604 0.9478 0.3131
vn -0.0024 -0.8440 -0.5364
vn 0.5620 -0.6169 0.5510
vn -0.5510 0.5145 0.6571
vn -0.0004 -0.8668 -0.4986
vn 0.0004 0.8757 -0.4829
vn 0.0004 0.8756 -0.4830
vn 0.0009 0.8829 -0.4696
vn 0.0033 0.8938 -0.4484
vn 0.9417 0.0082 0.3363
vn -0.9291 -0.0410 0.3675
vn -0.9365 -0.0171 0.3502
vn 0.0254 -0.8234 0.5669
vn -0.3259 0.4265 0.8437
vn -0.0065 0.9403 0.3403
vn 0.0018 -0.9235 -0.3836
vn -0.5368 -0.8396 0.0834
vn 0.6448 -0.7179 -0.2623
vn 0.2095 -0.0154 -0.9777
vn -0.1888 -0.0053 -0.9820
vn -0.0512 -0.0028 -0.9987
vn 0.1205 0.0064 -0.9927
vn 0.0039 -0.0083 -1.0000
vn -0.0012 -0.0000 -1.0000
vn 0.2006 -0.0009 -0.9797
vn -0.0029 -0.0000 -1.0000
vn 0.0142 0.0207 -0.9997
vn -0.1417 0.0029 -0.9899
vn -0.1689 0.0004 -0.9856
vn 0.1295 0.0022 -0.9916
vn 0.0571 0.9366 -0.3456
vn 0.0255 0.9218 -0.3868
vn 0.0093 0.9067 -0.4218
vn -0.8978 0.0199 -0.4399
vn 0.1208 0.0022 -0.9927
vn -0.1793 0.0014 -0.9838
vn 0.1564 0.0025 -0.9877
vn 0.2664 -0.0004 -0.9639
vn -0.5792 -0.4294 0.6929
vn -0.7838 0.0006 0.6210
vn 0.9957 -0.0907 0.0209
vn 0.0694 -0.8346 0.5465
vn -0.9996 0.0171 -0.0232
vn 0.0067 -0.8486 0.5290
vn -0.0546 0.9216 -0.3842
vn -0.7739 -0.3609 0.5204
vn -0.3526 -0.0009 -0.9358
vn -0.0402 -0.5384 -0.8417
vn 0.0039 -0.9289 -0.3702
vn -0.8483 -0.4890 -0.2031
vn 0.7356 0.6115 0.2915
vn 0.4538 0.0025 -0.8911
vn 0.4068 0.0006 -0.9135
vn 0.3326 -0.2831 0.8996
vn 0.8545 0.0014 0.5195
vn -0.0000 1.0000 0.0001
vn -0.0000 1.0000 0.0011
vn -0.0094 -0.9999 -0.0063
vn 0.6823 -0.2746 -0.6775
vn -0.3233 -0.7025 -0.6340
vn -0.6252 -0.4672 -0.6252
vn 0.6252 -0.4672 -0.6252
vn 0.6246 -0.4680 -0.6251
vn 0.9171 -0.0085 0.3987
vn -0.4745 0.0013 -0.8802
vn -0.4543 0.0022 -0.8909
vn 0.5317 -0.0003 -0.8469
vn 0.8600 0.0002 0.5102
vn 0.8738 -0.0177 0.4859
vn -0.8662 -0.0011 0.4996
vn -0.8586 0.0006 0.5126
vn -0.8745 0.0132 0.4848
vn -0.6083 -0.0006 -0.7937
vn -0.7071 0.0024 -0.7071
vn 0.7070 0.0024 -0.7072
vn 0.6641 0.0004 -0.7476
vn -0.7249 0.0021 -0.6889
vn -1.0000 -0.0000 -0.0000
vn 0.9977 -0.0672 -0.0108
vn 1.0000 -0.0001 -0.0000
vn 0.0459 0.9989 0.0117
vn -1.0000 -0.0032 -0.0020
vn -0.9999 -0.0080 0.0127
vn 0.7404 0.0024 -0.6722
vn 0.8040 -0.0095 -0.5945
vn -0.7678 0.0089 -0.6407
vn -0.8307 -0.0155 -0.5565
vn -0.7359 0.0021 -0.6771
vn -0.7069 -0.0000 -0.7074
vn -0.7951 0.0302 -0.6058
vn -0.7769 0.0053 -0.6296
vn -0.5985 -0.6376 -0.4851
vn 0.7566 0.0157 -0.6537
vn 0.7069 0.0001 -0.7073
vn 0.8136 0.0830 -0.5755
vn 0.5685 -0.7245 -0.3897
vn 1.0000 -0.0018 -0.0004
vn 0.9860 -0.0418 0.1617
vn 0.9831 -0.0123 0.1827
vn -0.9790 0.0074 0.2038
vn -0.9881 -0.0857 0.1276
vn -0.6717 0.7327 0.1099
vn -0.9810 0.0284 0.1920
vn -0.0000 0.9868 0.1620
vn 0.0020 0.9861 0.1661
vn 0.9999 0.0162 0.0005
vn -0.0063 0.9830 0.1837
vn 0.0009 0.9861 0.1662
vn -0.0026 -1.0000 -0.0019
vn -0.9817 -0.0256 -0.1885
vn 0.0001 -1.0000 0.0013
vn 0.9805 -0.0235 -0.1951
vn 0.9382 0.0971 -0.3321
vn 0.0033 -0.9720 -0.2350
vn 0.1548 0.9761 -0.1524
vn -0.0057 -0.9458 -0.3246
vn 0.2879 -0.9471 0.1417
vn -0.0203 -0.0045 -0.9998
vn 0.0003 -0.0000 -1.0000
vn -0.0005 -0.0000 -1.0000
vn 0.0004 0.0002 -1.0000
vn -0.5363 0.4913 -0.6862
vn 0.0257 0.5707 -0.8208
vn 0.0293 -0.5569 -0.8301
vn -0.0690 0.6776 -0.7322
vn 0.0417 -0.7701 -0.6365
vn 0.9716 0.0093 0.2363
vn 0.9874 -0.0360 0.1541
vn -0.0004 1.0000 -0.0000
vn -0.8561 -0.0042 -0.5167
vn -0.3442 -0.9227 -0.1734
vn 0.0484 0.8895 -0.4544
vn 0.8841 0.0177 -0.4670
vn -0.5770 0.8141 0.0655
vn -0.9943 0.0641 -0.0847
vn -0.1005 -0.8541 -0.5104
vn -0.9100 0.0020 -0.4145
vn -0.8913 -0.0094 -0.4532
vn -0.9408 0.1092 -0.3207
vn -0.6456 -0.7313 -0.2201
vn 0.1003 0.8679 -0.4866
vn -0.2350 -0.9228 -0.3055
vn 0.9882 -0.0759 0.1328
vn -0.3292 -0.3084 -0.8925
vn -0.0396 -0.0127 -0.9991
vn 0.0786 0.1160 -0.9901
vn -0.6538 0.7495 -0.1042
vn 0.9658 -0.1388 -0.2188
vn 0.0005 -1.0000 0.0001
vn 0.8797 0.4633 -0.1068
vn 0.0020 -1.0000 -0.0002
vn -0.4347 -0.4587 0.7750
vn -0.5489 0.8282 0.1131
vn 0.5665 0.5757 -0.5896
vn -0.1935 0.9799 -0.0483
vn -0.9823 0.0682 -0.1743
vn -0.9952 -0.0159 -0.0970
vn -0.0000 -1.0000 -0.0001
vn -0.9017 -0.4147 -0.1221
vn 0.9259 -0.3481 -0.1467
vn -0.5247 0.8405 0.1351
vn 0.0056 -0.9999 -0.0120
vn 0.9817 0.0061 -0.1905
vn -0.0176 -0.9994 -0.0295
vn -0.0094 -0.9999 0.0136
vn -0.0101 0.9999 -0.0087
vn -0.0138 0.9999 -0.0065
vn 0.9734 0.2285 0.0176
vn -1.0000 -0.0071 -0.0008
vn -0.2990 0.9542 0.0011
vn -0.4082 0.0024 -0.9129
vn -0.0002 1.0000 -0.0004
vn 0.9927 -0.0245 -0.1185
vn -0.9949 -0.0977 -0.0260
vn 0.9681 -0.0503 -0.2456
vn -0.0132 0.9994 0.0324
vn -0.0065 0.9995 0.0324
vn -0.0067 0.9994 0.0333
vn 0.0031 -0.9947 -0.1026
vn 0.5016 -0.8610 -0.0845
vn 0.0043 -0.9951 -0.0986
vn -0.9995 0.0127 0.0306
vn 0.8141 0.5761 0.0739
vn 0.9899 0.0979 0.1026
vn 0.0504 0.9968 -0.0614
vn 0.4187 -0.7707 0.4802
vn 0.6407 0.0486 -0.7663
vn -0.8784 0.4579 -0.1370
vn -0.0128 0.9994 -0.0324
vn 0.0015 0.9995 -0.0324
vn -1.0000 -0.0005 0.0015
vn -1.0000 0.0033 -0.0032
vn -0.9918 0.0615 0.1118
vn -0.5334 0.8416 -0.0842
vn 0.5432 0.8385 -0.0438
vn 0.0001 1.0000 -0.0000
vn -0.7567 0.6491 -0.0780
vn -0.5876 -0.8071 0.0578
vn 0.9875 0.1368 0.0787
vn 0.6019 -0.7978 0.0364
vn -0.8768 -0.4692 0.1047
vn -0.0001 -1.0000 -0.0000
vn 0.9651 -0.1728 0.1968
vn 0.9956 0.0694 0.0636
vn -0.7808 -0.6007 -0.1715
vn 0.0063 -1.0000 0.0044
vn 0.9509 0.0944 -0.2949
vn 0.0486 0.9988 0.0109
vn -0.5946 -0.7903 0.1483
vn 0.6241 0.7766 -0.0859
vn 0.9890 0.0576 -0.1361
vn -0.9925 0.0452 -0.1132
vn 0.0002 -0.9970 0.0773
vn 0.0037 -0.9938 0.1112
vn -0.9851 0.0359 0.1680
vn -0.9014 -0.3480 -0.2578
vn -0.0195 -0.9998 -0.0058
vn -0.9925 0.0436 -0.1142
vn -0.0015 -1.0000 0.0040
vn 0.0015 -1.0000 -0.0011
vn 0.9833 -0.0226 0.1805
vn 1.0000 -0.0012 0.0002
vn 0.0030 0.9874 -0.1581
vn -0.0000 0.9861 -0.1661
vn -0.0032 0.9838 -0.1794
vn 0.9795 -0.0019 0.2012
vn 0.0164 0.9837 0.1789
vn 0.9682 0.0220 0.2491
vn -0.0826 -0.9921 0.0949
vn -0.5223 0.8501 -0.0672
vn -0.0001 1.0000 -0.0000
vn 0.9829 -0.0114 -0.1835
vn 0.9865 -0.0474 -0.1569
vn -0.9816 -0.0093 -0.1907
vn -0.7124 0.6184 0.3318
vn -0.0012 0.9844 -0.1758
vn -1.0000 -0.0006 0.0013
vn 0.9417 -0.0033 0.3366
vn -0.0022 -0.9710 0.2390
vn -0.9668 0.2480 -0.0610
vn -0.9973 -0.0599 0.0425
vn 0.0010 -0.9929 0.1188
vn 0.8403 -0.3325 0.4282
vn -0.9836 0.0784 0.1622
vn -0.0565 -0.9969 0.0547
vn -0.6940 -0.4899 -0.5276
vn -0.9516 0.2839 -0.1173
vn -0.8251 0.4692 0.3148
vn 0.0010 -1.0000 -0.0004
vn -0.0060 -1.0000 0.0002
vn 0.9460 0.1728 0.2742
vn 0.4752 0.4650 -0.7469
vn -0.5057 0.4290 0.7485
vn 0.2094 0.3042 0.9293
vn -0.0069 0.0016 1.0000
vn 0.9861 -0.0961 -0.1359
vn 0.0046 -0.9389 0.3442
vn -0.6247 -0.3523 0.6969
vn -1.0000 -0.0015 0.0014
vn -0.5415 -0.6469 0.5369
vn 0.1118 -0.9934 -0.0271
vn -0.5918 0.7828 -0.1923
vn -0.5225 0.8311 -0.1904
vn -0.4855 -0.5335 0.6925
vn -0.5109 0.8172 -0.2668
vn -0.0198 -0.6691 0.7429
vn -0.7919 0.0035 0.6106
vn 0.7860 0.0257 0.6178
vn 0.0189 -0.6803 0.7327
vn -0.8253 -0.0146 0.5645
vn 0.0336 -0.6594 0.7511
vn 0.7688 0.0275 0.6389
vn 0.8639 -0.0218 0.5031
vn -0.0144 -0.6765 0.7363
vn -0.7821 0.0094 0.6230
vn -0.7970 0.0323 0.6032
vn 0.1053 0.6911 0.7151
vn -0.0000 1.0000 -0.0001
vn 0.8964 -0.1369 -0.4215
vn -0.9205 0.0563 -0.3867
vn 0.8866 -0.0653 -0.4579
vn 0.3010 -0.8362 -0.4584
vn -0.0239 -0.1022 0.9945
vn 0.7857 0.0254 0.6181
vn -0.0631 0.4604 0.8855
vn 0.7310 -0.1082 -0.6737
vn 0.8929 0.0011 -0.4502
vn -0.1896 0.0436 0.9809
vn 0.9546 0.0854 -0.2855
vn -0.6174 -0.5359 0.5758
vn -0.7637 -0.2040 0.6124
vn 0.5565 -0.7006 0.4466
vn 0.0003 -0.0000 1.0000
vn -0.7067 -0.0000 0.7075
vn -0.7356 0.0021 0.6774
vn 0.7069 0.0001 0.7073
vn 0.7395 0.0024 0.6731
vn -0.0000 -0.0000 1.0000
vn -0.0005 0.0001 1.0000
vn -0.8887 -0.0060 -0.4585
vn -0.8598 0.0006 -0.5107
vn 0.8659 -0.0013 -0.5003
vn -0.6687 -0.7424 -0.0396
vn 0.9293 0.0230 0.3687
vn 0.1816 -0.9711 -0.1552
vn 0.0730 0.9546 0.2887
vn 0.8574 0.0006 -0.5147
vn 0.0016 -0.9204 0.3909
vn -0.8850 -0.0911 0.4566
vn -0.0348 -0.7826 0.6215
vn -0.3897 0.6472 -0.6552
vn -0.0002 -1.0000 -0.0006
vn 0.8801 -0.0716 0.4693
vn 0.6357 -0.2364 -0.7348
vn -0.0103 0.9384 -0.3455
vn 1.0000 -0.0008 0.0003
vn 0.0069 0.9320 -0.3623
vn -0.0000 0.9573 -0.2890
vn -0.0282 0.9221 0.3860
vn 0.6835 0.6861 -0.2491
vn 0.9421 0.0032 -0.3353
vn 0.9395 0.0090 -0.3424
vn -0.9395 0.0142 -0.3423
vn -0.9438 0.0008 -0.3306
vn 0.9341 -0.0249 -0.3560
vn -0.9346 -0.0247 -0.3549
vn 0.0030 -0.9234 0.3837
vn -0.0001 -1.0000 0.0001
vn 0.4986 -0.7027 0.5076
vn -0.9907 -0.1253 0.0526
vn 1.0000 -0.0003 0.0003
vn 0.0315 0.9419 0.3346
vn -0.7071 0.0024 0.7071
vn -0.7213 0.0021 0.6926
vn -0.6252 -0.4672 0.6252
vn 0.6673 0.0024 0.7448
vn 0.7017 0.0010 0.7125
vn -0.0384 0.9293 0.3674
vn 0.0138 0.9274 0.3738
vn -0.9999 0.0099 0.0021
vn -1.0000 -0.0040 0.0002
vn -0.0098 0.9380 -0.3465
vn 0.0009 0.9242 -0.3818
vn -0.0197 0.9129 0.4076
vn -0.6054 -0.0006 0.7959
vn -0.6550 -0.2410 -0.7161
vn -0.5305 -0.7495 0.3961
vn 0.7293 -0.4633 0.5034
vn 0.7536 0.1388 0.6426
vn -0.0007 -1.0000 -0.0006
vn 0.0027 0.9110 0.4123
vn 0.5339 -0.0006 0.8455
vn -0.4555 0.0016 0.8903
vn -0.3241 -0.7021 0.6341
vn 0.0685 0.8901 0.4507
vn -0.9521 0.2555 0.1679
vn 1.0000 -0.0019 0.0073
vn 0.9994 0.0295 0.0190
vn 1.0000 -0.0023 -0.0015
vn -0.0101 0.8973 0.4414
vn -0.4746 0.0028 0.8802
vn -0.7156 0.0007 -0.6985
vn -0.7816 -0.0094 -0.6237
vn 0.7845 -0.1037 -0.6114
vn 0.8144 0.0006 -0.5803
vn 0.7156 -0.0016 -0.6985
vn -0.6852 0.0017 0.7283
vn 0.4486 0.0007 0.8937
vn 0.4012 0.0039 0.9160
vn 0.4008 -0.4504 0.7978
vn -0.0112 0.8612 0.5082
vn 0.0057 0.8911 0.4538
vn 0.4649 -0.8267 0.3168
vn 0.4014 -0.4672 0.7878
vn -0.0015 -1.0000 -0.0003
vn 0.5681 0.7749 -0.2771
vn -0.6162 0.6853 -0.3881
vn -0.0061 0.8863 0.4630
vn -0.3590 -0.0008 0.9333
vn 0.6731 -0.3219 -0.6658
vn 0.7339 -0.0042 -0.6792
vn 0.0021 0.8799 0.4752
vn 0.2445 -0.0003 0.9696
vn -0.5733 -0.8190 -0.0244
vn -0.1577 0.0013 0.9875
vn -0.1382 -0.4688 0.8725
vn -0.1400 -0.4639 0.8747
vn 0.1564 0.0025 0.9877
vn 0.1113 -0.7027 0.7027
vn -0.5560 0.8213 0.1279
vn 0.3379 0.6097 0.7170
vn 0.6828 -0.6034 -0.4119
vn -0.5779 -0.7385 -0.3474
vn -0.0048 -0.8357 0.5491
vn -0.0037 0.8721 0.4894
vn -0.1939 0.0022 0.9810
vn 1.0000 -0.0002 0.0001
vn -0.6478 -0.2188 -0.7297
vn -0.6511 -0.1759 -0.7383
vn -0.3489 -0.7120 -0.6094
vn 0.6297 -0.6898 -0.3573
vn 0.0423 -0.1287 -0.9908
vn -0.8746 0.0546 -0.4817
vn -0.0441 0.0176 0.9989
vn -0.1564 0.0012 0.9877
vn -0.1880 0.0023 0.9822
vn -0.1383 -0.4672 0.8732
vn 0.1564 -0.0029 0.9877
vn 0.0281 0.0192 0.9994
vn 0.1800 0.0025 0.9837
vn -0.7187 -0.0027 -0.6953
vn -0.0638 -0.0010 0.9980
vn 0.0009 0.8728 0.4880
vn 0.1027 0.0029 0.9947
vn 0.0641 -0.0016 0.9979
vn -0.0024 0.8602 0.5100
vn -0.0632 -0.0011 0.9980
vn -0.8818 0.4614 0.0974
vn 0.7255 0.6550 0.2111
vn 0.0004 0.0001 1.0000
vn -0.0017 0.8500 0.5267
vn 0.0126 -0.9943 -0.1062
vn -0.1989 0.8208 -0.5355
vn -0.0014 0.8837 0.4680
vn -0.9835 0.1598 0.0846
vn 0.6653 0.0515 -0.7448
vn 0.6486 0.0005 -0.7611
vn 0.0424 -0.8960 0.4420
vn 0.0261 0.6901 0.7232
vn 0.0022 0.7973 0.6035
vn 0.0028 0.8394 -0.5436
vn 0.8792 -0.0025 -0.4764
vn -0.0003 0.7905 0.6125
vn -0.6658 0.2566 0.7006
vn -0.5357 -0.2018 -0.8200
vn -0.6235 0.0008 -0.7818
vn 0.6354 -0.2139 -0.7420
vn 0.6309 0.1888 -0.7525
vn 0.0044 -0.7743 0.6328
vn -0.0801 -0.7391 0.6688
vn -0.1742 -0.0603 0.9829
vn 0.6401 0.6540 -0.4032
vn 0.8452 0.0480 -0.5324
vn -0.8452 0.0476 -0.5324
vn -0.8759 0.0091 -0.4824
vn 0.6576 0.4907 -0.5716
vn 0.7903 0.0607 0.6097
vn -0.8775 0.3824 0.2894
vn 0.8216 0.4541 0.3447
vn 0.7410 -0.3299 -0.5849
vn -1.0000 0.0047 0.0044
vn -1.0000 0.0018 0.0035
vn 0.0327 -0.8299 -0.5570
vn 0.0027 -1.0000 0.0015
vn -0.4895 -0.0782 -0.8685
vn 0.5070 -0.0011 -0.8620
vn -0.5070 -0.0022 -0.8620
vn -0.5846 -0.7639 0.2733
vn -1.0000 -0.0013 0.0015
vn 0.3567 -0.3750 -0.8557
vn 0.5408 -0.0046 -0.8412
vn -0.8130 0.2436 -0.5288
vn -0.5190 -0.0032 -0.8548
vn 0.6400 0.6944 -0.3290
vn 0.2304 -0.3696 -0.9002
vn 1.0000 -0.0002 0.0002
vn 0.8603 -0.2677 -0.4339
vn -0.8042 0.0839 0.5884
vn 0.6570 -0.4060 0.6352
vn 0.4558 0.0001 -0.8901
vn -0.4782 0.0545 -0.8765
vn -0.4205 0.0004 -0.9073
vn 0.4979 -0.5946 0.6313
vn -1.0000 -0.0024 0.0015
vn 0.0036 -1.0000 0.0015
vn 0.0002 0.8307 -0.5567
vn -0.7792 0.3504 0.5197
vn 0.5269 0.7052 -0.4744
vn -0.4399 0.8059 -0.3961
vn -0.4208 0.8205 -0.3870
vn 0.7679 -0.0122 -0.6404
vn -0.7689 -0.0182 -0.6391
vn -0.7669 -0.0138 -0.6416
vn -0.0163 -0.8185 -0.5742
vn 0.8823 -0.3148 -0.3499
vn -0.5396 -0.4604 -0.7049
vn -0.3246 0.6549 -0.6824
vn -0.1652 -0.9698 -0.1797
vn -0.6701 0.3130 -0.6730
vn 0.0277 0.0035 0.9996
vn 0.5453 0.3090 -0.7792
vn 0.2627 -0.0002 -0.9649
vn -0.2626 -0.0012 -0.9649
vn 0.3317 -0.0067 -0.9434
vn 0.1501 -0.1835 -0.9715
vn 0.0011 0.6903 0.7235
vn 0.0055 -1.0000 -0.0002
vn 0.0191 -0.7447 -0.6671
vn 0.0106 -0.7376 -0.6751
vn -0.0086 -0.7441 -0.6680
vn -0.3293 0.7495 0.5744
vn 0.3436 -0.6733 0.6547
vn -0.0015 -1.0000 0.0025
vn -0.0014 -1.0000 0.0025
vn 0.0005 -1.0000 0.0052
vn 0.3216 0.1102 -0.9404
vn 0.2921 -0.0037 -0.9564
vn -0.0071 -0.7071 0.7071
vn 0.0072 -0.6333 0.7739
vn 0.0019 -0.7662 0.6426
vn 0.6485 -0.5383 0.5383
vn -0.6574 0.1415 0.7401
vn -0.7441 -0.0686 0.6645
vn 0.6501 -0.0248 0.7595
vn -0.0020 0.6906 0.7233
vn -0.0177 -0.7993 0.6006
vn 0.6531 -0.0200 0.7570
vn -0.2296 0.0015 -0.9733
vn -0.1834 0.0140 -0.9829
vn 0.2553 0.9129 -0.3185
vn 0.1990 -0.0000 -0.9800
vn 0.2926 0.1871 -0.9377
vn 0.0044 0.6288 0.7776
vn 0.1540 0.0003 -0.9881
vn 0.0538 0.0039 -0.9985
vn 0.0536 -0.0083 -0.9985
vn 0.1338 -0.0101 -0.9910
vn -0.0003 -0.0164 -0.9999
vn 0.0902 -0.0003 -0.9959
vn 0.0508 -0.0027 -0.9987
vn -0.0392 -0.0042 -0.9992
vn 0.0406 0.0006 -0.9992
vn -0.0024 0.7944 -0.6075
vn -1.0000 0.0047 0.0047
vn -1.0000 0.0042 0.0046
vn 0.0048 -0.0044 -1.0000
vn 0.0034 0.7119 -0.7023
vn -0.9625 -0.2288 0.1461
vn 0.5317 0.6902 -0.4908
vn 0.7357 0.0082 -0.6772
vn -0.7296 0.0105 -0.6838
vn -0.0154 -0.7525 -0.6585
vn -1.0000 -0.0028 0.0034
vn -0.0000 -0.7097 -0.7045
vn -0.0039 0.6666 -0.7454
vn -0.2999 -0.1431 0.9432
vn 0.2999 0.1431 0.9432
vn 0.0044 -1.0000 0.0023
vn 0.0030 -0.5332 0.8460
vn 0.0062 -0.4936 0.8696
vn -0.5970 0.0694 0.7992
vn -1.0000 -0.0022 0.0047
vn -0.3050 0.7237 0.6191
vn -0.0006 -1.0000 0.0012
vn 0.3573 0.7386 -0.5717
vn 0.0758 -0.3310 0.9406
vn -0.0758 0.3310 0.9406
vn -0.0003 -1.0000 0.0037
vn 0.0001 -1.0000 0.0029
vn -0.0022 -1.0000 0.0045
vn -0.3177 -0.3176 0.8934
vn -0.1027 -0.9589 0.2645
vn 0.0022 -0.7090 0.7052
vn 0.7922 -0.2863 0.5389
vn 0.9970 -0.0762 0.0142
vn 1.0000 -0.0001 0.0004
vn -0.0030 0.5643 0.8256
vn -0.0020 -0.5006 0.8657
vn -0.1388 -0.3387 0.9306
vn 0.4287 0.3786 0.8203
vn -0.4165 -0.0595 0.9072
vn 0.4318 -0.4667 0.7718
vn 0.4882 -0.2381 -0.8396
vn -0.0026 -1.0000 -0.0012
vn 0.1962 -0.9686 -0.1527
vn 1.0000 0.0012 0.0011
vn 0.0049 -0.5934 -0.8049
vn -0.0000 -0.6183 -0.7860
vn 0.0317 -0.6400 -0.7678
vn -0.6008 -0.0110 -0.7993
vn 0.6079 -0.0118 -0.7939
vn -1.0000 0.0032 0.0066
vn -1.0000 0.0023 0.0060
vn -0.0029 -0.5095 0.8605
vn -0.8854 -0.2192 -0.4098
vn 0.0006 0.4199 0.9076
vn 0.9546 -0.2738 -0.1174
vn 0.6057 0.0544 -0.7939
vn 0.4803 0.5357 -0.6945
vn -0.0653 -0.1967 -0.9783
vn 0.1503 0.5151 -0.8439
vn -0.9606 -0.0113 -0.2778
vn 0.4477 -0.0320 0.8936
vn 0.0040 0.5549 -0.8319
vn -0.0024 0.5964 -0.8027
vn 0.0035 -0.3913 0.9203
vn -0.5612 0.4950 0.6634
vn -0.5358 -0.8439 -0.0284
vn -0.5260 0.8505 -0.0021
vn 0.3960 0.0210 0.9180
vn 0.8831 -0.2961 0.3641
vn 0.0007 0.4191 0.9079
vn -0.7430 0.6652 0.0734
vn 0.4443 0.4277 0.7872
vn -0.7250 -0.5592 0.4019
vn 0.5656 0.0028 -0.8247
vn -0.5842 -0.0062 -0.8116
vn 0.4809 -0.1640 -0.8613
vn -0.4544 -0.1009 -0.8850
vn -1.0000 -0.0021 0.0034
vn -1.0000 0.0003 0.0025
vn 0.0451 0.9884 0.1453
vn -0.0004 -1.0000 0.0009
vn 0.5829 -0.7577 -0.2935
vn -0.7552 -0.1263 -0.6432
vn -0.7766 0.6195 0.1146
vn 0.0019 -0.3588 0.9334
vn 0.0037 -0.3357 0.9420
vn -0.2714 0.0928 0.9580
vn 0.2464 0.0209 0.9689
vn 0.0954 0.1117 0.9892
vn -0.6980 -0.2366 -0.6759
vn -0.1540 0.2162 -0.9641
vn 0.0048 0.2756 0.9613
vn -0.0002 0.2444 0.9697
vn 0.3779 0.6245 -0.6835
vn -0.2116 0.8356 -0.5070
vn -0.3595 0.6835 -0.6353
vn -0.5518 -0.3866 -0.7390
vn 1.0000 0.0005 0.0010
vn -1.0000 -0.0016 0.0044
vn -1.0000 0.0015 0.0069
vn -0.0021 -0.2021 0.9794
vn 0.2457 0.0242 0.9690
vn 1.0000 0.0006 -0.0024
vn 0.0044 -0.1103 0.9939
vn -0.2301 0.0767 0.9701
vn 0.4246 0.3983 0.8131
vn -0.0012 -0.4181 -0.9084
vn -0.0039 0.0765 0.9971
vn -0.9946 0.0564 0.0866
vn 0.0113 0.0027 0.9999
vn -0.0009 -0.1139 0.9935
vn 0.0043 -0.0949 0.9955
vn 0.0051 -0.0666 0.9978
vn -0.0052 0.1101 -0.9939
vn -0.8556 0.1431 0.4974
vn 0.4813 0.1032 -0.8705
vn -0.4931 0.1006 -0.8642
vn 0.9482 0.1965 0.2495
vn -0.0008 0.1053 0.9944
vn -0.0527 0.0594 0.9968
vn 0.1877 0.1893 -0.9638
vn 0.0446 -0.0448 0.9980
vn -0.0034 -0.0366 0.9993
vn -0.0315 -0.1383 0.9899
vn 1.0000 -0.0000 0.0006
vn -0.0021 -0.0450 -0.9990
vn 0.0019 0.0509 0.9987
vn 0.0151 0.8694 0.4939
vn 0.8353 -0.5481 0.0433
vn -0.3482 -0.9368 -0.0347
vn 0.4150 -0.9096 -0.0184
vn -0.0019 0.4709 -0.8822
vn -0.8126 -0.4911 -0.3139
vn -1.0000 -0.0005 0.0040
vn -0.2860 0.4361 -0.8532
vn -0.9925 0.0242 0.1196
vn 1.0000 -0.0000 -0.0002
vn 0.0023 0.3750 -0.9270
vn -1.0000 0.0002 0.0023
vn -0.0005 -1.0000 0.0013
vn -0.4161 0.0055 -0.9093
vn 0.6469 -0.7007 0.3009
vn 0.0099 -0.4643 -0.8856
vn 0.3523 -0.0007 -0.9359
vn 0.0003 0.3764 0.9265
vn -0.0041 0.3299 -0.9440
vn -0.3997 0.0008 -0.9166
vn 0.1124 0.8207 -0.5602
vn -0.1909 0.5198 -0.8327
vn 0.5448 -0.7873 -0.2888
vn 0.1005 0.7110 -0.6959
vn -0.0003 -0.3769 -0.9263
vn 0.0005 -0.2255 -0.9742
vn 0.0027 -0.2391 -0.9710
vn 0.3256 -0.7539 -0.5706
vn -0.9227 -0.0031 -0.3854
vn 0.1187 0.4596 -0.8802
vn -0.2306 0.0319 -0.9725
vn 0.0276 0.0716 -0.9971
vn 0.1540 0.0450 -0.9870
vn 0.1872 0.0025 -0.9823
vn -0.1661 -0.0173 -0.9860
vn -0.0021 -0.4186 -0.9082
vn -0.0017 -0.0793 -0.9968
vn -0.2376 0.2947 -0.9256
vn -0.0211 -0.0036 -0.9998
vn -0.0017 -0.1398 -0.9902
vn -0.4901 0.1399 0.8603
vn -0.0009 -0.0235 -0.9997
vn 0.0744 0.0831 -0.9938
vn 0.0034 -0.0387 -0.9992
vn -0.0033 -0.0704 -0.9975
vn -0.1333 0.5755 -0.8068
vn 0.3761 0.1113 -0.9199
vn 0.0065 -0.0373 -0.9993
vn 0.0764 -0.1369 -0.9876
vn -0.2938 0.4980 -0.8159
vn -0.0022 0.1794 -0.9838
vn -0.1087 0.2945 0.9495
vn 0.0010 0.0136 -0.9999
vn 0.0375 -0.1067 -0.9936
vn -0.0006 -0.0073 -1.0000
vn -0.0000 0.1736 0.9848
vn -0.0000 0.1738 0.9848
vn -0.0000 -0.1736 0.9848
vn 0.0195 0.1309 0.9912
vn -0.0203 -0.0067 0.9998
vn -0.0000 0.1703 0.9854
vn 0.0155 -0.1836 0.9829
vn -0.0000 -0.1615 0.9869
vn -0.0000 0.3420 0.9397
vn -0.0000 0.3423 0.9396
vn -0.0000 -0.3422 0.9396
vn -0.0000 -0.3420 0.9397
vn -0.0000 0.3630 0.9318
vn 0.0155 0.3420 0.9396
vn -0.0000 -0.3546 0.9350
vn 0.0011 -0.3567 0.9342
vn -0.0000 0.5000 0.8660
vn -0.0000 -0.5000 0.8660
vn -0.0203 0.5028 0.8642
vn 0.0729 0.9968 -0.0332
vn -0.0510 -0.9779 0.2028
vn 0.0002 -0.9063 -0.4227
vn 0.0001 -0.9063 -0.4227
vn -0.0000 0.6428 0.7660
vn -0.0000 -0.6428 0.7660
vn 0.0195 0.6169 0.7868
vn -0.0000 0.6479 0.7617
vn 0.5601 0.7219 0.4064
vn 0.2078 -0.7398 0.6399
vn -0.0000 0.7660 0.6428
vn -0.0000 -0.7660 0.6428
vn -0.0000 0.7739 0.6333
vn 0.0011 0.7725 0.6350
vn 1.0000 -0.0007 -0.0002
vn 0.3078 -0.1138 -0.9446
vn 1.0000 0.0004 -0.0002
vn -0.0000 0.8660 0.5000
vn -0.0000 -0.8660 0.5000
vn -0.0011 0.8727 0.4883
vn -0.0000 0.9397 0.3420
vn -0.0000 -0.9397 0.3420
vn 0.0269 0.8995 0.4361
vn -0.0000 1.0000 -0.0091
vn -0.0499 0.1563 -0.9864
vn 0.0647 -0.2716 -0.9602
vn 0.0197 0.2782 -0.9603
vn -0.0000 0.7622 -0.6473
vn -0.0235 0.4507 -0.8924
vn 0.0001 0.4225 -0.9064
vn -0.0404 -0.4873 -0.8723
vn 0.0163 -0.7931 -0.6088
vn -0.0000 0.9848 0.1736
vn -0.0000 -0.9848 0.1736
vn 1.0000 -0.0000 -0.0001
vn 0.0018 -0.7805 -0.6251
vn -0.0952 0.3088 -0.9463
vn -0.0000 0.3999 -0.9166
vn -0.0000 -0.0374 -0.9993
vn -0.0000 -0.4673 -0.8841
vn -0.0000 0.7580 -0.6523
vn -0.0000 -0.8046 -0.5938
vn -0.0000 0.9659 -0.2588
vn -0.0000 -0.9826 -0.1859
vn -0.0000 0.9826 0.1859
vn -0.0000 -0.9659 0.2588
vn -0.0000 0.8046 0.5938
vn -0.0000 -0.7580 0.6523
vn -0.0000 0.9848 -0.1736
vn -0.0000 -0.9848 -0.1736
vn -0.0000 0.4673 0.8841
vn -0.0000 -0.3999 0.9166
vn -0.0000 0.0374 0.9993
vn -0.0000 0.9397 -0.3420
vn -0.0000 -0.9397 -0.3420
vn -0.0000 0.8660 -0.5000
vn -0.0000 -0.8660 -0.5000
vn -0.0000 0.7660 -0.6428
vn -0.0000 -0.7660 -0.6428
vn -0.0000 0.6428 -0.7660
vn -0.0000 -0.6428 -0.7660
vn -0.0000 0.5000 -0.8660
vn -0.0000 -0.5000 -0.8660
vn -0.0000 0.3420 -0.9397
vn -0.0000 -0.3420 -0.9397
vn -0.0000 -0.3423 -0.9396
vn -0.0000 0.1736 -0.9848
vn -0.0000 -0.1736 -0.9848
vn -0.0000 -0.1738 -0.9848
vn -0.0000 -0.0000 -1.0000
vn 0.2201 -0.9755 0.0037
vn -0.0700 -0.1211 0.9902
vn 0.2887 0.1211 0.9497
vn 1.0000 0.0002 -0.0000
vn 0.0392 -0.5394 0.8411
vn -0.0789 -0.2323 0.9694
vn -0.0164 -0.2637 0.9645
vn 1.0000 -0.0002 -0.0000
vn 0.0383 0.1721 0.9843
vn -0.9998 0.0002 0.0194
vn -0.1008 0.2684 0.9580
vn 0.1576 -0.5405 0.8264
vn 1.0000 -0.0005 -0.0002
vn -0.0509 -0.4005 0.9149
vn 0.1998 0.4502 0.8703
vn 0.0590 0.4165 0.9072
vn 0.3410 -0.7662 -0.5447
vn 0.2255 0.1852 0.9565
vn -0.0516 0.6400 -0.7666
vn 1.0000 0.0001 0.0002
vn 0.0520 -0.6349 0.7709
vn -0.0007 0.6709 0.7415
vn -0.0748 -0.6864 0.7233
vn -0.0677 0.6957 0.7151
vn -0.9993 -0.0314 0.0223
vn 1.0000 -0.0002 -0.0002
vn -0.0072 -0.7916 0.6111
vn 0.1568 -0.8153 0.5575
vn 1.0000 0.0005 -0.0005
vn 0.0491 0.7776 0.6268
vn 1.0000 0.0001 0.0003
vn 0.0079 -0.9070 0.4210
vn 0.0936 -0.8860 0.4541
vn -0.0550 0.9332 0.3552
vn 0.0486 -0.9733 0.2245
vn -0.0601 -0.9354 0.3485
vn 1.0000 -0.0000 0.0004
vn 0.0475 0.9563 0.2884
vn -0.9974 0.0696 0.0166
vn -0.0584 0.9915 0.1163
vn -0.2109 -0.9774 -0.0147
vn 1.0000 0.0001 -0.0006
vn -0.0252 0.9955 0.0919
vn 0.1034 -0.9701 -0.2195
vn 0.0710 -0.0373 -0.9968
vn 0.0485 0.6524 -0.7563
vn 0.0710 -0.8026 -0.5923
vn 0.0710 0.9635 -0.2582
vn -0.0000 0.9936 -0.1131
vn 0.3554 -0.0885 -0.9305
vn -0.1882 -0.9821 -0.0032
vn 0.0710 -0.9635 0.2582
vn 1.0000 0.0001 0.0004
vn -0.0000 -0.9936 0.1131
vn 0.0113 0.9964 -0.0838
vn 0.1120 0.9934 -0.0263
vn -0.2138 -0.9768 0.0116
vn 0.0710 0.8026 0.5923
vn 1.0000 0.0002 -0.0006
vn 1.0000 -0.0004 0.0004
vn 1.0000 -0.0000 -0.0003
vn 1.0000 0.0004 0.0003
vn 0.0485 0.1846 0.9816
vn 1.0000 0.0001 -0.0000
vn 1.0000 -0.0001 -0.0001
vn -0.9992 -0.0404 -0.0078
vn 0.0083 -0.9790 -0.2039
vn -0.0379 0.9541 -0.2970
vn -0.0762 0.9475 -0.3106
vn -0.0990 -0.9401 -0.3262
vn 0.0461 -0.9168 -0.3967
vn 0.0929 -0.9905 0.1019
vn -0.0933 0.8894 0.4475
vn -0.2709 0.7098 -0.6502
vn 0.1461 0.8224 -0.5498
vn 0.1309 -0.7960 -0.5909
vn -1.0000 0.0003 -0.0001
vn -0.0931 0.6996 -0.7085
vn -0.4275 -0.8284 -0.3620
vn 0.1376 -0.6552 -0.7429
vn 0.2672 -0.8298 -0.4898
vn 0.2292 0.5890 -0.7749
vn -1.0000 -0.0000 -0.0090
vn -0.6776 0.4637 -0.5708
vn -0.2384 -0.5037 -0.8303
vn -0.1755 -0.3749 -0.9103
vn -0.2441 -0.5016 -0.8299
vn -0.9994 -0.0088 -0.0336
vn 0.0760 0.2991 -0.9512
vn -0.0217 -0.4191 -0.9077
vn 0.0450 0.3499 -0.9357
vn -0.0117 0.2765 -0.9609
vn -0.0832 -0.1727 -0.9815
vn 0.0272 0.1505 -0.9882
vn -0.1318 -0.1432 -0.9809
vn -0.1189 0.5071 -0.8536
vn -0.7601 -0.6410 -0.1064
vn 0.2103 0.1379 -0.9679
vn -0.3582 -0.0749 -0.9306
vn 0.0626 0.0103 0.9980
vn -0.1761 0.0130 0.9843
vn -0.0104 -0.1054 0.9944
vn -0.0125 0.1158 0.9932
vn -1.0000 0.0001 -0.0004
vn 0.0080 -0.2930 0.9561
vn 0.0131 0.3337 0.9426
vn -1.0000 -0.0001 -0.0004
vn -0.0228 -0.3687 0.9293
vn 0.0269 -0.5150 0.8568
vn 0.0238 -0.5080 0.8610
vn -0.0291 0.4049 0.9139
vn -0.0586 0.4206 0.9054
vn -0.4668 -0.8662 -0.1783
vn 0.1531 -0.9749 -0.1619
vn -0.0253 0.4838 0.8748
vn 0.3013 0.5756 0.7602
vn -0.8849 -0.1164 0.4510
vn -0.0244 -0.6399 0.7680
vn -0.7605 0.0363 0.6483
vn -0.9930 0.0230 0.1158
vn 0.0085 0.6273 0.7787
vn -0.9997 0.0246 0.0001
vn -1.0000 -0.0012 -0.0028
vn 0.0041 0.6345 0.7729
vn -1.0000 -0.0000 0.0002
vn -1.0000 -0.0003 0.0002
vn -1.0000 0.0028 -0.0031
vn -1.0000 0.0002 0.0003
vn 0.0165 -0.7306 0.6826
vn -0.9970 -0.0751 0.0192
vn -0.9999 -0.0102 0.0027
vn -0.0111 0.7528 0.6582
vn -1.0000 0.0061 0.0045
vn -0.9189 0.3178 0.2336
vn -0.9998 0.0012 0.0191
vn -0.1802 -0.5100 0.8411
vn -0.9999 0.0096 0.0052
vn -0.4173 0.6354 0.6497
vn -1.0000 0.0034 -0.0017
vn -0.9998 0.0152 0.0133
vn -0.0198 -0.8163 0.5773
vn -1.0000 -0.0045 0.0048
vn 0.0595 0.8459 0.5300
vn 0.0552 0.8429 0.5352
vn -1.0000 -0.0018 0.0080
vn -0.0088 0.8506 -0.5258
vn 0.0244 -0.8941 0.4471
vn -0.4634 0.7955 -0.3904
vn -0.1258 -0.8537 0.5054
vn -0.0000 -0.9118 0.4106
vn 0.3898 -0.4703 0.7917
vn 0.9999 -0.0111 0.0055
vn -1.0000 0.0073 -0.0044
vn -1.0000 0.0007 -0.0022
vn 0.4670 -0.6056 0.6443
vn -0.9918 -0.1239 0.0313
vn -1.0000 0.0094 -0.0025
vn -1.0000 0.0005 0.0002
vn -1.0000 -0.0006 -0.0000
vn -0.0094 0.9205 0.3906
vn 0.0094 0.9709 0.2394
vn -1.0000 -0.0002 -0.0000
vn 0.0043 0.9734 0.2292
vn -0.9779 0.1539 0.1416
vn 0.7589 0.6108 0.2259
vn -1.0000 0.0003 -0.0005
vn -0.1365 0.9890 -0.0575
vn -0.9999 0.0105 -0.0044
vn -0.0055 -0.9991 -0.0424
vn -0.9779 0.1536 0.1417
vn -0.0504 0.7749 0.6301
vn -0.9630 0.2583 0.0773
vn 0.0129 -0.9982 0.0584
vn -0.0000 -0.9969 0.0791
vn -0.0171 0.9984 0.0542
vn -1.0000 -0.0002 -0.0002
vn 0.0035 -0.0374 -0.9993
vn -0.0000 -0.0247 -0.9997
vn -0.0311 0.6528 -0.7569
vn 0.0396 0.9409 -0.3364
vn -0.0814 -0.9966 0.0158
vn 0.6582 -0.0473 0.7514
vn -0.9912 0.1318 -0.0141
vn -1.0000 0.0002 0.0002
vn -1.0000 0.0001 -0.0000
vn 0.0257 -0.9656 0.2587
vn -1.0000 0.0059 -0.0001
vn -0.9680 -0.2380 -0.0795
vn -0.0780 0.9968 -0.0158
vn 0.0128 0.9982 -0.0584
vn -0.9650 -0.2511 -0.0760
vn -0.6769 -0.0160 0.7359
vn -0.0171 -0.9984 -0.0543
vn -0.0000 0.9969 -0.0784
vn 0.0035 0.8046 0.5938
vn -0.0000 0.7970 0.6040
vn -1.0000 0.0002 -0.0000
vn -1.0000 -0.0004 -0.0000
vn 0.0257 -0.3998 0.9163
vn 0.0396 -0.3236 0.9454
vn -0.0311 0.1847 0.9823
vn 0.0049 -0.9723 -0.2338
vn 0.0080 -0.9709 -0.2395
vn -1.0000 0.0073 0.0025
vn -1.0000 -0.0093 0.0025
vn -0.9710 -0.2308 -0.0619
vn -1.0000 -0.0079 0.0036
vn 0.9999 0.0096 -0.0034
vn -1.0000 0.0061 0.0035
vn 0.0200 0.8942 -0.4472
vn -0.0000 0.9128 -0.4085
vn -0.0045 0.9105 -0.4136
vn -0.0245 0.8715 -0.4898
vn -0.9546 0.2143 -0.2070
vn -0.9332 0.2707 -0.2365
vn -0.9487 0.1843 -0.2568
vn 0.0292 -0.8729 -0.4870
vn -0.0078 -0.9073 -0.4205
vn -0.1424 -0.8460 -0.5139
vn 0.0005 0.8745 -0.4851
vn 0.0074 0.8617 -0.5074
vn -0.0125 0.8363 -0.5481
vn -0.0297 0.8452 -0.5337
vn -0.0190 -0.8114 -0.5842
vn -0.0157 0.8337 -0.5521
vn 0.0117 -0.7372 -0.6755
vn -0.9997 0.0192 -0.0177
vn -0.0319 -0.4742 -0.8799
vn 0.0059 0.7391 -0.6736
vn -0.0000 0.7279 -0.6856
vn -0.1214 0.8942 0.4309
vn -0.9999 -0.0110 0.0031
vn -0.9670 0.2241 -0.1215
vn -0.1295 -0.7600 0.6369
vn 0.0092 0.8056 -0.5924
vn 0.8948 -0.4446 -0.0412
vn -0.9999 0.0081 0.0093
vn -0.9934 -0.0733 -0.0878
vn -0.9925 -0.0524 -0.1104
vn -1.0000 -0.0000 -0.0010
vn 0.8190 -0.5280 -0.2245
vn -1.0000 -0.0035 -0.0042
vn -0.0138 -0.6447 -0.7643
vn 1.0000 0.0043 -0.0065
vn -0.0000 0.6058 -0.7956
vn -0.8628 0.1026 -0.4951
vn -0.4232 0.0710 -0.9033
vn 0.0235 -0.6491 0.7603
vn -0.7779 0.5661 0.2727
vn 0.0664 -0.4899 -0.8693
vn 0.0160 -0.5553 -0.8315
vn -0.0565 -0.4227 -0.9045
vn -0.0218 0.9398 -0.3409
vn -1.0000 -0.0000 -0.0003
vn 1.0000 0.0001 0.0006
vn 0.0063 0.4673 -0.8841
vn -0.1509 0.9556 0.2531
vn 0.1863 -0.9718 -0.1445
vn -0.2819 0.9244 0.2570
vn 0.0043 -0.9978 0.0658
vn -0.7283 0.6403 0.2440
vn -0.0113 -0.3969 -0.9178
vn -0.0748 -0.8686 0.4898
vn 0.0337 0.5295 -0.8477
vn -1.0000 0.0025 -0.0039
vn -1.0000 -0.0006 -0.0014
vn -0.0050 0.3007 -0.9537
vn 0.0089 0.3223 -0.9466
vn 0.0049 -0.1718 -0.9851
vn -0.0040 -0.1853 -0.9827
vn -0.0111 0.1564 -0.9876
vn 0.0273 0.0486 -0.9984
vn 0.0527 0.1334 -0.9897
vn 0.0595 0.0003 -0.9982
vn -0.3213 0.9198 -0.2250
vn -0.0091 -0.0000 -1.0000
vn -1.0000 -0.0031 -0.0000
vn -1.0000 -0.0000 0.0031
vn 0.8978 -0.4404 -0.0000
vn -0.9272 -0.0004 -0.3746
vn 0.9033 -0.2446 0.3524
vn -0.1552 0.9878 -0.0134
vn -0.8387 -0.0138 -0.5444
vn -0.0728 0.9973 0.0035
vn -0.0000 0.9997 0.0246
vn 0.0037 1.0000 0.0015
vn -0.0000 -0.7236 -0.6902
vn -0.9951 -0.0694 -0.0706
vn -0.0206 -0.6613 -0.7498
vn 0.9639 0.0050 -0.2663
vn 0.9709 -0.2394 0.0012
vn 0.0408 -0.8699 -0.4915
vn -0.1246 0.9082 -0.3997
vn -0.4387 -0.7756 -0.4538
vn 0.9981 -0.0198 0.0590
vn 0.9996 -0.0008 0.0290
vn -0.0086 0.7540 0.6568
vn -0.0108 -0.8054 -0.5926
vn -0.0478 -0.8225 -0.5668
vn -0.2402 -0.4783 -0.8447
vn 0.1029 0.8571 0.5048
vn -0.1315 0.9856 -0.1062
vn 0.0449 0.6827 0.7293
vn 0.4214 -0.9038 -0.0748
vn -0.9832 -0.1134 -0.1433
vn 0.6766 0.2380 0.6968
vn 0.8102 -0.2180 0.5442
vn 1.0000 0.0002 0.0040
vn -0.4474 -0.2626 -0.8549
vn -0.3469 -0.1694 -0.9225
vn -0.4136 -0.0000 -0.9104
vn -0.4303 -0.0008 -0.9027
vn 0.2712 -0.2082 -0.9397
vn -0.4936 -0.0568 -0.8679
vn -0.0000 -0.4356 -0.9001
vn 0.9945 0.1006 0.0283
vn -0.0145 -0.9999 -0.0000
vn -0.0000 -0.9999 -0.0162
vn 0.0280 -0.9995 -0.0162
vn -0.4748 -0.8779 -0.0630
vn -0.5061 0.0012 -0.8625
vn -0.5298 0.0134 -0.8480
vn -0.8299 -0.1520 -0.5368
vn 0.1402 0.8449 0.5161
vn 0.4224 0.4547 0.7841
vn -0.0000 0.5476 0.8367
vn -0.5632 0.1030 -0.8199
vn -0.5887 0.2928 -0.7535
vn 0.0449 0.6826 0.7294
vn 0.1736 0.8635 0.4735
vn -0.5228 -0.0001 -0.8524
vn 0.4202 -0.0000 0.9074
vn 0.4381 -0.0004 0.8989
vn -0.9481 -0.2483 -0.1987
vn -0.2810 0.0089 -0.9597
vn 0.5673 0.0032 0.8235
vn 0.5245 -0.0005 0.8514
vn -0.3533 -0.7390 -0.5736
vn -0.1693 -0.7805 -0.6018
vn -0.6327 -0.0396 -0.7734
vn -0.5907 0.0007 -0.8069
vn -0.6662 0.0015 -0.7457
vn -0.6641 0.0005 -0.7476
vn -0.6799 -0.0051 -0.7333
vn 0.5003 0.1613 0.8507
vn 0.2058 0.8391 0.5036
vn -0.7231 0.0001 -0.6907
vn 0.6714 0.0012 0.7411
vn 0.0024 -1.0000 0.0084
vn -0.0277 0.9528 0.3024
vn 0.0064 -1.0000 0.0050
vn -0.8112 -0.0030 -0.5847
vn -0.7905 0.0001 -0.6125
vn 0.7956 -0.0000 0.6059
vn 0.0023 -1.0000 -0.0031
vn -0.8309 0.0225 -0.5559
vn -0.3696 -0.6534 -0.6607
vn 0.7348 -0.0065 0.6782
vn 0.8849 0.0303 0.4647
vn 0.3847 -0.8932 -0.2326
vn -0.8942 -0.0004 -0.4476
vn -0.8912 0.0003 -0.4537
vn 0.9163 0.0071 0.4004
vn 0.8837 -0.0017 0.4681
vn 0.9367 0.0386 0.3479
vn 0.9189 -0.0356 0.3930
vn 0.8835 -0.0005 0.4685
vn 0.0018 -1.0000 0.0023
vn 0.9177 -0.0203 0.3968
vn -0.9614 0.0611 -0.2683
vn -0.0320 -0.8836 -0.4672
vn 0.1072 0.9928 -0.0526
vn 0.0067 -1.0000 0.0019
vn -0.9604 -0.0015 -0.2788
vn 0.9704 0.0107 0.2414
vn 0.2739 0.9610 -0.0385
vn 0.2617 -0.8631 -0.4319
vn -0.1946 -0.9708 -0.1403
vn 0.9575 -0.0030 0.2883
vn 0.9852 -0.1074 0.1337
vn 0.9782 0.0208 0.2065
vn 0.9706 0.0272 0.2391
vn 0.9878 -0.0014 0.1558
vn 0.9703 0.0112 0.2418
vn -0.9228 -0.3744 -0.0910
vn -0.9663 0.0003 -0.2573
vn 0.0066 -1.0000 0.0023
vn -0.9956 -0.0009 -0.0940
vn 0.1559 -0.9860 -0.0593
vn -0.9057 -0.4229 0.0297
vn -0.9990 0.0033 -0.0435
vn 0.9903 -0.0826 0.1116
vn 0.9898 -0.0827 0.1160
vn 0.9377 0.2633 -0.2266
vn 0.0017 -1.0000 -0.0010
vn -0.0011 -1.0000 -0.0016
vn -0.2891 -0.9543 0.0757
vn -0.8760 -0.4821 0.0145
vn 0.9994 0.0046 -0.0340
vn 0.9990 -0.0034 0.0447
vn 0.9464 -0.2667 -0.1823
vn 0.9961 -0.0507 -0.0716
vn -0.9956 0.0003 0.0940
vn -0.9921 -0.0027 0.1253
vn -0.0042 -0.9997 0.0252
vn 0.9775 0.2106 0.0100
vn 0.9945 -0.0572 -0.0880
vn 0.9907 0.1228 -0.0589
vn 0.6934 -0.6512 0.3083
vn 0.4950 0.8613 0.1145
vn -0.0017 -1.0000 0.0056
vn 0.9483 0.1947 -0.2508
vn 0.9271 0.2598 -0.2702
vn -0.9602 -0.0014 0.2792
vn 0.9984 0.0180 -0.0533
vn -0.1827 -0.3650 -0.9129
vn -0.9722 0.0092 0.2338
vn -0.8923 -0.3292 -0.3090
vn 0.9885 -0.0306 -0.1484
vn 0.8699 -0.3376 -0.3596
vn -0.0187 -0.9998 0.0072
vn -0.0030 -1.0000 0.0052
vn -0.9088 0.0053 0.4171
vn 0.9139 -0.0076 -0.4059
vn 0.3785 0.9256 0.0025
vn 0.1277 -0.9808 0.1476
vn 0.4259 0.6788 -0.5982
vn 0.9904 0.1242 -0.0601
vn 0.8894 -0.0007 -0.4571
vn -0.9050 -0.4088 0.1179
vn -0.9594 -0.0423 -0.2790
vn -0.8916 -0.0156 0.4526
vn -0.3380 0.6296 -0.6995
vn -0.0914 0.9567 -0.2762
vn -0.8086 0.0055 0.5883
vn 0.8040 -0.0001 -0.5947
vn -0.0071 -1.0000 0.0053
vn -0.0178 -0.9998 0.0081
vn 0.7571 0.1926 -0.6243
vn 0.8193 0.0018 -0.5734
vn -0.7905 0.0023 0.6125
vn 0.0399 -0.8167 0.5757
vn 0.5802 0.1955 -0.7906
vn 0.6181 0.2319 -0.7511
vn 0.6867 0.2301 -0.6895
vn 0.7744 -0.0004 -0.6327
vn 0.6816 -0.0004 -0.7317
vn 0.7138 0.0028 -0.7003
vn -0.1041 -0.9883 0.1117
vn 0.0483 -0.9981 0.0392
vn -0.0747 -0.8842 0.4610
vn -0.6570 -0.0026 0.7538
vn -0.6634 0.0002 0.7482
vn 0.5083 0.2642 -0.8196
vn 0.6294 -0.0013 -0.7771
vn 0.5363 0.0003 -0.8440
vn -0.0950 -0.9888 0.1152
vn -0.6012 0.0022 0.7991
vn 0.3518 0.3470 -0.8694
vn -0.0017 0.8592 -0.5117
vn 0.5176 -0.0009 -0.8556
vn -0.2234 -0.9746 -0.0128
vn -0.5160 0.0001 0.8566
vn -0.8029 0.5959 0.0177
vn -0.5157 -0.0000 0.8568
vn -0.5257 -0.0027 0.8507
vn -0.4313 -0.1370 0.8917
vn -0.5300 0.6634 0.5283
vn 0.4265 -0.0002 -0.9045
vn 0.0001 -1.0000 -0.0000
vn -0.0260 -0.8142 0.5800
vn -0.9940 -0.0526 0.0961
vn -0.0665 -0.7111 0.6999
vn 0.2838 0.3171 -0.9049
vn 0.4343 -0.0000 -0.9008
vn 0.3024 0.3056 -0.9028
vn 0.8814 -0.4141 0.2271
vn -0.0000 0.3227 -0.9465
vn 1.0000 -0.0000 0.0003
vn 0.4826 -0.8420 0.2412
vn -1.0000 -0.0000 0.0016
vn -0.9997 0.0177 -0.0165
vn -0.1514 0.9356 0.3189
vn -0.4288 -0.0005 0.9034
vn -0.9997 -0.0102 0.0202
vn 0.6383 0.2277 -0.7353
vn 0.8891 -0.3756 0.2614
vn 0.0004 -0.0000 1.0000
vn -0.3840 0.9119 -0.1449
vn 1.0000 -0.0000 -0.0004
vn 0.0135 -0.5728 0.8196
vn 0.4849 0.1334 -0.8644
vn -0.4244 -0.0000 0.9055
vn 0.0025 0.8180 -0.5753
vn 1.0000 -0.0000 0.0001
vn -0.2435 -0.9698 0.0109
vn 0.0928 0.7151 -0.6929
vn 0.9724 -0.1576 0.1719
vn -0.9998 -0.0097 0.0171
vn 0.5377 -0.7126 0.4506
vn -0.0476 0.7619 -0.6459
vn 1.0000 0.0014 -0.0035
vn -0.4764 -0.4366 0.7632
vn 0.0163 -0.7872 0.6165
vn -0.9996 0.0212 -0.0196
vn -0.0030 -0.7230 0.6908
vn 0.0081 -0.6722 0.7403
vn 0.9271 0.2162 0.3061
vn 0.0482 0.9822 -0.1815
vn 0.0434 0.9990 -0.0043
vn 0.0670 -0.4283 0.9012
vn 0.8889 0.0630 0.4538
vn -0.1883 0.9650 0.1827
vn -0.1503 -0.0163 0.9885
vn 0.0153 0.0446 -0.9989
vn -0.0212 0.0498 -0.9985
vn 0.0060 0.0593 -0.9982
vn 0.0026 -0.1410 -0.9900
vn 0.0084 -0.1396 -0.9902
vn 0.7508 0.0464 -0.6589
vn -0.0038 -0.1315 -0.9913
vn -0.4895 0.7886 0.3723
vn -0.2993 0.4132 0.8601
vn 0.0001 -0.1516 -0.9884
vn -0.0002 0.1009 -0.9949
vn -0.0000 0.2439 -0.9698
vn 0.5720 0.1879 -0.7984
vn -0.0000 -0.3337 -0.9427
vn -0.7978 -0.1135 -0.5921
vn -0.7371 -0.2055 -0.6437
vn 0.8406 -0.0631 -0.5379
vn 0.9094 -0.0009 -0.4159
vn -0.7657 0.1638 -0.6219
vn -0.9409 -0.0283 -0.3376
vn -0.8694 0.0260 -0.4935
vn -0.0385 0.9959 0.0823
vn -0.7742 -0.0121 -0.6328
vn 0.8004 -0.2267 -0.5549
vn -0.1568 0.1057 0.9819
vn -0.7851 0.1821 -0.5921
vn -0.7323 0.2868 -0.6177
vn 0.9870 -0.0045 -0.1605
vn 0.0992 -0.0496 0.9938
vn 0.0137 -0.1147 0.9933
vn -0.9975 0.0501 0.0504
vn -0.2564 -0.9475 0.1908
vn 0.4381 -0.7285 -0.5267
vn -0.0001 -0.0917 -0.9958
vn -0.0008 -0.0623 0.9981
vn 0.0060 0.0818 0.9966
vn -0.0002 0.0994 0.9950
vn -1.0000 0.0001 0.0005
vn -0.0023 -0.2019 0.9794
vn 1.0000 -0.0002 0.0005
vn -0.0000 0.4277 -0.9039
vn -0.0000 0.4275 -0.9040
vn 0.8136 0.2629 -0.5186
vn 0.0067 -0.1268 0.9919
vn 0.0011 0.0903 0.9959
vn -0.2987 -0.2369 -0.9245
vn -0.1631 0.2097 0.9641
vn 0.5155 -0.1590 0.8420
vn -0.0010 0.2126 0.9771
vn 0.7592 -0.2524 -0.5999
vn 0.0011 0.2392 0.9710
vn -0.7009 -0.2074 -0.6825
vn -0.7485 0.2905 -0.5961
vn 0.2643 -0.3950 0.8798
vn -0.0003 0.3497 0.9369
vn -0.0000 -0.5107 -0.8598
vn -0.0000 -0.5106 -0.8598
vn 0.8324 -0.2831 -0.4765
vn -0.0037 -0.3955 0.9185
vn 0.0015 -0.3316 0.9434
vn 1.0000 -0.0006 0.0006
vn -0.0000 0.2388 0.9711
vn -0.5601 -0.6029 -0.5681
vn -0.0011 0.3505 0.9366
vn -0.1825 0.4132 0.8921
vn 0.7815 -0.3075 -0.5429
vn -0.8691 -0.0971 -0.4850
vn 0.0012 0.3773 0.9261
vn -0.3222 -0.2354 -0.9169
vn 0.9033 0.1746 -0.3918
vn 0.0017 -0.4650 0.8853
vn -0.6225 -0.4569 -0.6354
vn -0.7308 0.4020 -0.5517
vn 0.6910 -0.3563 -0.6289
vn 0.8029 -0.2568 -0.5381
vn -0.0000 0.5952 -0.8036
vn -0.0000 0.5951 -0.8036
vn 0.7540 0.4040 -0.5179
vn 0.8194 0.3411 -0.4606
vn 0.9643 0.1104 -0.2408
vn -0.3392 -0.5635 -0.7533
vn -0.8787 -0.2491 -0.4072
vn 0.5849 -0.2834 0.7600
vn 0.4474 -0.2597 0.8558
vn -0.1012 -0.3892 0.9156
vn -0.0033 -0.5878 0.8090
vn -0.0007 -0.5727 0.8197
vn -0.0008 0.4813 0.8765
vn 0.0012 0.5060 0.8625
vn -0.7603 0.3964 -0.5146
vn 0.8937 -0.3132 -0.3212
vn 0.8313 -0.3712 -0.4136
vn 0.8014 -0.4183 -0.4275
vn 0.8269 0.3457 -0.4436
vn -0.0000 -0.6383 -0.7698
vn -0.7894 -0.3921 -0.4724
vn 0.0036 -0.6699 -0.7425
vn -0.6331 -0.4480 -0.6312
vn -0.3620 -0.4883 0.7940
vn -0.0012 0.5993 0.8005
vn 0.9649 -0.0386 -0.2599
vn 0.0125 -0.9819 -0.1889
vn 0.8512 0.1493 -0.5031
vn 0.7572 0.4968 -0.4240
vn 0.2766 -0.9573 -0.0842
vn -0.0000 0.7400 -0.6727
vn -0.0000 0.7399 -0.6727
vn 0.7497 0.5034 -0.4296
vn 0.8265 0.4165 -0.3786
vn -0.9196 -0.3873 -0.0657
vn -0.0528 0.6279 0.7765
vn 0.0959 -0.9954 0.0055
vn -0.0564 -0.0158 0.9983
vn 0.0004 -0.6995 0.7146
vn 0.8654 -0.3617 -0.3469
vn -0.0033 -0.7264 0.6872
vn 1.0000 -0.0003 0.0006
vn 0.1006 -0.6834 0.7231
vn -0.0031 0.7175 0.6966
vn 0.0001 0.6140 0.7893
vn -0.0218 0.7006 0.7132
vn -0.0342 -0.5971 -0.8015
vn -0.0635 0.3768 0.9241
vn -0.3326 -0.3970 -0.8554
vn -0.7926 0.4535 -0.4076
vn -0.7251 0.4890 -0.4849
vn 0.8247 -0.4472 -0.3462
vn 0.5636 -0.5528 0.6139
vn 0.1694 -0.2140 -0.9620
vn 0.0090 -0.6897 -0.7240
vn -0.0610 -0.6050 -0.7939
vn -0.9977 0.0194 -0.0646
vn 0.0300 -0.8147 -0.5791
vn -0.0092 -0.6680 -0.7441
vn -0.0024 -0.8018 -0.5975
vn -0.9996 -0.0010 -0.0292
vn 0.0792 0.9969 -0.0046
vn -0.0650 0.0059 -0.9979
vn -0.2488 -0.2079 -0.9460
vn -0.1383 0.0087 -0.9903
vn -0.0835 -0.0032 -0.9965
vn 0.5671 -0.5776 -0.5872
vn 0.0566 0.1930 -0.9796
vn -0.0001 -1.0000 0.0007
vn 0.0002 -1.0000 0.0001
vn 0.2433 -0.0091 -0.9699
vn 0.2071 -0.0053 -0.9783
vn 0.2224 -0.0005 -0.9749
vn 0.2165 0.0006 -0.9763
vn -0.9811 0.0160 0.1928
vn -0.1061 0.1035 -0.9890
vn -0.0889 0.0182 -0.9959
vn -0.8602 -0.4114 -0.3013
vn -0.1508 0.0530 -0.9871
vn -0.0000 -1.0000 0.0004
vn -0.0000 -1.0000 0.0006
vn -0.0000 -1.0000 0.0007
vn -0.2147 -0.1246 -0.9687
vn -0.1944 0.0006 -0.9809
vn -0.2372 -0.1501 0.9598
vn -0.1672 0.0019 -0.9859
vn -0.1566 0.3518 -0.9229
vn -0.2742 0.7917 -0.5459
vn -0.2994 -0.0008 -0.9541
vn 0.0019 -0.7947 0.6070
vn 0.4017 -0.2158 -0.8900
vn 0.1694 -0.1969 -0.9657
vn -0.3139 -0.0000 -0.9495
vn -0.2328 -0.2372 -0.9432
vn -0.5471 -0.3500 -0.7604
vn 0.4234 -0.0013 -0.9059
vn 0.5005 -0.0072 -0.8657
vn 0.4440 -0.0005 -0.8960
vn -0.7580 0.5590 -0.3362
vn -0.7959 0.4820 -0.3663
vn -0.8448 0.2668 -0.4639
vn -1.0000 0.0004 -0.0017
vn -1.0000 -0.0003 -0.0082
vn -1.0000 -0.0000 0.0001
vn -0.0134 -0.9916 0.1290
vn -0.9999 -0.0100 0.0117
vn -0.0000 0.4987 0.8668
vn -0.0000 0.8566 -0.5160
vn -0.0000 0.8566 -0.5161
vn 0.7808 0.5352 -0.3224
vn -0.1005 0.6218 0.7767
vn 0.1832 -0.0071 0.9830
vn -0.1116 -0.0119 0.9937
vn 0.0594 0.0135 0.9981
vn 0.0941 0.0014 0.9956
vn 0.0938 0.0016 0.9956
vn -0.3891 -0.5984 0.7004
vn -0.2301 0.0053 0.9731
vn -0.2078 0.0012 0.9782
vn -0.1862 0.0146 0.9824
vn 0.0873 0.0006 0.9962
vn -0.2179 -0.0004 0.9760
vn 0.4855 0.2564 -0.8358
vn -1.0000 0.0001 0.0034
vn 0.2552 0.0008 0.9669
vn 0.2105 -0.0020 0.9776
vn -0.0035 -0.8502 0.5264
vn 1.0000 -0.0004 -0.0000
vn -0.2031 -0.8283 0.5222
vn -0.1066 -0.7698 0.6293
vn -0.3841 -0.1306 0.9140
vn -0.4417 0.0016 0.8972
vn -0.4440 -0.0006 0.8960
vn -0.5280 0.0082 0.8492
vn 0.4692 -0.1218 -0.8747
vn 0.8277 0.4883 -0.2767
vn 0.6590 -0.4490 -0.6035
vn 0.6558 -0.0007 -0.7549
vn 0.6494 0.0002 -0.7604
vn -0.0278 0.6484 0.7608
vn 0.9254 0.3305 -0.1855
vn 0.2196 -0.7490 0.6252
vn -0.0426 0.8756 0.4812
vn -0.8240 0.5108 -0.2452
vn -0.7424 0.6313 -0.2245
vn 0.3470 -0.6739 -0.6522
vn -0.6203 -0.0006 0.7843
vn -0.6494 -0.0006 0.7604
vn -0.7099 0.0074 0.7042
vn -0.5017 0.1561 0.8508
vn 0.8199 -0.4515 -0.3520
vn 0.8500 -0.4456 -0.2809
vn -0.1142 0.9081 0.4029
vn 0.7848 -0.0004 -0.6198
vn 0.8486 -0.0070 -0.5290
vn 0.8156 -0.0003 -0.5787
vn 0.8191 -0.1917 -0.5407
vn -0.0751 -0.5834 -0.8087
vn -0.0000 0.9405 -0.3398
vn 0.7904 0.5761 -0.2081
vn 0.3643 -0.8508 0.3788
vn -0.1012 -0.9408 0.3234
vn 1.0000 -0.0004 0.0002
vn -0.5610 0.3280 0.7601
vn -0.0025 -0.9390 0.3439
vn 0.0073 -0.9060 0.4231
vn 1.0000 -0.0060 0.0003
vn -0.8156 0.0003 0.5787
vn -0.8306 0.0031 0.5569
vn -0.7789 -0.0006 0.6271
vn -0.6071 0.3796 0.6981
vn 0.3052 -0.9086 0.2851
vn 0.4015 -0.8597 0.3158
vn -0.7880 0.6074 -0.1010
vn 0.9189 0.3842 -0.0893
vn 0.1289 -0.9597 -0.2499
vn 0.8743 -0.0952 -0.4759
vn 0.0682 -0.9004 -0.4297
vn 0.0310 0.9477 0.3178
vn -0.6972 0.3765 0.6101
vn 0.9051 -0.0001 -0.4252
vn 0.9314 -0.0020 -0.3641
vn 0.9322 -0.0023 -0.3619
vn 0.8745 -0.0828 -0.4780
vn -0.9322 0.0022 0.3619
vn -0.9282 0.0012 0.3720
vn -0.7303 0.6690 -0.1387
vn -0.0008 0.9887 -0.1501
vn -0.0000 0.9882 -0.1531
vn 0.0007 0.9886 -0.1503
vn 0.7590 0.6439 -0.0962
vn 0.8815 -0.1368 -0.4519
vn -0.8553 0.2355 0.4616
vn 0.7950 -0.5802 -0.1770
vn -0.0037 -0.9891 0.1472
vn 0.0018 -0.9757 0.2190
vn 1.0000 -0.0023 0.0016
vn 0.6290 -0.7717 0.0938
vn -0.3050 0.7986 0.5189
vn -0.9742 -0.1085 0.1978
vn 0.9924 -0.0015 -0.1231
vn -0.9924 0.0031 0.1231
vn -0.9844 0.0001 0.1762
vn 0.9893 -0.0044 -0.1458
vn 0.9924 -0.0932 -0.0807
vn -0.1701 -0.9706 -0.1701
vn -0.8300 0.5578 0.0020
vn -0.8448 0.5350 -0.0080
vn -0.1250 0.9825 0.1378
vn -0.9180 0.3941 0.0446
vn 0.5636 -0.8261 -0.0000
vn -1.0000 0.0001 -0.0001
vn 0.6554 -0.7551 -0.0177
vn 0.9985 0.0506 -0.0199
vn 0.9971 -0.0516 -0.0566
vn -0.9991 -0.0008 0.0417
vn -0.9593 0.2581 0.1147
vn 0.9984 -0.0000 -0.0574
vn -0.0037 0.9997 -0.0253
vn -0.0020 1.0000 -0.0095
vn 0.0006 0.9997 -0.0264
vn 0.0033 -0.9987 0.0512
vn 0.0030 -0.9986 0.0523
vn 0.6928 -0.7211 -0.0017
vn -0.0457 -0.8336 -0.5505
vn -0.9639 0.1368 0.2286
vn 0.8773 0.4799 -0.0073
vn 0.0038 0.9995 0.0301
vn -0.0012 -1.0000 -0.0031
vn 0.9879 -0.1453 0.0546
vn 0.9984 -0.0000 0.0573
vn -0.9924 0.0030 -0.1231
vn 0.9924 -0.0035 0.1231
vn 0.0011 -0.9992 -0.0391
vn 0.0016 -0.9974 -0.0721
vn -0.0037 -0.9891 -0.1473
vn 1.0000 0.0003 0.0001
vn 0.0003 0.9886 0.1508
vn -0.0005 0.9887 0.1501
vn -0.0000 0.9884 0.1519
vn 0.9861 -0.0007 0.1660
vn 0.9200 -0.3425 0.1906
vn 0.8474 -0.5256 0.0750
vn -0.3682 -0.9097 -0.1921
vn 0.8927 0.4507 -0.0035
vn 0.9317 -0.3625 0.0217
vn 0.7603 -0.6440 0.0847
vn -0.9821 -0.0025 -0.1883
vn -0.8403 0.4627 -0.2825
vn -0.7347 0.6641 0.1388
vn -0.8028 0.5887 0.0944
vn -0.6267 0.7787 -0.0284
vn 0.0015 -0.9764 -0.2160
vn -0.9322 0.0025 -0.3619
vn 0.8213 -0.3750 0.4299
vn 0.9322 0.0003 0.3619
vn -0.8624 0.3173 -0.3944
vn -0.9271 0.0014 -0.3747
vn 0.9605 0.2729 0.0539
vn 0.9387 -0.0019 0.3447
vn -0.0024 -0.9390 -0.3439
vn 1.0000 0.0004 0.0001
vn -0.0000 0.9405 0.3398
vn 0.8860 0.4396 0.1478
vn -0.7603 0.6105 0.2221
vn -0.7576 0.6129 0.2246
vn 0.3682 -0.8489 -0.3793
vn 0.0923 -0.9338 -0.3457
vn -0.0010 -0.9350 -0.3547
vn -0.8156 0.0003 -0.5787
vn -0.8051 -0.5723 -0.1557
vn -0.3654 0.7181 -0.5923
vn 0.8630 -0.2045 0.4620
vn 0.8156 0.0006 0.5787
vn 0.8519 -0.0074 0.5236
vn 0.6230 -0.7300 0.2811
vn -0.8210 0.0013 -0.5709
vn 0.0272 -0.9056 0.4233
vn 0.0749 0.9335 -0.3507
vn 0.8338 0.1673 0.5261
vn 0.8332 0.1776 0.5237
vn 0.5674 -0.5374 0.6239
vn 0.8031 -0.0017 0.5958
vn 0.5786 0.7785 0.2430
vn -0.8724 -0.4454 -0.2012
vn 0.9837 -0.1530 0.0945
vn 0.5552 -0.7343 0.3906
vn -0.7475 0.5751 0.3323
vn -0.7677 0.5496 0.3295
vn -0.7471 -0.5059 -0.4311
vn 0.9814 0.0220 0.1907
vn 0.0008 -0.8740 -0.4860
vn -0.6494 0.0019 -0.7604
vn 0.7340 0.0007 0.6791
vn -0.0035 -0.8502 -0.5264
vn -0.6454 -0.6034 -0.4683
vn -0.6481 0.0018 -0.7615
vn -0.0987 0.6359 -0.7654
vn -0.0000 0.8566 0.5161
vn -0.0000 0.8565 0.5161
vn 0.6399 -0.1153 0.7597
vn 0.6665 -0.0019 0.7455
vn 0.2623 -0.5213 0.8120
vn 0.0041 -0.9999 0.0105
vn 0.6494 0.0005 0.7604
vn 0.0049 -0.9999 0.0100
vn -0.4440 -0.0003 -0.8960
vn -0.7858 0.5011 0.3625
vn -0.0593 0.8525 -0.5194
vn 0.8300 -0.4696 0.3010
vn 0.0019 -0.7945 -0.6073
vn -0.0182 -0.7989 0.6012
vn -0.4706 0.0027 -0.8824
vn -0.4511 -0.1600 -0.8780
vn 0.0245 -0.8175 0.5754
vn 0.4440 0.0008 0.8960
vn 0.5031 -0.0070 0.8642
vn 0.2809 -0.3177 0.9056
vn 0.0035 -1.0000 -0.0012
vn 0.8636 -0.3643 0.3487
vn -0.5036 -0.3963 0.7677
vn -0.3534 -0.0004 -0.9355
vn -0.3349 0.0559 -0.9406
vn 0.5362 -0.0105 0.8440
vn -0.3026 -0.8691 -0.3913
vn -0.0829 0.8652 -0.4945
vn 0.2552 -0.0000 -0.9669
vn -0.9996 0.0265 0.0081
vn -0.2140 -0.0007 -0.9768
vn -0.3564 0.0406 -0.9335
vn -0.2158 -0.0004 -0.9764
vn -0.1862 0.0199 -0.9823
vn -0.0300 0.1394 -0.9898
vn 0.3283 0.1264 -0.9361
vn -0.2698 -0.3941 -0.8786
vn -0.0071 0.7698 -0.6382
vn -0.0821 -0.9634 0.2552
vn 0.2538 -0.0001 -0.9672
vn 0.1776 0.2694 -0.9465
vn -0.0015 0.7058 -0.7085
vn -0.0033 -0.7264 -0.6872
vn 0.9993 -0.0193 -0.0316
vn -0.2132 0.0034 -0.9770
vn -0.0328 0.0149 0.9994
vn 0.0544 -0.0101 -0.9985
vn 0.1520 -0.0007 -0.9884
vn -0.0000 -1.0000 -0.0004
vn -0.0001 -1.0000 -0.0002
vn 0.0993 0.0013 -0.9951
vn -0.3310 0.1155 0.9365
vn 0.0593 0.0211 -0.9980
vn -1.0000 -0.0000 0.0004
vn -0.0000 0.7381 -0.6747
vn -0.4102 -0.0946 -0.9071
vn 0.4102 0.0007 0.9120
vn 0.0164 -0.0029 -0.9999
vn 0.0333 -0.0054 -0.9994
vn 0.0534 -0.0074 -0.9985
vn 0.1618 -0.4251 0.8906
vn -0.0000 0.7400 0.6727
vn -0.0000 0.7399 0.6727
vn -0.3199 -0.0000 0.9475
vn -0.2521 0.4304 0.8667
vn -0.2793 -0.0020 0.9602
vn -0.3571 -0.0600 0.9321
vn -0.9999 0.0004 -0.0143
vn -0.1545 -0.2899 0.9445
vn -0.2074 -0.0538 0.9768
vn -1.0000 0.0004 0.0006
vn -0.7278 0.5061 0.4628
vn 0.2276 -0.0049 0.9738
vn 0.2118 0.0004 0.9773
vn 0.2136 0.0007 0.9769
vn 0.2094 -0.0021 0.9778
vn -0.1954 -0.9640 0.1801
vn -0.5556 -0.7922 0.2524
vn 0.1101 0.9845 0.1365
vn 0.8877 -0.3962 -0.2343
vn -0.2054 0.0299 0.9782
vn 0.0775 -0.9969 -0.0106
vn 0.9996 0.0294 0.0003
vn -1.0000 -0.0000 -0.0001
vn -0.2962 0.0652 0.9529
vn -0.2344 -0.0001 0.9721
vn -0.8503 0.3518 -0.3915
vn -0.1685 0.0197 0.9855
vn -0.0303 -0.0144 0.9994
vn -0.1329 -0.0013 0.9911
vn -0.1512 -0.0714 0.9859
vn -0.0747 0.0071 0.9972
vn -0.0557 -0.0601 0.9966
vn 0.0353 -0.6719 0.7398
vn 0.4156 -0.9095 0.0080
vn -0.0938 0.0182 0.9954
vn 0.3113 -0.9496 -0.0368
vn 0.0808 0.0823 0.9933
vn -0.0293 -0.0094 0.9995
vn -0.0154 -0.0021 0.9999
vn -0.2223 -0.5877 0.7779
vn 0.0779 -0.9038 0.4208
vn -0.2855 -0.9079 0.3068
vn -0.0019 -0.6682 0.7440
vn 0.7796 -0.4087 0.4745
vn -0.0049 -0.7027 0.7114
vn 0.7893 -0.4676 0.3980
vn 0.0063 -0.6781 0.7349
vn 0.6454 -0.4027 -0.6491
vn 0.8979 -0.2384 0.3700
vn 0.0342 0.0689 -0.9970
vn 0.8917 0.2606 0.3702
vn -0.1190 0.5856 -0.8018
vn -0.8937 -0.4484 -0.0152
vn -0.0001 0.7012 -0.7130
vn -0.1248 0.3885 -0.9130
vn -0.8049 0.3836 0.4528
vn -0.7437 0.3981 0.5371
vn -1.0000 0.0009 0.0068
vn 0.9277 -0.2105 -0.3082
vn 0.0011 0.5997 -0.8002
vn -0.0017 0.6163 -0.7875
vn -0.1781 -0.5697 -0.8023
vn 0.0005 -0.6984 -0.7157
vn 0.6203 -0.5066 -0.5988
vn -0.0007 -0.5727 -0.8197
vn 0.9998 -0.0181 -0.0050
vn -0.9287 0.2039 -0.3097
vn 0.9997 0.0122 0.0232
vn -0.0033 -0.5878 -0.8090
vn 0.0024 -0.6592 0.7519
vn -0.7456 -0.4366 0.5034
vn -0.0000 -0.6383 0.7698
vn -0.0000 0.5951 0.8036
vn 0.0093 -0.5354 -0.8445
vn 0.9554 0.2173 0.2000
vn -0.8596 0.1971 0.4714
vn 0.1188 0.9713 0.2059
vn 0.0457 0.0008 0.9990
vn -0.1066 -0.3606 -0.9266
vn 1.0000 -0.0001 -0.0003
vn -0.7570 -0.3102 0.5752
vn -0.7941 -0.3738 0.4793
vn -0.0000 -0.5107 0.8598
vn -0.0000 -0.5106 0.8598
vn 0.6869 -0.4280 0.5873
vn 0.8795 0.2847 0.3813
vn 0.0377 -0.3854 -0.9220
vn 0.0005 0.4980 -0.8672
vn -0.0129 -0.6118 0.7909
vn 0.0017 -0.4647 -0.8855
vn -0.0037 -0.3955 -0.9185
vn 1.0000 -0.0001 -0.0013
vn 0.2535 -0.1679 -0.9527
vn -0.0000 -0.1045 -0.9945
vn -0.0000 -0.9989 0.0465
vn -0.9997 0.0184 -0.0186
vn 0.5403 -0.7865 0.2990
vn -0.9436 -0.1597 0.2902
vn -0.0012 0.3777 -0.9259
vn -0.0000 0.4276 0.9040
vn -0.0000 0.4277 0.9039
vn -0.0128 0.4842 -0.8749
vn -0.7625 0.2781 0.5841
vn -0.2568 0.4634 -0.8481
vn -0.5487 -0.3154 0.7742
vn -0.3932 -0.3605 0.8459
vn 0.0015 -0.3318 -0.9433
vn 0.7188 -0.2629 -0.6435
vn 0.9431 -0.1097 0.3139
vn 0.7736 0.2697 0.5734
vn -0.0011 0.3496 -0.9369
vn 0.0015 0.2114 -0.9774
vn -0.0023 -0.2019 -0.9794
vn -0.8058 -0.1976 0.5583
vn -0.0000 -0.3338 0.9427
vn -0.0000 -0.3341 0.9425
vn -0.1963 -0.1698 -0.9657
vn -0.8277 0.2072 0.5216
vn -0.0011 -0.1914 -0.9815
vn 0.7035 -0.3425 0.6227
vn 0.0219 0.0236 -0.9995
vn -0.4047 -0.1016 -0.9088
vn -0.0006 0.0799 -0.9968
vn 0.0274 0.1566 0.9873
vn -0.0526 0.0382 -0.9979
vn 0.0772 -0.0314 -0.9965
vn -0.0000 0.2439 0.9698
vn 0.0008 -0.0601 -0.9982
vn 0.0019 -0.0492 -0.9988
vn -0.2757 -0.1453 -0.9502
vn 0.4941 0.0734 -0.8663
vn -0.7812 0.1614 0.6031
vn -0.9134 -0.0036 0.4071
vn 0.8505 0.0783 0.5202
vn 0.9954 0.0177 0.0941
vn 0.9577 -0.0013 0.2879
vn 0.8346 0.0407 0.5494
vn -0.8964 -0.0001 0.4433
vn 0.9364 -0.0478 0.3477
vn -0.2374 -0.5964 -0.7668
vn -0.6957 -0.0423 0.7170
vn 0.0001 -0.1521 0.9884
vn -0.0051 -0.1419 0.9899
vn 0.0050 -0.1299 0.9915
vn -0.0000 0.0871 0.9962
vn -0.0018 0.0978 0.9952
vn 0.0276 0.0426 0.9987
vn -0.0605 -0.0478 0.9970
s 0
f 1//1 2//1 3//1
f 4//2 5//2 6//2
f 1//3 7//3 8//3
f 9//4 10//4 11//4
f 10//5 12//5 11//5
f 5//6 13//6 14//6
f 15//7 16//7 8//7
f 7//8 15//8 8//8
f 11//9 17//9 10//9
f 17//10 18//10 10//10
f 19//11 2//11 7//11
f 2//12 15//12 7//12
f 6//13 5//13 14//13
f 15//14 20//14 14//14
f 20//15 15//15 2//15
f 16//16 13//16 8//16
f 13//17 1//17 8//17
f 19//18 7//18 3//18
f 7//19 1//19 3//19
f 2//20 19//20 3//20
f 21//21 17//21 11//21
f 14//22 16//22 15//22
f 13//23 16//23 14//23
f 18//24 12//24 10//24
f 20//25 6//25 14//25
f 1//26 22//26 2//26
f 22//27 20//27 2//27
f 4//28 6//28 20//28
f 12//29 21//29 11//29
f 23//30 18//30 17//30
f 24//31 25//31 1//31
f 25//32 22//32 1//32
f 13//33 24//33 1//33
f 4//34 26//34 5//34
f 27//35 13//35 5//35
f 27//36 24//36 13//36
f 28//37 21//37 12//37
f 5//38 29//38 27//38
f 26//39 29//39 5//39
f 30//40 17//40 21//40
f 30//41 23//41 17//41
f 23//42 31//42 18//42
f 32//43 4//43 20//43
f 33//44 30//44 21//44
f 34//45 23//45 30//45
f 35//46 25//46 24//46
f 36//47 37//47 24//47
f 37//48 38//48 24//48
f 38//49 35//49 24//49
f 27//50 36//50 24//50
f 39//51 40//51 23//51
f 41//51 31//51 23//51
f 40//51 41//51 23//51
f 29//52 42//52 27//52
f 34//51 39//51 23//51
f 41//51 43//51 31//51
f 44//53 26//53 4//53
f 45//54 44//54 4//54
f 18//55 46//55 12//55
f 47//56 34//56 30//56
f 33//57 47//57 30//57
f 31//58 48//58 18//58
f 48//59 49//59 18//59
f 49//60 46//60 18//60
f 50//61 37//61 36//61
f 32//62 45//62 4//62
f 51//63 50//63 36//63
f 49//64 52//64 46//64
f 53//65 54//65 29//65
f 26//66 53//66 29//66
f 28//67 9//67 21//67
f 25//68 55//68 22//68
f 56//69 32//69 20//69
f 20//70 57//70 56//70
f 57//71 45//71 56//71
f 45//72 32//72 56//72
f 52//73 58//73 46//73
f 59//74 36//74 27//74
f 42//75 59//75 27//75
f 25//76 60//76 55//76
f 55//77 60//77 61//77
f 29//78 61//78 60//78
f 62//79 63//79 9//79
f 54//80 53//80 61//80
f 29//81 54//81 61//81
f 25//82 29//82 60//82
f 53//83 55//83 61//83
f 28//84 62//84 9//84
f 50//85 38//85 37//85
f 53//86 22//86 55//86
f 64//87 65//87 63//87
f 66//88 64//88 63//88
f 62//89 66//89 63//89
f 21//90 67//90 33//90
f 25//91 42//91 29//91
f 9//92 63//92 21//92
f 63//93 65//93 21//93
f 65//94 68//94 21//94
f 52//95 62//95 28//95
f 50//96 69//96 38//96
f 69//97 35//97 38//97
f 70//98 25//98 35//98
f 69//99 70//99 35//99
f 71//100 70//100 69//100
f 72//101 45//101 32//101
f 73//102 42//102 25//102
f 74//103 67//103 21//103
f 68//104 74//104 21//104
f 46//105 75//105 12//105
f 76//106 28//106 12//106
f 75//107 76//107 12//107
f 26//108 22//108 53//108
f 22//109 77//109 20//109
f 59//110 78//110 36//110
f 78//111 51//111 36//111
f 69//112 78//112 71//112
f 78//113 70//113 71//113
f 46//114 58//114 49//114
f 48//115 46//115 49//115
f 67//116 68//116 33//116
f 79//117 68//117 67//117
f 59//118 70//118 78//118
f 58//119 52//119 49//119
f 47//120 79//120 67//120
f 69//121 51//121 78//121
f 64//122 79//122 65//122
f 79//123 68//123 65//123
f 80//124 66//124 62//124
f 81//125 80//125 62//125
f 52//126 81//126 62//126
f 82//51 39//51 34//51
f 83//127 48//127 31//127
f 43//51 84//51 31//51
f 84//51 83//51 31//51
f 73//128 85//128 42//128
f 26//129 72//129 32//129
f 86//130 77//130 22//130
f 26//131 87//131 22//131
f 87//132 86//132 22//132
f 88//133 73//133 25//133
f 85//134 50//134 42//134
f 88//135 89//135 73//135
f 89//136 85//136 73//136
f 68//137 79//137 33//137
f 87//138 26//138 32//138
f 72//139 87//139 32//139
f 79//140 47//140 33//140
f 44//141 90//141 26//141
f 90//142 72//142 26//142
f 91//143 74//143 68//143
f 76//144 92//144 28//144
f 92//145 52//145 28//145
f 93//146 44//146 45//146
f 94//147 93//147 45//147
f 95//148 87//148 72//148
f 96//149 47//149 67//149
f 74//150 96//150 67//150
f 48//151 75//151 46//151
f 96//152 34//152 47//152
f 86//153 97//153 77//153
f 87//154 97//154 86//154
f 85//155 51//155 50//155
f 51//156 69//156 50//156
f 20//157 98//157 57//157
f 94//158 45//158 57//158
f 98//159 94//159 57//159
f 58//160 81//160 52//160
f 99//161 89//161 88//161
f 99//162 85//162 89//162
f 95//163 97//163 87//163
f 51//164 42//164 50//164
f 51//165 100//165 42//165
f 100//166 59//166 42//166
f 101//167 96//167 74//167
f 79//168 91//168 68//168
f 102//169 34//169 96//169
f 101//170 102//170 96//170
f 83//171 103//171 48//171
f 103//172 75//172 48//172
f 104//173 105//173 70//173
f 105//174 25//174 70//174
f 59//175 106//175 70//175
f 106//176 107//176 70//176
f 107//177 104//177 70//177
f 100//178 108//178 59//178
f 108//179 109//179 59//179
f 109//180 106//180 59//180
f 92//181 81//181 52//181
f 90//182 95//182 72//182
f 90//183 97//183 95//183
f 99//184 51//184 85//184
f 110//185 111//185 79//185
f 64//186 110//186 79//186
f 111//187 91//187 79//187
f 112//188 80//188 81//188
f 92//189 112//189 81//189
f 99//190 100//190 51//190
f 90//191 77//191 97//191
f 44//192 113//192 90//192
f 113//193 77//193 90//193
f 114//194 64//194 115//194
f 116//195 114//195 115//195
f 64//196 66//196 115//196
f 117//197 116//197 115//197
f 118//51 82//51 34//51
f 102//51 118//51 34//51
f 119//198 103//198 83//198
f 84//51 119//51 83//51
f 91//199 120//199 74//199
f 112//200 92//200 76//200
f 105//201 88//201 25//201
f 88//202 100//202 99//202
f 121//203 110//203 114//203
f 110//204 64//204 114//204
f 122//205 121//205 114//205
f 116//206 122//206 114//206
f 66//207 123//207 115//207
f 123//205 117//205 115//205
f 80//208 123//208 66//208
f 98//209 124//209 94//209
f 125//210 93//210 94//210
f 124//211 125//211 94//211
f 126//212 101//212 74//212
f 120//213 126//213 74//213
f 103//214 127//214 75//214
f 113//215 128//215 77//215
f 44//216 128//216 113//216
f 129//217 130//217 106//217
f 20//218 131//218 98//218
f 131//219 132//219 98//219
f 132//220 124//220 98//220
f 133//221 134//221 135//221
f 134//222 136//222 135//222
f 137//223 138//223 136//223
f 134//224 137//224 136//224
f 41//225 40//225 139//225
f 140//226 41//226 139//226
f 141//227 108//227 100//227
f 140//228 135//228 136//228
f 130//229 137//229 106//229
f 142//230 133//230 135//230
f 134//231 133//231 139//231
f 40//232 134//232 139//232
f 130//233 129//233 136//233
f 138//234 130//234 136//234
f 129//235 140//235 136//235
f 139//236 142//236 140//236
f 140//237 142//237 135//237
f 143//238 129//238 106//238
f 138//239 137//239 130//239
f 40//240 137//240 134//240
f 129//241 41//241 140//241
f 144//242 107//242 40//242
f 107//243 137//243 40//243
f 39//244 144//244 40//244
f 129//245 143//245 41//245
f 143//246 106//246 41//246
f 106//247 145//247 41//247
f 145//248 43//248 41//248
f 107//249 106//249 137//249
f 108//250 146//250 109//250
f 147//205 148//205 111//205
f 110//205 147//205 111//205
f 148//251 149//251 111//251
f 149//252 91//252 111//252
f 150//253 80//253 112//253
f 151//254 150//254 112//254
f 152//255 151//255 112//255
f 44//256 153//256 128//256
f 154//257 155//257 88//257
f 155//258 100//258 88//258
f 149//259 120//259 91//259
f 76//260 152//260 112//260
f 147//261 110//261 121//261
f 80//262 156//262 123//262
f 157//205 117//205 123//205
f 156//205 157//205 123//205
f 145//263 106//263 109//263
f 127//264 158//264 75//264
f 159//265 146//265 108//265
f 160//266 102//266 101//266
f 119//267 161//267 103//267
f 161//268 127//268 103//268
f 105//269 162//269 88//269
f 162//270 154//270 88//270
f 158//271 163//271 75//271
f 163//272 76//272 75//272
f 162//273 155//273 154//273
f 82//274 164//274 39//274
f 164//275 165//275 39//275
f 165//276 144//276 39//276
f 145//277 166//277 43//277
f 166//278 146//278 43//278
f 146//279 84//279 43//279
f 167//280 168//280 138//280
f 169//281 170//281 142//281
f 139//282 133//282 142//282
f 132//283 171//283 124//283
f 120//284 172//284 126//284
f 173//51 118//51 102//51
f 160//51 173//51 102//51
f 84//51 174//51 119//51
f 109//285 166//285 145//285
f 175//286 176//286 120//286
f 149//287 175//287 120//287
f 109//288 146//288 166//288
f 177//289 159//289 108//289
f 178//290 131//290 20//290
f 77//291 179//291 20//291
f 179//292 178//292 20//292
f 171//293 180//293 124//293
f 128//294 179//294 77//294
f 181//295 158//295 127//295
f 182//296 172//296 120//296
f 176//297 182//297 120//297
f 44//298 93//298 171//298
f 132//299 44//299 171//299
f 141//300 100//300 177//300
f 108//301 141//301 177//301
f 183//302 125//302 124//302
f 184//303 183//303 124//303
f 180//304 184//304 124//304
f 185//305 186//305 82//305
f 186//306 164//306 82//306
f 118//307 185//307 82//307
f 146//308 187//308 84//308
f 188//309 174//309 84//309
f 187//310 188//310 84//310
f 182//311 101//311 126//311
f 159//312 188//312 146//312
f 188//313 187//313 146//313
f 153//314 44//314 132//314
f 181//315 152//315 158//315
f 189//316 147//316 121//316
f 190//205 189//205 121//205
f 122//205 190//205 121//205
f 150//317 156//317 80//317
f 144//318 165//318 107//318
f 117//319 191//319 116//319
f 192//320 122//320 116//320
f 149//321 193//321 126//321
f 155//322 194//322 177//322
f 100//323 155//323 177//323
f 161//324 181//324 127//324
f 194//325 155//325 162//325
f 195//326 194//326 162//326
f 186//327 165//327 164//327
f 196//328 132//328 131//328
f 197//329 196//329 131//329
f 178//330 197//330 131//330
f 198//331 180//331 132//331
f 199//332 198//332 132//332
f 196//333 199//333 132//333
f 200//334 153//334 132//334
f 171//335 200//335 132//335
f 148//336 193//336 149//336
f 201//337 101//337 182//337
f 202//338 203//338 117//338
f 203//339 191//339 117//339
f 147//340 193//340 148//340
f 162//341 204//341 195//341
f 204//342 205//342 195//342
f 205//343 206//343 195//343
f 206//344 207//344 195//344
f 207//345 208//345 195//345
f 208//346 209//346 195//346
f 209//347 210//347 195//347
f 210//348 211//348 195//348
f 211//349 194//349 195//349
f 185//350 165//350 186//350
f 212//351 179//351 128//351
f 153//352 212//352 128//352
f 182//353 126//353 172//353
f 194//354 141//354 177//354
f 200//355 212//355 153//355
f 211//356 213//356 194//356
f 213//357 214//357 194//357
f 214//358 215//358 194//358
f 215//359 216//359 194//359
f 176//360 201//360 182//360
f 181//361 163//361 158//361
f 161//362 163//362 181//362
f 165//363 104//363 107//363
f 180//364 171//364 132//364
f 198//365 184//365 180//365
f 217//366 212//366 200//366
f 125//367 200//367 171//367
f 93//368 125//368 171//368
f 191//369 170//369 116//369
f 170//370 192//370 116//370
f 211//371 210//371 168//371
f 213//372 211//372 168//372
f 167//373 213//373 168//373
f 167//374 170//374 169//374
f 169//375 191//375 167//375
f 167//376 168//376 170//376
f 191//377 169//377 170//377
f 210//378 192//378 168//378
f 192//379 170//379 168//379
f 191//380 213//380 167//380
f 218//381 219//381 194//381
f 220//382 218//382 194//382
f 216//383 220//383 194//383
f 193//384 175//384 149//384
f 191//385 214//385 213//385
f 209//386 192//386 210//386
f 191//387 203//387 214//387
f 203//388 215//388 214//388
f 159//389 221//389 188//389
f 221//390 174//390 188//390
f 222//391 105//391 104//391
f 165//392 222//392 104//392
f 141//393 223//393 108//393
f 223//394 159//394 108//394
f 219//395 141//395 194//395
f 223//396 221//396 159//396
f 208//397 192//397 209//397
f 181//398 151//398 152//398
f 125//399 217//399 200//399
f 212//400 217//400 179//400
f 201//401 160//401 101//401
f 202//402 216//402 203//402
f 216//403 215//403 203//403
f 224//404 165//404 185//404
f 118//405 224//405 185//405
f 225//406 173//406 160//406
f 174//407 226//407 119//407
f 175//408 227//408 176//408
f 163//409 152//409 76//409
f 192//410 228//410 122//410
f 228//411 229//411 122//411
f 229//411 190//411 122//411
f 157//412 230//412 117//412
f 230//413 202//413 117//413
f 224//414 222//414 165//414
f 207//415 228//415 208//415
f 228//416 192//416 208//416
f 202//417 220//417 216//417
f 231//418 224//418 118//418
f 173//419 231//419 118//419
f 232//420 226//420 174//420
f 221//421 232//421 174//421
f 223//422 232//422 221//422
f 206//423 228//423 207//423
f 206//424 229//424 228//424
f 230//425 218//425 202//425
f 218//426 220//426 202//426
f 205//427 229//427 206//427
f 233//428 234//428 196//428
f 197//428 235//428 196//428
f 235//428 236//428 196//428
f 236//428 233//428 196//428
f 234//51 237//51 196//51
f 237//51 199//51 196//51
f 238//429 198//429 199//429
f 239//218 238//218 199//218
f 240//430 239//430 199//430
f 237//431 240//431 199//431
f 241//432 183//432 184//432
f 242//433 223//433 141//433
f 230//434 243//434 218//434
f 243//435 219//435 218//435
f 204//436 244//436 205//436
f 244//437 245//437 205//437
f 245//438 229//438 205//438
f 245//439 246//439 229//439
f 246//440 247//440 229//440
f 247//441 248//441 229//441
f 248//442 190//442 229//442
f 249//443 250//443 230//443
f 250//444 243//444 230//444
f 251//445 249//445 230//445
f 157//446 251//446 230//446
f 252//447 178//447 179//447
f 227//448 253//448 176//448
f 253//449 201//449 176//449
f 161//450 254//450 163//450
f 254//451 255//451 163//451
f 119//452 256//452 161//452
f 256//453 254//453 161//453
f 252//454 197//454 178//454
f 257//428 235//428 197//428
f 252//455 257//455 197//455
f 238//456 258//456 198//456
f 259//457 184//457 198//457
f 258//458 259//458 198//458
f 147//459 260//459 193//459
f 260//460 175//460 193//460
f 261//461 150//461 151//461
f 262//462 261//462 151//462
f 152//463 262//463 151//463
f 125//464 179//464 217//464
f 219//465 242//465 141//465
f 183//466 179//466 125//466
f 163//467 262//467 152//467
f 245//468 224//468 231//468
f 231//469 246//469 245//469
f 250//470 232//470 243//470
f 250//471 226//471 232//471
f 249//472 226//472 250//472
f 247//473 246//473 231//473
f 245//474 244//474 224//474
f 263//475 247//475 231//475
f 264//476 243//476 232//476
f 263//477 231//477 173//477
f 225//478 263//478 173//478
f 265//479 119//479 226//479
f 204//480 266//480 244//480
f 262//481 163//481 255//481
f 266//482 204//482 162//482
f 264//483 219//483 243//483
f 267//484 256//484 119//484
f 265//479 267//479 119//479
f 260//485 268//485 175//485
f 269//486 224//486 244//486
f 266//487 270//487 244//487
f 270//488 269//488 244//488
f 247//489 271//489 248//489
f 271//490 190//490 248//490
f 105//491 266//491 162//491
f 269//492 272//492 224//492
f 272//493 222//493 224//493
f 223//494 264//494 232//494
f 222//495 266//495 105//495
f 270//496 266//496 222//496
f 273//497 147//497 189//497
f 150//498 274//498 156//498
f 275//205 157//205 156//205
f 274//205 275//205 156//205
f 273//499 260//499 147//499
f 276//500 274//500 150//500
f 261//501 276//501 150//501
f 223//502 277//502 264//502
f 278//503 226//503 249//503
f 272//504 279//504 222//504
f 279//505 270//505 222//505
f 279//506 280//506 270//506
f 280//507 269//507 270//507
f 281//508 189//508 190//508
f 271//509 281//509 190//509
f 275//510 251//510 157//510
f 278//511 265//511 226//511
f 269//512 280//512 272//512
f 282//513 219//513 264//513
f 277//514 282//514 264//514
f 283//515 282//515 277//515
f 284//516 285//516 263//516
f 285//517 247//517 263//517
f 225//518 284//518 263//518
f 286//519 241//519 184//519
f 259//520 286//520 184//520
f 227//521 287//521 253//521
f 288//522 267//522 265//522
f 289//523 219//523 282//523
f 285//524 271//524 247//524
f 251//525 278//525 249//525
f 252//526 235//526 257//526
f 238//527 290//527 258//527
f 290//528 259//528 258//528
f 183//529 291//529 179//529
f 241//530 292//530 183//530
f 241//531 291//531 183//531
f 242//532 277//532 223//532
f 293//533 160//533 201//533
f 253//534 293//534 201//534
f 289//535 242//535 219//535
f 241//536 292//536 259//536
f 268//537 260//537 287//537
f 290//538 292//538 259//538
f 252//539 236//539 235//539
f 239//540 290//540 238//540
f 286//541 294//541 241//541
f 295//542 277//542 242//542
f 296//543 271//543 285//543
f 297//544 265//544 278//544
f 293//545 298//545 160//545
f 298//546 225//546 160//546
f 299//547 256//547 267//547
f 296//548 281//548 271//548
f 300//549 278//549 251//549
f 275//550 300//550 251//550
f 301//551 273//551 189//551
f 281//552 301//552 189//552
f 276//553 302//553 274//553
f 302//205 275//205 274//205
f 303//554 261//554 262//554
f 268//555 304//555 175//555
f 304//556 227//556 175//556
f 286//557 259//557 292//557
f 234//558 240//558 237//558
f 255//559 305//559 262//559
f 306//560 298//560 293//560
f 253//561 306//561 293//561
f 299//562 254//562 256//562
f 307//563 291//563 241//563
f 294//564 307//564 241//564
f 260//565 308//565 268//565
f 308//566 304//566 268//566
f 307//567 179//567 291//567
f 299//568 255//568 254//568
f 273//569 308//569 260//569
f 309//570 276//570 261//570
f 303//571 309//571 261//571
f 179//572 310//572 252//572
f 310//573 236//573 252//573
f 310//574 233//574 236//574
f 240//575 290//575 239//575
f 297//576 278//576 300//576
f 311//577 242//577 289//577
f 312//578 289//578 282//578
f 283//579 312//579 282//579
f 297//580 288//580 265//580
f 313//581 267//581 288//581
f 304//582 306//582 253//582
f 227//583 304//583 253//583
f 299//584 305//584 255//584
f 286//585 292//585 290//585
f 240//586 286//586 290//586
f 314//587 294//587 286//587
f 311//588 289//588 312//588
f 294//589 315//589 307//589
f 315//590 316//590 307//590
f 316//591 179//591 307//591
f 280//592 317//592 272//592
f 302//205 318//205 275//205
f 318//593 300//593 275//593
f 279//594 319//594 280//594
f 319//595 317//595 280//595
f 295//596 320//596 277//596
f 320//597 283//597 277//597
f 321//598 273//598 301//598
f 321//599 322//599 273//599
f 322//600 308//600 273//600
f 323//601 302//601 276//601
f 309//205 323//205 276//205
f 272//602 319//602 279//602
f 324//603 319//603 272//603
f 324//604 325//604 326//604
f 319//605 324//605 326//605
f 317//606 324//606 272//606
f 327//607 315//607 294//607
f 328//608 304//608 308//608
f 314//609 329//609 294//609
f 328//610 330//610 304//610
f 305//611 303//611 262//611
f 313//612 331//612 267//612
f 331//613 299//613 267//613
f 332//614 333//614 297//614
f 333//615 288//615 297//615
f 334//616 312//616 283//616
f 326//617 335//617 319//617
f 300//618 336//618 297//618
f 319//619 337//619 317//619
f 335//620 338//620 319//620
f 338//621 337//621 319//621
f 339//622 311//622 312//622
f 340//623 339//623 312//623
f 334//624 340//624 312//624
f 341//625 296//625 285//625
f 342//626 341//626 285//626
f 284//627 342//627 285//627
f 298//628 343//628 225//628
f 343//629 284//629 225//629
f 333//628 313//628 288//628
f 320//630 334//630 283//630
f 317//631 344//631 324//631
f 345//632 324//632 344//632
f 338//633 346//633 337//633
f 336//634 347//634 297//634
f 347//635 332//635 297//635
f 348//636 349//636 337//636
f 349//637 317//637 337//637
f 346//638 342//638 284//638
f 346//639 348//639 337//639
f 350//640 281//640 296//640
f 341//641 350//641 296//641
f 318//642 336//642 300//642
f 338//643 342//643 346//643
f 341//644 342//644 338//644
f 335//645 341//645 338//645
f 347//646 336//646 340//646
f 336//647 339//647 340//647
f 332//648 347//648 340//648
f 334//649 332//649 340//649
f 334//650 333//650 332//650
f 320//651 333//651 334//651
f 343//652 346//652 284//652
f 294//653 351//653 327//653
f 352//654 309//654 303//654
f 305//655 352//655 303//655
f 353//656 242//656 311//656
f 343//657 348//657 346//657
f 327//658 354//658 315//658
f 322//659 355//659 308//659
f 355//660 356//660 308//660
f 356//661 328//661 308//661
f 357//662 323//662 309//662
f 352//663 357//663 309//663
f 349//664 344//664 317//664
f 240//665 358//665 286//665
f 179//666 359//666 310//666
f 359//667 234//667 310//667
f 234//668 233//668 310//668
f 360//669 335//669 326//669
f 361//670 298//670 306//670
f 304//671 356//671 306//671
f 356//672 361//672 306//672
f 331//673 362//673 299//673
f 362//674 305//674 299//674
f 363//675 356//675 304//675
f 362//676 364//676 305//676
f 354//677 316//677 315//677
f 350//205 365//205 281//205
f 365//678 301//678 281//678
f 302//205 366//205 318//205
f 367//679 336//679 318//679
f 316//680 368//680 179//680
f 368//681 359//681 179//681
f 339//682 353//682 311//682
f 369//683 370//683 341//683
f 335//684 369//684 341//684
f 370//685 350//685 341//685
f 371//686 339//686 336//686
f 367//687 371//687 336//687
f 360//688 369//688 335//688
f 371//689 353//689 339//689
f 353//690 372//690 242//690
f 372//691 295//691 242//691
f 358//692 240//692 234//692
f 359//693 358//693 234//693
f 360//694 373//694 369//694
f 373//695 370//695 369//695
f 374//696 320//696 295//696
f 365//697 321//697 301//697
f 323//698 366//698 302//698
f 375//699 366//699 323//699
f 357//700 375//700 323//700
f 376//701 353//701 371//701
f 367//702 376//702 371//702
f 373//703 377//703 370//703
f 377//704 350//704 370//704
f 325//705 360//705 326//705
f 378//706 360//706 325//706
f 379//707 378//707 325//707
f 324//708 379//708 325//708
f 345//709 379//709 324//709
f 360//710 380//710 373//710
f 380//711 377//711 373//711
f 381//712 333//712 320//712
f 374//713 381//713 320//713
f 382//714 349//714 348//714
f 343//715 382//715 348//715
f 298//51 383//51 343//51
f 383//51 384//51 343//51
f 384//716 349//716 343//716
f 349//717 382//717 343//717
f 381//51 385//51 333//51
f 385//51 313//51 333//51
f 386//718 387//718 367//718
f 387//719 376//719 367//719
f 318//720 386//720 367//720
f 388//721 353//721 376//721
f 387//722 388//722 376//722
f 329//723 351//723 294//723
f 366//205 389//205 318//205
f 389//724 386//724 318//724
f 390//725 304//725 330//725
f 361//726 383//726 298//726
f 391//727 331//727 313//727
f 360//728 392//728 380//728
f 392//729 377//729 380//729
f 393//730 344//730 349//730
f 384//731 393//731 349//731
f 394//732 388//732 387//732
f 386//733 394//733 387//733
f 351//734 354//734 327//734
f 392//735 395//735 377//735
f 389//736 350//736 377//736
f 395//737 389//737 377//737
f 396//738 394//738 386//738
f 389//739 396//739 386//739
f 356//740 397//740 328//740
f 397//741 355//741 328//741
f 390//742 363//742 304//742
f 364//743 398//743 305//743
f 354//744 399//744 316//744
f 360//745 400//745 392//745
f 400//746 395//746 392//746
f 401//747 359//747 368//747
f 402//748 403//748 295//748
f 403//749 374//749 295//749
f 402//750 295//750 404//750
f 372//751 404//751 295//751
f 358//752 354//752 351//752
f 405//753 364//753 362//753
f 406//754 407//754 395//754
f 407//755 408//755 395//755
f 400//756 406//756 395//756
f 408//757 389//757 395//757
f 408//758 407//758 396//758
f 407//759 409//759 396//759
f 409//760 394//760 396//760
f 389//739 408//739 396//739
f 403//761 381//761 374//761
f 410//762 406//762 400//762
f 411//763 388//763 394//763
f 410//764 411//764 394//764
f 409//765 410//765 394//765
f 360//766 411//766 400//766
f 411//767 410//767 400//767
f 412//768 407//768 406//768
f 407//769 412//769 409//769
f 409//770 406//770 410//770
f 360//771 388//771 411//771
f 409//772 412//772 406//772
f 388//773 404//773 353//773
f 413//774 388//774 360//774
f 378//775 413//775 360//775
f 414//776 344//776 393//776
f 384//777 414//777 393//777
f 397//778 356//778 355//778
f 415//779 416//779 388//779
f 413//780 415//780 388//780
f 389//205 417//205 350//205
f 417//205 365//205 350//205
f 366//205 418//205 389//205
f 401//781 358//781 359//781
f 419//782 361//782 356//782
f 416//783 420//783 388//783
f 420//784 404//784 388//784
f 402//785 421//785 403//785
f 421//786 381//786 403//786
f 414//787 422//787 344//787
f 363//788 397//788 356//788
f 423//789 399//789 354//789
f 329//790 423//790 354//790
f 351//791 329//791 354//791
f 424//792 383//792 361//792
f 419//793 424//793 361//793
f 391//794 405//794 331//794
f 405//795 362//795 331//795
f 390//796 397//796 363//796
f 425//797 357//797 352//797
f 378//798 415//798 413//798
f 353//799 404//799 420//799
f 397//800 419//800 356//800
f 420//801 426//801 353//801
f 426//802 372//802 353//802
f 418//205 417//205 389//205
f 422//803 345//803 344//803
f 427//804 322//804 321//804
f 428//805 421//805 402//805
f 429//51 430//51 384//51
f 383//51 431//51 384//51
f 431//51 429//51 384//51
f 430//806 414//806 384//806
f 432//51 385//51 381//51
f 421//807 432//807 381//807
f 372//808 402//808 404//808
f 433//809 329//809 314//809
f 434//810 422//810 414//810
f 430//811 434//811 414//811
f 351//812 286//812 358//812
f 428//813 432//813 421//813
f 314//814 286//814 351//814
f 434//815 435//815 422//815
f 436//816 401//816 368//816
f 390//817 419//817 397//817
f 355//818 330//818 328//818
f 305//819 425//819 352//819
f 430//820 435//820 434//820
f 437//821 428//821 402//821
f 437//822 432//822 428//822
f 438//823 423//823 329//823
f 433//824 438//824 329//824
f 398//825 425//825 305//825
f 401//826 314//826 358//826
f 314//827 351//827 358//827
f 424//828 431//828 383//828
f 385//829 439//829 313//829
f 439//830 391//830 313//830
f 390//831 424//831 419//831
f 405//832 398//832 364//832
f 391//833 398//833 405//833
f 372//834 437//834 402//834
f 440//835 441//835 442//835
f 441//836 443//836 442//836
f 443//837 440//837 442//837
f 444//838 445//838 412//838
f 445//839 446//839 412//839
f 446//840 440//840 444//840
f 446//841 444//841 412//841
f 429//51 447//51 430//51
f 447//842 435//842 430//842
f 448//581 449//581 432//581
f 449//51 385//51 432//51
f 437//843 448//843 432//843
f 447//844 450//844 435//844
f 451//845 422//845 435//845
f 378//846 416//846 415//846
f 452//847 425//847 398//847
f 379//848 345//848 422//848
f 451//849 379//849 422//849
f 426//850 437//850 372//850
f 453//851 321//851 365//851
f 375//852 418//852 366//852
f 453//853 454//853 321//853
f 454//854 427//854 321//854
f 357//855 455//855 375//855
f 456//856 435//856 450//856
f 447//857 456//857 450//857
f 457//858 368//858 423//858
f 368//859 458//859 423//859
f 458//860 399//860 423//860
f 438//861 457//861 423//861
f 322//862 427//862 355//862
f 427//863 330//863 355//863
f 459//864 357//864 425//864
f 378//865 420//865 416//865
f 458//866 316//866 399//866
f 459//867 455//867 357//867
f 437//868 440//868 448//868
f 451//869 440//869 437//869
f 460//870 435//870 456//870
f 447//871 460//871 456//871
f 460//872 451//872 435//872
f 378//873 461//873 420//873
f 447//874 443//874 460//874
f 443//875 441//875 460//875
f 451//876 441//876 440//876
f 441//877 451//877 460//877
f 429//51 449//51 447//51
f 449//546 448//546 447//546
f 448//878 446//878 447//878
f 445//879 443//879 447//879
f 446//880 445//880 447//880
f 440//881 446//881 448//881
f 440//882 443//882 445//882
f 401//883 433//883 314//883
f 461//884 462//884 420//884
f 462//885 426//885 420//885
f 445//886 444//886 440//886
f 436//887 433//887 401//887
f 368//888 316//888 458//888
f 463//889 431//889 424//889
f 390//890 463//890 424//890
f 439//891 398//891 391//891
f 426//892 451//892 437//892
f 464//893 438//893 433//893
f 426//894 379//894 451//894
f 436//895 464//895 433//895
f 417//896 453//896 365//896
f 465//897 418//897 375//897
f 455//898 466//898 375//898
f 466//205 465//205 375//205
f 438//899 467//899 457//899
f 467//900 368//900 457//900
f 468//901 330//901 427//901
f 464//902 469//902 438//902
f 468//903 470//903 330//903
f 470//904 471//904 330//904
f 471//499 390//499 330//499
f 463//905 429//905 431//905
f 418//906 465//906 417//906
f 465//907 453//907 417//907
f 465//908 472//908 453//908
f 472//909 454//909 453//909
f 466//910 472//910 465//910
f 467//911 473//911 368//911
f 474//912 475//912 438//912
f 475//913 467//913 438//913
f 469//914 474//914 438//914
f 473//915 476//915 368//915
f 476//916 436//916 368//916
f 477//917 461//917 378//917
f 475//918 478//918 467//918
f 478//919 473//919 467//919
f 479//920 480//920 461//920
f 454//921 468//921 427//921
f 468//922 481//922 427//922
f 471//923 482//923 390//923
f 483//924 425//924 452//924
f 474//925 484//925 475//925
f 485//926 378//926 379//926
f 486//927 485//927 379//927
f 426//928 486//928 379//928
f 462//929 486//929 426//929
f 452//930 398//930 439//930
f 482//931 463//931 390//931
f 480//932 487//932 461//932
f 487//933 462//933 461//933
f 488//934 478//934 475//934
f 484//935 488//935 475//935
f 477//936 489//936 461//936
f 452//937 490//937 455//937
f 459//938 452//938 455//938
f 491//939 464//939 484//939
f 484//940 474//940 491//940
f 486//941 462//941 479//941
f 492//942 459//942 455//942
f 459//943 466//943 455//943
f 476//944 493//944 436//944
f 493//945 464//945 436//945
f 469//946 478//946 488//946
f 484//947 469//947 488//947
f 494//948 482//948 481//948
f 492//949 452//949 459//949
f 495//950 466//950 459//950
f 469//951 496//951 474//951
f 489//952 480//952 461//952
f 484//953 496//953 469//953
f 425//954 495//954 459//954
f 492//955 455//955 490//955
f 482//956 494//956 463//956
f 490//957 452//957 439//957
f 471//958 494//958 482//958
f 492//959 483//959 452//959
f 464//960 497//960 469//960
f 497//961 498//961 469//961
f 470//962 495//962 425//962
f 483//963 470//963 425//963
f 468//964 494//964 481//964
f 474//965 464//965 491//965
f 493//966 496//966 484//966
f 499//967 478//967 469//967
f 498//968 499//968 469//968
f 454//969 470//969 468//969
f 472//970 466//970 495//970
f 470//971 472//971 495//971
f 500//972 489//972 477//972
f 499//973 473//973 478//973
f 500//974 501//974 489//974
f 501//975 480//975 489//975
f 463//976 502//976 429//976
f 449//977 503//977 385//977
f 503//978 439//978 385//978
f 493//979 484//979 464//979
f 485//980 504//980 378//980
f 501//981 505//981 480//981
f 505//982 487//982 480//982
f 498//983 473//983 499//983
f 506//984 476//984 473//984
f 507//985 508//985 476//985
f 509//986 473//986 498//986
f 510//987 470//987 454//987
f 470//988 510//988 472//988
f 504//989 485//989 486//989
f 511//990 501//990 500//990
f 506//991 500//991 477//991
f 512//992 513//992 509//992
f 514//993 512//993 509//993
f 506//994 473//994 509//994
f 513//995 506//995 509//995
f 498//996 514//996 509//996
f 378//997 506//997 477//997
f 494//998 502//998 463//998
f 503//999 490//999 439//999
f 496//1000 464//1000 474//1000
f 512//1001 511//1001 500//1001
f 506//1002 512//1002 500//1002
f 514//1003 498//1003 511//1003
f 498//1004 501//1004 511//1004
f 513//1005 512//1005 506//1005
f 472//1006 510//1006 454//1006
f 504//1007 515//1007 378//1007
f 511//1008 516//1008 512//1008
f 514//1009 511//1009 512//1009
f 517//1010 514//1010 512//1010
f 518//1011 517//1011 514//1011
f 519//1012 512//1012 513//1012
f 511//1013 520//1013 516//1013
f 476//1014 496//1014 493//1014
f 521//1015 486//1015 479//1015
f 498//1016 505//1016 501//1016
f 496//1017 497//1017 464//1017
f 378//1018 476//1018 506//1018
f 515//1019 507//1019 476//1019
f 378//916 515//916 476//916
f 476//1020 508//1020 496//1020
f 497//1021 505//1021 498//1021
f 483//1022 471//1022 470//1022
f 503//1023 492//1023 490//1023
f 462//1024 521//1024 479//1024
f 521//1025 504//1025 486//1025
f 471//1026 502//1026 494//1026
f 462//1027 504//1027 521//1027
f 508//1028 497//1028 496//1028
f 483//1029 492//1029 503//1029
f 502//1030 449//1030 429//1030
f 522//1031 503//1031 449//1031
f 523//1032 524//1032 510//1032
f 502//1033 522//1033 449//1033
f 487//1034 504//1034 462//1034
f 487//1035 515//1035 504//1035
f 505//1036 515//1036 487//1036
f 525//1037 526//1037 520//1037
f 526//1038 527//1038 520//1038
f 527//1039 525//1039 520//1039
f 522//1040 483//1040 503//1040
f 518//1041 505//1041 497//1041
f 524//1042 522//1042 502//1042
f 471//1043 524//1043 502//1043
f 523//1044 483//1044 522//1044
f 523//1045 471//1045 483//1045
f 528//1046 515//1046 505//1046
f 518//1047 525//1047 528//1047
f 525//1048 527//1048 528//1048
f 527//1049 515//1049 528//1049
f 505//1050 518//1050 528//1050
f 519//1051 507//1051 515//1051
f 529//1052 519//1052 515//1052
f 527//1053 529//1053 515//1053
f 497//1054 508//1054 517//1054
f 508//1055 525//1055 517//1055
f 518//1056 497//1056 517//1056
f 524//1057 523//1057 522//1057
f 523//1058 524//1058 471//1058
f 517//1059 525//1059 518//1059
f 507//1060 526//1060 508//1060
f 526//1061 525//1061 508//1061
f 529//1062 526//1062 507//1062
f 519//1063 529//1063 507//1063
f 529//1064 527//1064 526//1064
f 530//648 531//648 532//648
f 533//648 530//648 532//648
f 534//1065 533//1065 532//1065
f 535//218 534//218 532//218
f 536//218 535//218 532//218
f 531//218 536//218 532//218
f 534//1066 537//1066 533//1066
f 537//428 538//428 533//428
f 538//428 539//428 533//428
f 539//428 530//428 533//428
f 540//1067 541//1067 531//1067
f 530//1067 540//1067 531//1067
f 542//218 536//218 531//218
f 541//218 542//218 531//218
f 539//428 540//428 530//428
f 543//1068 535//1068 544//1068
f 535//1069 536//1069 544//1069
f 545//218 543//218 544//218
f 543//1070 546//1070 535//1070
f 546//218 534//218 535//218
f 536//1071 542//1071 544//1071
f 542//1072 547//1072 544//1072
f 547//218 545//218 544//218
f 548//1073 537//1073 534//1073
f 546//218 548//218 534//218
f 548//1074 549//1074 537//1074
f 549//428 538//428 537//428
f 550//1075 551//1075 541//1075
f 540//1076 550//1076 541//1076
f 552//218 542//218 541//218
f 551//218 552//218 541//218
f 539//428 550//428 540//428
f 553//1077 546//1077 543//1077
f 545//218 553//218 543//218
f 553//1078 554//1078 546//1078
f 554//218 548//218 546//218
f 542//1079 552//1079 547//1079
f 552//1080 555//1080 547//1080
f 556//218 545//218 547//218
f 555//218 556//218 547//218
f 557//1081 549//1081 548//1081
f 554//218 557//218 548//218
f 557//1081 558//1081 549//1081
f 558//428 538//428 549//428
f 559//1082 560//1082 551//1082
f 550//1082 559//1082 551//1082
f 561//428 559//428 550//428
f 539//428 561//428 550//428
f 545//218 562//218 553//218
f 553//1083 563//1083 554//1083
f 563//218 557//218 554//218
f 552//1084 551//1084 555//1084
f 551//1085 564//1085 555//1085
f 560//218 564//218 551//218
f 565//1086 566//1086 555//1086
f 564//1087 565//1087 555//1087
f 566//218 556//218 555//218
f 560//218 565//218 564//218
f 567//1088 558//1088 557//1088
f 563//218 567//218 557//218
f 567//1088 568//1088 558//1088
f 569//428 538//428 558//428
f 568//428 569//428 558//428
f 570//1089 571//1089 560//1089
f 559//1089 570//1089 560//1089
f 571//218 572//218 560//218
f 572//218 565//218 560//218
f 561//428 570//428 559//428
f 573//1090 563//1090 553//1090
f 562//218 573//218 553//218
f 573//1091 574//1091 563//1091
f 574//218 567//218 563//218
f 575//1092 562//1092 545//1092
f 545//1093 556//1093 575//1093
f 576//1094 568//1094 567//1094
f 574//218 576//218 567//218
f 576//1094 577//1094 568//1094
f 577//428 569//428 568//428
f 578//1095 579//1095 571//1095
f 570//1095 578//1095 571//1095
f 579//218 580//218 571//218
f 580//218 572//218 571//218
f 581//428 578//428 570//428
f 561//428 581//428 570//428
f 582//1096 574//1096 573//1096
f 562//218 582//218 573//218
f 582//1097 583//1097 574//1097
f 583//218 576//218 574//218
f 584//218 585//218 562//218
f 585//218 586//218 562//218
f 586//218 582//218 562//218
f 556//32 587//32 562//32
f 587//1098 588//1098 562//1098
f 588//218 584//218 562//218
f 575//1099 556//1099 562//1099
f 566//1100 587//1100 556//1100
f 589//1101 577//1101 576//1101
f 583//218 589//218 576//218
f 589//1101 590//1101 577//1101
f 591//428 569//428 577//428
f 590//428 591//428 577//428
f 592//1102 593//1102 579//1102
f 578//1102 592//1102 579//1102
f 593//218 580//218 579//218
f 581//428 592//428 578//428
f 582//1103 594//1103 583//1103
f 594//218 589//218 583//218
f 595//1104 590//1104 589//1104
f 594//218 595//218 589//218
f 595//1104 596//1104 590//1104
f 596//428 591//428 590//428
f 597//1105 598//1105 593//1105
f 592//1105 597//1105 593//1105
f 598//218 580//218 593//218
f 581//428 597//428 592//428
f 586//1106 594//1106 582//1106
f 599//218 595//218 594//218
f 586//1107 599//1107 594//1107
f 566//1108 600//1108 587//1108
f 601//218 602//218 600//218
f 600//1109 603//1109 587//1109
f 602//218 603//218 600//218
f 565//1110 600//1110 566//1110
f 585//1111 599//1111 586//1111
f 604//218 595//218 599//218
f 605//218 604//218 599//218
f 585//1112 605//1112 599//1112
f 565//218 601//218 600//218
f 602//218 606//218 603//218
f 584//1113 605//1113 585//1113
f 607//218 604//218 605//218
f 572//218 601//218 565//218
f 603//1114 588//1114 587//1114
f 603//1115 584//1115 588//1115
f 604//1116 596//1116 595//1116
f 604//1116 608//1116 596//1116
f 608//428 591//428 596//428
f 609//1117 610//1117 598//1117
f 597//1117 609//1117 598//1117
f 610//218 611//218 598//218
f 611//218 580//218 598//218
f 581//428 612//428 597//428
f 612//428 609//428 597//428
f 613//1118 614//1118 603//1118
f 606//218 613//218 603//218
f 614//1119 584//1119 603//1119
f 615//218 616//218 614//218
f 617//218 618//218 614//218
f 618//218 619//218 614//218
f 616//218 620//218 614//218
f 620//218 621//218 614//218
f 621//218 617//218 614//218
f 613//218 615//218 614//218
f 614//218 622//218 605//218
f 622//218 623//218 605//218
f 623//218 624//218 605//218
f 624//218 625//218 605//218
f 625//218 626//218 605//218
f 626//218 607//218 605//218
f 584//1120 614//1120 605//1120
f 619//218 627//218 614//218
f 627//218 628//218 614//218
f 628//218 629//218 614//218
f 629//218 622//218 614//218
f 572//1121 561//1121 601//1121
f 561//1121 539//1121 601//1121
f 539//1122 602//1122 601//1122
f 538//1122 602//1122 539//1122
f 538//1123 606//1123 602//1123
f 569//1123 606//1123 538//1123
f 580//1124 581//1124 572//1124
f 581//1124 561//1124 572//1124
f 569//1125 613//1125 606//1125
f 591//1125 613//1125 569//1125
f 607//51 608//51 604//51
f 607//51 630//51 608//51
f 630//428 631//428 608//428
f 631//428 591//428 608//428
f 632//205 633//205 610//205
f 609//205 632//205 610//205
f 633//218 611//218 610//218
f 612//428 632//428 609//428
f 611//1126 612//1126 580//1126
f 612//1126 581//1126 580//1126
f 591//1127 615//1127 613//1127
f 631//1127 615//1127 591//1127
f 634//1128 635//1128 611//1128
f 635//1128 612//1128 611//1128
f 633//218 636//218 611//218
f 636//218 634//218 611//218
f 635//428 637//428 612//428
f 637//428 632//428 612//428
f 631//1129 616//1129 615//1129
f 638//428 639//428 631//428
f 630//428 638//428 631//428
f 639//1129 616//1129 631//1129
f 640//1130 641//1130 634//1130
f 641//1130 635//1130 634//1130
f 642//218 640//218 634//218
f 636//218 643//218 634//218
f 643//218 642//218 634//218
f 641//428 644//428 635//428
f 644//428 645//428 635//428
f 645//428 637//428 635//428
f 639//1131 620//1131 616//1131
f 646//428 647//428 639//428
f 647//428 648//428 639//428
f 648//428 649//428 639//428
f 638//428 646//428 639//428
f 649//1131 620//1131 639//1131
f 626//1132 630//1132 607//1132
f 626//1132 638//1132 630//1132
f 637//1133 636//1133 633//1133
f 632//1133 637//1133 633//1133
f 650//1134 651//1134 640//1134
f 651//1134 641//1134 640//1134
f 652//218 650//218 640//218
f 642//218 652//218 640//218
f 651//428 653//428 641//428
f 653//428 654//428 641//428
f 654//428 644//428 641//428
f 649//1135 655//1135 620//1135
f 655//218 621//218 620//218
f 656//428 657//428 649//428
f 648//428 658//428 649//428
f 658//428 656//428 649//428
f 657//1135 655//1135 649//1135
f 655//1136 657//1136 650//1136
f 657//1136 651//1136 650//1136
f 621//218 655//218 650//218
f 652//218 621//218 650//218
f 659//428 660//428 651//428
f 660//428 653//428 651//428
f 657//428 661//428 651//428
f 661//428 662//428 651//428
f 662//428 659//428 651//428
f 656//428 663//428 657//428
f 663//428 661//428 657//428
f 625//1137 638//1137 626//1137
f 625//1137 646//1137 638//1137
f 645//1138 643//1138 636//1138
f 637//1138 645//1138 636//1138
f 624//1139 646//1139 625//1139
f 624//1139 647//1139 646//1139
f 644//1140 642//1140 643//1140
f 645//1140 644//1140 643//1140
f 623//1141 647//1141 624//1141
f 623//1141 648//1141 647//1141
f 654//1142 652//1142 642//1142
f 644//1142 654//1142 642//1142
f 622//1143 648//1143 623//1143
f 622//1143 658//1143 648//1143
f 653//1144 621//1144 652//1144
f 654//1144 653//1144 652//1144
f 629//1145 658//1145 622//1145
f 629//1145 656//1145 658//1145
f 660//1146 617//1146 621//1146
f 653//1146 660//1146 621//1146
f 628//1147 656//1147 629//1147
f 628//1147 663//1147 656//1147
f 659//1148 618//1148 617//1148
f 660//1149 659//1149 617//1149
f 627//1150 663//1150 628//1150
f 627//1150 661//1150 663//1150
f 662//1151 619//1151 618//1151
f 659//1152 662//1152 618//1152
f 619//1153 661//1153 627//1153
f 619//1153 662//1153 661//1153
f 664//1154 665//1154 666//1154
f 664//1155 667//1155 666//1155
f 668//1156 667//1156 664//1156
f 538//1157 666//1157 667//1157
f 539//218 538//218 667//218
f 668//1158 664//1158 666//1158
f 669//1159 667//1159 668//1159
f 670//218 539//218 667//218
f 669//1160 670//1160 667//1160
f 538//1161 537//1161 666//1161
f 537//1162 668//1162 666//1162
f 671//1163 669//1163 668//1163
f 671//428 672//428 669//428
f 671//1164 668//1164 537//1164
f 673//428 672//428 671//428
f 674//1165 670//1165 669//1165
f 561//218 539//218 670//218
f 675//1166 561//1166 670//1166
f 674//1167 675//1167 670//1167
f 537//1168 676//1168 671//1168
f 538//218 677//218 537//218
f 677//1169 676//1169 537//1169
f 674//1170 678//1170 675//1170
f 677//1171 671//1171 676//1171
f 669//1172 675//1172 674//1172
f 679//1173 561//1173 675//1173
f 669//1174 679//1174 675//1174
f 569//218 680//218 677//218
f 538//218 569//218 677//218
f 680//1175 671//1175 677//1175
f 681//428 673//428 671//428
f 669//1176 682//1176 679//1176
f 681//1177 671//1177 680//1177
f 683//1178 682//1178 669//1178
f 672//428 683//428 669//428
f 581//218 561//218 679//218
f 684//1179 581//1179 679//1179
f 685//1180 684//1180 679//1180
f 682//1181 685//1181 679//1181
f 591//1182 686//1182 680//1182
f 569//218 591//218 680//218
f 686//1183 681//1183 680//1183
f 672//428 687//428 683//428
f 688//428 673//428 681//428
f 689//1184 581//1184 684//1184
f 685//1185 689//1185 684//1185
f 682//1186 689//1186 685//1186
f 686//1187 690//1187 681//1187
f 612//218 581//218 689//218
f 691//218 612//218 689//218
f 683//1188 691//1188 689//1188
f 682//1189 683//1189 689//1189
f 591//1190 692//1190 686//1190
f 692//1191 690//1191 686//1191
f 693//428 688//428 681//428
f 693//1192 681//1192 690//1192
f 692//1193 693//1193 690//1193
f 687//428 694//428 683//428
f 683//1194 695//1194 691//1194
f 694//428 696//428 683//428
f 631//1195 697//1195 692//1195
f 591//218 631//218 692//218
f 697//1196 693//1196 692//1196
f 697//1197 698//1197 693//1197
f 561//1121 672//1121 539//1121
f 672//1198 538//1198 539//1198
f 673//1198 538//1198 672//1198
f 673//1123 569//1123 538//1123
f 581//1124 687//1124 561//1124
f 687//1199 672//1199 561//1199
f 673//1200 591//1200 569//1200
f 688//1200 591//1200 673//1200
f 612//1201 694//1201 581//1201
f 694//1202 687//1202 581//1202
f 688//1127 631//1127 591//1127
f 698//1203 697//1203 699//1203
f 700//1204 695//1204 683//1204
f 635//1128 694//1128 612//1128
f 691//218 701//218 612//218
f 701//218 635//218 612//218
f 688//1205 639//1205 631//1205
f 639//218 702//218 631//218
f 702//1206 697//1206 631//1206
f 693//428 703//428 688//428
f 703//1207 639//1207 688//1207
f 702//1208 698//1208 697//1208
f 702//1209 693//1209 698//1209
f 700//1210 691//1210 695//1210
f 641//1211 704//1211 635//1211
f 704//1211 694//1211 635//1211
f 701//1212 705//1212 635//1212
f 705//1213 706//1213 635//1213
f 706//218 641//218 635//218
f 704//428 696//428 694//428
f 703//1131 649//1131 639//1131
f 707//1214 702//1214 639//1214
f 649//218 708//218 639//218
f 708//1215 707//1215 639//1215
f 709//428 710//428 703//428
f 693//428 709//428 703//428
f 710//1131 649//1131 703//1131
f 651//1134 704//1134 641//1134
f 706//218 711//218 641//218
f 711//218 651//218 641//218
f 710//1135 657//1135 649//1135
f 657//218 712//218 649//218
f 712//1118 708//1118 649//1118
f 709//428 713//428 710//428
f 713//1135 657//1135 710//1135
f 657//1136 713//1136 651//1136
f 713//1216 704//1216 651//1216
f 659//218 714//218 651//218
f 714//218 657//218 651//218
f 711//218 659//218 651//218
f 715//428 696//428 704//428
f 713//428 715//428 704//428
f 714//218 716//218 657//218
f 716//1217 712//1217 657//1217
f 709//1218 717//1218 713//1218
f 717//428 715//428 713//428
f 696//1219 700//1219 683//1219
f 700//1220 701//1220 691//1220
f 707//1221 693//1221 702//1221
f 707//1222 717//1222 693//1222
f 696//1223 701//1223 700//1223
f 696//1224 705//1224 701//1224
f 707//1225 718//1225 717//1225
f 719//1226 705//1226 696//1226
f 707//1227 708//1227 718//1227
f 708//1228 717//1228 718//1228
f 719//1229 706//1229 705//1229
f 717//1230 709//1230 693//1230
f 720//1231 717//1231 708//1231
f 720//1232 712//1232 721//1232
f 696//1233 711//1233 706//1233
f 719//1234 696//1234 706//1234
f 712//1235 720//1235 708//1235
f 722//1236 723//1236 696//1236
f 720//1237 715//1237 717//1237
f 724//1238 711//1238 696//1238
f 724//1239 659//1239 711//1239
f 723//1240 724//1240 696//1240
f 715//1241 722//1241 696//1241
f 712//1242 715//1242 720//1242
f 723//1243 659//1243 724//1243
f 716//1244 715//1244 712//1244
f 716//1245 722//1245 715//1245
f 723//1246 714//1246 659//1246
f 714//1247 722//1247 716//1247
f 725//1248 714//1248 723//1248
f 725//1249 726//1249 714//1249
f 714//1250 726//1250 722//1250
f 726//1251 725//1251 722//1251
f 725//1252 723//1252 722//1252
f 727//1253 728//1253 729//1253
f 730//1254 731//1254 729//1254
f 731//1255 727//1255 729//1255
f 728//1256 730//1256 729//1256
f 673//218 728//218 727//218
f 672//218 673//218 727//218
f 730//1257 732//1257 731//1257
f 731//1258 733//1258 727//1258
f 733//218 672//218 727//218
f 734//1259 730//1259 728//1259
f 673//218 734//218 728//218
f 732//1260 735//1260 731//1260
f 735//1261 733//1261 731//1261
f 736//1262 737//1262 733//1262
f 735//1263 736//1263 733//1263
f 737//218 672//218 733//218
f 738//1264 730//1264 734//1264
f 738//1265 739//1265 730//1265
f 740//1266 737//1266 736//1266
f 735//1267 740//1267 736//1267
f 734//1268 739//1268 738//1268
f 735//1269 737//1269 740//1269
f 730//1270 741//1270 732//1270
f 742//1271 737//1271 735//1271
f 741//1272 735//1272 732//1272
f 743//1273 741//1273 730//1273
f 744//1274 739//1274 734//1274
f 673//218 744//218 734//218
f 745//1275 746//1275 739//1275
f 746//1276 730//1276 739//1276
f 744//1277 745//1277 739//1277
f 747//1278 748//1278 741//1278
f 743//1279 747//1279 741//1279
f 735//1280 749//1280 742//1280
f 748//1281 750//1281 741//1281
f 742//1282 751//1282 737//1282
f 687//218 672//218 737//218
f 751//218 687//218 737//218
f 741//1283 752//1283 735//1283
f 752//1284 749//1284 735//1284
f 753//1285 745//1285 744//1285
f 746//1286 754//1286 730//1286
f 754//1287 743//1287 730//1287
f 755//1288 745//1288 753//1288
f 750//1289 752//1289 741//1289
f 746//1290 755//1290 754//1290
f 754//1291 756//1291 743//1291
f 756//428 747//428 743//428
f 757//1292 742//1292 749//1292
f 755//1293 746//1293 745//1293
f 742//1294 758//1294 751//1294
f 752//1295 757//1295 749//1295
f 759//1296 760//1296 744//1296
f 760//1297 753//1297 744//1297
f 688//218 759//218 744//218
f 673//218 688//218 744//218
f 753//1298 754//1298 755//1298
f 761//1299 753//1299 760//1299
f 758//1300 762//1300 751//1300
f 762//218 687//218 751//218
f 759//1301 761//1301 760//1301
f 742//1302 763//1302 758//1302
f 763//1303 762//1303 758//1303
f 759//1304 753//1304 761//1304
f 757//1305 764//1305 742//1305
f 764//1306 763//1306 742//1306
f 765//428 747//428 756//428
f 766//1307 754//1307 753//1307
f 752//1308 750//1308 757//1308
f 750//1309 767//1309 757//1309
f 763//1129 757//1129 762//1129
f 757//1129 768//1129 762//1129
f 768//218 694//218 762//218
f 694//218 687//218 762//218
f 764//1310 757//1310 763//1310
f 769//1311 770//1311 753//1311
f 771//1312 769//1312 753//1312
f 759//1313 771//1313 753//1313
f 772//1314 771//1314 759//1314
f 688//218 772//218 759//218
f 773//1315 769//1315 771//1315
f 772//1316 773//1316 771//1316
f 766//1317 774//1317 754//1317
f 774//1318 756//1318 754//1318
f 774//1319 765//1319 756//1319
f 766//1320 753//1320 775//1320
f 776//1321 757//1321 764//1321
f 770//1322 775//1322 753//1322
f 770//1323 774//1323 766//1323
f 775//1324 770//1324 766//1324
f 769//1325 774//1325 770//1325
f 777//1326 778//1326 768//1326
f 757//1327 777//1327 768//1327
f 778//218 694//218 768//218
f 779//1328 773//1328 772//1328
f 780//1329 767//1329 750//1329
f 748//428 780//428 750//428
f 748//1330 673//1330 672//1330
f 747//1331 673//1331 748//1331
f 687//1332 748//1332 672//1332
f 747//1125 688//1125 673//1125
f 765//1125 688//1125 747//1125
f 694//1202 780//1202 687//1202
f 780//1333 748//1333 687//1333
f 781//1334 777//1334 757//1334
f 773//1335 782//1335 779//1335
f 769//1336 783//1336 774//1336
f 783//1337 765//1337 774//1337
f 778//218 784//218 694//218
f 703//218 785//218 688//218
f 785//218 772//218 688//218
f 765//1207 703//1207 688//1207
f 783//1338 786//1338 765//1338
f 786//1339 703//1339 765//1339
f 787//1340 781//1340 757//1340
f 767//1341 787//1341 757//1341
f 769//1342 773//1342 779//1342
f 785//1343 779//1343 772//1343
f 788//1344 787//1344 767//1344
f 781//1345 777//1345 789//1345
f 781//1346 778//1346 777//1346
f 785//1347 769//1347 779//1347
f 784//218 790//218 694//218
f 790//218 704//218 694//218
f 704//1348 791//1348 694//1348
f 791//1349 780//1349 694//1349
f 788//1329 767//1329 780//1329
f 791//1329 788//1329 780//1329
f 792//218 793//218 703//218
f 793//218 785//218 703//218
f 710//218 794//218 703//218
f 794//218 792//218 703//218
f 786//1131 710//1131 703//1131
f 783//1350 795//1350 786//1350
f 790//218 796//218 704//218
f 797//1351 788//1351 791//1351
f 713//218 798//218 710//218
f 798//218 799//218 710//218
f 799//218 794//218 710//218
f 786//1352 713//1352 710//1352
f 795//428 791//428 786//428
f 791//1353 713//1353 786//1353
f 800//218 801//218 704//218
f 801//218 802//218 704//218
f 802//218 713//218 704//218
f 796//218 800//218 704//218
f 713//1354 791//1354 704//1354
f 802//218 798//218 713//218
f 795//428 797//428 791//428
f 781//1355 803//1355 778//1355
f 803//1356 784//1356 778//1356
f 787//1357 803//1357 781//1357
f 793//1126 769//1126 785//1126
f 804//1358 805//1358 769//1358
f 793//1126 804//1126 769//1126
f 788//1359 806//1359 787//1359
f 804//1360 807//1360 805//1360
f 807//1361 769//1361 805//1361
f 806//1362 803//1362 787//1362
f 792//1363 808//1363 793//1363
f 808//1364 804//1364 793//1364
f 808//1365 807//1365 804//1365
f 809//1366 810//1366 808//1366
f 769//1367 811//1367 783//1367
f 811//1368 795//1368 783//1368
f 812//428 811//428 769//428
f 807//428 813//428 769//428
f 814//218 812//218 769//218
f 815//428 814//428 769//428
f 813//428 815//428 769//428
f 788//1369 816//1369 806//1369
f 817//1370 790//1370 784//1370
f 803//1371 817//1371 784//1371
f 806//1372 817//1372 803//1372
f 809//1373 808//1373 792//1373
f 808//1374 810//1374 807//1374
f 810//1375 813//1375 807//1375
f 809//1376 813//1376 810//1376
f 806//1377 790//1377 817//1377
f 792//1378 813//1378 809//1378
f 806//1379 796//1379 790//1379
f 818//1380 806//1380 816//1380
f 811//1381 812//1381 819//1381
f 794//1382 813//1382 792//1382
f 794//1383 815//1383 813//1383
f 819//1384 820//1384 811//1384
f 816//1385 821//1385 818//1385
f 814//1386 795//1386 811//1386
f 820//428 814//428 811//428
f 812//1387 814//1387 819//1387
f 820//1388 819//1388 814//1388
f 788//1389 821//1389 816//1389
f 821//1390 806//1390 818//1390
f 814//1391 822//1391 795//1391
f 788//1392 797//1392 821//1392
f 823//1393 824//1393 821//1393
f 825//1394 826//1394 822//1394
f 814//1395 825//1395 822//1395
f 806//1396 821//1396 796//1396
f 827//1397 825//1397 814//1397
f 814//1398 815//1398 794//1398
f 799//1398 814//1398 794//1398
f 822//1399 797//1399 795//1399
f 822//1400 821//1400 797//1400
f 799//1401 827//1401 814//1401
f 826//1402 828//1402 822//1402
f 828//428 821//428 822//428
f 829//1403 800//1403 796//1403
f 821//1404 829//1404 796//1404
f 824//1405 829//1405 821//1405
f 824//1406 823//1406 830//1406
f 828//1407 831//1407 821//1407
f 832//218 823//218 821//218
f 831//1408 832//1408 821//1408
f 798//1409 833//1409 799//1409
f 833//1410 834//1410 799//1410
f 834//1411 827//1411 799//1411
f 834//1412 833//1412 827//1412
f 832//1413 830//1413 823//1413
f 825//1414 828//1414 826//1414
f 824//1415 800//1415 829//1415
f 830//1416 832//1416 824//1416
f 798//1417 827//1417 833//1417
f 825//1418 831//1418 828//1418
f 831//1419 824//1419 832//1419
f 802//1420 827//1420 798//1420
f 802//1421 825//1421 827//1421
f 824//1422 831//1422 800//1422
f 831//1423 801//1423 800//1423
f 802//1424 831//1424 825//1424
f 835//1425 802//1425 801//1425
f 831//1426 835//1426 801//1426
f 835//1427 831//1427 802//1427
f 836//1428 837//1428 838//1428
f 837//1429 839//1429 838//1429
f 840//1430 841//1430 838//1430
f 839//1431 840//1431 838//1431
f 841//1432 842//1432 838//1432
f 842//1433 836//1433 838//1433
f 837//1434 842//1434 839//1434
f 842//1435 840//1435 839//1435
f 843//1436 842//1436 837//1436
f 844//1437 845//1437 846//1437
f 847//1438 848//1438 849//1438
f 850//1439 847//1439 849//1439
f 848//1440 851//1440 849//1440
f 851//1441 850//1441 849//1441
f 852//1442 851//1442 848//1442
f 847//1443 852//1443 848//1443
f 847//1444 846//1444 845//1444
f 847//1445 850//1445 846//1445
f 850//1446 844//1446 846//1446
f 850//1447 853//1447 844//1447
f 837//1448 854//1448 843//1448
f 854//1449 855//1449 843//1449
f 856//1450 845//1450 844//1450
f 857//1451 858//1451 851//1451
f 852//1452 857//1452 851//1452
f 852//1453 859//1453 857//1453
f 853//1454 856//1454 844//1454
f 836//1455 854//1455 837//1455
f 856//1456 847//1456 845//1456
f 860//1457 843//1457 855//1457
f 851//1458 853//1458 850//1458
f 847//1459 861//1459 852//1459
f 861//1460 862//1460 852//1460
f 863//1461 855//1461 854//1461
f 836//1462 864//1462 854//1462
f 861//218 854//218 862//218
f 865//1463 852//1463 862//1463
f 854//1464 865//1464 862//1464
f 861//1118 863//1118 854//1118
f 864//1465 865//1465 854//1465
f 863//1466 866//1466 855//1466
f 866//1467 860//1467 855//1467
f 867//1468 861//1468 847//1468
f 867//1153 868//1153 861//1153
f 868//1153 863//1153 861//1153
f 869//218 868//218 867//218
f 847//1469 869//1469 867//1469
f 868//1470 870//1470 863//1470
f 870//1471 871//1471 863//1471
f 871//1472 866//1472 863//1472
f 869//218 870//218 868//218
f 872//1473 860//1473 866//1473
f 873//205 872//205 866//205
f 871//205 873//205 866//205
f 874//1474 865//1474 864//1474
f 840//1475 842//1475 841//1475
f 860//1476 842//1476 843//1476
f 853//1477 875//1477 856//1477
f 876//1478 877//1478 847//1478
f 877//1479 869//1479 847//1479
f 859//1480 852//1480 865//1480
f 874//1481 859//1481 865//1481
f 856//1482 876//1482 847//1482
f 870//648 869//648 877//648
f 871//648 870//648 877//648
f 878//218 871//218 877//218
f 876//1483 878//1483 877//1483
f 878//218 873//218 871//218
f 836//1484 874//1484 864//1484
f 872//1485 873//1485 878//1485
f 876//1486 872//1486 878//1486
f 858//1487 853//1487 851//1487
f 876//1488 879//1488 872//1488
f 879//1489 880//1489 872//1489
f 880//1490 881//1490 872//1490
f 881//1491 860//1491 872//1491
f 881//1492 882//1492 860//1492
f 882//1493 842//1493 860//1493
f 859//1494 874//1494 836//1494
f 842//1495 882//1495 836//1495
f 882//1496 883//1496 836//1496
f 883//1497 859//1497 836//1497
f 880//1498 879//1498 876//1498
f 875//1499 876//1499 856//1499
f 880//1500 876//1500 881//1500
f 876//1501 884//1501 881//1501
f 884//1502 882//1502 881//1502
f 853//1503 885//1503 875//1503
f 884//1504 886//1504 882//1504
f 887//1505 883//1505 882//1505
f 886//1506 887//1506 882//1506
f 875//1507 888//1507 884//1507
f 888//1508 886//1508 884//1508
f 883//1509 889//1509 859//1509
f 889//1510 857//1510 859//1510
f 876//1511 875//1511 884//1511
f 887//1512 889//1512 883//1512
f 890//1513 853//1513 858//1513
f 888//205 891//205 886//205
f 889//1514 887//1514 886//1514
f 891//1515 889//1515 886//1515
f 892//1516 893//1516 888//1516
f 893//1517 894//1517 888//1517
f 894//1518 895//1518 888//1518
f 895//1519 896//1519 888//1519
f 875//1520 892//1520 888//1520
f 896//1521 891//1521 888//1521
f 885//1522 892//1522 875//1522
f 889//1523 897//1523 857//1523
f 897//1524 858//1524 857//1524
f 898//1525 885//1525 853//1525
f 896//1526 899//1526 891//1526
f 899//1527 889//1527 891//1527
f 900//1528 893//1528 892//1528
f 901//1529 893//1529 900//1529
f 902//1530 903//1530 904//1530
f 905//1531 906//1531 907//1531
f 903//1532 894//1532 893//1532
f 908//1533 903//1533 893//1533
f 903//1534 906//1534 894//1534
f 885//1535 909//1535 892//1535
f 902//1536 906//1536 903//1536
f 909//1537 900//1537 892//1537
f 897//1538 890//1538 858//1538
f 899//1539 897//1539 889//1539
f 896//1540 910//1540 899//1540
f 910//1541 897//1541 899//1541
f 911//1542 894//1542 912//1542
f 913//1543 890//1543 897//1543
f 897//1544 910//1544 913//1544
f 908//1545 902//1545 903//1545
f 894//1546 911//1546 895//1546
f 911//1547 914//1547 895//1547
f 915//1548 916//1548 896//1548
f 916//1549 910//1549 896//1549
f 890//1550 898//1550 853//1550
f 913//1551 898//1551 890//1551
f 917//1552 909//1552 885//1552
f 910//1553 918//1553 913//1553
f 914//1554 915//1554 895//1554
f 915//1555 896//1555 895//1555
f 916//1556 919//1556 910//1556
f 919//1557 918//1557 910//1557
f 901//1558 908//1558 893//1558
f 906//1559 920//1559 894//1559
f 905//1560 906//1560 902//1560
f 905//1561 920//1561 906//1561
f 919//1562 913//1562 918//1562
f 898//1563 917//1563 885//1563
f 921//1564 916//1564 915//1564
f 901//1565 902//1565 908//1565
f 920//1566 914//1566 911//1566
f 921//1567 919//1567 916//1567
f 917//1568 920//1568 909//1568
f 920//1569 900//1569 909//1569
f 900//1570 920//1570 901//1570
f 920//1571 905//1571 902//1571
f 920//1572 902//1572 901//1572
f 914//1573 922//1573 915//1573
f 922//1574 923//1574 915//1574
f 923//1575 921//1575 915//1575
f 924//1576 925//1576 920//1576
f 917//1577 924//1577 920//1577
f 912//1578 894//1578 920//1578
f 912//1579 920//1579 911//1579
f 898//1580 924//1580 917//1580
f 920//1581 922//1581 914//1581
f 925//1582 922//1582 920//1582
f 913//1583 926//1583 898//1583
f 921//1584 913//1584 919//1584
f 923//1585 913//1585 921//1585
f 927//1586 924//1586 926//1586
f 924//1587 898//1587 926//1587
f 923//1588 928//1588 913//1588
f 925//1589 929//1589 922//1589
f 929//1590 930//1590 922//1590
f 930//1591 923//1591 922//1591
f 931//1592 925//1592 924//1592
f 931//1593 929//1593 925//1593
f 923//1594 930//1594 928//1594
f 932//1595 924//1595 927//1595
f 933//1596 934//1596 924//1596
f 934//1597 935//1597 924//1597
f 935//1598 931//1598 924//1598
f 935//1599 929//1599 931//1599
f 936//1600 929//1600 935//1600
f 934//1601 936//1601 935//1601
f 936//1602 937//1602 929//1602
f 937//1603 930//1603 929//1603
f 928//1604 926//1604 913//1604
f 938//1605 928//1605 930//1605
f 930//1606 937//1606 938//1606
f 939//1607 934//1607 933//1607
f 939//1608 936//1608 934//1608
f 940//1609 936//1609 939//1609
f 940//205 941//205 936//205
f 941//1610 937//1610 936//1610
f 938//1611 942//1611 928//1611
f 943//1612 939//1612 933//1612
f 932//1613 933//1613 924//1613
f 943//1614 940//1614 939//1614
f 944//1615 945//1615 938//1615
f 937//1616 944//1616 938//1616
f 946//1617 947//1617 937//1617
f 947//1618 944//1618 937//1618
f 948//1619 942//1619 938//1619
f 941//1620 949//1620 937//1620
f 950//1621 948//1621 938//1621
f 943//1622 951//1622 940//1622
f 951//205 952//205 940//205
f 952//1623 941//1623 940//1623
f 953//1624 926//1624 928//1624
f 953//1625 954//1625 926//1625
f 954//1626 927//1626 926//1626
f 955//1627 943//1627 933//1627
f 956//1628 951//1628 943//1628
f 955//1629 956//1629 943//1629
f 957//218 951//218 956//218
f 955//1630 957//1630 956//1630
f 957//218 952//218 951//218
f 955//1631 958//1631 957//1631
f 958//1153 959//1153 957//1153
f 959//1153 952//1153 957//1153
f 955//1632 959//1632 958//1632
f 960//51 941//51 952//51
f 959//205 960//205 952//205
f 955//218 961//218 959//218
f 961//205 960//205 959//205
f 949//1633 946//1633 937//1633
f 947//1634 945//1634 944//1634
f 946//1635 945//1635 947//1635
f 962//1636 948//1636 950//1636
f 962//1637 942//1637 948//1637
f 963//1638 964//1638 949//1638
f 941//1639 963//1639 949//1639
f 955//1640 965//1640 966//1640
f 961//1641 955//1641 966//1641
f 960//648 961//648 966//648
f 963//218 960//218 966//218
f 942//1642 967//1642 966//1642
f 967//1643 962//1643 966//1643
f 962//428 964//428 966//428
f 964//218 963//218 966//218
f 965//1644 942//1644 966//1644
f 963//1645 941//1645 960//1645
f 962//1646 967//1646 942//1646
f 927//1647 933//1647 932//1647
f 950//1648 964//1648 962//1648
f 968//1649 946//1649 949//1649
f 969//218 964//218 950//218
f 970//1650 955//1650 933//1650
f 970//1651 965//1651 955//1651
f 969//1652 949//1652 964//1652
f 971//1653 942//1653 965//1653
f 927//1654 970//1654 933//1654
f 969//1655 968//1655 949//1655
f 971//1656 928//1656 942//1656
f 971//1657 953//1657 928//1657
f 972//1658 954//1658 953//1658
f 971//1659 972//1659 953//1659
f 954//1660 965//1660 927//1660
f 968//1661 969//1661 945//1661
f 965//1662 954//1662 971//1662
f 972//1663 971//1663 954//1663
f 927//1664 965//1664 970//1664
f 950//1665 945//1665 969//1665
f 945//1666 950//1666 938//1666
f 946//1667 968//1667 945//1667
f 973//1668 974//1668 975//1668
f 976//1669 977//1669 978//1669
f 973//1670 975//1670 978//1670
f 978//1671 979//1671 976//1671
f 980//1672 975//1672 974//1672
f 973//1673 981//1673 974//1673
f 975//1674 979//1674 978//1674
f 979//1675 982//1675 978//1675
f 983//1676 973//1676 975//1676
f 980//1677 979//1677 975//1677
f 977//1678 973//1678 978//1678
f 984//1679 973//1679 977//1679
f 984//1679 985//1679 973//1679
f 985//1680 981//1680 973//1680
f 980//1681 986//1681 979//1681
f 986//1681 987//1681 979//1681
f 988//1682 976//1682 979//1682
f 987//1683 988//1683 979//1683
f 989//1684 980//1684 974//1684
f 981//1685 989//1685 974//1685
f 990//1686 984//1686 977//1686
f 988//1687 990//1687 976//1687
f 990//1688 977//1688 976//1688
f 991//1689 982//1689 978//1689
f 988//1690 992//1690 990//1690
f 993//1691 986//1691 980//1691
f 981//1692 994//1692 989//1692
f 990//1693 995//1693 984//1693
f 995//1694 996//1694 984//1694
f 992//1695 997//1695 990//1695
f 997//1696 991//1696 990//1696
f 991//1697 982//1697 990//1697
f 998//1698 999//1698 983//1698
f 1000//1699 998//1699 983//1699
f 994//1700 1000//1700 983//1700
f 994//1701 983//1701 982//1701
f 983//1702 999//1702 982//1702
f 997//1703 982//1703 991//1703
f 997//1704 994//1704 982//1704
f 998//1705 1001//1705 999//1705
f 1001//1706 990//1706 999//1706
f 1002//1707 1000//1707 994//1707
f 1003//1173 1002//1173 994//1173
f 996//1708 985//1708 984//1708
f 996//1709 1004//1709 985//1709
f 1004//1710 1005//1710 985//1710
f 982//1711 999//1711 990//1711
f 997//1712 1006//1712 994//1712
f 1006//1713 989//1713 994//1713
f 1006//1714 1007//1714 989//1714
f 981//1715 1003//1715 994//1715
f 997//1716 1007//1716 1006//1716
f 989//1717 993//1717 980//1717
f 992//1718 1007//1718 997//1718
f 987//1719 1008//1719 988//1719
f 995//1720 1009//1720 996//1720
f 1010//1721 1003//1721 981//1721
f 992//1722 989//1722 1007//1722
f 986//1723 1011//1723 987//1723
f 1011//1724 1012//1724 987//1724
f 993//1725 1011//1725 986//1725
f 998//428 1013//428 1001//428
f 1013//1726 995//1726 1001//1726
f 995//1727 990//1727 1001//1727
f 1014//1648 1002//1648 1003//1648
f 1010//1728 1014//1728 1003//1728
f 1015//1729 989//1729 992//1729
f 988//1730 1015//1730 992//1730
f 1015//1731 1016//1731 989//1731
f 1016//1732 1017//1732 989//1732
f 1018//1733 1011//1733 993//1733
f 1008//1734 1015//1734 988//1734
f 1019//1735 1016//1735 1015//1735
f 1008//1736 1019//1736 1015//1736
f 1005//1737 981//1737 985//1737
f 1013//1738 1009//1738 995//1738
f 987//1739 1020//1739 1008//1739
f 1009//1740 1021//1740 996//1740
f 1017//1741 1018//1741 993//1741
f 989//1742 1017//1742 993//1742
f 1021//1743 1004//1743 996//1743
f 1021//1744 1022//1744 1004//1744
f 1023//1745 1005//1745 1004//1745
f 1022//1746 1023//1746 1004//1746
f 1005//1747 1024//1747 981//1747
f 1020//1748 1019//1748 1008//1748
f 1012//1749 1025//1749 987//1749
f 1002//1750 998//1750 1000//1750
f 1002//1751 1026//1751 998//1751
f 1026//428 1013//428 998//428
f 1014//1752 1026//1752 1002//1752
f 1026//428 1027//428 1013//428
f 1028//1753 1009//1753 1013//1753
f 1027//1754 1028//1754 1013//1754
f 1017//1755 1016//1755 1019//1755
f 1020//1756 1017//1756 1019//1756
f 1028//1757 1021//1757 1009//1757
f 1029//1758 1030//1758 1018//1758
f 1030//1759 1011//1759 1018//1759
f 1017//1760 1029//1760 1018//1760
f 1023//1761 1024//1761 1005//1761
f 1011//1762 849//1762 1012//1762
f 849//1763 1025//1763 1012//1763
f 1031//1764 849//1764 1011//1764
f 1025//1765 1020//1765 987//1765
f 1024//1766 1010//1766 981//1766
f 1020//1767 1032//1767 1017//1767
f 1033//1768 843//1768 837//1768
f 1034//1769 1033//1769 837//1769
f 1033//1770 1035//1770 843//1770
f 1023//1771 1036//1771 1024//1771
f 1035//1772 855//1772 843//1772
f 1037//1773 1022//1773 1021//1773
f 1037//1774 1038//1774 1022//1774
f 1036//1775 1023//1775 1022//1775
f 1038//1776 1036//1776 1022//1776
f 849//1777 850//1777 1025//1777
f 850//1778 1039//1778 1025//1778
f 1039//1779 850//1779 849//1779
f 1031//1780 1039//1780 849//1780
f 1027//1781 1040//1781 1028//1781
f 1017//1782 1041//1782 1029//1782
f 1026//428 1042//428 1027//428
f 1042//1783 1040//1783 1027//1783
f 1043//1784 1014//1784 1010//1784
f 1024//1785 1043//1785 1010//1785
f 1039//1786 1044//1786 1032//1786
f 1020//1787 1039//1787 1032//1787
f 1044//1788 1041//1788 1017//1788
f 1032//1789 1044//1789 1017//1789
f 1025//1790 1039//1790 1020//1790
f 852//1791 1039//1791 1031//1791
f 1028//1792 1037//1792 1021//1792
f 1040//1793 1037//1793 1028//1793
f 1045//1794 1030//1794 1029//1794
f 1014//1795 1046//1795 1026//1795
f 1046//428 1042//428 1026//428
f 1047//1796 1048//1796 1031//1796
f 1011//1797 1047//1797 1031//1797
f 1048//1798 852//1798 1031//1798
f 1049//1799 837//1799 843//1799
f 1050//1800 1047//1800 1030//1800
f 1047//1801 1011//1801 1030//1801
f 1045//1802 1050//1802 1030//1802
f 855//1803 1049//1803 843//1803
f 1049//1804 1034//1804 837//1804
f 1051//1805 1048//1805 1052//1805
f 855//1806 1035//1806 1053//1806
f 1034//1807 1054//1807 1052//1807
f 1054//1808 1051//1808 1052//1808
f 1035//1809 1034//1809 1055//1809
f 1055//1810 1053//1810 1035//1810
f 1056//1811 1057//1811 1053//1811
f 1058//1812 1056//1812 1053//1812
f 1048//1813 1059//1813 1052//1813
f 1058//1814 1053//1814 1034//1814
f 1052//1815 1059//1815 1034//1815
f 1059//1816 1058//1816 1034//1816
f 1053//1817 1055//1817 1034//1817
f 1054//1818 1034//1818 1049//1818
f 1051//1819 852//1819 1048//1819
f 1060//1820 1051//1820 1052//1820
f 1035//1821 1033//1821 1034//1821
f 1061//1822 866//1822 1053//1822
f 1062//1823 1061//1823 1053//1823
f 1057//1824 1062//1824 1053//1824
f 866//1825 855//1825 1053//1825
f 1054//1826 1063//1826 1051//1826
f 1063//1827 852//1827 1051//1827
f 1064//1828 1063//1828 1054//1828
f 1049//1829 1064//1829 1054//1829
f 854//1830 1064//1830 1049//1830
f 854//1831 1063//1831 1064//1831
f 1042//1832 1065//1832 1040//1832
f 1066//1833 1059//1833 1047//1833
f 1059//1834 1048//1834 1047//1834
f 854//1835 862//1835 1063//1835
f 862//1836 852//1836 1063//1836
f 1067//1837 1039//1837 852//1837
f 1068//205 1056//205 1058//205
f 1069//205 1068//205 1058//205
f 1059//1838 1070//1838 1058//1838
f 1070//1839 1066//1839 1058//1839
f 1066//1840 1069//1840 1058//1840
f 1065//1841 1071//1841 1037//1841
f 1040//1842 1065//1842 1037//1842
f 862//1843 1067//1843 852//1843
f 855//1844 863//1844 1049//1844
f 863//1845 854//1845 1049//1845
f 1067//1846 854//1846 863//1846
f 854//428 1067//428 862//428
f 1061//1847 863//1847 866//1847
f 1072//1848 1073//1848 1039//1848
f 1067//1849 1072//1849 1039//1849
f 1071//1850 1038//1850 1037//1850
f 1071//1851 1074//1851 1038//1851
f 1074//1852 1036//1852 1038//1852
f 1039//1853 1073//1853 1044//1853
f 1073//1854 1075//1854 1044//1854
f 1076//1855 1077//1855 1044//1855
f 1055//1856 1062//1856 1057//1856
f 1044//1857 1075//1857 1076//1857
f 1076//1858 1075//1858 1055//1858
f 1077//1859 1078//1859 1044//1859
f 1079//1860 1077//1860 1076//1860
f 1056//1861 1076//1861 1055//1861
f 1056//1862 1055//1862 1057//1862
f 1075//1863 1062//1863 1055//1863
f 1056//1864 1079//1864 1076//1864
f 1070//1865 1059//1865 1066//1865
f 863//648 1072//648 1067//648
f 863//648 1061//648 1072//648
f 1061//428 1080//428 1072//428
f 1080//1866 1073//1866 1072//1866
f 1062//205 1080//205 1061//205
f 1073//1867 1080//1867 1062//1867
f 1073//1868 1062//1868 1075//1868
f 1046//428 1081//428 1042//428
f 1081//1869 1065//1869 1042//1869
f 1082//218 1014//218 1043//218
f 1083//1870 1082//1870 1043//1870
f 1024//1871 1083//1871 1043//1871
f 1082//1872 1046//1872 1014//1872
f 1079//1873 1078//1873 1077//1873
f 1084//1874 1079//1874 1056//1874
f 1068//1875 1078//1875 1056//1875
f 1078//1876 1084//1876 1056//1876
f 1050//1877 1066//1877 1047//1877
f 1074//1878 1085//1878 1036//1878
f 1084//1879 1078//1879 1079//1879
f 1086//205 1068//205 1069//205
f 1087//205 1086//205 1069//205
f 1066//1880 1088//1880 1069//1880
f 1088//1881 1087//1881 1069//1881
f 1078//1882 1041//1882 1044//1882
f 1085//1883 1024//1883 1036//1883
f 1085//1884 1083//1884 1024//1884
f 1089//1885 1090//1885 1041//1885
f 1065//1886 1091//1886 1071//1886
f 1091//1887 1092//1887 1071//1887
f 1050//1888 1088//1888 1066//1888
f 1093//1889 1078//1889 1068//1889
f 1086//1890 1094//1890 1068//1890
f 1094//1891 1093//1891 1068//1891
f 1093//1892 1089//1892 1078//1892
f 1041//1893 1045//1893 1029//1893
f 1090//1894 1045//1894 1041//1894
f 1078//1895 1089//1895 1041//1895
f 1095//205 1086//205 1087//205
f 1096//205 1095//205 1087//205
f 1088//1896 1097//1896 1087//1896
f 1097//1897 1098//1897 1087//1897
f 1098//1898 1096//1898 1087//1898
f 1098//1899 1097//1899 1050//1899
f 1097//1900 1088//1900 1050//1900
f 1092//1901 1074//1901 1071//1901
f 1092//1901 1099//1901 1074//1901
f 1099//1902 1085//1902 1074//1902
f 1082//1903 1100//1903 1046//1903
f 1100//428 1101//428 1046//428
f 1101//428 1081//428 1046//428
f 1102//1904 1100//1904 1082//1904
f 1083//1905 1102//1905 1082//1905
f 1094//1906 1089//1906 1093//1906
f 1101//1907 1091//1907 1081//1907
f 1091//1908 1065//1908 1081//1908
f 1103//1909 1102//1909 1083//1909
f 1095//1910 1104//1910 1086//1910
f 1104//1911 1105//1911 1086//1911
f 1105//1912 1094//1912 1086//1912
f 1105//1913 1089//1913 1094//1913
f 1106//1914 1103//1914 1085//1914
f 1103//1915 1083//1915 1085//1915
f 1091//1916 1107//1916 1092//1916
f 1099//1917 1106//1917 1085//1917
f 1090//1918 1108//1918 1045//1918
f 1109//1919 1098//1919 1050//1919
f 1045//1920 1109//1920 1050//1920
f 1110//1921 1090//1921 1089//1921
f 1104//1922 1089//1922 1105//1922
f 1111//1923 1096//1923 1098//1923
f 1112//205 1095//205 1096//205
f 1113//205 1112//205 1096//205
f 1111//1924 1114//1924 1096//1924
f 1114//1925 1113//1925 1096//1925
f 1109//1926 1111//1926 1098//1926
f 1112//1927 1115//1927 1095//1927
f 1115//1928 1104//1928 1095//1928
f 1116//428 1101//428 1100//428
f 1091//1929 1117//1929 1107//1929
f 1107//1930 1118//1930 1092//1930
f 1118//1931 1099//1931 1092//1931
f 1118//1932 1119//1932 1099//1932
f 1119//1933 1106//1933 1099//1933
f 1109//1934 1114//1934 1111//1934
f 1115//1935 1089//1935 1104//1935
f 1108//1936 1109//1936 1045//1936
f 1116//1937 1117//1937 1101//1937
f 1117//1938 1091//1938 1101//1938
f 1120//1939 1102//1939 1103//1939
f 1106//1940 1120//1940 1103//1940
f 1121//1941 1110//1941 1089//1941
f 1115//1942 1121//1942 1089//1942
f 1122//205 1112//205 1113//205
f 1123//205 1122//205 1113//205
f 1114//1943 1123//1943 1113//1943
f 1122//1944 1121//1944 1112//1944
f 1121//1945 1115//1945 1112//1945
f 1124//1946 1123//1946 1114//1946
f 1109//1947 1124//1947 1114//1947
f 1125//1948 1120//1948 1106//1948
f 1117//1949 1126//1949 1107//1949
f 1126//1950 1127//1950 1107//1950
f 1128//1951 1090//1951 1110//1951
f 1121//1952 1128//1952 1110//1952
f 1102//1953 1129//1953 1100//1953
f 1129//428 1130//428 1100//428
f 1130//1954 1116//1954 1100//1954
f 1108//1955 1131//1955 1109//1955
f 1131//1956 1132//1956 1109//1956
f 1132//1957 1124//1957 1109//1957
f 1122//1958 1133//1958 1121//1958
f 1133//1959 1128//1959 1121//1959
f 1132//1960 1123//1960 1124//1960
f 1118//1961 1134//1961 1119//1961
f 1127//1962 1134//1962 1107//1962
f 1134//1963 1118//1963 1107//1963
f 1116//1964 1135//1964 1117//1964
f 1135//1965 1136//1965 1117//1965
f 1136//1966 1126//1966 1117//1966
f 1116//1967 1135//1967 1118//1967
f 1134//1968 1118//1968 1135//1968
f 1137//1969 1106//1969 1119//1969
f 1134//1970 1137//1970 1119//1970
f 1130//1971 1135//1971 1116//1971
f 1138//1972 1132//1972 1131//1972
f 1138//1973 1123//1973 1132//1973
f 1123//205 1139//205 1122//205
f 1139//1974 1133//1974 1122//1974
f 1140//205 1139//205 1123//205
f 1138//1975 1140//1975 1123//1975
f 1130//1976 1136//1976 1135//1976
f 1130//1977 1126//1977 1136//1977
f 1129//428 1141//428 1130//428
f 1141//1978 1126//1978 1130//1978
f 1142//1979 1102//1979 1120//1979
f 1143//1980 1137//1980 1134//1980
f 1144//1981 1134//1981 1127//1981
f 1144//1982 1143//1982 1134//1982
f 1145//1983 1140//1983 1138//1983
f 1131//1984 1145//1984 1138//1984
f 1146//1985 1131//1985 1108//1985
f 1142//1986 1129//1986 1102//1986
f 1106//1987 1137//1987 1125//1987
f 1147//1988 1108//1988 1090//1988
f 1147//1989 1146//1989 1108//1989
f 1139//1990 1148//1990 1133//1990
f 1148//1991 1128//1991 1133//1991
f 1149//1992 1127//1992 1126//1992
f 1149//1993 1144//1993 1127//1993
f 1147//1994 1090//1994 1128//1994
f 1141//1995 1149//1995 1126//1995
f 1140//205 1150//205 1139//205
f 1150//1996 1148//1996 1139//1996
f 1151//1997 1145//1997 1131//1997
f 1152//1998 1140//1998 1145//1998
f 1152//205 1150//205 1140//205
f 1148//1999 1153//1999 1128//1999
f 1150//2000 1154//2000 1148//2000
f 1143//2001 1155//2001 1137//2001
f 1151//2002 1152//2002 1145//2002
f 1129//428 1156//428 1141//428
f 1156//2003 1149//2003 1141//2003
f 1157//2004 1142//2004 1120//2004
f 1158//2005 1143//2005 1144//2005
f 1159//2006 1155//2006 1143//2006
f 1158//2005 1159//2005 1143//2005
f 1160//2007 1144//2007 1149//2007
f 1160//2008 1158//2008 1144//2008
f 1142//2009 1161//2009 1129//2009
f 1161//428 1156//428 1129//428
f 1125//2010 1157//2010 1120//2010
f 1156//2011 1160//2011 1149//2011
f 1152//205 1162//205 1150//205
f 1162//2012 1154//2012 1150//2012
f 1154//2013 1163//2013 1148//2013
f 1163//2014 1153//2014 1148//2014
f 1131//2015 1164//2015 1151//2015
f 1165//2016 1152//2016 1151//2016
f 1166//2017 1165//2017 1151//2017
f 1165//205 1162//205 1152//205
f 1167//2018 1131//2018 1146//2018
f 1162//2019 1163//2019 1154//2019
f 1167//2020 1164//2020 1131//2020
f 1153//2021 1147//2021 1128//2021
f 1168//2022 1169//2022 1151//2022
f 1169//2023 1166//2023 1151//2023
f 1164//2024 1168//2024 1151//2024
f 1169//2025 1165//2025 1166//2025
f 1137//2026 1155//2026 1125//2026
f 1155//2027 1159//2027 1125//2027
f 1170//2028 1167//2028 1146//2028
f 1147//2029 1170//2029 1146//2029
f 1171//2030 1172//2030 1160//2030
f 1172//2031 1158//2031 1160//2031
f 1173//2032 1157//2032 1125//2032
f 1159//2033 1173//2033 1125//2033
f 1156//2034 1171//2034 1160//2034
f 1165//205 1174//205 1162//205
f 1174//2035 1163//2035 1162//2035
f 1168//2036 1165//2036 1169//2036
f 1161//428 1175//428 1156//428
f 1175//2037 1171//2037 1156//2037
f 1176//290 1142//290 1157//290
f 1176//2038 1161//2038 1142//2038
f 1174//2039 1177//2039 1163//2039
f 1177//2040 1153//2040 1163//2040
f 1172//2041 1159//2041 1158//2041
f 1172//2042 1178//2042 1159//2042
f 1179//2043 1180//2043 1168//2043
f 1180//2044 1181//2044 1168//2044
f 1164//2045 1179//2045 1168//2045
f 1181//2046 1174//2046 1165//2046
f 1168//2047 1181//2047 1165//2047
f 1181//2048 1182//2048 1174//2048
f 1182//2049 1177//2049 1174//2049
f 1183//2050 1172//2050 1171//2050
f 1153//2051 1184//2051 1147//2051
f 1184//2052 1170//2052 1147//2052
f 1175//2053 1183//2053 1171//2053
f 1170//2054 1164//2054 1167//2054
f 1182//2055 1185//2055 1177//2055
f 1185//2056 1186//2056 1177//2056
f 1170//2057 1179//2057 1164//2057
f 1187//2058 1181//2058 1180//2058
f 1188//2059 1187//2059 1180//2059
f 1179//2060 1188//2060 1180//2060
f 1187//2061 1182//2061 1181//2061
f 1184//2062 1189//2062 1170//2062
f 1190//2063 1188//2063 1179//2063
f 1182//2064 1191//2064 1185//2064
f 1191//2065 1186//2065 1185//2065
f 1190//2066 1187//2066 1188//2066
f 1192//2067 1177//2067 1186//2067
f 1184//2068 1153//2068 1177//2068
f 1193//2069 1194//2069 1195//2069
f 1194//428 1196//428 1195//428
f 1196//428 1197//428 1195//428
f 1197//2070 1198//2070 1195//2070
f 1193//205 941//205 1194//205
f 941//205 1196//205 1194//205
f 1199//2071 1200//2071 1191//2071
f 1200//2072 1186//2072 1191//2072
f 1182//2073 1199//2073 1191//2073
f 1187//205 1201//205 1182//205
f 1201//2074 1199//2074 1182//2074
f 1202//2075 1203//2075 1204//2075
f 1203//2076 1200//2076 1204//2076
f 1200//2077 1202//2077 1204//2077
f 1205//428 1175//428 1161//428
f 1198//2078 1184//2078 1177//2078
f 1192//2079 1198//2079 1177//2079
f 1206//2080 1193//2080 1195//2080
f 1198//2081 1206//2081 1195//2081
f 1198//2082 1207//2082 1184//2082
f 1205//2083 1183//2083 1175//2083
f 1173//2084 1176//2084 1157//2084
f 1200//2085 1192//2085 1186//2085
f 1198//2086 1203//2086 1206//2086
f 1203//2087 1202//2087 1206//2087
f 1202//2088 1193//2088 1206//2088
f 1201//2089 1208//2089 1193//2089
f 1208//2090 941//2090 1193//2090
f 1202//2091 1199//2091 1193//2091
f 1199//2092 1209//2092 1193//2092
f 1199//2093 1201//2093 1193//2093
f 962//2094 967//2094 1210//2094
f 960//428 962//428 1210//428
f 967//2095 1197//2095 1210//2095
f 1197//1153 960//1153 1210//1153
f 967//2096 1198//2096 1197//2096
f 1196//1153 960//1153 1197//1153
f 1211//428 962//428 960//428
f 963//428 1211//428 960//428
f 1196//205 941//205 960//205
f 1212//2097 1187//2097 1190//2097
f 1200//2098 1203//2098 1192//2098
f 1200//2099 1199//2099 1202//2099
f 1187//2089 1208//2089 1201//2089
f 1192//2100 1203//2100 1198//2100
f 1179//2101 1212//2101 1190//2101
f 1213//2102 1178//2102 1172//2102
f 1213//2103 1214//2103 1178//2103
f 962//2104 1215//2104 967//2104
f 1211//2105 1216//2105 962//2105
f 1216//2106 1215//2106 962//2106
f 941//2107 1217//2107 963//2107
f 949//2108 1211//2108 963//2108
f 1217//2109 949//2109 963//2109
f 1218//2110 1216//2110 1211//2110
f 969//2111 1211//2111 949//2111
f 1183//2112 1213//2112 1172//2112
f 1219//2113 1220//2113 1212//2113
f 1220//2114 1187//2114 1212//2114
f 1220//2115 1221//2115 1187//2115
f 1221//2116 1208//2116 1187//2116
f 1220//2117 1222//2117 1204//2117
f 1221//2118 1218//2118 1209//2118
f 950//2119 1218//2119 1211//2119
f 1178//2120 1173//2120 1159//2120
f 1217//2121 1218//2121 1223//2121
f 1218//2122 1224//2122 1223//2122
f 1224//2123 1217//2123 1223//2123
f 969//2124 950//2124 1211//2124
f 1225//2125 967//2125 1215//2125
f 1216//2126 1225//2126 1215//2126
f 967//2127 971//2127 1198//2127
f 1218//2128 1220//2128 1216//2128
f 1220//2129 1222//2129 1216//2129
f 1222//2130 1225//2130 1216//2130
f 941//2131 1208//2131 1217//2131
f 1222//2132 1219//2132 1225//2132
f 1221//2133 1218//2133 1217//2133
f 1225//2134 971//2134 967//2134
f 1217//2135 968//2135 949//2135
f 1208//2136 1221//2136 1217//2136
f 1226//2137 968//2137 1217//2137
f 1219//2138 1212//2138 1225//2138
f 1219//2139 1222//2139 1220//2139
f 1221//2140 1220//2140 1218//2140
f 1217//2141 1224//2141 969//2141
f 1170//2142 1212//2142 1179//2142
f 971//2143 1227//2143 1198//2143
f 1170//2144 1228//2144 1212//2144
f 1189//2145 1228//2145 1170//2145
f 1212//2146 971//2146 1225//2146
f 1207//2147 1189//2147 1184//2147
f 1228//2148 971//2148 1212//2148
f 1176//2149 1229//2149 1161//2149
f 1229//428 1230//428 1161//428
f 1230//428 1205//428 1161//428
f 1231//2150 1228//2150 1189//2150
f 971//2151 954//2151 1227//2151
f 968//2152 1217//2152 969//2152
f 1232//2153 1227//2153 954//2153
f 972//2154 1232//2154 954//2154
f 1227//2155 1207//2155 1198//2155
f 1233//2156 1227//2156 1232//2156
f 1234//2157 1213//2157 1183//2157
f 1234//2158 1235//2158 1213//2158
f 968//2159 950//2159 969//2159
f 1224//2160 968//2160 969//2160
f 1236//2161 1207//2161 1227//2161
f 1233//2162 1236//2162 1227//2162
f 1237//2163 1238//2163 1173//2163
f 1205//2164 1239//2164 1183//2164
f 1239//2165 1234//2165 1183//2165
f 1230//2166 1239//2166 1205//2166
f 1238//2167 1176//2167 1173//2167
f 1224//2168 1217//2168 968//2168
f 1224//2169 1226//2169 1217//2169
f 1230//2170 1234//2170 1239//2170
f 1228//2171 972//2171 971//2171
f 1240//2172 1232//2172 972//2172
f 1228//2173 1240//2173 972//2173
f 1235//2174 1214//2174 1213//2174
f 1235//2174 1241//2174 1214//2174
f 1178//2175 1237//2175 1173//2175
f 1214//2176 1237//2176 1178//2176
f 968//2177 1224//2177 950//2177
f 1224//2178 1218//2178 950//2178
f 968//2179 1226//2179 1224//2179
f 1242//428 1230//428 1229//428
f 1243//2180 1229//2180 1176//2180
f 1238//2181 1243//2181 1176//2181
f 1240//2182 1244//2182 1233//2182
f 1232//2183 1240//2183 1233//2183
f 1231//2184 1245//2184 1240//2184
f 1228//2185 1231//2185 1240//2185
f 1207//2186 1231//2186 1189//2186
f 1241//2187 1237//2187 1214//2187
f 1246//2188 1238//2188 1237//2188
f 1233//2189 1244//2189 1236//2189
f 1244//2190 1207//2190 1236//2190
f 1230//2191 1247//2191 1234//2191
f 1242//2192 1247//2192 1230//2192
f 1246//2193 1243//2193 1238//2193
f 1243//2194 1248//2194 1229//2194
f 1248//428 1249//428 1229//428
f 1249//428 1242//428 1229//428
f 1250//2195 1248//2195 1243//2195
f 1246//2193 1250//2193 1243//2193
f 1250//2196 1251//2196 1248//2196
f 1251//2197 1249//2197 1248//2197
f 1246//1870 1252//1870 1250//1870
f 1252//2198 1251//2198 1250//2198
f 1245//2199 1253//2199 1240//2199
f 1254//2200 1255//2200 1244//2200
f 1256//2201 1241//2201 1235//2201
f 1256//2202 1257//2202 1241//2202
f 1255//2203 1207//2203 1244//2203
f 1256//2204 1235//2204 1234//2204
f 1255//2205 1258//2205 1207//2205
f 1240//2206 1253//2206 1244//2206
f 1253//2207 1254//2207 1244//2207
f 1242//2208 1259//2208 1247//2208
f 1259//2209 1234//2209 1247//2209
f 1207//2210 1260//2210 1231//2210
f 1241//2211 1257//2211 1237//2211
f 1254//2212 1258//2212 1255//2212
f 1261//2213 1258//2213 1254//2213
f 1249//2214 1259//2214 1242//2214
f 1262//2215 1253//2215 1245//2215
f 1260//2216 1262//2216 1245//2216
f 1231//2217 1260//2217 1245//2217
f 1237//2218 1252//2218 1246//2218
f 1259//2219 1256//2219 1234//2219
f 1249//2220 1263//2220 1259//2220
f 1258//2221 1260//2221 1207//2221
f 1259//2222 1261//2222 1254//2222
f 1237//2223 1261//2223 1252//2223
f 1264//2224 1251//2224 1261//2224
f 1259//2225 1264//2225 1261//2225
f 1251//2226 1252//2226 1261//2226
f 1264//2227 1259//2227 1263//2227
f 1265//2228 1257//2228 1256//2228
f 1265//2228 1266//2228 1257//2228
f 1251//2229 1263//2229 1249//2229
f 1251//2230 1264//2230 1263//2230
f 1267//2231 1251//2231 1261//2231
f 1263//2232 1268//2232 1264//2232
f 1265//2233 1256//2233 1259//2233
f 1253//2234 1259//2234 1254//2234
f 1257//2235 1269//2235 1237//2235
f 1266//2236 1269//2236 1257//2236
f 1269//2237 1261//2237 1237//2237
f 1261//2238 1260//2238 1258//2238
f 1253//2239 1265//2239 1259//2239
f 1269//2240 1260//2240 1261//2240
f 1268//2241 1265//2241 1263//2241
f 1262//2242 1265//2242 1253//2242
f 1260//2243 1268//2243 1262//2243
f 1269//2244 1267//2244 1260//2244
f 1267//2245 1268//2245 1260//2245
f 1265//2246 1268//2246 1266//2246
f 1268//2247 1267//2247 1266//2247
f 1267//2248 1269//2248 1266//2248
f 1268//2249 1265//2249 1262//2249
