# Blender 4.4.3
# www.blender.org
mtllib Link3_l.mtl
o Link3_l
v 0.010404 -0.179999 0.028424
v 0.011383 -0.180003 0.033295
v 0.000351 -0.178962 0.035017
v -0.000144 -0.179875 0.030087
v 0.000040 -0.162998 0.035489
v 0.011560 -0.163000 0.033032
v -0.006733 -0.162916 0.024716
v -0.011213 -0.179990 0.033303
v -0.011560 -0.163000 0.033032
v -0.014396 -0.179977 0.026927
v 0.020332 -0.163002 0.028598
v 0.023873 -0.162956 0.011250
v 0.010390 -0.162755 0.022771
v -0.019281 -0.163000 0.029206
v -0.019261 -0.162897 0.016609
v -0.023785 -0.179947 0.026656
v -0.004530 -0.168999 0.014400
v 0.004037 -0.168999 0.014614
v 0.000767 -0.169000 0.030431
v 0.024585 -0.179855 0.025265
v -0.011427 -0.169000 0.027935
v 0.013279 -0.169000 0.027107
v 0.026365 -0.166588 0.023195
v -0.025755 -0.163019 0.023761
v -0.024548 -0.173908 0.025123
v 0.022104 -0.180000 0.020795
v 0.022210 -0.169069 0.020475
v -0.008571 -0.169000 0.012233
v -0.022069 -0.169000 0.020834
v -0.009360 -0.169000 0.011718
v 0.008575 -0.169000 0.012247
v -0.002103 -0.158290 0.022514
v 0.033000 -0.163011 0.012756
v -0.032983 -0.163030 0.012076
v -0.026049 -0.166500 0.023377
v 0.027142 -0.176437 0.020908
v 0.035644 -0.166605 0.000022
v -0.035643 -0.166762 -0.000100
v -0.034102 -0.176463 0.003879
v -0.033176 -0.178471 0.012457
v 0.010635 0.033349 0.008674
v 0.003616 0.034790 0.022901
v 0.015698 0.031271 0.022902
v -0.003139 0.033751 0.022738
v -0.015842 0.031190 0.022919
v -0.006059 0.034707 0.022945
v 0.010965 0.027899 0.021710
v -0.011028 0.027909 0.022353
v -0.029439 0.018836 0.022801
v -0.024004 0.025474 0.017897
v 0.017988 0.023987 0.022431
v 0.032082 0.014052 0.022964
v 0.024992 0.025026 0.018015
v 0.027678 0.011435 0.022646
v 0.035518 0.000186 0.022591
v 0.029644 -0.005047 0.022669
v 0.033263 -0.010789 0.022893
v -0.033511 0.009946 0.016888
v -0.034806 -0.002748 0.017657
v -0.032630 0.012673 0.022915
v -0.034288 -0.007015 0.022949
v -0.030723 -0.016660 0.022852
v 0.029395 -0.018899 0.022823
v -0.022473 -0.026489 0.022698
v -0.026958 -0.013150 0.021776
v -0.027327 -0.021641 0.018248
v 0.018006 -0.028668 0.022771
v 0.024953 -0.024816 0.018094
v 0.016687 -0.031303 0.017008
v 0.008674 -0.035913 0.021214
v -0.000418 -0.034991 0.023048
v 0.004194 -0.143585 0.021934
v -0.025219 -0.180000 0.015778
v 0.000155 -0.030436 0.015788
v -0.003970 -0.046261 0.021854
v -0.001840 -0.044460 0.015186
v -0.004159 -0.144295 0.014432
v 0.010324 -0.169000 0.010878
v -0.009303 -0.028469 0.021451
v 0.010213 -0.158047 0.020044
v -0.010213 -0.158231 0.020045
v 0.005001 -0.046887 0.014047
v -0.010213 -0.036814 0.020039
v -0.002835 0.029950 0.017980
v -0.023104 0.019347 0.021463
v -0.018903 0.023456 0.019880
v 0.023628 0.018435 0.018867
v -0.027647 0.011648 0.021130
v -0.030119 0.002340 0.020450
v 0.030124 0.001956 0.021140
v -0.029392 -0.005861 0.021731
v 0.026986 -0.013096 0.021748
v 0.021887 -0.020669 0.020278
v 0.016484 -0.024954 0.021539
v -0.017358 -0.024375 0.021130
v -0.016708 -0.030190 0.022897
v 0.003096 -0.144734 0.014802
v 0.006386 -0.050000 0.021571
v 0.010211 -0.037744 0.020036
v -0.006386 -0.140000 0.021571
v -0.006386 -0.050000 0.021571
v -0.006000 -0.050000 0.021185
v 0.006386 -0.140000 0.021571
v 0.006000 -0.140000 0.021185
v -0.006000 -0.140000 0.021185
v 0.006000 -0.050000 0.021185
v 0.006000 -0.141555 0.013744
v -0.006000 -0.049296 0.013744
v -0.006000 -0.140000 0.013744
v 0.006000 -0.050000 0.013744
v 0.033145 -0.179967 0.010584
v -0.010957 0.027792 -0.021701
v 0.007736 0.028962 -0.021081
v -0.017897 0.024072 -0.022462
v -0.025764 0.014963 -0.017479
v -0.028950 0.007318 -0.021924
v -0.030003 -0.000932 -0.013765
v 0.029963 -0.001174 -0.021979
v -0.029171 -0.006934 -0.022485
v 0.029165 -0.007025 -0.022487
v 0.024304 -0.017594 -0.022015
v 0.027262 -0.012520 -0.021504
v -0.022891 -0.019322 0.020661
v -0.024233 -0.017709 -0.022479
v -0.021218 -0.021320 0.017241
v 0.014047 -0.026699 -0.006374
v 0.015316 -0.025775 0.001408
v 0.012126 -0.027431 0.008860
v -0.012005 -0.027482 0.008899
v -0.014986 -0.025999 0.002727
v -0.017841 -0.023945 -0.021504
v -0.009405 -0.028651 0.011680
v 0.009980 -0.028292 0.011194
v 0.008567 -0.028727 0.012233
v -0.008570 -0.028725 0.012233
v -0.007223 0.034265 0.010785
v 0.018778 0.029523 0.006368
v 0.031090 0.015995 0.006163
v 0.034170 0.007578 0.007449
v 0.035084 -0.000287 0.014714
v -0.031723 -0.014784 0.007116
v -0.022478 -0.026880 0.012499
v -0.011404 -0.169000 0.009740
v 0.010374 -0.037725 0.019962
v 0.013567 -0.158000 0.017608
v -0.014526 -0.034439 0.017181
v 0.025027 -0.169000 0.016169
v -0.013567 -0.158000 0.017608
v -0.012176 -0.037125 0.018916
v 0.013862 -0.039089 0.017753
v 0.015910 -0.157915 0.015906
v 0.012192 -0.169000 0.008734
v -0.015910 -0.158000 0.015906
v -0.012533 -0.169000 0.008132
v -0.028182 -0.169003 0.010781
v 0.026904 -0.179954 0.013152
v -0.015582 -0.168996 0.000122
v -0.035095 0.000827 0.015127
v 0.016778 -0.034230 0.014698
v -0.015874 -0.034947 0.015869
v -0.025260 -0.162946 -0.005212
v -0.020463 -0.021938 -0.021504
v 0.012537 -0.169000 0.008141
v -0.016880 -0.158000 0.014570
v -0.016751 -0.034364 0.015018
v 0.025818 0.023667 0.008389
v 0.022456 -0.158900 -0.001721
v 0.020055 -0.159068 0.010196
v -0.019438 -0.034492 0.011455
v 0.022642 -0.027034 0.002465
v 0.019934 -0.031105 0.010105
v -0.020048 -0.158000 0.010211
v 0.018506 -0.032991 0.012794
v 0.030683 -0.179981 0.000504
v 0.035664 -0.176248 -0.000116
v 0.015582 -0.168996 -0.000130
v 0.030550 -0.169002 0.000420
v 0.000149 0.030146 -0.017768
v -0.030633 -0.180007 0.000183
v -0.022272 -0.159613 0.003285
v 0.022094 -0.144561 0.003994
v 0.021575 -0.140000 0.006382
v 0.021575 -0.050000 0.006382
v -0.021720 -0.048301 0.006004
v -0.022453 -0.144696 0.003221
v -0.022577 -0.027449 0.003251
v 0.022049 -0.046055 0.004311
v 0.003542 0.034752 -0.010913
v -0.004184 0.034957 -0.012801
v 0.034844 -0.163002 -0.007792
v -0.034247 -0.163009 -0.009789
v 0.013748 -0.141117 0.005996
v 0.015060 -0.145319 0.002119
v 0.014913 -0.044731 0.002906
v 0.013748 -0.050000 0.005996
v -0.013748 -0.140704 0.005996
v -0.013748 -0.048883 0.005996
v -0.015248 -0.044624 0.001174
v -0.015060 -0.145488 0.002373
v 0.014732 0.031742 -0.022533
v -0.013280 0.032341 -0.022094
v -0.018515 0.029705 -0.022511
v 0.017851 0.024112 -0.021825
v -0.026591 0.022778 -0.022604
v 0.022184 0.020201 -0.022491
v 0.027618 0.021502 -0.022493
v 0.025683 0.015508 -0.022484
v 0.033327 0.010660 -0.022242
v -0.033304 0.010828 -0.022514
v 0.028222 0.010156 -0.021808
v 0.034691 0.004631 -0.022495
v -0.034686 0.004690 -0.022125
v 0.034965 -0.001562 -0.022161
v -0.034148 -0.007681 -0.022506
v 0.032268 -0.013554 -0.022493
v -0.028813 -0.019981 -0.022536
v 0.028573 -0.020057 -0.021832
v 0.022539 -0.027072 -0.003929
v 0.021189 -0.050000 0.005996
v 0.021189 -0.140000 0.005996
v -0.021189 -0.140000 0.005996
v -0.029953 -0.169012 -0.002902
v -0.022500 -0.044922 -0.002912
v 0.021106 -0.162915 -0.014858
v -0.022488 -0.145046 -0.002545
v -0.034319 -0.179893 -0.007948
v 0.014621 -0.045614 -0.003279
v -0.014341 -0.026347 -0.004165
v 0.013754 -0.142879 -0.006002
v 0.032938 -0.179968 -0.013789
v -0.025649 -0.180000 -0.015231
v 0.021613 -0.141140 -0.006295
v 0.031979 -0.166500 -0.013783
v 0.026025 -0.166500 -0.023407
v -0.026958 -0.166465 -0.021854
v -0.027262 -0.176434 -0.020500
v 0.027813 -0.169004 -0.011549
v 0.027071 -0.176455 -0.021358
v -0.014208 -0.143107 -0.004771
v 0.013166 -0.026947 -0.007065
v 0.021756 -0.046568 -0.004559
v -0.013758 -0.048008 -0.006004
v -0.019040 -0.029739 -0.013749
v 0.013749 -0.048504 -0.006004
v -0.012537 -0.169000 -0.008149
v -0.012621 -0.027214 -0.008096
v 0.012533 -0.169000 -0.008141
v 0.019689 -0.031026 -0.010988
v -0.019983 -0.031643 -0.010178
v 0.020058 -0.158390 -0.010181
v -0.021575 -0.140000 -0.006390
v -0.021189 -0.050000 -0.006004
v 0.021189 -0.140000 -0.006004
v -0.013757 -0.140448 -0.005984
v 0.021575 -0.050000 -0.006390
v -0.020063 -0.158573 -0.010172
v 0.021189 -0.050000 -0.006004
v -0.021189 -0.140000 -0.006004
v -0.021575 -0.050000 -0.006390
v -0.027282 -0.169004 -0.012430
v 0.010872 -0.027964 -0.010300
v 0.011404 -0.169000 -0.009749
v 0.022069 -0.169000 -0.020842
v -0.011019 -0.027901 -0.010181
v -0.012192 -0.169000 -0.008742
v -0.009091 -0.028589 -0.011935
v 0.015813 -0.025789 -0.022698
v -0.010324 -0.169000 -0.010886
v -0.008596 -0.028865 -0.012280
v -0.022459 -0.169000 -0.019726
v 0.021072 -0.027881 -0.022495
v 0.024525 -0.180000 -0.017235
v 0.003021 0.034006 -0.016549
v -0.003503 0.033999 -0.022508
v 0.009360 -0.169000 -0.011726
v -0.017213 -0.030715 -0.014458
v -0.011608 -0.027704 -0.021835
v 0.017998 -0.033407 -0.013503
v 0.015895 -0.034136 -0.015902
v 0.016880 -0.158000 -0.014578
v -0.015922 -0.157917 -0.015905
v -0.013434 -0.162872 -0.021679
v -0.008575 -0.169000 -0.012255
v 0.007048 -0.029909 -0.013252
v 0.008571 -0.169000 -0.012241
v 0.006000 -0.039663 -0.013753
v 0.006000 -0.140000 -0.013752
v 0.003336 -0.144859 -0.014858
v -0.000142 -0.168994 -0.015732
v 0.010245 -0.169000 -0.028502
v -0.003621 -0.144561 -0.014620
v -0.006000 -0.140705 -0.013752
v -0.006000 -0.039347 -0.013753
v -0.007000 -0.037000 -0.013271
v -0.013279 -0.169000 -0.027115
v -0.022062 -0.180001 -0.020838
v -0.007018 -0.030264 -0.014776
v -0.007019 -0.037648 -0.021398
v 0.002577 -0.040315 -0.015199
v 0.006000 -0.049588 -0.021193
v -0.006000 -0.140413 -0.021193
v -0.006000 -0.050000 -0.021193
v -0.004230 -0.045355 -0.014820
v 0.006000 -0.140000 -0.021193
v 0.003601 -0.045632 -0.014678
v -0.000474 -0.145826 -0.023287
v -0.006384 -0.049902 -0.021580
v -0.001231 -0.043663 -0.022789
v 0.015910 -0.158000 -0.015914
v -0.000916 -0.169045 -0.030349
v 0.013567 -0.158000 -0.017616
v -0.012920 -0.036047 -0.018427
v 0.012876 -0.037827 -0.018469
v 0.010518 -0.036852 -0.019901
v -0.010270 -0.044886 -0.019994
v -0.009789 -0.034942 -0.022464
v 0.020853 -0.163002 -0.028330
v -0.020332 -0.163002 -0.028606
v -0.025417 -0.179841 -0.024322
v 0.010215 -0.158000 -0.020052
v 0.010312 -0.037525 -0.019988
v -0.010215 -0.157994 -0.020052
v 0.004651 -0.162928 -0.024929
v -0.020284 -0.173145 -0.022328
v 0.021979 -0.172497 -0.020704
v 0.010207 -0.037529 -0.020036
v 0.007807 -0.049974 -0.021094
v 0.006386 -0.140000 -0.021579
v 0.006386 -0.050000 -0.021579
v 0.001471 -0.156313 -0.022771
v -0.006386 -0.140000 -0.021579
v -0.025123 -0.171253 -0.024387
v 0.021355 -0.179367 -0.027938
v 0.011947 -0.179998 -0.027868
v 0.027426 -0.012595 -0.022033
v -0.019325 -0.179839 -0.029365
v -0.010734 -0.179999 -0.028281
v -0.011560 -0.163000 -0.033040
v 0.011172 -0.163001 -0.033177
v -0.002386 -0.163095 -0.035018
v 0.011213 -0.179990 -0.033311
v -0.006849 -0.179889 -0.034250
v -0.000603 -0.180000 -0.029829
v 0.004747 -0.179917 -0.034773
v -0.000095 -0.177973 -0.034095
v 0.005653 0.029787 0.029968
v -0.001810 0.030120 0.021201
v -0.002392 0.030035 0.035995
v 0.011829 0.027708 0.035965
v -0.014013 0.026724 0.021096
v -0.012292 0.027285 0.035994
v 0.016276 0.025319 0.021096
v -0.018310 0.023853 0.030719
v -0.001909 0.004288 0.035996
v 0.023810 0.018746 0.035995
v -0.029557 -0.005707 0.035996
v -0.023856 0.018023 0.035996
v 0.023653 0.018754 0.027737
v 0.003579 0.003268 0.035996
v 0.024644 0.009808 0.035995
v -0.022369 0.019990 0.021096
v -0.026716 0.013966 0.021096
v -0.028133 0.010544 0.035983
v 0.029598 0.006702 0.021096
v 0.029561 0.006114 0.035997
v -0.004653 -0.001503 0.035996
v 0.024338 -0.017767 0.035996
v -0.029921 0.004066 0.027806
v 0.001194 0.005143 0.021096
v -0.004717 -0.001029 0.021096
v 0.003748 -0.002154 0.021096
v 0.002661 -0.004511 0.035996
v -0.029585 -0.005442 0.021097
v -0.027351 -0.011486 0.035989
v 0.029819 -0.004653 0.031208
v -0.000217 -0.004711 0.021096
v -0.022544 -0.019987 0.035996
v -0.025082 -0.017111 0.021096
v 0.027485 -0.012383 0.021098
v 0.011363 -0.027760 0.035994
v -0.023961 -0.018197 0.034627
v 0.018866 -0.023743 0.026516
v -0.016197 -0.025358 0.021196
v -0.013227 -0.027081 0.035996
v 0.002088 -0.029958 0.035996
v 0.006420 -0.029538 0.021096
v -0.005837 -0.029628 0.026938
v 0.000168 0.004497 0.015496
v 0.005058 0.029571 0.015496
v -0.000462 0.029996 0.015496
v -0.005966 0.029401 0.015496
v -0.000462 0.029996 -0.047804
v -0.005966 0.029401 -0.047804
v 0.002847 0.003605 0.015496
v 0.010405 0.028138 0.015496
v 0.009964 0.028330 -0.036004
v 0.005058 0.029571 -0.047804
v -0.002881 0.003577 0.015496
v -0.011267 0.027804 0.015496
v -0.011267 0.027804 -0.047804
v 0.015398 0.025747 0.015496
v -0.016184 0.025260 0.015496
v -0.016184 0.025260 -0.047804
v 0.019867 0.022479 0.015496
v 0.015398 0.025747 -0.036004
v -0.020550 0.021856 0.015496
v -0.020550 0.021856 -0.047804
v 0.023659 0.018446 0.015496
v 0.019867 0.022479 -0.036004
v -0.024216 0.017708 0.015496
v -0.024216 0.017708 -0.047804
v 0.026646 0.013784 0.015496
v 0.023659 0.018446 -0.036004
v -0.027058 0.012957 0.015496
v -0.027058 0.012957 -0.047804
v 0.004422 0.000837 0.015496
v 0.028725 0.008653 0.015496
v 0.026646 0.013784 -0.036004
v -0.004347 0.001165 0.015496
v -0.028940 0.007920 0.015496
v -0.029225 0.007084 -0.047804
v 0.029826 0.003228 0.015496
v 0.028725 0.008653 -0.036004
v -0.029911 0.002308 0.015496
v 0.000168 0.004497 -0.036004
v -0.001800 0.004125 -0.036004
v -0.003678 0.002646 -0.036004
v 0.003140 0.003352 -0.036004
v 0.029911 -0.002308 0.015496
v 0.029826 0.003228 -0.036004
v -0.004249 -0.001576 0.015496
v -0.029826 -0.003228 0.015496
v -0.029911 0.002308 -0.036004
v -0.029826 -0.003228 -0.036004
v -0.004359 -0.001240 -0.036004
v 0.004227 -0.002431 0.015496
v 0.004529 0.000093 -0.036004
v -0.028725 -0.008653 0.015496
v 0.003155 -0.003254 0.015496
v 0.027058 -0.012957 0.015496
v 0.028980 -0.007758 0.015496
v -0.023659 -0.018446 0.015496
v -0.002877 -0.003460 0.015496
v -0.026646 -0.013784 0.015496
v -0.002877 -0.003460 -0.036004
v 0.020550 -0.021856 0.015496
v 0.024216 -0.017708 0.015496
v 0.002892 -0.003489 -0.036004
v 0.029911 -0.002308 -0.036004
v -0.028725 -0.008653 -0.036004
v -0.019867 -0.022479 0.015496
v -0.015398 -0.025747 0.015496
v -0.001165 -0.004347 0.015496
v -0.001165 -0.004347 -0.036004
v 0.000762 -0.004435 0.015496
v 0.011267 -0.027804 0.015496
v 0.016184 -0.025260 0.015496
v -0.010405 -0.028138 0.015496
v -0.005058 -0.029571 0.015496
v 0.000762 -0.004435 -0.036004
v 0.005966 -0.029401 0.015496
v 0.000462 -0.029996 0.015496
v 0.028978 -0.007765 -0.036004
v -0.026646 -0.013784 -0.036004
v 0.027058 -0.012957 -0.036004
v -0.023659 -0.018446 -0.036004
v 0.024216 -0.017708 -0.036004
v -0.019867 -0.022479 -0.036004
v 0.020550 -0.021856 -0.036004
v -0.015398 -0.025747 -0.036004
v 0.016184 -0.025260 -0.036004
v -0.010405 -0.028138 -0.036004
v 0.011267 -0.027804 -0.036004
v -0.005058 -0.029571 -0.036004
v 0.005966 -0.029401 -0.036004
v 0.000462 -0.029996 -0.036004
v 0.009962 0.028352 -0.047804
v 0.004307 0.009261 -0.036004
v 0.004368 0.009484 -0.047804
v -0.003976 0.009654 -0.036004
v -0.004475 0.009202 -0.047804
v -0.010661 0.000835 -0.036004
v -0.010847 0.000874 -0.047804
v -0.029085 0.004912 -0.036004
v -0.029510 0.005007 -0.047804
v -0.005353 0.023570 -0.047804
v -0.007791 0.020627 -0.047804
v -0.007067 0.022412 -0.050804
v -0.002332 0.031009 0.015497
v -0.014180 0.026668 0.021096
v 0.000517 0.030757 0.021087
v 0.002847 0.004231 0.021096
v -0.005320 0.000006 0.021096
v 0.012365 0.027222 0.015496
v 0.020987 0.022331 0.021092
v -0.021701 0.021407 0.015499
v -0.025719 0.016591 0.021093
v 0.022240 0.020738 0.015501
v 0.028365 0.009452 0.021096
v 0.027586 0.011791 0.015496
v -0.030282 -0.002390 0.021096
v 0.030420 0.000521 0.015506
v 0.029898 -0.000224 0.021096
v -0.001311 0.003861 0.015496
v 0.003890 0.001749 0.015496
v -0.029579 0.000004 0.017997
v -0.003459 -0.002494 0.015496
v 0.002820 -0.004249 0.021096
v 0.028106 -0.010160 0.021096
v -0.028284 -0.010872 0.015496
v -0.022253 -0.021526 0.021094
v 0.021306 -0.022176 0.021093
v 0.000268 -0.031044 0.021088
v 0.022569 -0.020813 0.015499
v -0.021329 -0.021166 0.015525
v -0.011778 -0.027904 0.015496
v 0.004403 -0.030351 0.015496
v 0.024130 -0.064262 0.014565
v 0.024728 -0.059096 -0.002891
v 0.024850 -0.063242 -0.002057
v -0.036728 -0.059222 -0.002892
v -0.036187 -0.053735 0.012593
v -0.037189 -0.057820 -0.001847
v -0.042963 -0.117676 -0.002022
v -0.042727 -0.119222 -0.002891
v -0.042728 -0.114278 -0.002892
v -0.037901 -0.055132 0.001056
v -0.036187 -0.059763 0.012596
v 0.025109 -0.057938 0.011461
v 0.025902 -0.061274 0.001097
v -0.037900 -0.058020 0.011186
v -0.043901 -0.115132 0.001057
v -0.042187 -0.113737 0.012596
v -0.042187 -0.119763 0.012596
v 0.039264 -0.118880 0.003332
v 0.038194 -0.116946 0.012396
v 0.038727 -0.114278 -0.002891
v 0.040050 -0.113765 0.012415
v -0.043900 -0.118002 0.011218
v 0.027089 -0.065898 0.011871
v -0.039422 -0.035202 0.002996
v -0.038307 -0.016785 0.003996
v -0.037021 -0.004551 0.002999
v -0.036276 -0.004097 0.003959
v -0.037882 -0.029683 0.002996
v 0.032906 -0.015797 0.002996
v 0.030267 -0.023264 0.024824
v 0.035686 -0.007777 0.003743
v 0.030959 -0.022126 0.004045
v 0.028243 -0.023199 0.007854
v -0.036011 -0.022628 0.016522
v -0.038736 -0.045998 0.014256
v 0.025962 -0.049348 0.003121
v 0.023895 -0.046600 0.007011
v 0.022901 -0.028592 0.005268
v -0.039459 -0.046000 0.003996
v -0.039684 -0.047500 0.003996
v -0.042492 -0.072053 0.002996
v -0.040506 -0.045832 0.003996
v -0.046118 -0.095985 0.002996
v 0.031687 -0.070291 0.003996
v 0.034922 -0.084277 0.002996
v 0.029760 -0.067500 0.003996
v -0.041991 -0.067500 0.003997
v -0.044053 -0.086000 0.003996
v -0.044216 -0.087500 0.003996
v -0.047128 -0.118099 0.002996
v -0.041876 -0.066000 0.004048
v 0.035264 -0.087010 0.004130
v 0.043333 -0.114550 0.003496
v 0.040366 -0.106000 0.003312
v -0.046118 -0.095985 0.003996
v -0.048682 -0.124992 0.003496
v -0.046235 -0.107500 0.003996
v -0.047806 -0.126000 0.004017
v -0.046096 -0.106000 0.003996
v 0.050033 -0.147877 0.003658
v 0.046995 -0.140249 0.002996
v 0.044823 -0.126000 0.004012
v 0.040712 -0.107500 0.004014
v -0.048841 -0.146000 0.003996
v -0.049555 -0.152440 0.002996
v -0.047852 -0.127500 0.003996
v 0.051321 -0.171894 0.003616
v 0.047981 -0.145996 0.004052
v 0.045142 -0.127500 0.004000
v 0.049458 -0.176866 0.003298
v 0.047964 -0.147501 0.003998
v -0.048897 -0.147500 0.003996
v -0.047888 -0.163999 0.014145
v -0.049274 -0.164750 0.003996
v -0.049803 -0.181217 0.003064
v -0.050146 -0.166941 0.003871
v 0.035763 -0.165500 0.004041
v 0.049075 -0.164000 0.004415
v 0.048173 -0.178502 0.005012
v -0.049388 -0.177000 0.004027
v -0.047660 -0.178500 0.004048
v 0.050241 -0.181011 0.010133
v -0.049489 -0.180980 0.012804
v 0.024462 -0.029439 0.006229
v -0.039116 -0.027672 0.010698
v -0.037950 -0.005000 0.009650
v 0.037675 -0.005025 0.022832
v 0.036040 -0.012527 0.004023
v 0.036350 -0.004601 0.003964
v -0.042544 -0.054886 0.003996
v 0.024013 -0.047171 0.012755
v 0.027575 -0.050288 0.004317
v -0.023763 -0.047500 0.004179
v -0.022396 -0.046000 0.003996
v -0.015348 -0.046000 0.015961
v -0.046074 -0.090620 0.010339
v -0.039000 -0.047501 0.012424
v 0.041701 -0.103376 0.004002
v 0.040534 -0.103707 0.010427
v 0.027424 -0.061323 0.012894
v -0.022396 -0.067500 0.003996
v -0.023070 -0.066000 0.004066
v -0.015998 -0.067500 0.017602
v 0.022759 -0.066000 0.004148
v 0.022959 -0.067500 0.006356
v -0.039597 -0.067496 0.019937
v 0.027487 -0.067497 0.011993
v 0.032577 -0.085999 0.013018
v -0.046579 -0.091104 0.003996
v -0.022813 -0.087500 0.004013
v -0.023077 -0.086000 0.004052
v -0.042778 -0.086000 0.015089
v 0.023684 -0.086000 0.004325
v 0.023787 -0.087500 0.004937
v -0.042680 -0.087499 0.017511
v 0.031250 -0.087498 0.016525
v 0.038830 -0.106000 0.011112
v -0.049196 -0.119114 0.003996
v -0.049247 -0.126375 0.010797
v -0.022814 -0.107500 0.004010
v -0.022396 -0.106000 0.003996
v -0.016722 -0.106000 0.016216
v -0.043471 -0.105999 0.021016
v 0.024045 -0.107500 0.004495
v 0.017840 -0.106000 0.014978
v 0.022396 -0.106000 0.003996
v -0.045477 -0.107500 0.012553
v 0.036233 -0.107500 0.018189
v 0.047553 -0.130338 0.003996
v 0.046630 -0.131278 0.011629
v -0.051174 -0.154778 0.003998
v -0.022396 -0.127500 0.003996
v -0.022396 -0.126000 0.003996
v -0.013796 -0.127500 0.020133
v -0.014518 -0.126000 0.018841
v 0.022396 -0.127500 0.003996
v 0.013796 -0.126000 0.020133
v 0.022396 -0.126000 0.003996
v 0.043033 -0.126000 0.012341
v -0.048379 -0.146000 0.008597
v -0.046910 -0.127500 0.013443
v 0.043660 -0.127500 0.011765
v 0.014518 -0.127500 0.018841
v -0.050255 -0.157897 0.011891
v 0.049909 -0.158697 0.011224
v -0.022396 -0.146000 0.003996
v -0.022396 -0.147500 0.003996
v -0.044370 -0.145999 0.025290
v -0.014518 -0.146000 0.018841
v -0.017840 -0.147500 0.014978
v 0.043972 -0.145999 0.020719
v 0.023816 -0.146000 0.004080
v 0.022396 -0.147500 0.003996
v -0.046710 -0.147500 0.018167
v 0.016722 -0.147500 0.016216
v 0.047615 -0.147500 0.007856
v 0.042833 -0.147501 0.022509
v -0.035022 -0.164000 0.003996
v -0.035440 -0.165500 0.004043
v -0.031542 -0.164000 0.015231
v 0.029082 -0.164000 0.021732
v 0.035022 -0.164000 0.003996
v 0.048081 -0.163997 0.010947
v 0.041752 -0.163999 0.027561
v -0.048462 -0.165500 0.010036
v 0.046600 -0.165608 0.018067
v 0.047126 -0.176864 0.016626
v -0.035022 -0.177000 0.003996
v -0.035022 -0.178500 0.003996
v -0.045324 -0.178500 0.003996
v -0.046506 -0.176997 0.018044
v -0.031542 -0.177000 0.015231
v -0.030829 -0.178500 0.018206
v 0.045672 -0.178500 0.004599
v 0.035636 -0.178500 0.004283
v 0.036355 -0.177000 0.004394
v -0.047183 -0.182500 0.005311
v -0.045324 -0.182500 0.003996
v -0.043470 -0.182500 0.013436
v -0.039610 -0.178500 0.023662
v 0.046007 -0.182500 0.006282
v -0.044710 -0.182500 0.016036
v -0.045495 -0.178874 0.021017
v -0.042657 -0.178500 0.021392
v 0.044710 -0.182500 0.016036
v -0.046191 -0.116379 0.011884
v -0.031460 -0.174835 0.010289
v -0.047163 -0.170834 0.015530
v -0.032223 -0.170544 0.009166
v 0.037687 -0.174394 0.012281
v 0.031748 -0.169693 0.009590
v 0.028839 -0.172400 0.016679
v -0.031223 -0.168257 0.010860
v 0.048597 -0.171374 0.016827
v 0.039598 -0.111608 0.018208
v -0.032855 -0.045996 0.022432
v 0.014220 -0.047504 0.019631
v 0.008322 -0.045977 0.022804
v 0.017220 -0.043942 0.016988
v -0.035527 -0.047490 0.021960
v -0.008771 -0.066000 0.022108
v -0.041062 -0.065955 0.012089
v -0.037408 -0.065998 0.022820
v -0.024138 -0.065998 0.026985
v 0.013028 -0.066000 0.019310
v -0.029446 -0.067500 0.026505
v -0.014462 -0.087500 0.017270
v -0.014462 -0.086000 0.017270
v -0.037741 -0.085999 0.026031
v 0.020936 -0.085995 0.027402
v -0.036246 -0.087499 0.027370
v -0.010535 -0.107500 0.021325
v -0.033538 -0.106000 0.032434
v 0.033512 -0.106000 0.021272
v -0.041409 -0.107499 0.025434
v 0.030198 -0.107500 0.026456
v -0.043918 -0.125999 0.023589
v -0.035769 -0.126000 0.033628
v 0.037684 -0.126000 0.024059
v -0.040854 -0.127500 0.029195
v 0.036649 -0.127502 0.026444
v 0.029988 -0.167373 0.013727
v -0.045014 -0.176965 0.021475
v -0.046017 -0.167172 0.019094
v -0.048181 -0.168537 0.019199
v -0.048361 -0.174057 0.018565
v -0.038953 -0.039752 0.017542
v -0.046266 -0.165500 0.019460
v -0.023523 -0.165500 0.027653
v 0.035985 -0.165487 0.034285
v 0.024564 -0.165500 0.026046
v 0.042830 -0.176885 0.017215
v 0.021688 -0.178500 0.029114
v 0.043884 -0.168974 0.022473
v -0.033580 -0.174892 0.016843
v -0.046482 -0.105560 0.016491
v -0.035506 -0.021043 0.021706
v -0.029409 -0.169082 0.015239
v -0.047757 -0.137200 0.019663
v 0.017708 -0.065985 0.022535
v 0.043623 -0.144472 0.024115
v -0.037777 -0.182500 0.025764
v 0.037777 -0.178500 0.025764
v -0.038483 -0.182500 0.028218
v 0.036773 -0.182500 0.027178
v 0.046823 -0.173899 0.021230
v 0.012436 -0.037995 0.021641
v -0.046826 -0.172098 0.022291
v 0.047159 -0.168967 0.020580
v 0.034952 -0.104506 0.022525
v 0.043529 -0.180489 0.027462
v 0.001739 -0.047551 0.023761
v 0.017160 -0.067491 0.023513
v 0.005606 -0.067500 0.022608
v -0.024135 -0.085998 0.031746
v 0.009150 -0.086000 0.020584
v -0.025896 -0.087500 0.031552
v 0.021431 -0.087499 0.027073
v 0.005606 -0.087500 0.022608
v -0.020884 -0.106000 0.037345
v 0.024292 -0.105999 0.031272
v -0.028189 -0.107500 0.035384
v 0.009150 -0.107500 0.020584
v -0.022332 -0.125999 0.041388
v 0.025556 -0.125999 0.036251
v -0.022338 -0.127500 0.041551
v 0.025267 -0.127501 0.036628
v -0.027494 -0.146000 0.041585
v 0.007209 -0.146000 0.022149
v 0.027545 -0.146000 0.038736
v -0.035593 -0.147499 0.036498
v 0.029515 -0.147500 0.037714
v -0.033489 -0.015714 0.025038
v 0.038709 -0.178500 0.028039
v 0.037426 -0.182500 0.029605
v -0.044833 -0.108815 0.022545
v 0.017208 -0.056666 0.022509
v 0.029074 -0.104294 0.029179
v -0.015292 -0.164000 0.032791
v -0.041841 -0.164000 0.027849
v -0.040447 -0.165500 0.029517
v -0.030996 -0.177000 0.039196
v -0.018159 -0.177000 0.030854
v 0.013475 -0.177000 0.034346
v 0.035620 -0.177000 0.035076
v -0.036746 -0.047669 0.022560
v 0.004255 -0.065999 0.027736
v -0.010826 -0.067500 0.027927
v -0.006261 -0.087500 0.021867
v -0.003131 -0.086000 0.022307
v -0.006521 -0.086000 0.033267
v -0.013644 -0.087500 0.033313
v 0.012759 -0.087501 0.031466
v 0.000834 -0.106000 0.023278
v 0.010872 -0.106000 0.037728
v -0.004307 -0.107501 0.039881
v 0.015918 -0.107500 0.036425
v 0.014002 -0.127501 0.042754
v -0.009481 -0.145999 0.047514
v -0.000834 -0.147500 0.023278
v 0.012097 -0.146000 0.046365
v -0.015335 -0.147501 0.046563
v 0.019098 -0.147501 0.043653
v 0.035162 -0.181094 0.037247
v 0.035494 -0.129076 0.030994
v 0.011221 -0.035645 0.024690
v -0.000832 -0.036997 0.022756
v -0.021666 -0.030891 0.022088
v -0.044479 -0.155295 0.027782
v -0.043393 -0.128648 0.028603
v 0.003547 -0.067499 0.028040
v 0.003789 -0.085999 0.033291
v 0.003211 -0.087500 0.033955
v -0.003039 -0.106000 0.039383
v 0.001382 -0.125999 0.044718
v -0.002436 -0.127502 0.044806
v 0.004250 -0.147500 0.048156
v 0.022387 -0.105906 0.034800
v -0.031151 -0.036520 0.023464
v 0.006669 -0.064959 0.028879
v -0.014852 -0.034652 0.024500
v -0.039751 -0.092996 0.027759
v -0.033393 -0.066559 0.027159
v -0.000483 -0.051098 0.026404
v -0.038452 -0.179682 0.034594
v -0.026345 -0.063348 0.028123
v 0.037035 -0.160390 0.035201
v -0.034930 -0.178517 0.032485
v -0.030837 -0.163998 0.040032
v 0.021673 -0.164000 0.044297
v -0.031787 -0.165500 0.039054
v -0.008987 -0.178500 0.035232
v -0.027007 -0.178500 0.036614
v -0.036293 -0.090753 0.030121
v 0.014448 -0.106866 0.038951
v -0.039374 -0.125858 0.033315
v -0.027672 -0.085165 0.032653
v -0.015796 -0.076202 0.032288
v -0.034957 -0.154786 0.039467
v -0.010604 -0.163999 0.048757
v 0.007787 -0.164000 0.034148
v -0.016285 -0.165500 0.047011
v 0.008121 -0.165501 0.049558
v 0.002662 -0.165500 0.035889
v 0.013649 -0.177000 0.047910
v -0.013460 -0.178500 0.043698
v 0.027007 -0.178666 0.036614
v -0.027007 -0.182500 0.036614
v -0.027335 -0.182500 0.038843
v -0.032889 -0.102791 0.034256
v 0.006029 -0.107360 0.041254
v 0.024833 -0.178498 0.040857
v -0.025603 -0.181155 0.044441
v 0.027937 -0.132775 0.038666
v -0.003871 -0.109171 0.042243
v -0.023135 -0.178517 0.041889
v 0.020954 -0.182500 0.041965
v -0.022584 -0.104156 0.038601
v 0.007162 -0.163998 0.048984
v -0.011497 -0.177001 0.048447
v 0.010911 -0.178500 0.044829
v -0.030413 -0.132186 0.040989
v 0.013988 -0.125753 0.044051
v 0.025476 -0.158981 0.044162
v -0.015107 -0.182500 0.043157
v -0.015232 -0.182500 0.045222
v 0.011985 -0.182500 0.046090
v -0.017654 -0.136986 0.046790
v 0.021940 -0.139768 0.043475
v -0.012776 -0.180757 0.047672
v 0.022816 -0.180932 0.046354
v -0.001366 -0.130793 0.047636
v 0.007913 -0.141119 0.048692
v -0.017854 -0.169367 0.048750
v -0.004854 -0.180599 0.047325
v -0.006575 -0.178501 0.049881
v 0.005735 -0.178500 0.047372
v 0.015723 -0.178840 0.046762
v 0.011192 -0.163515 0.050181
v -0.003509 -0.157155 0.051204
v 0.006891 -0.180757 0.051334
v -0.010925 -0.180705 -0.050547
v -0.007007 -0.156896 -0.050988
v -0.000018 -0.181297 -0.051569
v 0.008239 -0.158545 -0.050354
v 0.010152 -0.179819 -0.050552
v 0.009570 -0.133724 -0.047184
v 0.019442 -0.159579 -0.047146
v -0.007538 -0.178856 -0.049878
v -0.007096 -0.129958 -0.047179
v -0.019059 -0.153878 -0.048204
v -0.011956 -0.165500 -0.048169
v 0.014102 -0.177000 -0.048145
v 0.010171 -0.165500 -0.048601
v -0.015902 -0.177000 -0.047252
v 0.003055 -0.177000 -0.036304
v -0.004348 -0.178513 -0.047768
v -0.007338 -0.165500 -0.035118
v 0.017271 -0.165500 -0.031444
v 0.019155 -0.180666 -0.047713
v 0.026482 -0.178576 -0.042180
v 0.007496 -0.147500 -0.048018
v -0.020918 -0.147500 -0.044805
v -0.003627 -0.163999 -0.050025
v -0.025381 -0.130206 -0.042885
v 0.024971 -0.164000 -0.042615
v 0.003055 -0.164000 -0.036304
v 0.014251 -0.182482 -0.045437
v -0.003423 -0.182500 -0.047256
v 0.009354 -0.182500 -0.044532
v -0.003882 -0.182500 -0.045557
v -0.014726 -0.147500 -0.018734
v 0.014010 -0.147500 -0.020060
v -0.025223 -0.163998 -0.043419
v -0.020143 -0.145999 -0.044753
v -0.007691 -0.146000 -0.020761
v -0.003027 -0.145999 -0.048244
v 0.017640 -0.146000 -0.016954
v -0.017260 -0.182500 -0.044257
v 0.023355 -0.182500 -0.039307
v -0.024328 -0.165500 -0.043692
v -0.019487 -0.177000 -0.029091
v -0.021645 -0.117630 -0.041692
v 0.019456 -0.146001 -0.043516
v 0.017049 -0.127502 -0.041165
v 0.000908 -0.127501 -0.044897
v 0.024170 -0.143200 -0.042932
v -0.010542 -0.109692 -0.042001
v 0.002561 -0.107431 -0.041665
v -0.032671 -0.178876 -0.036965
v -0.017684 -0.127501 -0.042649
v -0.016037 -0.164000 -0.031403
v 0.034814 -0.180978 -0.038410
v -0.001211 -0.178500 -0.046101
v 0.031759 -0.162028 -0.040039
v -0.031567 -0.154263 -0.041901
v 0.011175 -0.107050 -0.040087
v 0.027568 -0.165500 -0.040773
v -0.030524 -0.180510 -0.041160
v -0.003055 -0.178500 -0.036304
v -0.027813 -0.178500 -0.036785
v -0.018308 -0.182500 -0.041658
v 0.018308 -0.178500 -0.041658
v 0.019487 -0.178500 -0.029091
v -0.029569 -0.145999 -0.040257
v 0.013213 -0.127500 -0.019219
v -0.008911 -0.127500 -0.022102
v -0.031411 -0.182500 -0.036028
v 0.027103 -0.180880 -0.039183
v -0.034450 -0.125998 -0.035251
v -0.044945 -0.126000 -0.020475
v -0.012467 -0.126000 -0.043765
v 0.040000 -0.126000 0.001388
v 0.004955 -0.126000 -0.044057
v -0.047377 -0.126000 -0.008023
v -0.044000 -0.126000 0.001388
v -0.018840 -0.126000 -0.012354
v -0.004330 -0.126000 -0.023435
v 0.014643 -0.126000 -0.017125
v 0.004700 -0.107500 -0.039432
v -0.003938 -0.107500 -0.039630
v 0.020572 -0.111809 -0.037667
v -0.029680 -0.164000 -0.020145
v -0.037131 -0.123950 -0.035222
v 0.029371 -0.147500 -0.037246
v -0.030363 -0.127500 -0.037850
v -0.034470 -0.177000 -0.036162
v -0.028415 -0.165500 -0.021895
v -0.016412 -0.107509 -0.038608
v 0.025146 -0.126000 -0.036717
v 0.011898 -0.107500 -0.037883
v 0.033086 -0.144018 -0.036701
v 0.031197 -0.164000 -0.018804
v 0.033866 -0.177000 -0.036295
v -0.029668 -0.182500 -0.034789
v 0.029668 -0.178500 -0.034789
v -0.038218 -0.152218 -0.036297
v 0.026233 -0.127501 -0.035918
v -0.031568 -0.092544 -0.032978
v -0.031762 -0.107501 -0.033822
v 0.035717 -0.146000 -0.031946
v -0.038337 -0.178683 -0.029499
v -0.020579 -0.063788 -0.028621
v 0.031197 -0.177000 -0.018804
v -0.038427 -0.165500 -0.032649
v -0.038328 -0.147500 -0.033102
v -0.018840 -0.146000 -0.012354
v -0.045265 -0.107500 -0.013612
v -0.041118 -0.107500 -0.025212
v 0.010700 -0.107500 -0.021293
v -0.014726 -0.107500 -0.018734
v -0.044000 -0.107500 0.001388
v -0.046372 -0.107500 0.001385
v 0.040000 -0.107500 0.001388
v -0.039864 -0.180925 -0.032588
v 0.043704 -0.178839 -0.021874
v 0.035700 -0.163998 -0.033864
v 0.032853 -0.182589 -0.033024
v -0.016400 -0.105999 -0.038196
v -0.007322 -0.106000 -0.022146
v 0.003863 -0.106000 -0.039259
v -0.037353 -0.164000 -0.033761
v -0.029391 -0.071181 -0.029132
v 0.028101 -0.109324 -0.031814
v -0.001681 -0.087500 -0.033954
v 0.014726 -0.106000 -0.018734
v -0.019988 -0.087499 -0.032688
v 0.036429 -0.127501 -0.026638
v 0.026845 -0.107499 -0.029725
v 0.023648 -0.105998 -0.032077
v 0.012356 -0.087499 -0.031846
v 0.003385 -0.064771 -0.029353
v -0.036836 -0.089609 -0.029730
v -0.028415 -0.178500 -0.021895
v 0.039589 -0.165494 -0.029307
v -0.043138 -0.127499 -0.025949
v -0.045018 -0.145999 -0.023647
v -0.028634 -0.106000 -0.034543
v -0.018840 -0.106000 -0.012354
v -0.041590 -0.127948 -0.030903
v 0.041212 -0.151132 -0.029352
v 0.036102 -0.123619 -0.028526
v -0.031931 -0.087500 -0.029571
v 0.015490 -0.068706 -0.027117
v 0.041858 -0.147499 -0.023931
v 0.010700 -0.087500 -0.021293
v -0.011782 -0.087500 -0.020129
v 0.002310 -0.067502 -0.028228
v -0.021717 -0.085997 -0.032361
v 0.009405 -0.085996 -0.032744
v 0.002385 -0.086000 -0.023712
v -0.044540 -0.149577 -0.028077
v 0.024365 -0.087500 -0.024586
v -0.020446 -0.086000 -0.012232
v -0.020302 -0.067500 -0.027450
v 0.033567 -0.165500 -0.012642
v -0.040766 -0.105998 -0.026353
v -0.041289 -0.182500 -0.023487
v 0.043831 -0.182497 -0.019055
v 0.041866 -0.182500 -0.018374
v -0.041579 -0.094152 -0.025603
v 0.046388 -0.173525 -0.022568
v -0.043214 -0.164000 -0.025071
v -0.035300 -0.067497 -0.024776
v -0.046225 -0.176879 -0.019440
v -0.030583 -0.177000 -0.017041
v -0.039149 -0.087498 -0.024723
v -0.041866 -0.178500 -0.018374
v -0.039130 -0.182500 -0.023222
v 0.042999 -0.178500 -0.016513
v 0.033567 -0.178500 -0.012642
v 0.045630 -0.176903 -0.020073
v 0.013264 -0.050089 -0.023257
v -0.044908 -0.115930 -0.023721
v 0.038562 -0.125993 -0.022595
v -0.035885 -0.053391 -0.024051
v 0.034045 -0.104117 -0.023640
v 0.019364 -0.067478 -0.022179
v 0.000677 -0.045793 -0.025593
v 0.044529 -0.168214 -0.021443
v -0.038998 -0.085996 -0.024892
v 0.004439 0.033205 -0.029012
v -0.004440 0.033205 -0.029012
v -0.003561 0.035056 -0.029012
v 0.008552 0.033939 -0.029012
v 0.003549 0.035061 -0.025047
v -0.015555 0.030329 -0.029012
v -0.013477 0.032558 -0.025013
v 0.017809 0.028683 -0.029012
v 0.021023 0.028278 -0.029012
v 0.023220 0.027070 -0.025012
v 0.004439 0.033205 -0.023012
v -0.009648 0.032354 -0.023012
v 0.013007 0.030872 -0.023012
v -0.025085 0.023072 -0.029012
v -0.023625 0.025818 -0.027145
v 0.023587 0.024156 -0.023012
v -0.024718 0.022997 -0.023012
v 0.026862 0.020017 -0.029012
v 0.032292 0.014082 -0.026512
v -0.032036 0.011364 -0.029012
v 0.031949 0.011405 -0.029012
v 0.031177 0.012257 -0.023012
v -0.031913 0.014939 -0.025012
v -0.031177 0.012257 -0.023012
v -0.033999 0.000265 -0.029012
v -0.035463 -0.000295 -0.027179
v 0.034231 0.000628 -0.029011
v 0.033999 0.000265 -0.023012
v -0.033999 -0.000265 -0.023012
v 0.033412 -0.007775 -0.028578
v -0.033036 -0.011560 -0.029012
v -0.031177 -0.012257 -0.029012
v 0.031177 -0.012257 -0.023012
v -0.029210 -0.019281 -0.029012
v -0.037751 -0.002410 -0.024939
v 0.028606 -0.018401 -0.029105
v 0.033019 -0.011855 -0.027453
v -0.031177 -0.012257 -0.023012
v -0.026862 -0.020017 -0.029012
v 0.026862 -0.020017 -0.023012
v -0.020391 -0.028732 -0.029012
v -0.020857 -0.029034 -0.024986
v 0.020626 -0.029039 -0.025028
v 0.023061 -0.025046 -0.029106
v -0.026862 -0.020017 -0.023012
v -0.017809 -0.028683 -0.029012
v 0.017492 -0.029845 -0.022951
v 0.015996 -0.030093 -0.029103
v -0.016447 -0.029495 -0.023010
v 0.008170 -0.032840 -0.022686
v -0.006936 -0.033151 -0.029148
v 0.005049 -0.033877 -0.029190
v -0.004231 -0.033272 -0.022742
v 0.001810 -0.035250 -0.025152
v -0.027974 -0.040126 -0.024103
v 0.045046 -0.164000 -0.020118
v -0.047370 -0.147500 -0.016551
v -0.021537 -0.127500 -0.006600
v -0.012205 -0.067500 -0.021207
v 0.016219 -0.067500 -0.017457
v -0.038869 -0.066077 -0.023428
v -0.035385 -0.029558 -0.021522
v -0.019052 -0.066000 -0.015348
v 0.008911 -0.066000 -0.022102
v -0.015712 -0.065998 -0.027358
v 0.011744 -0.065970 -0.025813
v 0.000738 -0.046227 -0.023755
v 0.026104 -0.085999 -0.022500
v -0.034960 -0.065973 -0.024964
v -0.040721 -0.066000 -0.014882
v -0.038000 -0.066000 0.001388
v -0.041889 -0.066000 0.001387
v -0.046419 -0.165623 -0.019208
v 0.018840 -0.086000 -0.012354
v -0.010419 -0.047499 -0.024083
v 0.048084 -0.168886 -0.018460
v 0.045827 -0.144931 -0.020019
v -0.047024 -0.173605 -0.021433
v -0.048604 -0.181114 -0.016581
v -0.048050 -0.168557 -0.019944
v -0.047649 -0.136257 -0.019790
v 0.022432 -0.061509 -0.019550
v 0.044043 -0.129927 -0.018226
v -0.044508 -0.092565 -0.018857
v -0.048762 -0.173406 -0.018010
v -0.012995 0.035708 -0.024862
v -0.007040 0.037303 -0.024757
v 0.016267 0.034193 -0.024934
v 0.028508 0.024979 -0.024914
v -0.029022 0.024528 -0.024843
v 0.035938 0.012362 -0.024438
v -0.037432 0.006544 -0.024747
v 0.037676 0.004953 -0.024901
v 0.036907 -0.009037 -0.024764
v -0.033444 -0.023494 -0.022551
v 0.028360 -0.026025 -0.024803
v 0.011304 -0.037383 -0.024572
v 0.009341 0.036584 -0.024104
v -0.019000 0.032909 -0.024284
v -0.035706 0.013003 -0.024503
v 0.037964 0.001323 -0.023965
v 0.001394 0.038110 -0.016524
v 0.022088 0.030893 -0.024496
v 0.036246 -0.107500 -0.017695
v -0.044218 -0.171326 -0.022933
v -0.039991 -0.048050 -0.017035
v -0.032906 0.019008 0.023608
v 0.037628 -0.105998 -0.014933
v 0.024017 -0.127500 0.002764
v 0.011482 0.036129 0.024279
v 0.014972 0.034926 -0.023512
v 0.032753 0.019227 -0.026928
v 0.034618 -0.015689 0.003884
v 0.033339 -0.017885 -0.023512
v -0.039204 -0.047500 -0.012301
v -0.035203 -0.047496 -0.021670
v -0.038870 -0.047500 0.001388
v -0.037586 -0.032312 -0.018720
v -0.037850 -0.006780 -0.014350
v -0.012993 0.035709 0.024284
v -0.005778 0.037563 0.024454
v -0.019000 0.032909 0.024298
v 0.012997 0.035708 0.023488
v 0.019337 0.032672 0.023926
v 0.025180 0.028503 0.045855
v -0.028879 0.024685 0.024289
v 0.029096 0.024440 0.024272
v -0.035732 0.012929 0.024304
v 0.035792 0.012814 0.024508
v -0.037688 0.002958 0.023761
v 0.037419 0.006624 0.024290
v 0.038000 0.000000 0.023488
v 0.037670 -0.005000 0.004032
v 0.037227 -0.007591 0.003937
v 0.034319 -0.016315 0.003988
v 0.029444 -0.023993 0.002349
v 0.023509 -0.030247 -0.010462
v 0.024815 -0.029263 0.000434
v 0.015818 -0.046603 -0.018849
v 0.051377 -0.181150 -0.003823
v -0.046442 -0.182477 -0.010530
v -0.047008 -0.178603 -0.011104
v 0.047804 -0.178885 -0.007783
v 0.034476 -0.087494 -0.010179
v -0.044594 -0.182508 -0.010406
v 0.047148 -0.146000 -0.010540
v 0.023979 -0.087500 0.002581
v 0.008918 0.035394 -0.023012
v -0.000011 0.036763 -0.013007
v -0.006582 0.036166 -0.023031
v -0.008918 0.035394 -0.000012
v -0.017296 0.032142 -0.023012
v 0.017296 0.032142 -0.023012
v 0.017646 0.032013 0.000981
v 0.009148 0.035342 0.000956
v -0.017330 0.032104 0.000581
v -0.024625 0.026941 -0.023012
v 0.024625 0.026941 -0.023012
v 0.024730 0.026859 0.000958
v -0.024345 0.027268 0.000985
v -0.030462 0.020108 -0.023012
v 0.030462 0.020108 -0.023012
v 0.030702 0.019831 0.000968
v -0.030355 0.020295 0.000959
v -0.034452 0.012055 -0.023012
v 0.034452 0.012055 -0.023012
v 0.034376 0.012209 0.000882
v 0.036353 0.003272 -0.023012
v -0.034489 0.012156 0.001108
v -0.036460 0.002752 -0.023012
v 0.036138 0.004617 0.001073
v 0.036460 -0.002752 -0.023012
v -0.036555 0.002084 0.000220
v 0.036501 -0.002514 -0.000012
v -0.036353 -0.003272 -0.023012
v -0.036693 -0.004175 0.008979
v -0.035993 -0.006226 0.002889
v -0.036357 -0.014168 -0.006767
v -0.034985 -0.009727 -0.022841
v 0.034452 -0.012055 -0.000012
v 0.034452 -0.012055 -0.023012
v -0.022929 -0.032845 -0.022233
v 0.030462 -0.020108 -0.000012
v 0.030462 -0.020108 -0.023012
v 0.024625 -0.026941 -0.023012
v 0.025303 -0.026408 0.001057
v 0.020930 -0.029954 -0.010496
v -0.034868 -0.045994 -0.021604
v -0.021454 -0.046000 -0.009134
v 0.026074 -0.065972 -0.014354
v -0.029604 -0.168285 -0.015046
v -0.030588 -0.176398 -0.012441
v -0.038212 -0.003927 0.003141
v 0.029455 -0.168939 -0.015633
v -0.041392 -0.067499 -0.013381
v 0.030342 -0.176404 -0.013007
v -0.047833 -0.113635 -0.013663
v 0.038641 -0.103108 -0.015340
v 0.046817 -0.174309 -0.018999
v -0.035696 -0.023280 -0.017323
v -0.048812 -0.164000 -0.010102
v 0.044574 -0.127500 -0.009440
v -0.043893 -0.087500 -0.010568
v 0.028274 -0.069525 -0.015317
v -0.024430 -0.087500 0.002565
v -0.043727 -0.086000 -0.010107
v -0.039184 -0.045999 -0.011507
v 0.023893 -0.045885 -0.008059
v -0.033376 -0.170793 -0.010580
v 0.022618 -0.046880 -0.005448
v 0.039711 -0.107479 -0.009834
v 0.037690 -0.168509 -0.012344
v -0.038661 -0.022738 -0.012182
v 0.024169 -0.047136 -0.011982
v -0.047175 -0.170288 -0.014760
v -0.049976 -0.135964 -0.009475
v 0.044285 -0.125995 -0.007962
v 0.023002 -0.147500 0.002875
v -0.046137 -0.091417 -0.010591
v -0.050489 -0.159116 -0.010574
v 0.049208 -0.177000 -0.006211
v 0.047005 -0.165538 -0.014820
v -0.041507 -0.049567 -0.010280
v -0.045798 -0.106000 -0.009040
v -0.049065 -0.165500 -0.005001
v -0.035878 -0.165500 0.002700
v 0.029346 -0.067497 -0.007310
v 0.034560 -0.085997 -0.007714
v -0.047700 -0.127500 -0.007351
v -0.049191 -0.177000 -0.006110
v 0.050750 -0.156999 -0.006787
v 0.024090 -0.047528 -0.007400
v 0.048101 -0.133618 -0.007151
v -0.051337 -0.179622 -0.001134
v -0.024356 -0.047500 0.002271
v 0.021537 -0.066000 -0.006600
v 0.024009 -0.107500 0.002727
v 0.024388 -0.126000 0.002398
v 0.049240 -0.163997 -0.005393
v -0.045821 -0.178500 0.002433
v 0.046000 -0.182462 0.003144
v 0.030687 -0.065354 -0.007407
v 0.047407 -0.182500 -0.002976
v -0.035602 -0.164000 0.002829
v -0.035600 -0.177000 0.002811
v -0.035857 -0.178500 0.002536
v 0.041914 -0.105425 -0.006467
v 0.046595 -0.178510 0.002122
v 0.006640 0.037422 0.024282
v -0.023270 -0.147500 0.002851
v -0.048886 -0.146000 -0.003925
v -0.023002 -0.146000 0.002876
v 0.023255 -0.086000 0.002726
v 0.049902 -0.165500 0.002013
v 0.047906 -0.147501 -0.005021
v -0.023266 -0.067500 0.002820
v -0.023001 -0.106000 0.002872
v -0.038846 -0.018836 -0.002580
v 0.026707 -0.043021 -0.000086
v 0.000002 0.036336 0.000659
v 0.026000 -0.066000 0.002138
v 0.029747 -0.065999 0.001364
v 0.022842 -0.067419 0.002670
v -0.023268 -0.107500 0.002832
v 0.023265 -0.106000 0.002807
v -0.023001 -0.126000 0.002873
v -0.048486 -0.109178 -0.004448
v -0.051122 -0.153098 -0.001854
v -0.043634 -0.063900 -0.000836
v 0.045154 -0.125980 0.001371
v 0.040361 -0.106000 -0.001401
v 0.035131 -0.178500 0.002888
v -0.046245 -0.182393 0.003920
v 0.035131 -0.164000 0.002888
v 0.035131 -0.165500 0.002888
v 0.035131 -0.177000 0.002888
v 0.023147 -0.030270 0.003116
v -0.047916 -0.125995 0.001386
v -0.049016 -0.147500 0.002884
v 0.041302 -0.101380 0.000612
v 0.025391 -0.047473 0.002102
v -0.039552 -0.046000 0.002888
v -0.022564 -0.046000 0.002888
v -0.038000 -0.047500 0.002888
v -0.022564 -0.066000 0.002888
v -0.022564 -0.086000 0.002888
v -0.044000 -0.107500 0.002888
v -0.022564 -0.127500 0.002888
v 0.040000 -0.126000 0.002888
v 0.022564 -0.146000 0.002888
v 0.048361 -0.147132 0.002861
v 0.049705 -0.144481 0.004124
v 0.046789 -0.127388 0.003063
v 0.031286 -0.065605 0.003988
v 0.041500 -0.102946 0.004009
v 0.029903 -0.067500 0.002888
v 0.035206 -0.086750 0.002888
v -0.000354 0.036716 0.002052
v 0.036262 -0.004613 0.001482
v 0.028865 -0.020026 0.000957
v -0.038656 -0.018202 0.003983
v -0.040479 -0.036599 0.003989
v -0.047282 -0.098033 0.003988
v -0.046138 -0.106000 0.002888
v -0.049846 -0.129039 0.003988
v -0.051242 -0.167854 0.004080
v 0.026037 -0.049454 0.003110
v -0.038000 -0.066000 0.002888
v 0.040659 -0.106585 0.002878
v -0.044000 -0.126000 0.002888
v 0.050491 -0.176829 0.003422
v 0.049671 -0.164036 0.003028
v -0.042017 -0.067500 0.002888
v -0.044093 -0.086000 0.002888
v -0.044256 -0.087500 0.002888
v -0.048898 -0.146000 0.002888
v -0.049556 -0.164813 0.002873
v -0.049385 -0.177000 0.002888
v 0.000188 0.036514 0.024948
v -0.009232 0.035296 0.025164
v -0.011035 0.034842 0.002026
v 0.008918 0.035394 0.024988
v 0.016921 0.032329 0.025122
v -0.017739 0.031828 0.024988
v 0.024754 0.026791 0.025225
v -0.024906 0.026664 0.025373
v 0.030945 0.019134 0.024988
v -0.030462 0.020108 0.024988
v -0.034862 0.011103 0.025259
v 0.034351 0.012258 0.024988
v 0.036421 0.003045 0.025517
v -0.036839 -0.005031 0.002889
v -0.042352 -0.062019 0.002888
v -0.044808 -0.084645 0.003988
v 0.039593 -0.099863 0.003438
v -0.048246 -0.119189 0.002888
v -0.049742 -0.145810 0.003438
vn -0.0913 -0.9957 0.0175
vn 0.0169 -0.9834 0.1806
vn 0.1517 -0.0262 0.9881
vn 0.2085 0.0130 0.9779
vn 0.0016 1.0000 0.0066
vn -0.1438 -0.0320 0.9891
vn -0.2072 0.0114 0.9782
vn -0.0021 1.0000 0.0089
vn 0.0613 -0.9825 0.1759
vn 0.0085 -0.9999 -0.0064
vn 0.4511 0.0091 0.8924
vn 0.0017 1.0000 0.0030
vn 0.0321 0.9993 0.0202
vn -0.0066 0.9997 0.0246
vn -0.4440 0.0052 0.8960
vn -0.0036 1.0000 0.0080
vn -0.0041 1.0000 0.0082
vn -0.0031 -1.0000 -0.0006
vn -0.4674 -0.0088 0.8840
vn -0.0000 -1.0000 -0.0001
vn -0.1551 0.0442 -0.9869
vn 0.0095 -1.0000 -0.0027
vn 0.5196 -0.0376 0.8536
vn 0.2163 0.0127 -0.9762
vn 0.2003 0.0357 -0.9791
vn -0.2565 -0.0486 -0.9653
vn 0.6749 0.0245 0.7375
vn -0.6435 0.0243 0.7651
vn -0.7152 0.0857 0.6937
vn -0.0098 0.9999 0.0082
vn 0.0154 -0.9996 0.0239
vn 0.6178 -0.2015 -0.7600
vn 0.0002 -1.0000 -0.0000
vn -0.0000 -1.0000 -0.0000
vn 0.5535 -0.0735 -0.8296
vn -0.5457 0.0424 -0.8369
vn -0.5961 -0.0177 -0.8027
vn -0.0063 -1.0000 0.0020
vn -0.0002 -1.0000 -0.0000
vn 0.1029 0.3415 0.9342
vn 0.7317 0.3498 0.5850
vn 0.0054 1.0000 0.0038
vn -0.8504 0.0136 0.5260
vn -0.0118 0.9999 0.0064
vn 0.9283 -0.0131 0.3717
vn -0.9257 0.0080 0.3782
vn 0.9303 -0.0382 -0.3647
vn -0.4295 -0.2363 0.8716
vn 0.5869 0.4330 0.6841
vn -0.9115 -0.0109 0.4112
vn -0.2220 0.9438 0.2449
vn 0.2794 0.9593 0.0407
vn -0.0159 -0.0542 0.9984
vn 0.0357 -0.1067 0.9937
vn -0.0448 -0.2765 0.9600
vn 0.0290 -0.1046 0.9941
vn 0.0376 -0.1162 0.9925
vn 0.0632 -0.0791 0.9949
vn -0.6530 0.7163 0.2458
vn -0.1647 -0.1151 0.9796
vn -0.1060 -0.0973 0.9896
vn 0.6487 0.6189 0.4429
vn -0.0563 -0.0264 0.9981
vn -0.0488 -0.0390 0.9980
vn 0.0110 0.0027 0.9999
vn -0.0136 0.0303 0.9994
vn -0.9896 0.1068 0.0962
vn 0.0259 -0.0004 0.9997
vn -0.9831 0.0830 0.1632
vn -0.0429 0.0118 0.9990
vn 0.1649 0.1231 0.9786
vn -0.7583 -0.6386 0.1315
vn 0.6156 -0.7193 0.3219
vn 0.5834 -0.7808 0.2235
vn 0.5729 -0.7871 0.2287
vn 0.1452 -0.3831 0.9122
vn -0.0056 0.0418 0.9991
vn -0.0033 -1.0000 0.0053
vn -0.9087 -0.0489 0.4145
vn -0.2754 0.8240 0.4952
vn 0.9257 -0.3141 0.2108
vn -0.6504 0.3060 0.6952
vn -0.0029 -1.0000 -0.0037
vn 0.4527 0.7388 0.4992
vn 0.8437 0.2923 0.4503
vn -0.2299 0.5962 0.7692
vn -0.0939 -0.6276 0.7729
vn -0.2921 -0.0093 0.9563
vn -0.0133 -0.8962 -0.4434
vn 0.5429 -0.7210 -0.4306
vn 0.2202 -0.4030 0.8883
vn -0.7575 -0.5896 -0.2803
vn 0.2168 -0.1695 0.9614
vn 0.3077 -0.1420 0.9408
vn 0.3058 -0.1499 0.9402
vn -0.7527 -0.0907 -0.6520
vn 0.9224 0.1381 0.3608
vn 0.4902 0.0300 0.8711
vn -0.3731 0.0170 0.9276
vn 0.2082 0.0756 0.9752
vn -0.1186 0.1331 0.9840
vn -0.5529 0.5014 -0.6655
vn -0.2546 0.2089 0.9442
vn 0.2345 0.1453 0.9612
vn 0.1287 0.2520 0.9591
vn 0.1401 0.3484 0.9268
vn -0.3731 0.1508 0.9155
vn 0.0975 0.3599 0.9279
vn 0.0682 0.9833 -0.1690
vn -0.9109 -0.4126 -0.0031
vn 0.2803 0.0326 0.9593
vn 0.9594 0.2329 0.1592
vn -0.2914 -0.0189 0.9564
vn 0.6298 -0.4547 0.6298
vn -0.2005 0.0554 0.9781
vn -0.6315 0.4500 0.6315
vn 0.2200 -0.0358 0.9748
vn 0.7071 -0.0000 0.7071
vn 0.5498 -0.6288 0.5498
vn -0.3706 -0.0000 0.9288
vn -0.3716 -0.0000 0.9284
vn -0.7071 -0.0000 0.7071
vn -0.4121 0.8126 0.4121
vn 0.3724 -0.0000 0.9281
vn 0.3707 0.0001 0.9288
vn -0.1610 -0.5198 0.8390
vn -0.7376 0.6752 0.0047
vn 0.7477 -0.6613 0.0602
vn 0.8813 -0.4705 -0.0445
vn -0.8969 0.4329 -0.0904
vn 1.0000 -0.0000 -0.0000
vn 0.9191 0.3941 -0.0000
vn -1.0000 -0.0000 -0.0000
vn -0.9522 -0.3056 -0.0000
vn 0.0218 -0.9996 0.0203
vn 0.8639 -0.0041 0.5037
vn 0.2433 -0.9700 0.0030
vn -0.1434 -0.9896 -0.0138
vn 0.4924 -0.8703 -0.0010
vn 0.8613 -0.5080 -0.0016
vn 0.9206 -0.3903 0.0114
vn 0.9665 -0.2565 -0.0035
vn 0.9935 -0.1129 0.0142
vn -0.9977 0.0682 -0.0012
vn 0.9908 0.1350 0.0017
vn 0.9962 0.0875 -0.0050
vn -0.9909 0.1347 0.0046
vn -0.9494 0.3139 -0.0037
vn 0.9485 0.3168 -0.0029
vn -0.8289 0.5594 -0.0067
vn -0.8639 0.5037 0.0012
vn -0.9451 0.3269 -0.0017
vn 0.8346 0.5508 -0.0054
vn -0.8391 -0.5352 -0.0978
vn 0.3470 0.3469 -0.8713
vn 0.1698 -0.3844 0.9074
vn -0.6206 0.7841 0.0052
vn 0.5958 -0.8031 -0.0018
vn -0.4758 0.8795 -0.0083
vn 0.4731 0.8809 -0.0168
vn 0.5742 0.8187 0.0018
vn 0.6200 0.7846 0.0009
vn 0.0536 0.8104 0.5834
vn 0.4537 0.8909 -0.0214
vn 0.4406 0.8970 -0.0350
vn -0.4075 0.9124 -0.0382
vn -0.3482 0.9338 -0.0823
vn -0.2620 0.9512 -0.1627
vn 0.1015 0.9946 -0.0196
vn 0.1970 0.9803 -0.0116
vn -0.3382 0.9411 -0.0018
vn 0.4211 0.9068 -0.0174
vn 0.5641 0.8255 0.0178
vn 0.8370 0.5470 0.0138
vn -0.8859 0.4573 -0.0775
vn 0.9704 0.2396 0.0306
vn 0.9398 0.3414 -0.0160
vn 0.9964 0.0617 -0.0586
vn -0.9378 -0.3467 0.0182
vn -0.8318 -0.5549 -0.0133
vn -0.5407 -0.8406 0.0325
vn 0.1314 -0.4560 0.8802
vn 0.5108 -0.1100 0.8526
vn 0.4250 -0.2098 0.8806
vn 0.5232 0.4416 0.7288
vn -0.4979 0.3982 0.7704
vn -0.6082 -0.7304 0.3107
vn -0.3290 -0.9414 0.0747
vn -0.8368 -0.0079 -0.5475
vn 0.7127 0.1141 -0.6921
vn 0.5878 0.0001 0.8090
vn -0.5878 -0.0000 0.8090
vn -0.5080 0.4394 0.7409
vn -0.4962 -0.0037 0.8682
vn 0.4154 -0.0068 0.9096
vn 0.5038 -0.1006 0.8579
vn 0.5338 -0.0039 0.8456
vn 0.5877 -0.0002 0.8090
vn 0.0067 -0.9999 -0.0116
vn -0.0034 -1.0000 -0.0030
vn -0.5066 0.1092 0.8553
vn -0.1039 0.7738 -0.6248
vn -0.5878 -0.0020 0.8090
vn -0.5335 0.0010 -0.8458
vn 0.1455 -0.4816 -0.8642
vn -0.5951 -0.0016 0.8036
vn -0.3719 0.2024 -0.9060
vn 0.0002 -1.0000 0.0002
vn 0.8545 -0.0058 -0.5195
vn -0.8469 0.0014 -0.5318
vn 0.6194 0.3140 0.7195
vn 0.5144 0.4493 0.7304
vn -0.7139 0.3160 0.6249
vn 0.0001 -1.0000 -0.0006
vn -0.0062 -0.9999 -0.0099
vn -0.5219 0.4602 0.7183
vn -0.9560 0.1139 0.2704
vn 0.8769 -0.2807 0.3902
vn 0.7221 0.0017 0.6918
vn -0.6974 0.0004 0.7167
vn -0.7345 -0.6481 0.2013
vn 0.9785 -0.2022 -0.0417
vn -0.0098 1.0000 0.0005
vn -0.7937 -0.5110 0.3301
vn -0.7187 -0.6948 0.0270
vn 0.6078 0.7941 -0.0008
vn 0.7708 0.6371 0.0049
vn 0.7003 -0.7138 0.0063
vn -0.8090 0.0004 0.5878
vn -0.6820 0.5379 0.4955
vn -0.6971 -0.0011 0.7170
vn -0.6973 -0.0019 0.7167
vn 0.6474 0.7604 -0.0518
vn 0.8228 0.5682 -0.0096
vn 0.6852 0.7131 0.1481
vn -0.7050 -0.3650 0.6081
vn 0.2438 0.9450 -0.2180
vn 0.6155 -0.7878 0.0208
vn 0.8694 -0.2892 0.4007
vn -0.2011 -0.9791 0.0313
vn 0.8135 -0.5804 -0.0379
vn 0.8654 0.4170 -0.2777
vn 0.9968 0.0273 -0.0755
vn -0.7984 -0.0021 0.6021
vn -0.8090 -0.0013 0.5878
vn 0.0510 0.0005 -0.9987
vn 0.0250 0.0087 -0.9997
vn 0.6325 0.7070 0.3164
vn 0.1063 0.7866 0.6082
vn 0.7420 -0.0047 0.6704
vn 0.8092 0.0001 0.5875
vn -0.1423 0.0626 -0.9878
vn -0.3864 -0.0162 -0.9222
vn 0.4725 -0.0060 -0.8813
vn 0.3750 -0.0136 -0.9269
vn -0.3588 0.0173 -0.9333
vn -0.4624 -0.0111 -0.8866
vn -0.0014 -1.0000 0.0017
vn 0.3530 -0.0246 -0.9353
vn -0.3562 -0.0234 -0.9341
vn 0.3795 0.0145 -0.9251
vn -0.5073 -0.0000 -0.8618
vn 0.5069 -0.0000 -0.8620
vn -0.5036 -0.0001 -0.8639
vn 0.5066 -0.0000 -0.8622
vn 0.7833 -0.5364 0.3140
vn 0.8392 0.4212 0.3439
vn 0.9724 0.1997 -0.1204
vn 0.0003 -1.0000 -0.0004
vn 0.8828 0.0012 0.4698
vn -0.8510 -0.4321 -0.2983
vn -0.9693 0.2339 -0.0763
vn -0.1622 -0.9866 -0.0190
vn -0.6164 -0.0001 -0.7874
vn 0.5516 -0.0000 -0.8341
vn 0.5471 -0.0000 -0.8371
vn -0.7539 -0.0031 -0.6569
vn -0.8643 -0.0098 -0.5029
vn -0.5934 0.0067 -0.8049
vn 0.7905 -0.0638 -0.6091
vn 0.9268 -0.0035 0.3756
vn 0.6953 -0.0000 -0.7188
vn 0.8184 -0.0037 -0.5746
vn -0.0004 -1.0000 -0.0000
vn 0.9395 0.1049 -0.3262
vn -0.2188 -0.9728 0.0764
vn -0.9581 -0.0138 -0.2862
vn -0.7364 0.0013 -0.6765
vn -0.9470 0.1880 0.2603
vn 0.8837 0.2033 0.4216
vn 0.9657 -0.0253 0.2584
vn 0.9290 -0.0000 0.3701
vn 0.9172 0.0011 0.3984
vn -0.9468 -0.0021 0.3218
vn -0.9514 -0.0102 0.3079
vn -0.9231 0.0007 0.3847
vn -0.9266 -0.3746 0.0330
vn -0.9311 0.0099 0.3647
vn 0.7307 0.0010 -0.6827
vn 0.9608 0.0291 0.2756
vn 0.3063 0.9498 -0.0638
vn -0.0473 0.9989 -0.0010
vn 0.1981 0.9802 -0.0015
vn 0.9420 0.0032 0.3356
vn 0.0187 0.9993 0.0317
vn 0.0059 1.0000 0.0009
vn -0.8851 0.4626 0.0516
vn -0.0078 1.0000 0.0014
vn 0.9197 0.3837 0.0827
vn -0.9420 0.0151 -0.3352
vn -0.9384 0.0121 -0.3455
vn -0.8707 -0.0000 -0.4919
vn -0.9183 -0.0118 -0.3957
vn -0.9248 -0.0182 -0.3800
vn -0.8702 -0.0000 -0.4928
vn 0.8573 -0.0000 -0.5148
vn 0.9457 -0.0331 -0.3235
vn 0.9024 0.0231 -0.4302
vn 0.8663 -0.0005 -0.4995
vn 0.9344 0.0132 -0.3560
vn 0.9345 0.0133 -0.3558
vn -0.9474 0.1866 0.2601
vn 0.4274 0.9040 0.0096
vn -0.3292 0.9442 0.0054
vn -0.4496 0.8932 -0.0028
vn -0.5766 0.8170 0.0072
vn -0.4866 -0.8736 -0.0010
vn -0.7712 0.6366 0.0069
vn -0.6699 -0.7424 -0.0000
vn -0.7034 -0.7108 -0.0058
vn 0.8253 0.5646 0.0085
vn -0.8018 -0.5976 0.0025
vn -0.8638 -0.5037 -0.0073
vn 0.9386 0.3449 0.0092
vn -0.9103 0.4139 0.0045
vn -0.9035 -0.4285 0.0013
vn -0.9684 -0.2492 -0.0047
vn -0.9852 0.1714 -0.0013
vn 0.9753 0.2207 -0.0048
vn 0.9927 0.1204 0.0054
vn -0.9753 0.2204 0.0121
vn 0.9990 0.0441 -0.0047
vn -0.9946 -0.1040 -0.0015
vn -0.9485 -0.3167 0.0017
vn 0.9026 -0.4305 0.0064
vn -0.8487 -0.5288 0.0094
vn -0.9172 -0.3978 -0.0203
vn 0.8693 -0.4943 -0.0032
vn 0.7803 -0.6254 -0.0089
vn 0.7617 -0.6480 0.0028
vn -0.7713 -0.6365 0.0022
vn -0.7043 -0.7081 0.0511
vn 0.9790 -0.0536 0.1965
vn 0.6433 -0.4151 -0.6433
vn 0.7071 -0.0000 -0.7071
vn 0.6446 0.4110 -0.6446
vn 0.9066 0.0053 -0.4219
vn -0.0000 -0.5058 -0.8626
vn -0.0000 -0.0000 -1.0000
vn 0.1024 -0.4096 -0.9065
vn -0.0009 0.0001 -1.0000
vn -0.0588 0.3915 -0.9183
vn 0.0561 0.5930 -0.8033
vn -0.0428 0.5167 -0.8551
vn -0.0559 -0.7569 -0.6512
vn 0.5825 -0.8005 -0.1412
vn 0.1151 0.6928 -0.7119
vn 0.9871 -0.0968 -0.1278
vn 0.2412 -0.9003 -0.3623
vn -0.9967 -0.0310 0.0755
vn 0.1742 -0.1005 -0.9796
vn 0.0010 -1.0000 0.0006
vn -0.7497 -0.6577 -0.0731
vn 0.9944 0.0105 -0.1054
vn -0.5266 -0.3929 -0.7539
vn 0.2024 0.3669 -0.9080
vn 0.0994 0.9932 -0.0608
vn -0.5560 -0.7955 0.2409
vn -0.9987 0.0247 0.0437
vn 0.9953 -0.0219 0.0942
vn -0.9883 -0.0359 0.1482
vn 0.6046 -0.7909 0.0947
vn -0.0174 -0.9998 -0.0061
vn 0.7203 0.2049 0.6627
vn -0.9999 -0.0121 0.0068
vn 0.9124 -0.3281 -0.2447
vn 0.9251 0.0073 -0.3798
vn 0.0214 -0.9997 -0.0133
vn -0.9284 -0.0220 -0.3710
vn -0.7825 -0.5343 -0.3197
vn -0.6850 0.7030 -0.1913
vn -0.9309 -0.2552 -0.2615
vn -0.0005 -1.0000 0.0003
vn 0.7492 0.5860 -0.3088
vn -0.9503 0.1034 0.2937
vn 0.5391 0.8422 0.0079
vn 0.9937 -0.0324 0.1077
vn -0.9682 -0.0249 0.2491
vn -0.1054 -0.9837 0.1455
vn -0.1410 0.9441 0.2979
vn 0.9799 0.0095 0.1990
vn -0.1817 -0.9035 0.3883
vn 0.6734 -0.2770 0.6854
vn -0.2109 0.9741 -0.0813
vn 0.9991 -0.0396 -0.0158
vn -0.9747 0.0706 -0.2123
vn -0.9492 -0.0102 0.3144
vn 0.0370 -0.6914 0.7215
vn 0.9383 0.0155 0.3454
vn -0.1943 0.9304 0.3108
vn -0.9748 -0.0101 0.2229
vn 0.9153 -0.0095 0.4026
vn -0.9345 0.0145 0.3557
vn 0.9319 -0.0257 -0.3619
vn -0.6854 -0.7268 -0.0447
vn 0.9727 -0.0620 0.2237
vn 0.9614 -0.0249 -0.2739
vn 0.4896 0.8717 0.0220
vn 0.0754 0.5957 0.7997
vn 0.1315 -0.4905 0.8615
vn 0.0842 -0.2168 0.9726
vn 0.9286 0.0115 0.3708
vn 0.9800 0.0508 -0.1924
vn -0.9647 -0.0252 -0.2621
vn -0.0756 -0.3763 0.9234
vn 0.6532 -0.3830 0.6532
vn 0.0224 0.4120 0.9109
vn -0.4294 -0.7945 0.4294
vn 0.8719 0.0001 0.4896
vn -0.0027 0.0002 1.0000
vn -0.0000 -0.0000 1.0000
vn -0.8767 -0.0000 0.4810
vn 0.0003 -0.0000 1.0000
vn -0.6028 -0.5227 0.6028
vn 0.5678 0.0011 0.8232
vn -0.8691 0.0001 0.4946
vn 0.8772 0.0003 0.4800
vn 0.0013 -1.0000 -0.0005
vn 0.0001 -1.0000 0.0006
vn -0.9571 0.0234 -0.2889
vn 0.9285 -0.0000 -0.3714
vn 0.9256 0.0003 -0.3784
vn -0.9285 -0.0000 -0.3712
vn -0.9229 0.0006 -0.3851
vn 0.8743 0.4317 -0.2218
vn -0.7615 0.2093 -0.6134
vn 0.9511 0.0275 0.3075
vn -0.0001 -1.0000 0.0006
vn 0.6166 0.0032 -0.7872
vn -0.7777 0.0005 0.6286
vn -0.8184 -0.0008 0.5746
vn -0.0003 -1.0000 -0.0003
vn 0.7931 0.0002 0.6091
vn 0.8643 -0.0077 0.5029
vn 0.6735 0.0034 0.7391
vn 0.0003 -1.0000 0.0001
vn 0.4434 0.8951 0.0457
vn -0.3811 0.9245 0.0103
vn 0.7539 -0.0028 0.6569
vn 0.5737 0.0060 0.8190
vn 0.0004 -1.0000 -0.0003
vn 0.8458 -0.5317 -0.0437
vn -0.9388 0.1122 0.3257
vn 0.0039 -1.0000 -0.0003
vn 0.1287 0.9815 -0.1419
vn 0.0495 0.9943 -0.0946
vn -0.6953 0.0002 0.7188
vn -0.5510 -0.6672 -0.5012
vn -0.8396 0.0005 -0.5432
vn 0.3353 0.9421 -0.0010
vn 0.8303 -0.0011 -0.5573
vn 0.6987 0.2221 -0.6801
vn 0.8104 -0.0022 -0.5859
vn 0.6716 0.6020 -0.4320
vn -0.8106 -0.0016 -0.5857
vn -0.7774 0.2921 -0.5570
vn -0.7998 0.2397 -0.5503
vn 0.6164 0.0002 0.7874
vn 0.9602 0.0740 0.2693
vn -0.9247 0.2789 -0.2591
vn -0.6106 -0.0015 0.7919
vn -0.5471 0.0001 0.8371
vn 0.4655 0.8842 -0.0393
vn -0.4430 0.0017 0.8965
vn -0.4020 0.0120 0.9156
vn -0.5065 -0.0000 0.8622
vn -0.3718 0.0199 0.9281
vn -0.0007 -1.0000 -0.0001
vn 0.3655 0.0160 0.9307
vn 0.5024 -0.0000 0.8646
vn 0.4378 0.0017 0.8991
vn 0.3811 0.0122 0.9244
vn 0.5282 0.0002 0.8491
vn 0.0006 -1.0000 -0.0002
vn 0.8423 -0.0122 0.5388
vn 0.8669 0.1109 0.4861
vn 0.5819 0.8088 -0.0851
vn -0.8505 -0.0176 0.5256
vn 0.8340 -0.0256 0.5512
vn -0.0069 1.0000 -0.0004
vn 1.0000 0.0021 -0.0025
vn 0.9169 0.3976 -0.0338
vn -0.3883 -0.0055 0.9215
vn 0.9268 0.0202 -0.3751
vn 0.1426 0.9701 0.1966
vn -0.2184 -0.5854 0.7808
vn -0.8230 -0.3253 0.4657
vn -0.8769 0.4807 -0.0000
vn 0.7521 -0.0011 -0.6591
vn 0.8529 0.5216 0.0205
vn 0.9522 0.2054 0.2259
vn 0.7213 0.6730 0.1636
vn 0.1505 -0.1298 0.9801
vn 0.8360 -0.3415 -0.4295
vn 0.7761 -0.6094 0.1626
vn 0.8090 0.0002 -0.5878
vn 0.6537 0.5891 -0.4750
vn -0.0027 -1.0000 0.0036
vn 0.0323 -0.0408 0.9986
vn -0.0147 0.0946 0.9954
vn -0.0305 -0.9753 -0.2186
vn 0.5365 0.4085 -0.7384
vn 0.0381 0.9907 -0.1308
vn 0.0034 -1.0000 0.0033
vn -0.3447 -0.8942 -0.2858
vn -0.0130 -0.6038 0.7970
vn -0.6779 0.0015 -0.7352
vn 0.6477 0.0002 -0.7619
vn 0.5878 -0.0005 -0.8090
vn 0.5175 -0.0051 -0.8556
vn -0.5207 -0.0048 -0.8537
vn -0.7339 -0.2410 -0.6351
vn 0.8189 -0.3575 -0.4490
vn 0.7943 0.2763 -0.5411
vn 0.0098 0.9999 -0.0066
vn -0.7518 0.3547 -0.5558
vn 0.7554 0.4592 -0.4674
vn -0.8771 0.0597 -0.4766
vn -0.0276 -0.9995 -0.0182
vn 0.5878 -0.0000 -0.8090
vn 0.4074 -0.0070 -0.9132
vn -0.5878 0.0001 -0.8090
vn -0.4868 0.5481 -0.6801
vn -0.0288 -0.9994 -0.0182
vn -0.0111 0.9999 -0.0078
vn 0.5057 0.2471 -0.8266
vn -0.7686 -0.1190 -0.6286
vn 0.7324 -0.0423 0.6796
vn -0.7562 0.0452 0.6528
vn 0.1306 -0.2450 -0.9607
vn 0.3570 -0.3859 -0.8507
vn 0.4204 -0.0117 -0.9073
vn 0.4200 0.0001 -0.9075
vn -0.7496 0.4180 -0.5132
vn -0.3971 0.0003 -0.9178
vn -0.3958 -0.0017 0.9183
vn 0.4028 0.0001 -0.9153
vn 0.2623 -0.0260 -0.9646
vn 0.3705 -0.0000 -0.9288
vn 0.3228 -0.0019 -0.9465
vn 0.2985 0.0084 -0.9544
vn 0.3430 0.4362 -0.8319
vn -0.3705 -0.0000 -0.9288
vn -0.3150 -0.0022 -0.9491
vn -0.2943 -0.0185 -0.9555
vn -0.7226 0.6888 0.0588
vn 0.3847 -0.0202 -0.9228
vn -0.8906 0.0270 -0.4541
vn 0.4158 0.6412 -0.6449
vn 0.4351 -0.4108 -0.8012
vn 0.2141 0.0445 -0.9758
vn -0.7072 -0.0000 -0.7070
vn -0.7071 -0.0000 -0.7071
vn 0.1966 0.7617 -0.6173
vn 0.7079 0.7048 0.0463
vn 0.7072 -0.0000 -0.7070
vn 0.7096 -0.0000 -0.7047
vn 0.6768 0.4926 -0.5471
vn -0.6237 -0.4712 -0.6237
vn 0.7697 -0.0793 -0.6335
vn -0.6627 0.7166 0.2174
vn 0.2102 0.8681 -0.4497
vn 0.5341 0.6414 -0.5508
vn -0.2314 0.0024 -0.9729
vn -0.6398 0.1328 0.7569
vn 0.6191 -0.1580 0.7693
vn 0.2421 0.9701 -0.0182
vn 0.1179 0.9830 -0.1411
vn -0.2701 0.9628 -0.0066
vn 0.2035 -0.9790 0.0116
vn -0.4318 -0.9019 0.0102
vn -0.6510 0.7591 -0.0090
vn 0.6422 0.7664 -0.0163
vn 0.6220 0.7826 -0.0270
vn 0.4722 -0.8815 0.0031
vn 0.8848 0.4656 -0.0178
vn 0.7622 -0.6470 0.0208
vn -0.8718 0.4897 -0.0122
vn -0.9990 -0.0429 -0.0154
vn -0.9883 -0.1521 0.0147
vn 0.9939 -0.0197 0.1084
vn 0.9856 -0.1689 0.0027
vn 0.9756 -0.2193 -0.0080
vn -0.9122 0.2590 -0.3176
vn -0.8045 0.5012 -0.3187
vn 0.9090 0.4165 0.0130
vn -0.6949 0.7190 0.0126
vn 0.7462 0.6657 0.0017
vn -0.5738 0.8188 -0.0165
vn 0.4100 0.5357 0.7382
vn 0.7228 -0.6905 -0.0270
vn 0.3201 0.4578 0.8294
vn 0.5160 0.8565 -0.0116
vn -0.6073 -0.7731 -0.1831
vn -0.4418 0.8969 -0.0187
vn -0.5850 -0.7960 0.1553
vn -0.2138 -0.0875 -0.9729
vn -0.2635 0.4572 -0.8494
vn -0.1715 0.2301 -0.9579
vn 0.0346 -0.0270 -0.9990
vn 0.2895 -0.0387 -0.9564
vn -0.2388 0.1527 0.9590
vn 0.6149 -0.7141 -0.3345
vn 0.3880 0.3371 -0.8578
vn 0.0040 0.0013 -1.0000
vn -0.6035 0.0469 0.7960
vn 0.5476 0.0396 0.8358
vn 0.0661 -0.9947 -0.0784
vn 0.0318 -0.9972 -0.0684
vn -0.1707 0.9793 -0.1086
vn -0.0974 0.3414 -0.9348
vn 0.2110 0.0886 -0.9735
vn -0.1335 -0.0327 -0.9905
vn -0.0004 0.0307 -0.9995
vn -0.0976 -0.0455 -0.9942
vn 0.1460 -0.0563 -0.9877
vn 0.0093 0.0065 -0.9999
vn 0.0091 0.0068 -0.9999
vn -0.3215 -0.8407 -0.4357
vn -0.0171 -0.1863 0.9823
vn -0.4023 -0.7484 0.5273
vn -0.4028 -0.0757 0.9122
vn -0.2491 0.1175 -0.9613
vn -0.0546 -0.0442 -0.9975
vn -0.0016 0.0001 -1.0000
vn -0.2147 0.1420 0.9663
vn 0.0335 -0.0126 -0.9994
vn 0.3798 -0.5525 -0.7419
vn 0.3760 -0.5485 -0.7469
vn 0.1628 0.0363 -0.9860
vn 0.1469 0.1223 -0.9816
vn 0.8504 0.2538 -0.4609
vn 0.6845 0.4867 -0.5428
vn 0.1216 0.9835 -0.1341
vn -0.0020 -0.0050 -1.0000
vn 0.0005 -0.0033 -1.0000
vn 0.0027 -0.0084 -1.0000
vn 0.0099 -0.0076 -0.9999
vn -0.0000 -0.0014 -1.0000
vn -0.0020 -0.0007 -1.0000
vn -0.5181 0.5834 -0.6255
vn 0.7652 -0.0517 -0.6418
vn 0.6908 0.0039 -0.7230
vn -0.8481 -0.0458 -0.5278
vn -0.7313 0.0782 -0.6775
vn -0.5433 -0.0357 0.8388
vn 0.5487 0.0384 0.8352
vn -0.0210 -0.9994 -0.0257
vn -0.0156 -0.9996 -0.0240
vn -0.0065 0.9999 -0.0124
vn -0.4974 -0.6614 0.5614
vn 0.0011 0.9999 -0.0111
vn 0.0031 1.0000 -0.0064
vn 0.0034 1.0000 -0.0065
vn -0.6559 -0.0051 -0.7549
vn 0.0059 0.9998 -0.0206
vn 0.0668 -0.9977 -0.0105
vn -0.0052 0.9999 -0.0129
vn 0.2527 -0.0440 0.9665
vn -0.0151 -0.9995 -0.0282
vn 0.4477 0.0081 -0.8942
vn 0.4684 -0.0068 -0.8835
vn -0.4511 0.0133 -0.8924
vn -0.1543 0.0330 0.9875
vn 0.0004 -1.0000 -0.0015
vn 0.1509 0.0512 0.9872
vn -0.0032 -0.9998 -0.0205
vn -0.1633 0.0421 0.9857
vn -0.0060 -0.9997 -0.0233
vn -0.0033 -0.9998 -0.0203
vn -0.8997 -0.3845 -0.2067
vn 0.7981 -0.2374 -0.5538
vn 0.0271 0.3888 -0.9209
vn -0.0862 0.3787 -0.9215
vn -0.3645 -0.0350 -0.9306
vn -0.2107 0.0113 -0.9775
vn 0.2207 0.0082 -0.9753
vn -0.0433 0.2314 -0.9719
vn 0.1341 0.0425 -0.9901
vn 0.0362 0.9993 0.0072
vn 0.1594 0.9720 0.1727
vn -0.2676 0.9635 -0.0054
vn -0.2681 0.9634 -0.0050
vn 0.3563 0.9334 -0.0434
vn -0.5130 0.8580 0.0269
vn -0.0001 -0.0000 1.0000
vn 0.0033 0.0078 1.0000
vn 0.5982 0.7998 0.0504
vn -0.0000 0.0001 1.0000
vn 0.0002 -0.0001 1.0000
vn -0.6124 0.7646 0.2011
vn 0.6708 0.7416 -0.0120
vn -0.8110 0.5851 -0.0037
vn -0.7148 0.6990 0.0210
vn -0.0054 0.0013 1.0000
vn -0.8677 0.4961 0.0315
vn 0.8931 0.4496 -0.0165
vn 0.9100 0.4143 0.0186
vn -0.0003 -0.0001 1.0000
vn -0.0003 -0.0000 1.0000
vn -0.9557 0.2935 -0.0235
vn -0.1820 -0.9788 -0.0940
vn 0.7178 -0.6875 0.1100
vn 0.9036 -0.4281 -0.0175
vn -0.9854 0.0865 0.1470
vn -0.9917 0.1170 -0.0538
vn -0.9383 -0.3284 0.1089
vn -0.9993 -0.0362 0.0012
vn 0.0002 -0.0012 1.0000
vn 0.8621 -0.1885 0.4704
vn 0.9997 0.0225 0.0034
vn 0.6331 0.7738 0.0219
vn 0.3790 0.9214 -0.0855
vn -0.5397 0.8367 0.0930
vn -0.0006 0.0006 1.0000
vn -0.9342 -0.3566 -0.0077
vn -0.9329 -0.3600 -0.0047
vn 0.9289 -0.3647 0.0644
vn -0.0001 -0.0001 1.0000
vn -0.0000 -0.0001 1.0000
vn -0.8693 -0.4915 0.0531
vn 0.7900 0.6129 -0.0162
vn 0.7814 -0.6212 -0.0594
vn -0.6800 -0.7328 -0.0257
vn -0.6055 -0.7953 0.0289
vn 0.0001 0.0003 1.0000
vn 0.6036 -0.7838 0.1457
vn 0.4350 -0.8997 -0.0369
vn -0.3641 -0.9307 -0.0353
vn 0.2305 -0.9723 0.0396
vn -0.1832 -0.9751 0.1248
vn -0.0070 -0.9995 -0.0302
vn -0.6267 0.7778 -0.0478
vn 0.9836 -0.1089 -0.1438
vn 0.2515 0.9514 -0.1779
vn 0.0012 0.0266 -0.9996
vn 0.7727 0.5529 -0.3117
vn -0.9582 0.1416 -0.2487
vn -0.0083 -0.0210 -0.9997
vn -0.1703 -0.9127 -0.3715
vn 0.5364 -0.6587 -0.5276
vn -0.0000 -0.0001 -1.0000
vn 0.0001 -0.0000 -1.0000
vn 0.0769 0.9970 -0.0000
vn -0.1076 0.9942 -0.0000
vn 0.2588 0.9659 0.0014
vn 0.2451 0.9695 -0.0000
vn -0.2884 0.9575 -0.0000
vn 0.4319 0.9019 -0.0003
vn -0.4595 0.8882 -0.0000
vn 0.4293 0.9031 -0.0000
vn 0.5903 0.8072 -0.0000
vn -0.6148 0.7886 -0.0000
vn 0.7285 0.6850 -0.0000
vn -0.7493 0.6622 -0.0000
vn 0.8420 0.5395 -0.0000
vn -0.8582 0.5133 -0.0000
vn 0.9268 0.3756 -0.0000
vn -0.9381 0.3463 -0.0000
vn -0.9367 0.3501 -0.0004
vn 0.9800 0.1989 -0.0000
vn -0.9854 0.1705 0.0022
vn -0.3159 -0.9488 -0.0000
vn 0.1859 -0.9826 -0.0000
vn 0.2887 -0.9574 -0.0041
vn 0.6185 -0.7858 0.0046
vn -0.3594 -0.9332 0.0025
vn 0.9999 0.0154 -0.0000
vn 0.8547 -0.5191 -0.0038
vn -0.8692 -0.4945 -0.0025
vn -0.9899 0.1421 -0.0000
vn -0.9999 -0.0154 -0.0000
vn 0.9850 -0.1726 0.0078
vn 0.9994 0.0356 -0.0019
vn -0.9982 0.0594 -0.0029
vn -0.9199 -0.3921 0.0037
vn -0.6083 0.7929 0.0353
vn 0.8317 0.5552 0.0018
vn 0.8084 0.5886 -0.0000
vn -0.9095 0.4157 0.0027
vn 0.9857 -0.1684 -0.0000
vn -0.9800 -0.1989 -0.0000
vn 0.4598 0.8880 -0.0000
vn -0.4427 0.8967 -0.0018
vn 0.0458 0.9990 -0.0000
vn -0.4058 0.9140 -0.0000
vn 0.9857 -0.1686 -0.0000
vn 0.9379 -0.3468 -0.0000
vn -0.9268 -0.3756 -0.0000
vn 0.8582 -0.5133 -0.0000
vn -0.8420 -0.5395 -0.0000
vn 0.7493 -0.6622 -0.0000
vn -0.7285 -0.6850 -0.0000
vn 0.6148 -0.7886 -0.0000
vn -0.5903 -0.8072 -0.0000
vn 0.4595 -0.8882 -0.0000
vn -0.4319 -0.9019 -0.0000
vn 0.2884 -0.9575 -0.0000
vn -0.2588 -0.9659 -0.0000
vn 0.1076 -0.9942 -0.0000
vn -0.0769 -0.9970 -0.0000
vn 0.2411 0.9705 0.0018
vn 0.9587 -0.2844 -0.0007
vn 0.9588 -0.2842 -0.0004
vn -0.0474 -0.9987 -0.0191
vn 0.0319 -0.9988 0.0370
vn 0.7941 -0.6077 -0.0103
vn 0.7968 -0.6040 -0.0145
vn 0.9510 -0.3018 -0.0669
vn -0.9901 0.1356 0.0368
vn -0.2162 -0.9763 -0.0001
vn -0.2161 -0.9764 0.0001
vn -0.7559 0.6264 0.1902
vn -0.0002 0.0003 -1.0000
vn -0.2637 0.9482 0.1771
vn 0.0005 0.0004 1.0000
vn 0.2487 0.9650 -0.0832
vn 0.3716 0.9028 0.2165
vn -0.0001 0.0003 1.0000
vn -0.4314 0.8702 -0.2382
vn -0.6478 0.7418 0.1733
vn 0.5453 0.8304 -0.1144
vn -0.0002 -0.0001 1.0000
vn -0.8595 0.4613 -0.2202
vn 0.8665 0.4964 0.0528
vn -0.0000 0.0002 1.0000
vn 0.8547 0.5106 0.0943
vn -0.9539 0.2293 0.1936
vn 0.9693 0.2437 -0.0331
vn 0.9814 0.1554 0.1124
vn 0.4422 -0.8547 -0.2718
vn -0.3562 -0.8770 0.3224
vn 0.6636 -0.7471 -0.0392
vn -0.9770 0.0115 -0.2130
vn 0.9496 0.2303 0.2127
vn -0.9828 0.0031 -0.1845
vn -0.9607 -0.0775 -0.2666
vn -0.9637 -0.0547 -0.2611
vn 0.9812 -0.1769 0.0772
vn 0.9828 -0.1710 0.0690
vn -0.0001 -0.0002 1.0000
vn 0.6221 0.7707 -0.1374
vn 0.4380 0.8377 -0.3262
vn -0.0001 -0.0003 1.0000
vn 0.0002 -0.0003 1.0000
vn -0.3268 0.9199 0.2165
vn -0.8931 -0.3748 0.2489
vn 0.8677 -0.4911 0.0763
vn 0.8965 -0.4402 -0.0490
vn -0.8162 -0.5519 -0.1710
vn -0.3706 -0.8770 0.3057
vn 0.3827 -0.9080 0.1705
vn 0.4620 -0.8800 -0.1100
vn -0.1456 -0.9629 -0.2271
vn -0.5705 -0.8081 -0.1468
vn -0.9386 -0.0328 -0.3434
vn -0.0001 -0.0000 -1.0000
vn 0.0004 -0.0001 -1.0000
vn -0.0000 0.0002 -1.0000
vn -0.0002 0.0004 -1.0000
vn 0.0004 -0.0008 -1.0000
vn 0.0005 0.0012 -1.0000
vn -0.0000 -0.0002 -1.0000
vn 0.0008 -0.0023 -1.0000
vn -0.0025 0.0008 -1.0000
vn -0.9982 -0.0387 -0.0456
vn -0.8854 -0.4275 0.1824
vn 0.9654 -0.0000 0.2609
vn 0.8837 0.4306 -0.1835
vn 0.9994 -0.0000 -0.0349
vn -0.9871 0.1594 0.0134
vn 0.9181 0.3923 -0.0561
vn -0.9737 -0.2192 -0.0624
vn -0.7134 -0.7008 0.0004
vn -0.6033 0.7975 -0.0068
vn -0.9753 -0.2091 -0.0706
vn 0.9963 -0.0003 -0.0861
vn -0.8624 0.5029 0.0577
vn -0.9736 -0.2196 -0.0619
vn -0.7171 -0.6970 0.0007
vn -0.9586 -0.0000 -0.2849
vn -0.5869 -0.7707 -0.2482
vn -0.9347 0.3417 0.0975
vn 0.9705 0.2412 -0.0034
vn -0.6310 -0.7357 -0.2462
vn -0.9340 0.3438 0.0972
vn -0.9476 0.0743 -0.3108
vn 0.7961 -0.0272 -0.6046
vn -0.0005 0.0001 -1.0000
vn -0.9448 0.3277 -0.0021
vn 0.9393 -0.3124 -0.1416
vn -0.8114 0.5761 0.0990
vn 0.9909 -0.1077 -0.0809
vn 0.9926 -0.0583 -0.1069
vn -0.8245 0.1639 -0.5417
vn -0.9044 -0.0903 -0.4169
vn 0.7496 -0.1124 -0.6523
vn 0.9852 -0.1072 -0.1339
vn 0.9925 -0.1003 -0.0700
vn -0.9607 0.0727 -0.2678
vn -0.9903 0.1091 0.0865
vn 0.9111 0.2349 -0.3386
vn -0.9071 -0.2433 -0.3434
vn -0.9173 -0.2267 -0.3274
vn -0.9381 -0.2096 -0.2756
vn -0.7260 -0.1838 -0.6627
vn 0.9938 -0.1108 0.0067
vn 0.9932 -0.1080 0.0445
vn 0.9812 -0.0988 0.1656
vn 0.9887 -0.1169 0.0943
vn 0.9817 -0.0689 -0.1778
vn -0.9019 -0.2568 -0.3473
vn 0.8599 0.2314 -0.4549
vn 0.0720 0.0035 -0.9974
vn -0.9271 -0.2365 -0.2909
vn -0.9938 0.1112 -0.0000
vn -0.9961 0.0881 -0.0000
vn -0.3741 0.0171 -0.9272
vn 0.9964 -0.0846 0.0070
vn 0.9763 -0.0992 0.1924
vn 0.9913 -0.0923 0.0933
vn 0.3826 0.0724 -0.9211
vn 0.1962 0.0470 -0.9794
vn -0.8220 -0.1641 0.5453
vn -0.9760 -0.2169 0.0177
vn 0.9658 -0.0683 -0.2502
vn 0.9751 -0.0521 0.2156
vn 0.9328 -0.0336 0.3588
vn -0.4241 0.0300 -0.9051
vn 0.2488 0.0150 -0.9684
vn -0.9837 -0.1507 0.0982
vn -0.7173 -0.1577 0.6787
vn 0.1615 0.0027 -0.9869
vn -0.7690 -0.0145 0.6391
vn -0.8890 -0.0561 0.4544
vn 0.9695 -0.0826 -0.2306
vn 0.9287 -0.0089 -0.3707
vn 0.9906 0.0116 -0.1361
vn 0.9026 -0.0335 -0.4291
vn -0.9931 0.0336 -0.1127
vn -0.8749 0.0064 -0.4843
vn 0.0181 0.0870 -0.9960
vn -0.9467 -0.0557 0.3171
vn 0.8787 -0.3500 0.3246
vn 0.9328 -0.0096 -0.3602
vn 0.1867 0.2013 -0.9616
vn 0.7260 -0.4547 -0.5159
vn -0.9991 -0.0258 0.0328
vn 0.4936 -0.0735 -0.8666
vn -0.9980 0.0495 -0.0402
vn -0.9869 0.0930 -0.1316
vn 0.9967 -0.0394 -0.0709
vn 0.4130 -0.0229 -0.9104
vn 0.0935 -0.0517 -0.9943
vn -0.9921 0.1103 0.0594
vn -0.7455 0.5499 -0.3766
vn 0.7458 -0.6661 -0.0117
vn 0.5814 0.1681 -0.7961
vn 0.9295 0.1064 0.3530
vn 0.6476 0.1649 -0.7439
vn 0.6421 0.1441 -0.7529
vn 0.0115 -0.0019 -0.9999
vn -0.0000 -0.1208 -0.9927
vn 0.6575 -0.6464 -0.3872
vn -0.0000 1.0000 -0.0001
vn 0.0001 1.0000 -0.0000
vn -0.9920 0.1093 0.0636
vn 0.9898 -0.1175 -0.0804
vn 0.1644 0.0496 -0.9851
vn 0.9499 0.2517 0.1855
vn 0.9010 0.2584 0.3484
vn -0.0000 0.0341 -0.9994
vn 0.0010 0.0472 -0.9989
vn 0.8322 0.3927 -0.3913
vn 0.2051 0.9704 -0.1279
vn -0.1875 -0.8203 -0.5404
vn -0.0002 -1.0000 0.0001
vn -0.0000 -1.0000 0.0003
vn 0.0002 -1.0000 0.0005
vn -0.9263 -0.2694 -0.2633
vn -0.9311 -0.2644 -0.2514
vn -0.9914 0.1104 0.0704
vn 0.0008 -0.0001 -1.0000
vn 0.0027 0.0268 -0.9996
vn -0.0000 1.0000 -0.0000
vn 0.0851 0.9925 -0.0872
vn -0.0488 -0.3801 -0.9236
vn 0.9886 -0.1005 -0.1123
vn -0.0000 -1.0000 0.0001
vn 0.0408 -0.9988 -0.0261
vn 0.2776 0.0838 -0.9570
vn -0.9507 -0.2474 -0.1872
vn -0.9915 0.0926 0.0914
vn -0.9934 0.0891 0.0722
vn -0.3596 0.0479 -0.9319
vn 0.0006 -0.0001 -1.0000
vn -0.0000 -0.0095 -1.0000
vn 0.8784 -0.2491 -0.4078
vn -0.6081 -0.7527 -0.2523
vn -0.0343 -0.4300 -0.9022
vn -0.0271 -0.3423 -0.9392
vn 0.9925 -0.0844 -0.0880
vn 0.3740 0.0707 -0.9247
vn 0.5320 0.1156 -0.8388
vn 0.9672 0.2099 0.1429
vn 0.9578 0.2198 0.1852
vn -0.1604 -0.0032 -0.9870
vn -0.5119 0.0283 -0.8586
vn -0.0000 0.0143 -0.9999
vn -0.0008 -0.0000 -1.0000
vn 0.8825 -0.0000 -0.4703
vn 0.8831 0.0216 -0.4686
vn -0.8825 -0.0000 -0.4703
vn 0.0007 0.0082 -1.0000
vn 0.0002 -0.0000 -1.0000
vn -0.9971 0.0553 0.0516
vn 0.9936 -0.0531 -0.0997
vn 0.9937 -0.0530 -0.0991
vn -0.8831 -0.0216 -0.4686
vn 0.9814 0.1362 0.1355
vn -0.9909 0.0362 0.1297
vn 0.9771 0.1142 0.1794
vn 0.9237 -0.0000 -0.3832
vn 0.7070 -0.5995 -0.3752
vn -0.0002 1.0000 0.0001
vn -0.0012 0.0357 -0.9994
vn 0.0001 0.0558 -0.9984
vn 0.9878 -0.0333 -0.1524
vn -0.6802 0.6616 -0.3158
vn 0.9943 0.0531 0.0923
vn -0.9935 -0.0691 -0.0900
vn -0.0524 0.9964 -0.0666
vn 0.0017 -0.0320 -0.9995
vn 0.9210 -0.2654 -0.2853
vn -0.8556 -0.4312 -0.2866
vn -0.0000 1.0000 -0.0004
vn -0.0001 1.0000 -0.0000
vn -0.0002 1.0000 -0.0000
vn 0.0298 -0.0155 -0.9994
vn 0.9909 -0.0096 -0.1343
vn -0.0534 -0.9918 -0.1160
vn -0.5628 -0.7063 0.4294
vn -0.9847 -0.0239 -0.1723
vn 0.9851 0.0062 0.1719
vn -0.0021 -0.0000 -1.0000
vn -0.0000 0.0205 -0.9998
vn -0.0224 -0.0402 -0.9989
vn 0.0002 1.0000 -0.0001
vn -0.0000 1.0000 -0.0002
vn 0.9591 -0.0000 -0.2831
vn 0.9470 -0.1312 -0.2933
vn 0.0314 0.0587 -0.9978
vn -0.0657 -0.5239 -0.8492
vn -0.0104 0.9999 -0.0020
vn 0.1057 -0.7577 -0.6440
vn -0.0213 -0.3034 -0.9526
vn -0.5776 -0.0000 -0.8163
vn 0.9813 -0.0000 -0.1927
vn 0.9391 -0.2087 -0.2729
vn 0.1508 -0.3727 -0.9156
vn -0.9948 -0.0835 -0.0581
vn -0.9941 -0.0288 0.1044
vn -0.9871 -0.0560 -0.1501
vn 0.7997 -0.5893 -0.1150
vn 0.9246 0.2258 0.3068
vn -0.9734 -0.0451 0.2245
vn -0.9538 0.1211 0.2751
vn 0.1356 -0.9900 -0.0391
vn 0.8884 -0.4437 0.1182
vn -0.9712 -0.1496 -0.1854
vn -0.9642 -0.1286 -0.2319
vn 0.9830 -0.1095 -0.1476
vn 0.9858 -0.0709 -0.1520
vn 0.9837 -0.1395 -0.1130
vn 0.9906 -0.0709 -0.1167
vn 0.4552 -0.8904 0.0070
vn -0.9091 -0.2831 -0.3055
vn -0.3694 -0.2962 -0.8808
vn 0.4208 0.0123 -0.9071
vn 0.4632 0.1338 -0.8761
vn -0.4089 -0.7840 -0.4671
vn -0.3789 -0.3838 -0.8421
vn -0.3086 0.6495 -0.6949
vn -0.9125 -0.2903 -0.2883
vn 0.9721 0.0030 0.2345
vn 0.9722 -0.0161 -0.2335
vn 0.8945 0.2553 0.3670
vn -0.9554 -0.2123 -0.2053
vn 0.9792 0.0264 -0.2013
vn -0.9424 -0.2283 -0.2444
vn 0.0001 1.0000 -0.0003
vn -0.4180 -0.8253 -0.3797
vn -0.4978 0.6954 -0.5183
vn 0.0006 -1.0000 0.0010
vn 0.3636 -0.8859 -0.2881
vn 0.0037 1.0000 0.0027
vn 0.0001 1.0000 -0.0001
vn -0.0000 1.0000 -0.0056
vn -0.6233 -0.6718 -0.4001
vn -0.0110 0.9999 -0.0071
vn -0.0002 -1.0000 -0.0004
vn 0.8352 0.1605 -0.5261
vn 0.8378 -0.0000 -0.5460
vn -0.0001 -1.0000 -0.0000
vn 0.4754 0.8126 -0.3371
vn -0.0000 1.0000 0.0001
vn -0.8390 -0.0981 -0.5352
vn 0.0318 0.8774 -0.4786
vn -0.9230 -0.0149 -0.3845
vn 0.1202 -0.9918 -0.0432
vn -0.3010 0.7119 -0.6345
vn 0.9891 -0.1087 -0.0995
vn -0.9472 -0.0847 -0.3091
vn -0.9334 -0.0477 -0.3556
vn 0.5184 -0.1143 0.8475
vn -0.9718 0.1062 0.2107
vn -0.9288 0.3705 0.0026
vn 0.4328 -0.2703 -0.8600
vn -0.0455 0.3237 -0.9451
vn -0.5730 0.3387 -0.7463
vn -0.6059 -0.7637 -0.2228
vn 0.8448 -0.4942 0.2052
vn 0.9739 0.0076 -0.2270
vn 0.6184 0.7212 -0.3121
vn -0.0106 -0.9999 0.0005
vn 0.0008 -1.0000 0.0004
vn -0.5230 0.8097 -0.2662
vn -0.0014 1.0000 -0.0085
vn -0.0057 1.0000 -0.0061
vn -0.7939 0.4134 -0.4459
vn -0.0885 0.9939 -0.0654
vn -0.2049 -0.9674 0.1485
vn -0.0514 -0.9120 -0.4069
vn -0.2952 -0.9407 -0.1673
vn 0.2001 -0.9782 0.0561
vn 0.0801 0.0092 -0.9967
vn 0.9181 0.2174 0.3313
vn 0.1337 0.0638 -0.9890
vn -0.9741 0.1083 0.1984
vn -0.9844 0.0893 0.1515
vn -0.9699 -0.0226 0.2423
vn 0.9808 -0.0054 -0.1948
vn -0.0587 0.0005 0.9983
vn -0.0939 -0.0076 0.9955
vn -0.0129 -0.0000 0.9999
vn -0.7958 -0.4280 0.4285
vn -0.8915 -0.1991 -0.4069
vn -0.0002 0.0059 -1.0000
vn 0.9695 -0.0601 -0.2376
vn -0.2203 -0.0557 0.9738
vn -0.9588 0.0621 0.2771
vn 0.9117 -0.1045 -0.3973
vn -0.9767 0.0386 0.2112
vn -0.7431 -0.3119 -0.5920
vn -0.9688 0.0631 0.2398
vn 0.1422 0.9818 0.1262
vn -0.7186 -0.2383 -0.6534
vn 0.8942 0.1830 0.4087
vn 0.8910 0.1920 -0.4114
vn -0.9139 -0.2202 -0.3409
vn -0.9112 0.0864 -0.4027
vn 0.9351 -0.0983 -0.3405
vn -0.8806 -0.2184 -0.4206
vn 0.9018 0.0480 -0.4295
vn -0.0491 0.8748 0.4820
vn -0.9626 0.1237 0.2412
vn 0.7197 0.2130 0.6609
vn -0.7324 -0.2154 -0.6459
vn 0.7009 0.2307 0.6750
vn -0.3703 0.8763 -0.3082
vn 0.8170 -0.5149 0.2597
vn -0.4510 -0.6768 -0.5819
vn 0.9350 0.1068 0.3381
vn 0.6292 -0.7748 0.0608
vn 0.9284 0.0817 0.3625
vn 0.8376 0.2539 0.4836
vn 0.9427 0.0483 0.3300
vn 0.9305 -0.0152 0.3661
vn -0.9724 -0.0084 0.2334
vn 0.9389 -0.0733 0.3362
vn 0.9245 -0.1200 0.3617
vn 0.9407 -0.1106 -0.3207
vn -0.8639 -0.2216 -0.4522
vn -0.2027 0.1804 -0.9625
vn -0.4072 0.5300 0.7439
vn 0.8290 0.2346 -0.5077
vn 0.2078 0.9407 -0.2681
vn -0.0016 -1.0000 -0.0005
vn -0.2536 0.5987 -0.7598
vn -0.0055 1.0000 0.0033
vn 0.0007 -1.0000 0.0008
vn 0.0001 -1.0000 0.0005
vn -0.3352 0.8715 -0.3579
vn -0.7094 -0.3073 -0.6342
vn -0.0003 1.0000 -0.0002
vn -0.0001 -1.0000 -0.0001
vn 0.0001 -1.0000 0.0001
vn -0.5766 0.5617 -0.5933
vn -0.3700 0.8635 -0.3426
vn -0.3302 -0.8938 -0.3035
vn 0.9489 -0.0988 -0.2997
vn 0.9741 -0.1171 -0.1934
vn 0.2771 0.1956 0.9407
vn -0.1996 -0.5238 0.8281
vn -0.8802 -0.1508 0.4499
vn 0.8980 0.2397 0.3690
vn 0.8769 -0.0970 0.4707
vn 0.3779 -0.0157 0.9257
vn -0.9443 0.1030 0.3127
vn -0.9838 0.0114 0.1790
vn -0.7544 -0.2414 -0.6105
vn -0.7148 -0.2805 -0.6406
vn -0.9586 0.0088 0.2847
vn -0.9527 0.0681 0.2962
vn 0.6944 0.2095 0.6884
vn 0.7164 0.1792 0.6743
vn 0.7263 0.2678 0.6331
vn 0.7223 0.2692 0.6371
vn 0.3720 -0.8620 -0.3443
vn 0.0001 1.0000 0.0001
vn 0.0025 1.0000 -0.0001
vn 0.5565 -0.6805 -0.4767
vn -0.0170 0.9999 -0.0004
vn -0.3247 -0.9127 -0.2480
vn 0.9074 -0.0465 -0.4177
vn 0.9286 -0.1011 -0.3570
vn 0.8112 -0.0380 -0.5835
vn -0.8783 0.0561 0.4749
vn 0.1385 -0.8684 -0.4761
vn -0.0005 1.0000 -0.0018
vn 0.4889 -0.0000 -0.8723
vn 0.3513 -0.5017 -0.7905
vn 0.0001 -1.0000 -0.0002
vn 0.1960 -0.8510 -0.4873
vn -0.3396 -0.6329 -0.6958
vn 0.2620 0.8020 -0.5368
vn -0.2272 0.7933 -0.5649
vn 0.1918 -0.9759 0.1037
vn -0.8410 -0.2584 0.4753
vn 0.8157 0.2045 0.5412
vn -0.8355 -0.1029 -0.5398
vn 0.0375 0.6943 -0.7187
vn 0.2487 -0.2058 -0.9465
vn -0.9169 -0.0024 0.3991
vn -0.9219 0.0067 0.3873
vn -0.5042 -0.8383 -0.2072
vn -0.9168 0.0543 0.3957
vn -0.7835 -0.2430 -0.5720
vn -0.9072 0.0241 0.4199
vn 0.4092 -0.6367 0.6536
vn -0.8702 0.3478 -0.3490
vn -0.7070 -0.2587 -0.6582
vn -0.7109 -0.2550 -0.6554
vn 0.8835 0.0015 0.4685
vn 0.8492 0.0467 0.5260
vn 0.1078 0.8786 -0.4653
vn -0.0690 -0.8405 -0.5374
vn -0.0018 1.0000 -0.0020
vn 0.0007 -1.0000 0.0005
vn 0.0615 0.1602 -0.9852
vn -0.0978 -0.7100 -0.6973
vn -0.0201 0.8459 -0.5329
vn 0.0349 -0.6427 -0.7653
vn -0.0349 0.6426 -0.7654
vn 0.0816 -0.8405 -0.5357
vn -0.4214 -0.4338 -0.7964
vn 0.5588 0.5551 -0.6161
vn 0.5858 0.2537 0.7697
vn -0.8340 0.1102 0.5407
vn -0.2411 0.0423 0.9696
vn 0.8656 0.0065 -0.5008
vn 0.9144 0.0331 -0.4035
vn -0.3041 -0.2401 -0.9219
vn -0.3523 -0.2098 -0.9120
vn 0.8231 0.1966 0.5327
vn 0.4226 0.1496 0.8939
vn -0.8328 -0.0116 -0.5534
vn 0.5295 0.5397 -0.6545
vn 0.0001 -1.0000 0.0002
vn -0.4630 0.1313 0.8766
vn -0.4268 0.1417 0.8932
vn 0.2039 0.7630 0.6134
vn 0.0323 0.7136 -0.6998
vn -0.7849 0.4930 0.3755
vn 0.8161 0.5576 0.1516
vn 0.0434 0.0389 -0.9983
vn 0.0090 -0.0294 -0.9995
vn 0.8294 -0.1380 -0.5413
vn 0.0465 -0.2350 -0.9709
vn -0.8617 0.1139 0.4944
vn 0.9270 -0.3692 0.0667
vn 0.8838 -0.4678 0.0038
vn 0.6666 -0.4380 0.6031
vn -0.9255 0.1272 0.3569
vn -0.0696 0.0545 0.9961
vn -0.0737 0.0921 0.9930
vn -0.3698 -0.3878 0.8443
vn 0.7319 0.2364 0.6391
vn -0.8861 -0.0921 0.4542
vn -0.7721 -0.1443 0.6189
vn 0.9257 -0.0057 -0.3782
vn -0.1939 0.1340 0.9718
vn 0.2986 -0.0746 -0.9515
vn -0.8457 0.0988 0.5245
vn 0.0258 -0.2072 -0.9780
vn -0.0143 0.1686 0.9856
vn 0.1188 0.2336 0.9650
vn 0.8253 0.0501 0.5624
vn -0.8147 0.1186 0.5677
vn 0.1430 -0.9845 -0.1011
vn 0.3478 0.8246 -0.4462
vn -0.0030 0.1124 0.9937
vn -0.9773 0.1991 0.0731
vn -0.9241 0.3798 0.0415
vn -0.7287 0.6790 0.0895
vn -0.5447 0.8383 -0.0232
vn 0.5302 -0.2168 -0.8197
vn 0.8539 -0.0519 -0.5179
vn -0.7698 -0.4721 -0.4295
vn -0.6279 0.1683 0.7599
vn -0.6958 -0.1919 -0.6921
vn -0.3049 -0.2550 -0.9176
vn 0.7527 -0.0691 -0.6548
vn 0.3830 -0.1484 -0.9118
vn 0.0737 -0.2522 -0.9649
vn 0.0831 -0.2584 -0.9624
vn 0.4223 0.2611 0.8681
vn 0.7757 -0.0424 -0.6297
vn -0.7844 0.0946 0.6130
vn 0.7786 0.1217 -0.6157
vn 0.0075 -0.2757 -0.9612
vn -0.2263 0.2112 0.9509
vn 0.7660 0.1225 0.6311
vn -0.0603 0.2625 0.9630
vn -0.7748 -0.0150 0.6320
vn -0.7754 0.0122 0.6313
vn -0.6134 0.1248 0.7799
vn -0.3133 -0.2631 -0.9125
vn 0.3273 0.2778 0.9032
vn 0.3675 -0.1951 -0.9093
vn 0.0485 0.1998 0.9786
vn 0.7601 -0.0046 0.6497
vn -0.3620 -0.6953 -0.6209
vn -0.3879 0.3236 -0.8630
vn -0.0040 -0.9998 -0.0193
vn -0.1280 0.2091 0.9695
vn -0.7436 -0.1507 -0.6514
vn 0.7090 -0.0450 -0.7038
vn 0.7167 -0.0000 -0.6974
vn -0.7074 -0.0710 -0.7033
vn -0.2965 -0.9517 0.0798
vn -0.3155 0.1782 0.9320
vn -0.4751 0.1628 0.8648
vn -0.4360 -0.2628 -0.8607
vn 0.2394 0.2687 0.9330
vn 0.0023 -0.2730 -0.9620
vn -0.3473 -0.8592 -0.3758
vn -0.4195 -0.2524 -0.8720
vn -0.1137 -0.9935 -0.0002
vn 0.3552 -0.1903 -0.9152
vn 0.6400 0.2197 0.7363
vn 0.5921 0.2333 0.7713
vn 0.6850 -0.3841 -0.6191
vn 0.5928 -0.1681 -0.7876
vn 0.7396 0.0426 -0.6716
vn -0.5590 0.1237 0.8199
vn 0.7403 0.0701 -0.6686
vn -0.5497 -0.2790 -0.7874
vn -0.7664 0.0195 0.6421
vn 0.0448 0.2793 0.9592
vn 0.0005 0.2892 0.9573
vn -0.7363 -0.0837 -0.6714
vn -0.6812 -0.1580 0.7148
vn -0.6223 0.0593 0.7805
vn 0.6769 0.0697 0.7328
vn -0.5918 -0.1665 -0.7887
vn 0.5647 -0.3390 0.7525
vn 0.6740 0.1308 0.7270
vn 0.1373 -0.2619 -0.9553
vn -0.2415 -0.2889 -0.9264
vn -0.3600 0.1897 0.9135
vn 0.1575 0.8511 -0.5008
vn 0.0449 -0.9124 -0.4067
vn -0.0766 0.9201 -0.3840
vn -0.0159 -0.9998 -0.0109
vn 0.4964 -0.1218 -0.8595
vn -0.5888 0.1330 0.7973
vn -0.1145 -0.2438 -0.9630
vn 0.1098 -0.2525 -0.9614
vn 0.0364 -0.2926 -0.9555
vn -0.6577 -0.1647 -0.7351
vn 0.6945 0.0198 -0.7192
vn -0.1630 0.2549 0.9531
vn -0.6190 0.0718 0.7821
vn 0.0348 -0.8055 -0.5916
vn 0.5484 -0.1544 -0.8218
vn -0.3620 0.1790 0.9148
vn 0.4447 0.2169 0.8690
vn 0.4298 0.2256 0.8743
vn 0.6173 0.1055 0.7796
vn 0.3728 -0.8014 -0.4677
vn 0.4818 -0.0000 -0.8763
vn 0.4623 -0.0706 -0.8839
vn -0.4077 -0.4585 -0.7897
vn -0.1211 0.2466 0.9615
vn 0.1790 -0.2520 -0.9510
vn -0.6403 -0.0022 -0.7682
vn -0.4718 -0.1570 -0.8676
vn -0.1609 -0.2957 -0.9416
vn -0.4585 -0.1818 0.8699
vn 0.4130 -0.1518 0.8980
vn 0.1359 -0.2113 -0.9679
vn -0.3516 0.1765 0.9194
vn 0.5262 0.1269 0.8408
vn 0.4445 0.2165 0.8692
vn 0.2421 0.2474 0.9382
vn -0.3262 -0.1612 -0.9314
vn 0.1794 -0.7656 -0.6178
vn 0.6130 0.0046 0.7900
vn -0.1287 0.2218 0.9666
vn 0.1550 0.2138 0.9645
vn -0.4391 -0.1283 -0.8892
vn 0.5936 0.0258 0.8043
vn -0.4922 -0.1105 -0.8634
vn -0.1356 0.2249 0.9649
vn 0.0515 0.2473 0.9676
vn 0.3319 0.1500 0.9313
vn -0.4801 -0.0449 -0.8760
vn -0.5009 -0.1179 -0.8575
vn -0.6117 -0.0684 0.7881
vn -0.4802 -0.0049 0.8771
vn 0.4441 -0.0635 -0.8938
vn 0.3114 -0.0885 -0.9461
vn 0.3960 -0.0086 -0.9182
vn -0.2414 0.2949 0.9245
vn -0.2457 -0.8238 0.5109
vn 0.3165 0.1972 0.9279
vn -0.0412 -0.9918 -0.1211
vn 0.1580 -0.2017 -0.9666
vn 0.4565 0.0204 -0.8895
vn 0.4277 0.0655 -0.9015
vn -0.3901 -0.6617 -0.6402
vn 0.4150 -0.2993 -0.8592
vn 0.1072 0.0899 -0.9902
vn 0.0443 -0.2897 -0.9561
vn -0.0571 -0.8479 0.5271
vn 0.1781 -0.9840 0.0108
vn -0.3881 -0.3705 -0.8439
vn -0.4074 0.0205 0.9130
vn 0.3595 0.0993 0.9279
vn 0.3370 0.1115 0.9349
vn -0.4383 0.0570 0.8970
vn 0.1484 0.2317 0.9614
vn -0.2892 -0.0824 -0.9537
vn -0.1219 -0.1780 -0.9764
vn -0.2825 -0.8862 -0.3672
vn -0.3058 -0.1015 -0.9467
vn -0.0528 -0.1250 -0.9908
vn 0.1392 -0.7173 0.6827
vn -0.0473 -0.9715 -0.2324
vn 0.0437 -0.2423 0.9692
vn 0.3752 0.0470 0.9258
vn -0.1050 0.1417 0.9843
vn 0.0806 -0.1087 -0.9908
vn 0.0128 -0.0479 -0.9988
vn 0.0334 0.1314 0.9908
vn 0.2983 -0.0106 0.9544
vn -0.1372 -0.2798 -0.9502
vn 0.1035 -0.0807 -0.9914
vn -0.2180 0.0603 0.9741
vn -0.0212 0.1319 -0.9910
vn -0.0217 0.7292 -0.6839
vn -0.0041 -0.9997 0.0221
vn 0.1040 0.0811 0.9913
vn -0.2340 -0.1944 0.9526
vn -0.0650 -0.1227 0.9903
vn -0.1825 -0.0750 0.9803
vn 0.0884 0.0445 0.9951
vn -0.0935 -0.0030 -0.9956
vn 0.0455 0.0368 -0.9983
vn 0.0969 0.0180 -0.9951
vn 0.0545 0.1236 -0.9908
vn 0.2780 0.0339 -0.9600
vn 0.0004 -0.5687 0.8225
vn 0.0313 0.1400 -0.9897
vn -0.2207 0.0183 -0.9752
vn -0.1903 0.1368 -0.9721
vn 0.0195 0.0463 0.9987
vn 0.0297 0.0693 0.9972
vn -0.0444 -0.9733 0.2254
vn 0.2828 0.1066 -0.9532
vn 0.3025 0.0215 -0.9529
vn 0.0899 -0.0596 0.9942
vn -0.0435 -0.9724 0.2293
vn 0.1103 -0.1929 0.9750
vn -0.2279 0.1551 -0.9613
vn -0.2505 0.0513 0.9668
vn 0.1019 -0.1033 -0.9894
vn 0.0020 -1.0000 -0.0094
vn -0.2087 -0.1719 -0.9628
vn 0.1731 0.2520 -0.9521
vn 0.0025 -1.0000 -0.0067
vn 0.3400 -0.0418 0.9395
vn -0.2278 0.1588 -0.9607
vn -0.2671 -0.7298 0.6293
vn -0.2035 -0.1494 0.9676
vn -0.2234 -0.1274 0.9664
vn 0.3567 0.1349 -0.9244
vn 0.2925 0.0040 0.9563
vn -0.0173 0.2447 -0.9694
vn 0.0489 0.2177 -0.9748
vn 0.0472 -0.9948 0.0904
vn 0.1980 -0.1367 0.9706
vn -0.0000 1.0000 0.0002
vn -0.4716 -0.4116 0.7799
vn 0.1176 -0.2010 0.9725
vn -0.0759 0.1839 0.9800
vn 0.5094 0.0735 -0.8574
vn -0.4506 0.0795 -0.8892
vn 0.1642 0.2444 -0.9557
vn -0.1802 0.2146 -0.9599
vn -0.4081 -0.1035 0.9070
vn -0.4486 -0.0430 -0.8927
vn -0.3235 -0.1093 -0.9399
vn -0.3405 0.3263 -0.8818
vn 0.5109 0.0162 -0.8595
vn 0.2607 -0.0429 0.9645
vn 0.3105 -0.3423 0.8868
vn -0.2175 -0.1996 0.9554
vn -0.3476 0.1089 0.9313
vn -0.4670 -0.3702 -0.8030
vn 0.3838 -0.6919 -0.6115
vn 0.3522 -0.7745 -0.5254
vn 0.5007 0.0063 -0.8656
vn 0.0002 1.0000 0.0003
vn -0.0223 -0.2428 0.9698
vn 0.0163 -0.2253 0.9742
vn 0.3891 0.1956 -0.9002
vn 0.3469 0.2216 -0.9113
vn -0.5076 0.0955 -0.8563
vn -0.4352 -0.1715 0.8838
vn 0.3499 -0.1516 0.9244
vn -0.0001 -1.0000 0.0001
vn 0.5097 0.1092 0.8534
vn 0.0792 -0.2521 0.9644
vn -0.3359 -0.1823 0.9241
vn -0.2042 -0.2401 0.9490
vn 0.5762 0.1077 -0.8102
vn 0.3582 0.6199 0.6982
vn -0.5135 0.0523 0.8565
vn 0.1172 -0.9036 0.4119
vn 0.4284 -0.0985 0.8982
vn 0.5086 0.1839 0.8411
vn -0.5117 -0.1482 0.8463
vn -0.6337 0.0537 -0.7717
vn -0.4886 -0.1723 0.8553
vn -0.3364 0.1875 -0.9229
vn 0.2916 -0.1988 0.9357
vn 0.3584 -0.1236 0.9254
vn -0.5754 -0.1214 0.8088
vn -0.7358 -0.3977 -0.5481
vn 0.5736 0.1990 -0.7946
vn -0.1946 0.2350 -0.9523
vn 0.6164 -0.0283 0.7869
vn 0.5563 -0.0757 0.8276
vn 0.0009 -1.0000 0.0023
vn -0.6743 -0.0476 -0.7370
vn -0.6539 -0.0600 -0.7542
vn -0.3943 -0.8602 0.3233
vn -0.6299 -0.0833 0.7722
vn 0.3492 -0.7666 -0.5388
vn -0.4840 0.1474 -0.8626
vn 0.6229 0.0056 0.7823
vn -0.1424 0.2362 -0.9612
vn 0.5614 0.1940 -0.8045
vn 0.0506 -0.2613 0.9639
vn 0.0664 -0.2729 0.9598
vn -0.6617 -0.1831 0.7271
vn -0.0001 1.0000 0.0001
vn -0.3125 0.1990 -0.9288
vn -0.4604 -0.2765 0.8436
vn -0.3332 -0.2149 0.9180
vn -0.0232 0.2776 -0.9604
vn -0.0180 0.2762 -0.9609
vn -0.4599 0.1441 -0.8762
vn 0.1618 0.2708 -0.9489
vn -0.5508 -0.0701 0.8317
vn -0.0008 -1.0000 -0.0009
vn -0.6870 -0.0957 0.7203
vn 0.7322 0.0103 0.6810
vn 0.2789 -0.2239 0.9339
vn 0.0002 -1.0000 0.0003
vn -0.7193 0.0540 -0.6926
vn -0.1411 -0.3117 0.9396
vn 0.7187 0.0563 -0.6931
vn 0.6524 0.1968 -0.7319
vn 0.6801 -0.0658 0.7301
vn 0.7056 0.0785 -0.7042
vn 0.5135 -0.6775 0.5267
vn 0.0001 -1.0000 -0.0001
vn -0.0716 0.8747 0.4793
vn 0.2469 -0.2102 0.9460
vn 0.3628 0.2617 -0.8944
vn 0.2623 0.2826 -0.9227
vn 0.6379 -0.5410 -0.5481
vn -0.7224 -0.1382 0.6775
vn 0.1796 -0.6914 0.6998
vn 0.1912 -0.7787 0.5975
vn -0.1912 0.7787 0.5975
vn 0.7343 0.1562 -0.6607
vn 0.0120 -0.2329 0.9724
vn -0.0001 1.0000 0.0004
vn -0.7882 0.0271 -0.6149
vn -0.7973 -0.0322 -0.6028
vn -0.4918 -0.3104 0.8135
vn 0.0332 -0.2589 0.9653
vn 0.0003 -1.0000 -0.0003
vn 0.5553 -0.1221 0.8226
vn -0.7374 -0.3446 -0.5809
vn 0.7237 -0.0467 -0.6886
vn 0.7190 -0.4085 -0.5623
vn 0.0031 -1.0000 0.0042
vn -0.7387 0.1047 -0.6658
vn -0.7132 0.1167 -0.6912
vn 0.8059 0.0069 -0.5920
vn 0.4539 -0.8127 0.3654
vn 0.8288 0.0266 0.5589
vn 0.3788 0.7014 0.6037
vn 0.5983 -0.3410 0.7251
vn -0.2142 -0.9140 0.3445
vn 0.3115 0.7762 0.5482
vn -0.2676 -0.8621 0.4303
vn 0.5378 0.2597 -0.8021
vn -0.4299 0.2022 -0.8799
vn 0.1692 -0.2650 0.9493
vn 0.8139 0.1055 0.5714
vn 0.0080 1.0000 -0.0016
vn 0.6692 -0.1534 0.7271
vn 0.5535 -0.1210 0.8240
vn 0.7733 -0.0429 0.6326
vn 0.7807 -0.1884 0.5959
vn -0.7565 -0.3511 0.5518
vn -0.8517 -0.0025 0.5240
vn -0.8088 0.0463 0.5863
vn -0.0068 1.0000 -0.0010
vn 0.2472 0.2249 -0.9425
vn 0.8070 -0.4564 -0.3748
vn -0.8689 0.0542 -0.4920
vn -0.7117 -0.1902 0.6762
vn -0.3089 0.1552 -0.9383
vn 0.7052 0.2414 -0.6666
vn -0.3143 -0.3373 0.8874
vn -0.0001 -1.0000 0.0003
vn 0.2507 0.2224 -0.9422
vn -0.8503 -0.0248 0.5256
vn 0.0906 0.9824 -0.1635
vn -0.1403 0.9579 0.2505
vn -0.3484 0.8840 -0.3116
vn 0.4129 0.9095 0.0479
vn 0.3678 0.9064 0.2077
vn 0.0601 -0.9942 -0.0889
vn 0.2497 -0.9650 0.0799
vn -0.3191 -0.9435 0.0889
vn -0.2627 -0.9649 -0.0000
vn 0.5756 -0.7560 -0.3115
vn -0.4972 0.6531 -0.5712
vn -0.5321 -0.8382 -0.1200
vn -0.5128 0.8351 -0.1990
vn 0.5270 -0.8488 -0.0429
vn -0.6865 -0.7172 0.1200
vn 0.7573 0.5353 -0.3741
vn 0.7788 0.5733 -0.2546
vn 0.8584 -0.5096 -0.0589
vn -0.8604 -0.5082 -0.0385
vn -0.8397 -0.5357 -0.0889
vn 0.7177 0.4240 -0.5524
vn -0.7972 0.5664 -0.2092
vn -0.7900 0.4690 -0.3950
vn 0.8561 -0.5148 -0.0459
vn 0.9783 -0.1731 -0.1142
vn -0.7942 0.1405 -0.5913
vn -0.9771 -0.2069 -0.0503
vn -0.9693 -0.2281 -0.0923
vn -0.9491 0.2486 -0.1932
vn 0.9217 0.1951 -0.3353
vn 0.9754 -0.2198 -0.0194
vn 0.7004 -0.0315 0.7130
vn -0.7705 -0.0628 -0.6344
vn 0.9754 0.2198 0.0194
vn -0.9449 0.0756 -0.3186
vn -0.9752 0.2198 -0.0244
vn -0.8953 -0.4436 -0.0399
vn -0.6853 -0.0292 -0.7277
vn 0.6519 -0.2595 -0.7125
vn 0.9734 0.2291 -0.0000
vn 0.8740 0.4860 -0.0000
vn -0.8984 0.4137 -0.1475
vn -0.8733 0.4856 0.0403
vn -0.7245 -0.6761 -0.1346
vn -0.7692 -0.4888 0.4117
vn 0.8137 -0.5731 0.0974
vn 0.7571 -0.6318 -0.1666
vn 0.6915 0.7224 -0.0000
vn -0.0001 -0.0002 -1.0000
vn -0.7536 0.6289 -0.1915
vn -0.7236 0.6898 -0.0242
vn 0.5300 -0.7422 -0.4103
vn 0.6721 0.7386 -0.0526
vn -0.5469 0.7654 -0.3393
vn -0.2647 0.8619 0.4325
vn -0.0007 0.0286 -0.9996
vn -0.3112 -0.9443 -0.1068
vn 0.3249 -0.9372 -0.1268
vn 0.3803 0.9241 0.0387
vn -0.3267 0.9451 0.0062
vn 0.2958 0.9492 -0.1071
vn 0.0604 0.9982 -0.0067
vn -0.0338 0.9894 -0.1414
vn -0.2633 -0.9621 0.0710
vn -0.0576 -0.9302 -0.3626
vn 0.3131 -0.9471 -0.0710
vn -0.8443 0.0833 -0.5294
vn -0.0796 0.1629 -0.9834
vn -0.8266 -0.0298 0.5620
vn 0.8773 -0.0265 0.4793
vn -0.0009 1.0000 0.0003
vn 0.3953 -0.0847 0.9146
vn 0.8151 -0.0204 0.5789
vn -0.0000 -1.0000 0.0002
vn -0.7156 0.1224 -0.6877
vn -0.6960 0.1290 -0.7063
vn -0.1080 0.1637 -0.9806
vn -0.0555 -0.1341 0.9894
vn -0.0014 1.0000 0.0069
vn -0.5123 -0.2009 0.8350
vn -0.0000 1.0000 0.0004
vn -0.0221 0.1913 -0.9813
vn 0.0018 1.0000 0.0036
vn 0.0002 1.0000 0.0002
vn 0.8595 0.0043 0.5111
vn 0.0060 -1.0000 -0.0056
vn 0.1205 -0.2064 0.9710
vn -0.0002 -1.0000 0.0002
vn 0.0025 -1.0000 -0.0031
vn -0.4198 0.8315 0.3638
vn 0.4879 -0.7484 0.4493
vn -0.4271 0.8270 0.3656
vn 0.8915 0.0705 -0.4476
vn 0.8809 0.0524 -0.4704
vn -0.4194 0.1045 -0.9018
vn -0.0149 0.1830 -0.9830
vn -0.8560 -0.0537 -0.5142
vn -0.8702 -0.1249 -0.4766
vn -0.9290 0.0133 -0.3700
vn -0.9105 0.0433 -0.4112
vn 0.6978 0.2545 -0.6696
vn 0.5702 0.2669 -0.7769
vn -0.8805 -0.0396 -0.4725
vn 0.8376 0.1619 -0.5217
vn -0.9035 0.1021 -0.4163
vn -0.8895 -0.1009 -0.4457
vn 0.8280 0.1698 -0.5344
vn 0.5978 0.2307 -0.7678
vn 0.0051 0.0468 -0.9989
vn -0.0124 0.0704 -0.9974
vn 0.0104 0.0212 -0.9997
vn 0.0373 0.0474 -0.9982
vn 0.1948 0.0169 -0.9807
vn -0.4167 0.1415 -0.8979
vn 0.0870 0.1740 -0.9809
vn 0.5766 0.3110 -0.7556
vn -0.3702 0.2148 -0.9038
vn -0.1369 0.0588 -0.9888
vn -0.7178 0.0405 -0.6951
vn 0.4470 0.1069 -0.8881
vn 0.9040 -0.1925 -0.3816
vn 0.5878 -0.0402 -0.8080
vn -0.2550 -0.1601 -0.9536
vn 0.6902 -0.3458 -0.6357
vn 0.1133 -0.2185 -0.9692
vn 0.0879 -0.1521 -0.9845
vn 0.0388 -0.0978 -0.9944
vn 0.0040 0.0413 -0.9991
vn 0.5491 0.1798 -0.8162
vn 0.0368 0.4209 -0.9063
vn -0.3214 0.5270 -0.7868
vn -0.2096 0.0928 -0.9734
vn 0.8779 -0.0529 -0.4760
vn -0.4342 0.5659 -0.7009
vn 0.1892 0.0206 -0.9817
vn -0.1791 0.9111 -0.3713
vn 0.2683 0.3546 -0.8957
vn -0.7623 -0.2533 0.5956
vn 0.1908 0.9386 -0.2876
vn -0.0094 -0.1717 0.9851
vn -0.8640 -0.0045 -0.5035
vn -0.0599 -0.0409 -0.9974
vn -0.9023 0.1086 -0.4173
vn -0.8613 0.1214 -0.4934
vn -0.8651 0.5014 -0.0122
vn -0.7560 -0.2203 0.6164
vn -0.3752 -0.0369 -0.9262
vn 0.8327 0.2156 -0.5100
vn 0.3257 0.9455 -0.0055
vn -0.5054 -0.8627 -0.0152
vn -0.8133 -0.4907 -0.3125
vn 0.9267 -0.3755 -0.0132
vn 0.7594 -0.3808 -0.5275
vn -0.1753 0.0342 -0.9839
vn 0.0391 -0.0969 -0.9945
vn -0.0002 -1.0000 -0.0005
vn -0.6856 0.1260 -0.7170
vn -0.9731 -0.2096 -0.0956
vn -0.2587 0.9660 -0.0000
vn -0.2488 0.9685 0.0013
vn 0.1894 0.9819 0.0008
vn -0.4225 0.9064 -0.0000
vn -0.4225 0.9063 -0.0000
vn 0.2655 0.9641 -0.0049
vn 0.4983 0.8670 0.0065
vn 0.4933 0.8698 -0.0039
vn 0.4319 0.9019 0.0009
vn 0.5744 0.8186 0.0026
vn -0.6415 0.7671 -0.0006
vn -0.6398 0.7685 -0.0000
vn 0.6774 0.7356 -0.0048
vn 0.7175 0.6966 -0.0009
vn 0.8041 0.5944 -0.0031
vn -0.8156 0.5786 0.0005
vn -0.9068 0.4215 0.0002
vn 0.9073 0.4205 -0.0012
vn -0.9661 0.2582 -0.0001
vn -0.9813 0.1921 0.0090
vn 0.9736 0.2283 0.0008
vn 0.9671 0.2542 -0.0036
vn 0.9968 0.0799 0.0025
vn 0.9984 -0.0568 -0.0023
vn 0.9962 0.0872 0.0017
vn 0.9948 -0.1006 -0.0123
vn 0.9857 -0.1683 -0.0025
vn 0.9518 -0.3067 0.0048
vn 0.9022 -0.4312 -0.0075
vn 0.8531 -0.5218 -0.0006
vn 0.6984 -0.7153 0.0256
vn 0.8435 -0.5370 0.0065
vn 0.7566 -0.6532 -0.0316
vn 0.5528 -0.8313 -0.0578
vn -0.3080 -0.1910 0.9320
vn 0.7973 -0.4545 -0.3971
vn -0.9129 -0.1873 -0.3627
vn -0.9041 0.0277 -0.4263
vn -0.0002 -1.0000 0.0017
vn 0.9444 -0.1795 -0.2754
vn -0.3043 -0.2650 0.9150
vn 0.5531 -0.7800 0.2927
vn -0.7867 -0.2759 0.5522
vn 0.9092 0.1519 0.3877
vn -0.0165 -0.9998 -0.0077
vn 0.0954 -0.1735 0.9802
vn -0.8776 -0.1007 0.4686
vn -0.0134 0.2616 0.9651
vn -0.0497 -0.9945 0.0918
vn -0.0011 0.0022 1.0000
vn -0.0003 0.0050 1.0000
vn 0.1220 -0.9923 -0.0209
vn 0.3516 -0.9361 0.0043
vn -0.0001 0.0049 1.0000
vn -0.3619 -0.9322 0.0003
vn -0.3648 -0.9311 0.0015
vn -0.1523 -0.9883 -0.0007
vn 0.3642 -0.9313 -0.0010
vn 0.5787 -0.8156 -0.0005
vn -0.5787 -0.8156 -0.0003
vn -0.5883 -0.8086 0.0042
vn 0.5678 -0.8232 0.0046
vn 0.7604 -0.6495 -0.0001
vn -0.7604 -0.6495 0.0001
vn -0.7620 -0.6476 0.0011
vn 0.7574 -0.6529 0.0017
vn 0.8960 -0.4440 -0.0005
vn -0.8960 -0.4440 -0.0000
vn -0.9008 -0.4343 0.0040
vn 0.8916 -0.4528 0.0033
vn 0.9775 -0.2110 0.0024
vn -0.9774 -0.2116 0.0031
vn -0.9741 -0.2261 -0.0016
vn 0.9796 -0.2008 -0.0018
vn -0.9998 -0.0177 0.0020
vn -0.9987 -0.0499 -0.0061
vn 0.9998 0.0177 0.0046
vn 0.9613 0.2748 0.0180
vn 0.9995 -0.0254 -0.0168
vn 0.9678 0.2089 0.1403
vn 0.9999 -0.0075 0.0104
vn 0.0726 0.0418 0.9965
vn -0.9777 0.2100 -0.0004
vn -0.9775 0.2110 -0.0000
vn 0.0711 0.0395 0.9967
vn 0.1574 0.1079 0.9816
vn -0.8960 0.4440 -0.0000
vn 0.0759 0.0837 0.9936
vn 0.0100 -0.0032 0.9999
vn -0.7737 0.6336 -0.0000
vn -0.7604 0.6494 0.0070
vn -0.6308 0.7759 0.0005
vn -0.3738 0.9208 0.1113
vn 0.0603 -0.0070 0.9982
vn 0.0062 1.0000 -0.0062
vn 0.0809 -0.9388 0.3349
vn -0.0497 0.9249 0.3769
vn 0.0241 0.8846 0.4657
vn -0.0943 -0.7870 0.6097
vn 0.0493 0.8705 0.4897
vn -0.0797 0.7870 0.6118
vn -0.0758 -0.8604 0.5040
vn 0.0305 0.7499 0.6608
vn -0.7431 0.1265 -0.6572
vn 0.0256 -0.0682 0.9973
vn 0.0307 0.1691 0.9851
vn -0.0039 1.0000 0.0050
vn 0.5007 -0.3191 -0.8047
vn -0.9972 0.0750 0.0003
vn -0.3453 -0.1887 -0.9193
vn 0.8681 -0.1764 0.4641
vn -0.4029 -0.3459 -0.8474
vn -0.9532 0.0718 -0.2936
vn -0.9993 0.0359 -0.0145
vn -0.9997 -0.0197 -0.0175
vn 0.3460 -0.5859 -0.7328
vn 0.8412 0.2225 -0.4928
vn -0.2388 -0.3190 0.9172
vn -0.8197 0.0774 -0.5675
vn -0.9487 0.0133 -0.3159
vn 0.1925 -0.9036 0.3828
vn -0.2205 -0.7154 0.6630
vn 0.2805 0.5985 -0.7504
vn 0.3206 0.9325 0.1662
vn -0.9524 0.0777 -0.2947
vn 0.1117 -0.6814 0.7233
vn 0.5280 0.2963 0.7958
vn 0.2391 -0.1714 0.9557
vn -0.6177 -0.1478 0.7724
vn -0.9025 0.0929 -0.4205
vn 0.9352 0.0550 0.3498
vn -0.3023 0.9488 0.0918
vn -0.0001 -1.0000 -0.0002
vn -0.9644 0.2092 0.1619
vn -0.8936 -0.1495 0.4232
vn 0.8658 -0.0768 0.4945
vn 0.9361 -0.1079 0.3347
vn 0.0006 -1.0000 -0.0000
vn 0.9424 -0.1102 0.3158
vn -0.8235 0.0874 -0.5606
vn 0.7781 0.2667 -0.5687
vn 0.9120 -0.1291 0.3894
vn 0.8318 0.2571 -0.4919
vn 0.9525 -0.0910 -0.2905
vn 0.9504 -0.0661 0.3040
vn -0.0000 1.0000 0.0003
vn 0.7439 0.0458 -0.6667
vn -0.0000 1.0000 0.0005
vn -0.7646 -0.2605 0.5895
vn -0.1123 0.9870 -0.1146
vn 0.1064 -0.9785 0.1767
vn -0.3343 0.9234 0.1887
vn -0.2733 -0.8766 0.3960
vn 0.3653 -0.8258 0.4297
vn 0.3988 -0.7539 0.5222
vn 0.2994 -0.8676 0.3970
vn -0.8932 -0.2163 0.3942
vn -0.6686 -0.7184 0.1922
vn 0.9188 -0.0405 0.3927
vn -0.0501 0.9987 -0.0053
vn -0.2173 -0.9566 -0.1943
vn -0.9422 0.1101 -0.3163
vn 0.7038 0.0909 -0.7045
vn 0.6481 0.2920 -0.7033
vn -0.0674 0.6943 0.7165
vn -0.9752 0.0187 -0.2205
vn -0.9739 0.0520 -0.2211
vn -0.9144 -0.1898 0.3576
vn -0.0005 1.0000 0.0003
vn -0.9731 0.1028 -0.2061
vn 0.4535 -0.3869 -0.8029
vn -0.9890 -0.0464 -0.1406
vn -0.9566 0.0350 -0.2894
vn -0.9805 0.0233 -0.1954
vn -0.0060 0.9999 0.0085
vn -0.2670 0.9535 0.1396
vn 0.7579 0.2299 -0.6106
vn -0.9723 0.1091 -0.2068
vn -0.9750 0.1069 -0.1949
vn 0.9575 -0.0756 0.2783
vn 0.9830 0.0150 0.1829
vn -0.0046 -1.0000 0.0078
vn 0.0072 -1.0000 0.0022
vn -0.6886 -0.0172 0.7249
vn 0.4970 -0.8345 0.2380
vn -0.7928 -0.2977 0.5318
vn -0.8410 -0.2475 0.4810
vn -0.3182 -0.5790 0.7507
vn 0.9689 -0.0689 0.2376
vn 0.9761 -0.0134 0.2170
vn 0.9543 0.0710 -0.2903
vn 0.0107 -0.9999 -0.0021
vn -0.2673 -0.9566 0.1159
vn 0.3680 -0.4265 0.8263
vn -0.9683 0.0016 0.2499
vn -0.0031 -1.0000 -0.0015
vn 0.9595 0.1046 -0.2616
vn -0.7867 -0.2901 0.5449
vn 0.3523 -0.3991 0.8465
vn -0.9759 0.0894 -0.1990
vn 0.9436 0.1476 -0.2965
vn 0.6015 -0.7780 0.1816
vn 0.4213 0.8791 0.2228
vn -0.3731 -0.8766 0.3039
vn -0.0026 1.0000 0.0021
vn 0.3264 0.9276 0.1819
vn -0.4163 0.8792 0.2316
vn -0.4806 0.8356 0.2663
vn 0.5406 0.7169 0.4403
vn -0.8721 0.2233 0.4353
vn -0.8523 0.3131 0.4189
vn -0.9546 -0.1215 0.2719
vn 0.9753 -0.0018 -0.2209
vn 0.9417 -0.2850 0.1790
vn 0.0021 -1.0000 0.0014
vn -0.9647 0.1871 0.1850
vn 0.9376 0.2180 -0.2709
vn 0.0025 -1.0000 -0.0030
vn 0.9814 -0.1105 0.1569
vn 0.1212 -0.9057 -0.4061
vn 0.8722 0.2695 -0.4082
vn 0.8938 0.2219 -0.3897
vn -0.3116 0.9223 0.2288
vn 0.9076 -0.3681 -0.2019
vn -0.0143 -0.9999 0.0030
vn 0.8666 0.4242 0.2629
vn 0.9496 -0.1957 0.2448
vn 0.0061 0.9999 0.0105
vn 0.8756 0.4027 0.2667
vn 0.9487 -0.2061 0.2398
vn 0.9336 0.2119 -0.2890
vn 0.9800 -0.0541 0.1915
vn 0.9784 -0.0304 0.2043
vn -0.3554 0.9106 0.2110
vn -0.1491 0.1324 -0.9799
vn -0.0925 0.9957 -0.0029
vn 0.9916 0.0495 0.1191
vn 0.2579 0.9660 -0.0169
vn 0.9809 -0.0273 0.1924
vn 0.9272 0.2533 -0.2759
vn -0.9836 -0.0618 0.1694
vn -0.0024 -1.0000 0.0027
vn -0.9491 -0.0836 0.3035
vn -0.0196 0.3079 0.9512
vn -0.3694 0.2690 0.8895
vn 0.9966 -0.0199 0.0796
vn -0.9982 0.0456 -0.0377
vn 0.0115 0.9998 0.0154
vn 0.9227 0.2583 -0.2861
vn -0.9846 -0.0378 -0.1706
vn 0.1073 -0.9937 -0.0311
vn 0.3358 0.9291 0.1546
vn -0.0023 1.0000 0.0023
vn -0.6270 0.7520 0.2033
vn -0.0039 -1.0000 0.0053
vn -0.8616 -0.4405 0.2522
vn 0.6628 0.7012 0.2625
vn 0.9496 -0.1756 0.2595
vn -0.8377 -0.4337 0.3320
vn 0.7815 -0.5862 0.2136
vn 0.6626 0.7016 0.2623
vn 0.9499 -0.1744 0.2595
vn -0.5171 0.8316 0.2027
vn -0.1070 -0.9938 -0.0309
vn 0.9911 0.0498 -0.1232
vn -0.9915 0.0751 -0.1067
vn -0.9892 0.0913 -0.1143
vn -0.9971 0.0060 -0.0765
vn -0.9955 0.0264 -0.0905
vn 0.9571 0.1412 -0.2530
vn -0.9921 0.1110 -0.0585
vn -0.9923 0.1102 -0.0562
vn -0.9924 0.1028 -0.0674
vn -0.9931 0.1011 -0.0602
vn -0.9981 0.0537 -0.0294
vn -0.0039 1.0000 -0.0013
vn -0.9578 -0.2128 0.1934
vn 0.9931 -0.0912 0.0733
vn 0.9933 -0.0914 0.0713
vn -0.9634 0.1932 0.1860
vn -0.0009 -1.0000 -0.0003
vn -0.0175 -0.9998 0.0060
vn 0.9913 -0.0643 0.1148
vn -0.7603 -0.6348 0.1379
vn -0.9950 -0.0000 0.1002
vn -0.8282 0.5407 0.1475
vn -0.9566 -0.1871 0.2232
vn 0.9949 -0.0830 0.0570
vn 0.0012 1.0000 -0.0004
vn 0.9950 -0.0540 0.0843
vn 0.9758 0.2151 -0.0385
vn -0.9636 -0.2318 0.1333
vn -0.9981 0.0588 -0.0179
vn -0.3432 -0.9378 0.0524
vn -0.9752 -0.1577 0.1552
vn 0.6290 -0.7752 0.0581
vn 0.8894 -0.4238 0.1713
vn -0.3751 0.9070 0.1916
vn 0.6152 -0.7837 0.0862
vn 0.9547 0.2791 0.1033
vn -0.9334 -0.2739 0.2317
vn 0.9610 0.2676 -0.0698
vn -0.9897 -0.1426 0.0143
vn 0.9706 -0.0883 0.2237
vn 0.9509 0.2354 -0.2011
vn -0.9948 -0.0818 0.0612
vn 0.9931 0.1120 -0.0334
vn 0.0145 -0.9988 0.0460
vn -0.9933 -0.0799 0.0831
vn -0.9739 -0.1459 0.1739
vn 0.9785 0.2064 -0.0002
vn -0.9689 -0.2302 0.0906
vn -0.9629 -0.2686 0.0243
vn 0.9625 0.2633 0.0653
vn -0.9609 -0.2719 0.0523
vn -0.9633 -0.2654 0.0399
vn -0.0115 -0.9999 0.0004
vn 0.9353 0.2371 0.2627
vn -0.3272 0.9251 0.1929
vn -0.9830 -0.1355 0.1237
vn 0.1144 -0.4520 -0.8847
vn 0.2243 -0.9241 0.3094
vn -0.9821 -0.0215 -0.1871
vn -0.9684 0.2080 0.1375
vn -0.5510 0.2911 -0.7821
vn -0.4940 0.2448 -0.8343
vn -0.4912 0.2612 -0.8310
vn -0.9991 0.0326 0.0257
vn -0.9949 0.0986 0.0192
vn -0.9933 0.1072 0.0430
vn 0.9954 -0.0922 0.0255
vn -0.9936 0.1100 0.0272
vn -0.9943 0.1065 0.0012
vn 0.9946 -0.1000 0.0284
vn -0.9960 0.0823 0.0334
vn -0.9980 0.0585 -0.0230
vn -0.9969 0.0360 0.0694
vn -1.0000 0.0081 -0.0001
vn 0.9867 -0.1610 -0.0241
vn 0.8644 0.0406 -0.5012
vn -0.2022 -0.0085 -0.9793
vn -0.8654 -0.0275 0.5003
vn 0.0009 -0.0001 -1.0000
vn 0.0004 -0.0000 -1.0000
vn -0.0033 -0.0000 -1.0000
vn -0.9147 -0.0000 0.4042
vn 0.0426 -0.8598 0.5089
vn -0.9994 0.0339 -0.0000
vn -0.9905 -0.0351 0.1326
vn -0.0106 0.9998 -0.0164
vn -0.9958 -0.0767 0.0506
vn 0.0025 1.0000 0.0045
vn 0.0438 0.9958 0.0802
vn 0.0048 -1.0000 0.0081
vn 0.0328 0.9906 0.1331
vn -0.9638 -0.2650 0.0309
vn -0.9597 -0.2724 0.0691
vn 0.0651 -0.9965 0.0531
vn 0.0616 0.9959 0.0669
vn 0.9922 -0.1185 0.0381
vn 0.9954 -0.0891 0.0357
vn 0.9934 -0.1115 0.0280
vn 0.9945 -0.1012 0.0268
vn 0.3323 -0.4731 -0.8159
vn 0.9980 -0.0637 0.0017
vn 0.9980 -0.0312 0.0553
vn -0.0579 0.9966 0.0591
vn 0.9997 -0.0130 0.0216
vn 0.9980 0.0141 0.0611
vn -0.0489 -0.9953 0.0838
vn -0.7200 -0.6312 0.2885
vn 0.9944 0.0380 0.0989
vn -0.1125 -0.9655 0.2348
vn -0.1437 -0.9896 -0.0053
vn 0.1728 -0.9849 0.0059
vn 0.1279 -0.9917 -0.0118
vn -0.1273 -0.9919 0.0009
vn -0.3577 -0.9339 -0.0014
vn 0.1130 -0.6543 0.7478
vn -0.3648 -0.9311 0.0012
vn 0.4014 -0.9158 -0.0133
vn 0.3776 -0.9259 -0.0041
vn 0.5676 -0.8233 0.0002
vn -0.5772 -0.8166 -0.0067
vn -0.5884 -0.8086 -0.0017
vn 0.5843 -0.8115 -0.0066
vn 0.7574 -0.6529 0.0013
vn -0.7620 -0.6476 -0.0010
vn -0.7778 -0.6284 -0.0104
vn 0.7630 -0.6464 -0.0016
vn 0.8915 -0.4529 -0.0060
vn 0.8985 -0.4390 0.0006
vn -0.8960 -0.4440 -0.0038
vn -0.9008 -0.4343 -0.0001
vn -0.9757 -0.2193 -0.0006
vn -0.9741 -0.2261 -0.0032
vn 0.9795 -0.2015 0.0063
vn -0.9999 -0.0130 0.0108
vn -0.5113 0.2171 0.8315
vn -0.4166 0.2462 0.8751
vn 0.8136 -0.2410 0.5291
vn -0.2884 -0.9318 -0.2205
vn -0.8119 -0.5751 0.1003
vn -0.7247 0.2831 0.6282
vn -0.5375 0.6102 0.5821
vn 0.8797 -0.0851 0.4678
vn 0.9014 -0.0892 0.4236
vn 0.0003 -0.0001 1.0000
vn -0.2987 -0.0453 0.9533
vn -0.9360 -0.1411 0.3224
vn 0.9319 -0.0840 0.3529
vn 0.0409 -0.4212 0.9061
vn -0.2095 -0.0569 0.9762
vn -0.3243 -0.0811 0.9425
vn 0.0036 -0.0464 0.9989
vn -0.0237 0.3971 0.9175
vn -0.5718 -0.1575 0.8051
vn 0.9886 -0.1019 0.1105
vn 0.0158 -0.2290 0.9733
vn -0.0201 -0.1057 0.9942
vn -0.5721 -0.1576 0.8049
vn 0.0007 0.0010 1.0000
vn 0.0027 -0.0270 0.9996
vn -0.0060 -0.0566 0.9984
vn -0.5139 -0.1439 0.8457
vn -0.4985 -0.1500 0.8538
vn -0.0255 0.0013 0.9997
vn 0.7700 -0.0564 -0.6356
vn 0.5439 -0.0132 0.8391
vn 0.0007 0.0098 1.0000
vn -0.0304 0.2445 0.9692
vn -0.0134 0.0606 0.9981
vn 0.0004 -0.0027 1.0000
vn 0.5384 -0.0445 0.8415
vn 0.0013 -0.0171 0.9999
vn 0.0007 -0.0079 1.0000
vn 0.5787 -0.0186 0.8153
vn 0.6032 -0.0178 0.7974
vn -0.6387 -0.0419 0.7683
vn -0.6208 -0.0574 0.7818
vn 0.0082 -0.0869 0.9962
vn -0.0097 -0.0000 1.0000
vn 0.0488 -0.5641 0.8243
vn -0.9895 -0.0674 -0.1280
vn -0.8964 -0.0121 0.4430
vn 0.0054 -0.2782 0.9605
vn 0.2515 0.3211 0.9130
vn -0.7494 -0.3259 0.5763
vn -0.0102 -0.1783 0.9839
vn -0.0348 -0.0000 0.9994
vn 0.0484 -0.6787 0.7328
vn 0.3722 -0.9247 0.0804
vn 0.9769 0.2098 0.0399
vn 0.9853 0.1695 0.0231
vn 0.9973 0.0227 0.0694
vn 0.8295 0.0933 0.5507
vn 0.9594 0.2252 0.1698
vn 0.2198 0.0506 0.9742
vn -0.8598 0.1288 0.4942
vn 0.7239 -0.2376 0.6477
vn -0.5763 0.1967 0.7932
vn 0.7053 -0.6854 0.1809
vn 0.0004 -0.0001 1.0000
vn -0.7086 -0.1934 0.6785
vn -0.4524 -0.1159 0.8842
vn 0.0860 -0.0159 0.9962
vn 0.3462 -0.0286 0.9377
vn 0.6405 -0.0212 0.7677
vn -0.7960 -0.0325 0.6044
vn -0.9644 -0.2576 0.0594
vn -0.5719 -0.7736 0.2728
vn 0.3960 0.8695 0.2952
vn -0.7414 -0.6674 0.0707
vn -0.4655 0.5584 0.6866
vn -0.4604 -0.8838 0.0829
vn 0.8664 0.4992 0.0110
vn -0.6487 0.0861 0.7562
vn 0.7847 -0.0062 0.6199
vn -0.8330 -0.5323 0.1509
vn -0.6344 -0.7353 0.2385
vn 0.0177 0.5065 0.8620
vn -0.0206 0.3275 0.9446
vn -0.1467 0.4923 0.8580
vn 0.0434 0.3716 0.9274
vn 0.1186 0.4426 0.8888
vn -0.1738 0.3774 0.9096
vn -0.1719 0.3753 0.9108
vn 0.1369 0.3970 0.9076
vn 0.2914 0.5848 0.7570
vn -0.2018 0.3484 0.9154
vn 0.3317 0.4844 0.8095
vn -0.5697 0.3131 0.7599
vn -0.3745 0.2652 0.8885
vn 0.3297 0.2382 0.9136
vn 0.4333 0.2671 0.8607
vn -0.3822 0.2785 0.8811
vn -0.5677 0.3004 0.7664
vn 0.2666 0.1321 0.9547
vn 0.2996 0.0451 0.9530
vn 0.4869 0.1587 0.8589
vn 0.9398 -0.3368 0.0578
vn 0.9980 0.0430 0.0465
s 0
f 1//1 2//1 3//1
f 4//2 1//2 3//2
f 2//3 5//3 3//3
f 2//4 6//4 5//4
f 6//5 7//5 5//5
f 8//6 3//6 5//6
f 9//7 8//7 5//7
f 7//8 9//8 5//8
f 8//9 4//9 3//9
f 10//10 4//10 8//10
f 2//11 11//11 6//11
f 11//12 12//12 6//12
f 12//13 13//13 6//13
f 13//14 7//14 6//14
f 14//15 8//15 9//15
f 7//16 15//16 9//16
f 15//17 14//17 9//17
f 16//18 10//18 8//18
f 14//19 16//19 8//19
f 17//20 18//20 19//20
f 19//21 1//21 4//21
f 1//22 20//22 2//22
f 20//23 11//23 2//23
f 10//24 19//24 4//24
f 21//20 17//20 19//20
f 10//25 21//25 19//25
f 18//20 22//20 19//20
f 22//26 1//26 19//26
f 20//27 23//27 11//27
f 24//28 25//28 14//28
f 25//29 16//29 14//29
f 15//30 24//30 14//30
f 1//31 26//31 20//31
f 27//32 23//32 20//32
f 28//33 17//33 21//33
f 29//34 28//34 21//34
f 10//35 29//35 21//35
f 22//36 26//36 1//36
f 30//34 28//34 29//34
f 22//37 27//37 26//37
f 31//38 27//38 22//38
f 18//39 31//39 22//39
f 13//40 32//40 7//40
f 23//41 33//41 11//41
f 33//42 12//42 11//42
f 34//43 35//43 24//43
f 15//44 34//44 24//44
f 36//45 37//45 23//45
f 38//46 39//46 35//46
f 39//47 24//47 35//47
f 27//48 36//48 23//48
f 36//49 27//49 20//49
f 25//50 39//50 16//50
f 39//51 40//51 16//51
f 41//52 42//52 43//52
f 44//53 43//53 42//53
f 45//54 44//54 46//54
f 44//55 47//55 43//55
f 48//56 47//56 44//56
f 48//57 44//57 45//57
f 49//58 48//58 45//58
f 50//59 49//59 45//59
f 47//60 51//60 43//60
f 51//61 52//61 43//61
f 53//62 43//62 52//62
f 51//63 54//63 52//63
f 54//64 55//64 52//64
f 56//65 55//65 54//65
f 56//66 57//66 55//66
f 58//67 59//67 60//67
f 61//68 62//68 60//68
f 59//69 61//69 60//69
f 63//70 57//70 56//70
f 64//71 65//71 62//71
f 62//72 66//72 64//72
f 67//73 68//73 63//73
f 69//74 68//74 67//74
f 70//75 69//75 67//75
f 71//76 70//76 67//76
f 13//77 72//77 32//77
f 73//78 10//78 16//78
f 39//79 25//79 24//79
f 67//80 74//80 71//80
f 75//81 76//81 71//81
f 72//82 77//82 32//82
f 31//83 78//83 27//83
f 79//84 71//84 74//84
f 13//85 80//85 72//85
f 81//86 7//86 32//86
f 76//87 82//87 71//87
f 71//88 83//88 75//88
f 48//89 84//89 47//89
f 85//90 86//90 48//90
f 49//91 85//91 48//91
f 87//92 54//92 51//92
f 88//93 85//93 49//93
f 60//94 88//94 49//94
f 89//95 88//95 60//95
f 90//96 56//96 54//96
f 91//97 89//97 60//97
f 62//98 91//98 60//98
f 92//99 63//99 56//99
f 65//100 91//100 62//100
f 67//101 63//101 92//101
f 93//102 94//102 92//102
f 94//103 67//103 92//103
f 95//104 65//104 64//104
f 96//105 79//105 64//105
f 79//106 95//106 64//106
f 94//107 74//107 67//107
f 96//108 71//108 79//108
f 97//109 77//109 72//109
f 82//110 98//110 71//110
f 98//111 99//111 71//111
f 77//112 100//112 32//112
f 100//113 81//113 32//113
f 101//114 102//114 75//114
f 83//115 101//115 75//115
f 103//116 104//116 72//116
f 80//117 103//117 72//117
f 102//118 101//118 100//118
f 105//118 102//118 100//118
f 77//119 105//119 100//119
f 83//120 81//120 100//120
f 101//121 83//121 100//121
f 104//122 103//122 98//122
f 106//122 104//122 98//122
f 82//123 106//123 98//123
f 103//124 99//124 98//124
f 80//125 99//125 103//125
f 96//126 83//126 71//126
f 107//127 97//127 72//127
f 108//128 76//128 75//128
f 102//129 108//129 75//129
f 104//130 107//130 72//130
f 109//131 102//131 105//131
f 77//132 109//132 105//132
f 110//133 104//133 106//133
f 82//134 110//134 106//134
f 109//131 108//131 102//131
f 110//133 107//133 104//133
f 26//135 111//135 20//135
f 111//136 36//136 20//136
f 48//137 112//137 84//137
f 84//138 113//138 47//138
f 86//139 114//139 48//139
f 88//140 115//140 85//140
f 116//141 115//141 88//141
f 89//142 116//142 88//142
f 117//143 116//143 89//143
f 118//144 56//144 90//144
f 119//145 117//145 91//145
f 117//146 89//146 91//146
f 118//147 120//147 56//147
f 120//148 92//148 56//148
f 65//149 119//149 91//149
f 121//150 93//150 92//150
f 122//151 121//151 92//151
f 120//152 122//152 92//152
f 123//153 124//153 65//153
f 65//154 125//154 123//154
f 95//155 66//155 65//155
f 66//156 125//156 65//156
f 93//157 126//157 94//157
f 126//158 127//158 94//158
f 127//159 128//159 94//159
f 129//160 130//160 95//160
f 130//161 131//161 95//161
f 131//162 125//162 95//162
f 125//163 66//163 95//163
f 79//164 132//164 95//164
f 132//165 129//165 95//165
f 128//166 133//166 94//166
f 133//167 134//167 94//167
f 134//168 74//168 94//168
f 135//169 132//169 79//169
f 74//170 135//170 79//170
f 136//171 45//171 46//171
f 137//172 41//172 43//172
f 53//173 137//173 43//173
f 138//174 53//174 52//174
f 49//175 58//175 60//175
f 55//176 139//176 52//176
f 139//177 138//177 52//177
f 140//178 139//178 55//178
f 141//179 62//179 61//179
f 141//180 66//180 62//180
f 142//181 96//181 64//181
f 99//182 70//182 71//182
f 143//34 30//34 29//34
f 144//183 69//183 70//183
f 99//184 144//184 70//184
f 145//185 80//185 13//185
f 81//186 15//186 7//186
f 146//187 83//187 96//187
f 140//188 55//188 90//188
f 147//189 26//189 27//189
f 73//190 29//190 10//190
f 145//191 99//191 80//191
f 83//192 148//192 81//192
f 148//193 15//193 81//193
f 149//194 148//194 83//194
f 145//195 144//195 99//195
f 150//196 69//196 144//196
f 151//197 150//197 144//197
f 145//198 151//198 144//198
f 152//199 147//199 27//199
f 78//200 152//200 27//200
f 146//201 149//201 83//201
f 42//202 84//202 44//202
f 153//203 148//203 149//203
f 87//204 51//204 53//204
f 85//205 50//205 86//205
f 146//206 153//206 149//206
f 93//207 68//207 94//207
f 154//34 143//34 29//34
f 155//208 154//208 29//208
f 73//209 155//209 29//209
f 147//210 156//210 26//210
f 12//211 151//211 13//211
f 151//212 145//212 13//212
f 136//213 84//213 42//213
f 157//214 154//214 155//214
f 156//215 111//215 26//215
f 153//216 15//216 148//216
f 58//217 158//217 59//217
f 159//218 69//218 150//218
f 151//219 159//219 150//219
f 160//220 153//220 146//220
f 142//221 146//221 96//221
f 57//222 140//222 55//222
f 15//223 161//223 34//223
f 34//224 38//224 35//224
f 142//225 64//225 66//225
f 131//226 162//226 125//226
f 162//227 123//227 125//227
f 85//228 114//228 86//228
f 152//34 163//34 147//34
f 160//229 164//229 153//229
f 164//230 15//230 153//230
f 146//231 165//231 160//231
f 165//232 164//232 160//232
f 166//233 137//233 53//233
f 138//234 166//234 53//234
f 167//235 168//235 12//235
f 142//236 169//236 146//236
f 169//237 165//237 146//237
f 69//238 170//238 68//238
f 159//239 171//239 69//239
f 40//240 73//240 16//240
f 170//241 63//241 68//241
f 44//242 84//242 136//242
f 158//243 61//243 59//243
f 169//244 172//244 165//244
f 172//245 164//245 165//245
f 17//246 77//246 97//246
f 18//247 17//247 97//247
f 168//248 151//248 12//248
f 173//249 171//249 159//249
f 168//250 173//250 159//250
f 151//251 168//251 159//251
f 74//252 82//252 76//252
f 74//253 134//253 82//253
f 17//254 28//254 77//254
f 135//255 74//255 76//255
f 107//256 31//256 97//256
f 31//257 18//257 97//257
f 174//258 111//258 156//258
f 108//259 135//259 76//259
f 134//260 110//260 82//260
f 28//261 109//261 77//261
f 134//262 107//262 110//262
f 109//263 135//263 108//263
f 134//264 31//264 107//264
f 28//265 135//265 109//265
f 37//266 33//266 23//266
f 111//267 175//267 36//267
f 156//268 147//268 36//268
f 163//269 176//269 147//269
f 168//270 171//270 173//270
f 147//271 177//271 36//271
f 177//272 156//272 36//272
f 178//273 113//273 84//273
f 134//274 78//274 31//274
f 132//275 135//275 28//275
f 30//276 132//276 28//276
f 152//277 78//277 134//277
f 163//278 152//278 134//278
f 133//279 163//279 134//279
f 73//280 39//280 155//280
f 175//281 37//281 36//281
f 143//282 132//282 30//282
f 143//283 154//283 132//283
f 176//284 177//284 147//284
f 179//285 155//285 73//285
f 40//286 179//286 73//286
f 156//287 177//287 174//287
f 128//288 163//288 133//288
f 164//230 172//230 15//230
f 172//289 180//289 15//289
f 171//290 170//290 69//290
f 181//291 182//291 168//291
f 182//292 183//292 168//292
f 183//293 171//293 168//293
f 184//294 185//294 172//294
f 185//295 180//295 172//295
f 169//296 184//296 172//296
f 142//297 186//297 169//297
f 186//298 184//298 169//298
f 154//299 129//299 132//299
f 183//300 187//300 171//300
f 44//301 136//301 46//301
f 188//302 136//302 42//302
f 41//303 188//303 42//303
f 187//304 170//304 171//304
f 188//305 189//305 136//305
f 190//306 12//306 33//306
f 191//307 38//307 34//307
f 161//308 191//308 34//308
f 37//309 190//309 33//309
f 192//310 193//310 163//310
f 193//311 176//311 163//311
f 128//312 192//312 163//312
f 127//313 194//313 128//313
f 194//314 195//314 128//314
f 195//315 192//315 128//315
f 196//316 197//316 129//316
f 197//317 198//317 129//317
f 198//318 130//318 129//318
f 154//319 196//319 129//319
f 199//320 196//320 154//320
f 157//321 199//321 154//321
f 180//322 161//322 15//322
f 137//323 200//323 41//323
f 201//324 45//324 136//324
f 201//325 202//325 45//325
f 202//326 50//326 45//326
f 203//327 51//327 47//327
f 204//328 49//328 50//328
f 203//329 205//329 51//329
f 205//330 87//330 51//330
f 138//331 206//331 166//331
f 205//332 207//332 87//332
f 207//333 54//333 87//333
f 139//334 208//334 138//334
f 49//335 209//335 58//335
f 207//336 210//336 54//336
f 210//337 90//337 54//337
f 209//338 158//338 58//338
f 211//339 208//339 139//339
f 140//340 211//340 139//340
f 209//341 212//341 158//341
f 213//342 211//342 140//342
f 158//343 214//343 61//343
f 214//344 141//344 61//344
f 63//345 215//345 57//345
f 216//346 66//346 141//346
f 214//347 216//347 141//347
f 217//348 215//348 63//348
f 170//349 218//349 63//349
f 218//350 217//350 63//350
f 216//351 186//351 66//351
f 186//352 142//352 66//352
f 181//353 168//353 167//353
f 219//354 187//354 183//354
f 182//355 219//355 183//355
f 220//355 219//355 182//355
f 181//356 220//356 182//356
f 221//357 185//357 184//357
f 195//358 194//358 219//358
f 220//359 192//359 219//359
f 192//359 195//359 219//359
f 194//360 187//360 219//360
f 221//361 184//361 197//361
f 196//359 221//359 197//359
f 181//362 192//362 220//362
f 196//363 199//363 221//363
f 199//364 185//364 221//364
f 198//365 197//365 184//365
f 174//366 175//366 111//366
f 193//367 192//367 181//367
f 222//368 155//368 179//368
f 223//369 198//369 184//369
f 186//370 223//370 184//370
f 190//306 224//306 12//306
f 194//371 170//371 187//371
f 222//372 157//372 155//372
f 39//373 179//373 40//373
f 224//374 167//374 12//374
f 39//375 38//375 222//375
f 167//376 193//376 181//376
f 225//377 185//377 199//377
f 39//378 226//378 179//378
f 127//379 227//379 194//379
f 228//380 130//380 198//380
f 229//381 176//381 193//381
f 174//382 230//382 175//382
f 231//383 179//383 226//383
f 232//384 193//384 167//384
f 225//385 180//385 185//385
f 233//386 190//386 37//386
f 175//387 234//387 37//387
f 234//388 233//388 37//388
f 235//389 236//389 38//389
f 191//390 235//390 38//390
f 236//391 226//391 39//391
f 38//392 236//392 39//392
f 237//393 177//393 176//393
f 230//394 238//394 175//394
f 225//395 161//395 180//395
f 228//396 131//396 130//396
f 239//397 199//397 157//397
f 127//398 240//398 227//398
f 241//399 194//399 227//399
f 239//400 225//400 199//400
f 242//401 228//401 198//401
f 223//402 242//402 198//402
f 241//403 170//403 194//403
f 126//404 240//404 127//404
f 218//405 170//405 241//405
f 186//406 243//406 223//406
f 240//407 244//407 227//407
f 244//408 241//408 227//408
f 157//409 245//409 239//409
f 232//410 229//410 193//410
f 237//411 174//411 177//411
f 246//412 228//412 242//412
f 247//413 176//413 229//413
f 248//414 218//414 241//414
f 216//415 243//415 186//415
f 243//416 249//416 223//416
f 167//417 250//417 232//417
f 246//418 131//418 228//418
f 251//419 225//419 239//419
f 252//420 242//420 223//420
f 253//421 229//421 232//421
f 245//422 254//422 239//422
f 255//423 248//423 241//423
f 251//424 256//424 225//424
f 244//425 257//425 241//425
f 257//426 255//426 241//426
f 254//427 258//427 239//427
f 258//428 251//428 239//428
f 245//429 242//429 254//429
f 242//430 258//430 254//430
f 244//431 253//431 257//431
f 253//118 255//118 257//118
f 240//432 229//432 244//432
f 229//433 253//433 244//433
f 258//431 242//431 252//431
f 223//434 259//434 252//434
f 259//122 251//122 252//122
f 251//122 258//122 252//122
f 232//435 255//435 253//435
f 240//436 247//436 229//436
f 245//437 246//437 242//437
f 222//438 260//438 157//438
f 260//439 245//439 157//439
f 249//440 259//440 223//440
f 232//441 250//441 255//441
f 250//442 248//442 255//442
f 256//443 251//443 259//443
f 249//444 256//444 259//444
f 224//445 250//445 167//445
f 256//446 161//446 225//446
f 231//447 222//447 179//447
f 247//448 237//448 176//448
f 240//449 126//449 247//449
f 126//450 261//450 247//450
f 261//451 262//451 247//451
f 262//34 263//34 247//34
f 263//452 237//452 247//452
f 264//453 246//453 245//453
f 265//454 266//454 245//454
f 266//455 264//455 245//455
f 260//456 265//456 245//456
f 264//457 131//457 246//457
f 267//458 261//458 126//458
f 268//459 269//459 265//459
f 269//460 266//460 265//460
f 260//461 270//461 265//461
f 270//34 268//34 265//34
f 248//462 271//462 218//462
f 237//463 272//463 174//463
f 272//464 230//464 174//464
f 273//465 274//465 188//465
f 274//466 189//466 188//466
f 261//467 275//467 262//467
f 275//34 263//34 262//34
f 243//468 276//468 249//468
f 276//469 256//469 249//469
f 266//470 277//470 264//470
f 250//471 278//471 248//471
f 278//472 279//472 248//472
f 280//473 278//473 250//473
f 224//474 280//474 250//474
f 276//475 281//475 256//475
f 282//476 161//476 256//476
f 281//477 282//477 256//477
f 283//478 269//478 268//478
f 270//34 283//34 268//34
f 231//479 260//479 222//479
f 260//480 236//480 222//480
f 261//481 284//481 275//481
f 284//482 285//482 275//482
f 285//34 263//34 275//34
f 269//483 277//483 266//483
f 284//484 286//484 285//484
f 287//485 288//485 285//485
f 286//486 287//486 285//486
f 288//487 289//487 285//487
f 289//488 290//488 285//488
f 290//34 263//34 285//34
f 291//489 292//489 283//489
f 292//490 293//490 283//490
f 293//491 294//491 283//491
f 289//492 291//492 283//492
f 294//493 269//493 283//493
f 270//34 295//34 283//34
f 295//494 289//494 283//494
f 231//495 296//495 260//495
f 294//496 297//496 269//496
f 297//497 277//497 269//497
f 263//498 272//498 237//498
f 296//499 270//499 260//499
f 282//500 191//500 161//500
f 294//501 298//501 297//501
f 293//502 298//502 294//502
f 299//503 286//503 284//503
f 238//504 234//504 175//504
f 299//505 298//505 293//505
f 300//133 287//133 286//133
f 299//506 300//506 286//506
f 301//131 302//131 293//131
f 292//131 301//131 293//131
f 302//507 303//507 293//507
f 300//133 304//133 287//133
f 304//508 288//508 287//508
f 280//509 279//509 278//509
f 291//510 301//510 292//510
f 305//511 300//511 299//511
f 306//512 301//512 291//512
f 303//513 299//513 293//513
f 267//514 248//514 279//514
f 307//515 308//515 303//515
f 309//516 279//516 280//516
f 224//517 309//517 280//517
f 295//518 310//518 289//518
f 288//519 291//519 289//519
f 303//520 305//520 299//520
f 303//521 308//521 305//521
f 311//522 309//522 224//522
f 288//523 306//523 291//523
f 310//524 290//524 289//524
f 267//525 271//525 248//525
f 243//526 312//526 276//526
f 312//527 281//527 276//527
f 309//528 313//528 279//528
f 311//529 314//529 309//529
f 314//530 313//530 309//530
f 312//531 315//531 281//531
f 243//532 316//532 312//532
f 267//533 279//533 313//533
f 233//534 317//534 190//534
f 317//535 224//535 190//535
f 318//536 235//536 191//536
f 234//537 317//537 233//537
f 319//538 226//538 236//538
f 319//539 231//539 226//539
f 320//540 321//540 311//540
f 321//541 314//541 311//541
f 224//522 320//522 311//522
f 315//542 322//542 281//542
f 322//543 282//543 281//543
f 319//544 296//544 231//544
f 282//545 318//545 191//545
f 323//546 320//546 224//546
f 316//547 315//547 312//547
f 296//548 324//548 270//548
f 263//549 325//549 272//549
f 298//550 315//550 316//550
f 314//551 267//551 313//551
f 326//552 314//552 321//552
f 320//553 326//553 321//553
f 267//554 299//554 284//554
f 298//555 322//555 315//555
f 327//556 314//556 326//556
f 320//557 327//557 326//557
f 306//558 328//558 320//558
f 328//559 329//559 320//559
f 329//560 327//560 320//560
f 330//561 306//561 320//561
f 323//562 330//562 320//562
f 307//563 331//563 322//563
f 298//564 307//564 322//564
f 331//565 306//565 322//565
f 267//566 308//566 299//566
f 332//567 324//567 319//567
f 236//568 332//568 319//568
f 238//569 333//569 325//569
f 314//570 308//570 267//570
f 327//571 308//571 314//571
f 329//572 328//572 300//572
f 328//573 304//573 300//573
f 327//574 329//574 300//574
f 306//575 331//575 301//575
f 331//576 307//576 301//576
f 307//577 302//577 301//577
f 307//578 303//578 302//578
f 328//579 288//579 304//579
f 238//580 230//580 333//580
f 328//581 306//581 288//581
f 305//582 327//582 300//582
f 308//583 298//583 299//583
f 308//584 307//584 298//584
f 334//585 272//585 325//585
f 295//586 270//586 324//586
f 41//587 200//587 188//587
f 200//588 273//588 188//588
f 201//589 136//589 189//589
f 84//590 112//590 178//590
f 203//591 47//591 113//591
f 202//592 204//592 50//592
f 166//593 206//593 137//593
f 206//594 200//594 137//594
f 114//595 112//595 48//595
f 138//596 208//596 206//596
f 115//597 114//597 85//597
f 204//598 209//598 49//598
f 214//599 158//599 212//599
f 210//600 118//600 90//600
f 119//601 116//601 117//601
f 57//602 213//602 140//602
f 215//603 213//603 57//603
f 335//604 122//604 120//604
f 335//605 121//605 122//605
f 124//606 119//606 65//606
f 121//607 267//607 93//607
f 162//608 124//608 123//608
f 267//609 126//609 93//609
f 131//610 124//610 162//610
f 271//611 217//611 218//611
f 277//612 124//612 131//612
f 264//613 277//613 131//613
f 216//614 316//614 243//614
f 267//615 284//615 261//615
f 308//616 327//616 305//616
f 306//617 330//617 322//617
f 330//618 282//618 322//618
f 330//619 323//619 282//619
f 202//620 209//620 204//620
f 215//621 211//621 213//621
f 120//622 121//622 335//622
f 115//623 209//623 114//623
f 116//624 209//624 115//624
f 124//625 214//625 119//625
f 263//626 334//626 325//626
f 296//627 295//627 324//627
f 334//628 333//628 272//628
f 333//629 230//629 272//629
f 274//630 201//630 189//630
f 274//631 202//631 201//631
f 211//632 206//632 208//632
f 119//633 212//633 209//633
f 119//634 214//634 212//634
f 120//635 215//635 217//635
f 271//636 120//636 217//636
f 214//637 124//637 216//637
f 124//638 316//638 216//638
f 274//639 113//639 178//639
f 205//640 203//640 113//640
f 274//641 205//641 113//641
f 207//642 118//642 210//642
f 211//643 120//643 118//643
f 207//644 211//644 118//644
f 211//645 215//645 120//645
f 120//646 267//646 121//646
f 120//647 271//647 267//647
f 112//648 274//648 178//648
f 114//649 274//649 112//649
f 119//650 209//650 116//650
f 316//651 124//651 277//651
f 297//652 316//652 277//652
f 297//653 298//653 316//653
f 200//654 274//654 273//654
f 205//655 274//655 200//655
f 206//656 205//656 200//656
f 114//657 202//657 274//657
f 114//658 209//658 202//658
f 207//659 205//659 206//659
f 211//660 207//660 206//660
f 324//661 336//661 319//661
f 238//662 333//662 234//662
f 333//663 317//663 234//663
f 332//664 236//664 235//664
f 318//665 332//665 235//665
f 290//666 334//666 263//666
f 337//667 295//667 296//667
f 319//668 336//668 296//668
f 336//669 337//669 296//669
f 338//670 318//670 282//670
f 332//671 336//671 324//671
f 323//672 338//672 282//672
f 339//673 323//673 224//673
f 317//674 339//674 224//674
f 318//675 336//675 332//675
f 340//676 338//676 323//676
f 341//677 333//677 334//677
f 339//678 340//678 323//678
f 337//679 310//679 295//679
f 336//680 342//680 337//680
f 341//681 339//681 317//681
f 333//682 341//682 317//682
f 338//683 336//683 318//683
f 290//684 343//684 334//684
f 343//685 341//685 334//685
f 343//686 310//686 337//686
f 342//687 343//687 337//687
f 290//688 310//688 343//688
f 344//689 341//689 343//689
f 342//690 344//690 343//690
f 340//691 344//691 310//691
f 342//692 340//692 310//692
f 344//693 345//693 310//693
f 345//694 342//694 310//694
f 338//695 342//695 336//695
f 340//696 342//696 338//696
f 344//697 339//697 341//697
f 345//698 344//698 342//698
f 344//699 340//699 339//699
f 346//700 347//700 348//700
f 349//701 346//701 348//701
f 350//702 351//702 348//702
f 347//703 350//703 348//703
f 349//704 352//704 346//704
f 350//705 353//705 351//705
f 351//706 354//706 348//706
f 348//707 355//707 349//707
f 355//708 352//708 349//708
f 356//709 354//709 351//709
f 357//710 356//710 351//710
f 353//711 357//711 351//711
f 358//712 352//712 355//712
f 359//431 360//431 348//431
f 360//431 355//431 348//431
f 354//431 359//431 348//431
f 361//713 362//713 357//713
f 353//714 361//714 357//714
f 363//715 356//715 357//715
f 362//716 363//716 357//716
f 364//717 358//717 355//717
f 365//718 364//718 355//718
f 355//719 360//719 365//719
f 366//431 354//431 356//431
f 367//720 365//720 360//720
f 359//431 367//431 360//431
f 362//721 368//721 363//721
f 369//722 359//722 354//722
f 370//723 369//723 354//723
f 366//724 370//724 354//724
f 368//725 356//725 363//725
f 371//726 372//726 359//726
f 369//727 371//727 359//727
f 372//431 367//431 359//431
f 368//728 373//728 356//728
f 374//729 366//729 356//729
f 367//730 375//730 365//730
f 375//731 364//731 365//731
f 376//732 370//732 366//732
f 372//733 376//733 366//733
f 371//734 376//734 372//734
f 374//735 377//735 366//735
f 377//431 372//431 366//431
f 378//736 374//736 356//736
f 373//737 378//737 356//737
f 367//738 379//738 375//738
f 380//739 367//739 372//739
f 377//740 380//740 372//740
f 378//741 377//741 374//741
f 378//742 381//742 377//742
f 382//743 379//743 367//743
f 378//744 383//744 377//744
f 383//745 384//745 377//745
f 384//709 385//709 377//709
f 385//746 380//746 377//746
f 380//747 382//747 367//747
f 386//748 382//748 380//748
f 383//749 387//749 384//749
f 385//750 386//750 380//750
f 387//751 385//751 384//751
f 387//752 386//752 385//752
f 350//753 361//753 353//753
f 379//754 364//754 375//754
f 346//755 352//755 347//755
f 352//756 350//756 347//756
f 364//757 352//757 358//757
f 373//758 368//758 362//758
f 378//759 386//759 383//759
f 386//760 387//760 383//760
f 386//761 379//761 382//761
f 352//359 369//359 350//359
f 369//359 361//359 350//359
f 364//359 369//359 352//359
f 370//359 362//359 361//359
f 369//359 370//359 361//359
f 370//359 373//359 362//359
f 371//359 369//359 364//359
f 364//762 379//762 371//762
f 378//359 373//359 370//359
f 379//762 376//762 371//762
f 376//359 386//359 370//359
f 386//359 378//359 370//359
f 379//763 386//763 376//763
f 388//431 389//431 390//431
f 391//431 388//431 390//431
f 389//764 392//764 390//764
f 392//765 393//765 390//765
f 393//765 391//765 390//765
f 394//431 395//431 389//431
f 388//431 394//431 389//431
f 395//766 396//766 389//766
f 396//767 397//767 389//767
f 397//764 392//764 389//764
f 398//431 388//431 391//431
f 399//431 398//431 391//431
f 393//768 400//768 391//768
f 400//768 399//768 391//768
f 394//431 401//431 395//431
f 401//769 396//769 395//769
f 402//431 398//431 399//431
f 400//770 403//770 399//770
f 403//770 402//770 399//770
f 394//431 404//431 401//431
f 405//771 396//771 401//771
f 404//772 405//772 401//772
f 406//431 398//431 402//431
f 403//773 407//773 402//773
f 407//773 406//773 402//773
f 394//431 408//431 404//431
f 409//772 405//772 404//772
f 408//774 409//774 404//774
f 410//431 398//431 406//431
f 407//775 411//775 406//775
f 411//775 410//775 406//775
f 394//431 412//431 408//431
f 413//774 409//774 408//774
f 412//776 413//776 408//776
f 414//431 398//431 410//431
f 411//777 415//777 410//777
f 415//777 414//777 410//777
f 394//431 416//431 412//431
f 416//431 417//431 412//431
f 418//776 413//776 412//776
f 417//778 418//778 412//778
f 419//431 398//431 414//431
f 420//431 419//431 414//431
f 415//779 421//779 414//779
f 421//780 420//780 414//780
f 416//431 422//431 417//431
f 423//778 418//778 417//778
f 422//781 423//781 417//781
f 424//431 419//431 420//431
f 421//782 424//782 420//782
f 425//783 394//783 388//783
f 426//784 425//784 388//784
f 398//785 426//785 388//785
f 427//786 426//786 398//786
f 425//787 428//787 394//787
f 416//431 429//431 422//431
f 430//781 423//781 422//781
f 429//788 430//788 422//788
f 419//789 427//789 398//789
f 428//790 416//790 394//790
f 431//431 419//431 424//431
f 432//431 431//431 424//431
f 421//791 433//791 424//791
f 433//792 434//792 424//792
f 434//792 432//792 424//792
f 435//793 427//793 419//793
f 431//794 435//794 419//794
f 436//431 429//431 416//431
f 437//795 436//795 416//795
f 428//796 437//796 416//796
f 432//431 438//431 431//431
f 439//431 440//431 436//431
f 440//431 441//431 436//431
f 441//431 429//431 436//431
f 437//797 439//797 436//797
f 442//431 443//431 431//431
f 438//431 444//431 431//431
f 444//431 442//431 431//431
f 445//798 435//798 431//798
f 443//799 445//799 431//799
f 446//431 447//431 439//431
f 447//431 440//431 439//431
f 437//800 448//800 439//800
f 449//788 430//788 429//788
f 441//801 449//801 429//801
f 434//802 450//802 432//802
f 450//802 438//802 432//802
f 442//431 451//431 443//431
f 451//431 452//431 443//431
f 452//431 453//431 443//431
f 454//803 445//803 443//803
f 453//803 454//803 443//803
f 455//431 456//431 439//431
f 456//431 457//431 439//431
f 457//431 446//431 439//431
f 448//804 455//804 439//804
f 452//431 458//431 453//431
f 458//431 459//431 453//431
f 459//431 455//431 453//431
f 460//805 454//805 453//805
f 455//805 460//805 453//805
f 461//431 456//431 455//431
f 459//431 462//431 455//431
f 462//431 461//431 455//431
f 448//806 460//806 455//806
f 463//807 449//807 441//807
f 440//808 463//808 441//808
f 450//809 464//809 438//809
f 464//809 444//809 438//809
f 447//810 465//810 440//810
f 465//808 463//808 440//808
f 464//811 466//811 444//811
f 466//811 442//811 444//811
f 446//812 467//812 447//812
f 467//810 465//810 447//810
f 466//813 468//813 442//813
f 468//813 451//813 442//813
f 457//814 469//814 446//814
f 469//812 467//812 446//812
f 468//815 470//815 451//815
f 470//815 452//815 451//815
f 456//816 471//816 457//816
f 471//814 469//814 457//814
f 470//817 472//817 452//817
f 472//817 458//817 452//817
f 461//818 473//818 456//818
f 473//816 471//816 456//816
f 472//819 474//819 458//819
f 474//819 459//819 458//819
f 462//820 475//820 461//820
f 475//818 473//818 461//818
f 474//821 476//821 459//821
f 476//821 462//821 459//821
f 476//820 475//820 462//820
f 477//822 397//822 396//822
f 405//359 478//359 396//359
f 478//823 477//823 396//823
f 409//359 428//359 405//359
f 428//359 478//359 405//359
f 413//359 428//359 409//359
f 418//359 428//359 413//359
f 423//359 428//359 418//359
f 479//824 477//824 478//824
f 428//359 425//359 480//359
f 478//359 428//359 480//359
f 479//825 478//825 480//825
f 481//826 479//826 480//826
f 425//359 426//359 480//359
f 437//359 428//359 423//359
f 430//359 437//359 423//359
f 427//359 482//359 480//359
f 426//359 427//359 480//359
f 483//827 481//827 480//827
f 482//828 483//828 480//828
f 484//829 433//829 421//829
f 485//830 484//830 421//830
f 434//359 433//359 484//359
f 482//359 434//359 484//359
f 485//831 483//831 484//831
f 483//832 482//832 484//832
f 449//359 437//359 430//359
f 427//359 435//359 482//359
f 435//359 464//359 482//359
f 450//359 434//359 482//359
f 464//359 450//359 482//359
f 449//359 463//359 437//359
f 463//359 465//359 437//359
f 465//359 448//359 437//359
f 445//359 466//359 435//359
f 466//359 464//359 435//359
f 465//359 467//359 448//359
f 467//359 469//359 448//359
f 454//359 470//359 445//359
f 470//359 468//359 445//359
f 468//359 466//359 445//359
f 473//359 460//359 448//359
f 469//359 471//359 448//359
f 471//359 473//359 448//359
f 460//359 474//359 454//359
f 474//359 472//359 454//359
f 472//359 470//359 454//359
f 473//359 475//359 460//359
f 475//359 476//359 460//359
f 476//359 474//359 460//359
f 486//359 393//359 392//359
f 397//359 486//359 392//359
f 477//359 486//359 397//359
f 486//359 400//359 393//359
f 486//359 403//359 400//359
f 479//359 487//359 477//359
f 487//359 486//359 477//359
f 486//359 487//359 403//359
f 487//359 407//359 403//359
f 488//833 487//833 486//833
f 487//359 411//359 407//359
f 415//359 411//359 487//359
f 479//359 481//359 487//359
f 485//834 421//834 487//834
f 421//762 415//762 487//762
f 483//359 485//359 487//359
f 481//359 483//359 487//359
f 489//835 490//835 491//835
f 490//836 492//836 491//836
f 493//431 492//431 490//431
f 494//837 489//837 491//837
f 495//838 494//838 491//838
f 492//839 495//839 491//839
f 489//840 496//840 490//840
f 496//841 497//841 490//841
f 498//842 494//842 495//842
f 497//843 493//843 490//843
f 496//844 420//844 497//844
f 499//845 498//845 495//845
f 492//846 499//846 495//846
f 500//847 498//847 499//847
f 420//848 501//848 497//848
f 501//846 493//846 497//846
f 502//849 500//849 499//849
f 503//850 502//850 499//850
f 492//431 503//431 499//431
f 493//851 504//851 492//851
f 504//852 505//852 492//852
f 419//853 504//853 493//853
f 420//854 506//854 501//854
f 507//855 419//855 493//855
f 508//431 503//431 492//431
f 505//856 508//856 492//856
f 509//431 503//431 508//431
f 505//857 436//857 508//857
f 506//858 510//858 501//858
f 501//740 511//740 493//740
f 509//859 441//859 503//859
f 441//860 502//860 503//860
f 512//861 509//861 508//861
f 511//431 508//431 493//431
f 453//862 507//862 493//862
f 508//863 453//863 493//863
f 513//864 512//864 508//864
f 511//865 513//865 508//865
f 436//866 453//866 508//866
f 510//867 511//867 501//867
f 512//868 514//868 509//868
f 514//869 441//869 509//869
f 510//870 515//870 511//870
f 516//871 513//871 511//871
f 513//872 517//872 512//872
f 517//873 514//873 512//873
f 516//874 517//874 513//874
f 515//875 516//875 511//875
f 420//876 510//876 506//876
f 494//877 504//877 489//877
f 505//359 504//359 494//359
f 504//877 496//877 489//877
f 498//878 505//878 494//878
f 504//879 420//879 496//879
f 500//880 505//880 498//880
f 504//359 419//359 420//359
f 502//881 505//881 500//881
f 419//359 507//359 420//359
f 507//359 510//359 420//359
f 441//882 505//882 502//882
f 441//359 436//359 505//359
f 441//883 514//883 436//883
f 515//884 510//884 507//884
f 453//359 516//359 507//359
f 516//885 515//885 507//885
f 514//763 517//763 436//763
f 436//359 517//359 453//359
f 517//359 516//359 453//359
f 518//886 519//886 520//886
f 521//887 522//887 523//887
f 524//888 525//888 526//888
f 521//889 527//889 522//889
f 528//890 521//890 522//890
f 518//891 529//891 519//891
f 529//892 530//892 519//892
f 531//893 527//893 521//893
f 528//894 531//894 521//894
f 532//895 533//895 526//895
f 533//890 534//890 526//890
f 534//890 525//890 526//890
f 535//896 536//896 537//896
f 538//897 535//897 537//897
f 536//898 538//898 537//898
f 539//899 532//899 525//899
f 534//900 539//900 525//900
f 525//901 532//901 526//901
f 530//902 518//902 519//902
f 531//903 522//903 527//903
f 529//904 540//904 530//904
f 540//905 518//905 530//905
f 539//906 533//906 532//906
f 541//907 542//907 543//907
f 544//908 545//908 543//908
f 545//909 541//909 543//909
f 546//910 547//910 548//910
f 549//911 546//911 548//911
f 550//912 547//912 546//912
f 551//913 552//913 545//913
f 544//914 551//914 545//914
f 549//915 550//915 546//915
f 553//916 554//916 555//916
f 556//917 557//917 545//917
f 557//918 558//918 545//918
f 552//919 556//919 545//919
f 558//359 541//359 545//359
f 559//920 542//920 541//920
f 560//921 559//921 541//921
f 558//359 560//359 541//359
f 561//922 562//922 553//922
f 540//923 529//923 553//923
f 529//924 554//924 553//924
f 563//925 540//925 553//925
f 562//926 563//926 553//926
f 564//927 565//927 558//927
f 565//928 566//928 558//928
f 566//929 567//929 558//929
f 557//930 568//930 558//930
f 568//931 564//931 558//931
f 567//359 560//359 558//359
f 569//932 563//932 562//932
f 561//933 570//933 562//933
f 570//934 571//934 562//934
f 571//935 569//935 562//935
f 572//936 559//936 560//936
f 573//937 572//937 560//937
f 567//938 573//938 560//938
f 574//939 575//939 567//939
f 566//940 576//940 567//940
f 576//941 574//941 567//941
f 577//942 578//942 570//942
f 578//943 571//943 570//943
f 578//944 579//944 571//944
f 579//945 580//945 571//945
f 581//946 582//946 567//946
f 583//947 581//947 567//947
f 575//948 583//948 567//948
f 582//949 573//949 567//949
f 584//950 578//950 577//950
f 585//951 586//951 578//951
f 586//952 579//952 578//952
f 587//953 578//953 584//953
f 588//954 585//954 578//954
f 587//955 588//955 578//955
f 589//956 590//956 582//956
f 591//957 592//957 582//957
f 590//958 591//958 582//958
f 581//959 589//959 582//959
f 593//960 573//960 582//960
f 592//961 593//961 582//961
f 594//962 595//962 587//962
f 595//963 588//963 587//963
f 584//964 596//964 587//964
f 591//965 597//965 592//965
f 597//966 598//966 592//966
f 599//967 596//967 584//967
f 592//968 600//968 593//968
f 555//969 550//969 601//969
f 542//970 602//970 603//970
f 543//971 542//971 603//971
f 604//972 605//972 606//972
f 605//973 548//973 606//973
f 605//974 549//974 548//974
f 559//359 607//359 542//359
f 607//975 602//975 542//975
f 601//976 550//976 549//976
f 547//977 601//977 549//977
f 601//978 553//978 555//978
f 608//979 609//979 601//979
f 609//980 553//980 601//980
f 609//981 561//981 553//981
f 572//359 607//359 559//359
f 610//982 557//982 556//982
f 611//983 610//983 556//983
f 612//984 610//984 611//984
f 556//985 552//985 611//985
f 552//986 612//986 611//986
f 613//987 602//987 607//987
f 614//988 568//988 557//988
f 610//20 614//20 557//20
f 609//989 615//989 561//989
f 616//990 615//990 609//990
f 617//991 616//991 609//991
f 618//992 564//992 568//992
f 619//993 618//993 568//993
f 620//994 618//994 619//994
f 540//995 563//995 621//995
f 563//996 622//996 621//996
f 620//997 623//997 618//997
f 623//998 564//998 618//998
f 563//999 624//999 622//999
f 625//1000 624//1000 563//1000
f 569//1001 625//1001 563//1001
f 626//1002 613//1002 607//1002
f 572//359 626//359 607//359
f 627//1003 566//1003 565//1003
f 628//1004 627//1004 565//1004
f 565//1005 629//1005 628//1005
f 625//1006 569//1006 630//1006
f 569//1007 631//1007 630//1007
f 632//1008 576//1008 566//1008
f 627//1009 632//1009 566//1009
f 569//1010 633//1010 631//1010
f 615//1011 570//1011 561//1011
f 634//1012 569//1012 571//1012
f 635//1013 636//1013 626//1013
f 636//1014 613//1014 626//1014
f 572//359 635//359 626//359
f 573//1015 635//1015 572//1015
f 637//1016 574//1016 576//1016
f 638//1017 637//1017 576//1017
f 639//1018 637//1018 638//1018
f 576//985 640//985 638//985
f 640//1005 639//1005 638//1005
f 641//1019 642//1019 643//1019
f 634//985 571//985 643//985
f 642//1005 634//1005 643//1005
f 571//1020 580//1020 643//1020
f 580//1021 641//1021 643//1021
f 644//1022 575//1022 574//1022
f 637//34 644//34 574//34
f 580//34 645//34 641//34
f 646//1023 577//1023 570//1023
f 615//1024 646//1024 570//1024
f 647//1025 646//1025 615//1025
f 616//1026 647//1026 615//1026
f 593//1027 648//1027 573//1027
f 648//1028 635//1028 573//1028
f 649//1029 583//1029 575//1029
f 650//1030 649//1030 575//1030
f 651//1031 649//1031 650//1031
f 652//1032 651//1032 650//1032
f 575//1005 652//1005 650//1005
f 653//1033 654//1033 655//1033
f 654//1005 656//1005 655//1005
f 656//1005 579//1005 655//1005
f 579//1034 586//1034 655//1034
f 586//1035 653//1035 655//1035
f 648//1036 636//1036 635//1036
f 657//1037 581//1037 583//1037
f 658//1038 657//1038 583//1038
f 649//34 658//34 583//34
f 651//34 658//34 649//34
f 586//20 659//20 653//20
f 659//34 660//34 653//34
f 660//1039 654//1039 653//1039
f 647//1040 577//1040 646//1040
f 661//1041 636//1041 648//1041
f 647//1042 662//1042 577//1042
f 657//1005 663//1005 581//1005
f 664//359 589//359 581//359
f 663//359 664//359 581//359
f 657//985 665//985 663//985
f 665//1005 666//1005 663//1005
f 667//1043 664//1043 663//1043
f 666//1044 667//1044 663//1044
f 668//1045 585//1045 669//1045
f 585//1046 588//1046 669//1046
f 588//1047 670//1047 669//1047
f 671//1048 590//1048 589//1048
f 664//34 671//34 589//34
f 667//34 671//34 664//34
f 672//1049 669//1049 670//1049
f 588//1009 673//1009 670//1009
f 673//34 674//34 670//34
f 674//34 672//34 670//34
f 662//1050 584//1050 577//1050
f 595//1051 673//1051 588//1051
f 590//1052 675//1052 591//1052
f 675//1053 676//1053 591//1053
f 677//1054 676//1054 675//1054
f 590//986 677//986 675//986
f 594//1055 678//1055 679//1055
f 680//1056 595//1056 679//1056
f 678//1057 681//1057 679//1057
f 681//1058 680//1058 679//1058
f 595//1059 594//1059 679//1059
f 682//1060 597//1060 591//1060
f 676//1061 682//1061 591//1061
f 587//1062 683//1062 594//1062
f 684//1063 683//1063 587//1063
f 662//1064 599//1064 584//1064
f 685//1065 686//1065 597//1065
f 686//1066 687//1066 597//1066
f 687//1067 598//1067 597//1067
f 688//1068 689//1068 685//1068
f 597//1069 688//1069 685//1069
f 690//1070 686//1070 685//1070
f 689//1071 690//1071 685//1071
f 691//1072 692//1072 693//1072
f 587//1073 691//1073 693//1073
f 684//1074 587//1074 693//1074
f 596//1075 691//1075 587//1075
f 687//1076 694//1076 598//1076
f 695//1077 694//1077 687//1077
f 696//1078 695//1078 687//1078
f 697//1079 696//1079 687//1079
f 686//34 697//34 687//34
f 690//34 697//34 686//34
f 596//1080 698//1080 691//1080
f 593//1081 600//1081 648//1081
f 696//34 699//34 695//34
f 699//34 694//34 695//34
f 661//1082 648//1082 600//1082
f 680//1083 673//1083 595//1083
f 700//1084 592//1084 598//1084
f 608//1085 617//1085 609//1085
f 694//1086 699//1086 598//1086
f 699//1087 701//1087 598//1087
f 701//1088 700//1088 598//1088
f 596//1089 702//1089 698//1089
f 585//1090 659//1090 586//1090
f 668//1091 659//1091 585//1091
f 623//1092 565//1092 564//1092
f 640//1093 576//1093 632//1093
f 623//1094 629//1094 565//1094
f 703//1095 575//1095 644//1095
f 700//1096 600//1096 592//1096
f 634//1097 633//1097 569//1097
f 704//1098 705//1098 706//1098
f 684//1099 707//1099 708//1099
f 683//1100 684//1100 708//1100
f 707//1101 709//1101 708//1101
f 688//1102 705//1102 704//1102
f 705//1103 710//1103 706//1103
f 580//1104 538//1104 645//1104
f 711//1105 599//1105 662//1105
f 658//1106 665//1106 657//1106
f 712//1107 616//1107 617//1107
f 656//1108 580//1108 579//1108
f 682//1109 688//1109 597//1109
f 656//1110 538//1110 580//1110
f 552//1111 713//1111 612//1111
f 714//1112 715//1112 554//1112
f 715//1113 716//1113 554//1113
f 717//1114 614//1114 610//1114
f 718//1115 620//1115 619//1115
f 719//1116 720//1116 619//1116
f 720//1117 721//1117 619//1117
f 721//1117 718//1117 619//1117
f 568//1118 719//1118 619//1118
f 622//1119 722//1119 621//1119
f 722//1120 540//1120 621//1120
f 723//1121 623//1121 620//1121
f 724//1122 627//1122 628//1122
f 725//1123 724//1123 628//1123
f 629//985 726//985 628//985
f 726//1005 725//1005 628//1005
f 727//1069 625//1069 630//1069
f 724//34 728//34 627//34
f 728//1124 632//1124 627//1124
f 729//1125 637//1125 639//1125
f 640//986 730//986 639//986
f 731//1005 634//1005 642//1005
f 729//34 732//34 637//34
f 732//1009 644//1009 637//1009
f 645//34 733//34 641//34
f 575//985 734//985 652//985
f 734//1126 735//1126 652//1126
f 736//1005 656//1005 654//1005
f 737//34 658//34 651//34
f 659//20 738//20 660//20
f 716//1127 555//1127 554//1127
f 739//1128 683//1128 708//1128
f 709//1129 739//1129 708//1129
f 740//1130 688//1130 704//1130
f 705//1131 741//1131 710//1131
f 719//1132 568//1132 614//1132
f 680//1133 674//1133 673//1133
f 681//1134 674//1134 680//1134
f 706//1135 742//1135 743//1135
f 613//1136 744//1136 602//1136
f 719//1137 522//1137 531//1137
f 528//1138 719//1138 531//1138
f 703//1139 533//1139 539//1139
f 536//1140 645//1140 538//1140
f 534//1141 703//1141 539//1141
f 538//1142 536//1142 535//1142
f 745//1143 688//1143 682//1143
f 676//34 745//34 682//34
f 746//1144 676//1144 677//1144
f 746//34 745//34 676//34
f 683//1145 747//1145 594//1145
f 747//1146 748//1146 594//1146
f 748//1147 678//1147 594//1147
f 688//1148 740//1148 689//1148
f 749//1149 684//1149 693//1149
f 750//1150 693//1150 692//1150
f 691//34 750//34 692//34
f 747//1151 683//1151 739//1151
f 751//1152 747//1152 739//1152
f 684//1153 749//1153 707//1153
f 749//1154 709//1154 707//1154
f 752//1155 740//1155 704//1155
f 614//1156 522//1156 719//1156
f 712//1157 647//1157 616//1157
f 644//1158 533//1158 703//1158
f 753//1159 744//1159 613//1159
f 636//1160 753//1160 613//1160
f 742//1161 661//1161 600//1161
f 703//1162 734//1162 575//1162
f 528//1163 522//1163 614//1163
f 719//1164 528//1164 614//1164
f 644//1165 534//1165 533//1165
f 656//1166 645//1166 536//1166
f 656//1167 736//1167 645//1167
f 536//1168 538//1168 656//1168
f 734//1169 703//1169 644//1169
f 703//1170 534//1170 644//1170
f 754//1171 603//1171 602//1171
f 710//1172 755//1172 706//1172
f 756//1173 636//1173 661//1173
f 529//1174 714//1174 554//1174
f 756//1175 753//1175 636//1175
f 741//1176 755//1176 710//1176
f 757//1177 714//1177 529//1177
f 712//1178 758//1178 647//1178
f 759//1179 696//1179 697//1179
f 698//1180 760//1180 691//1180
f 760//34 750//34 691//34
f 759//34 761//34 696//34
f 761//34 699//34 696//34
f 702//34 762//34 698//34
f 762//1181 760//1181 698//1181
f 717//1182 719//1182 614//1182
f 668//1183 738//1183 659//1183
f 755//1184 704//1184 706//1184
f 709//1185 763//1185 711//1185
f 744//1186 754//1186 602//1186
f 518//1187 540//1187 529//1187
f 540//1188 757//1188 529//1188
f 764//1189 608//1189 601//1189
f 765//1190 706//1190 743//1190
f 755//1191 752//1191 704//1191
f 765//1192 742//1192 706//1192
f 758//1193 662//1193 647//1193
f 547//1194 764//1194 601//1194
f 758//1195 766//1195 662//1195
f 617//1196 767//1196 712//1196
f 766//1197 711//1197 662//1197
f 766//1198 763//1198 711//1198
f 745//1199 705//1199 688//1199
f 763//1200 599//1200 711//1200
f 763//1201 768//1201 599//1201
f 720//1202 719//1202 717//1202
f 634//1203 731//1203 633//1203
f 741//1204 745//1204 755//1204
f 709//1205 751//1205 739//1205
f 741//1206 705//1206 745//1206
f 769//1207 610//1207 612//1207
f 769//1208 717//1208 610//1208
f 769//1209 715//1209 714//1209
f 757//1210 540//1210 722//1210
f 770//1211 771//1211 622//1211
f 624//1212 770//1212 622//1212
f 771//1213 722//1213 622//1213
f 726//985 772//985 725//985
f 631//1214 773//1214 630//1214
f 773//1215 727//1215 630//1215
f 774//1216 728//1216 724//1216
f 633//1217 775//1217 631//1217
f 775//34 776//34 631//34
f 776//1218 773//1218 631//1218
f 730//1005 777//1005 639//1005
f 778//1005 731//1005 642//1005
f 779//34 732//34 729//34
f 733//34 780//34 641//34
f 780//1219 642//1219 641//1219
f 735//1005 781//1005 652//1005
f 782//1005 736//1005 654//1005
f 783//34 737//34 651//34
f 738//1124 784//1124 660//1124
f 665//1005 785//1005 666//1005
f 786//1005 787//1005 669//1005
f 787//1005 668//1005 669//1005
f 672//1220 786//1220 669//1220
f 788//34 671//34 667//34
f 674//34 789//34 672//34
f 732//1221 734//1221 644//1221
f 544//1222 790//1222 551//1222
f 745//1223 740//1223 755//1223
f 749//1224 751//1224 709//1224
f 699//1225 761//1225 701//1225
f 791//1226 702//1226 596//1226
f 792//34 762//34 702//34
f 791//1227 792//1227 702//1227
f 740//1228 752//1228 755//1228
f 793//1229 744//1229 753//1229
f 743//1230 742//1230 600//1230
f 625//1231 727//1231 624//1231
f 727//1232 770//1232 624//1232
f 742//1233 756//1233 661//1233
f 756//1234 793//1234 753//1234
f 764//1235 794//1235 608//1235
f 794//1236 617//1236 608//1236
f 795//1237 767//1237 617//1237
f 794//1238 795//1238 617//1238
f 796//1239 746//1239 677//1239
f 797//1005 796//1005 677//1005
f 590//1240 797//1240 677//1240
f 798//34 745//34 746//34
f 799//1005 800//1005 689//1005
f 740//1241 799//1241 689//1241
f 800//1242 690//1242 689//1242
f 801//1005 802//1005 693//1005
f 802//1243 749//1243 693//1243
f 750//1244 801//1244 693//1244
f 726//1245 629//1245 623//1245
f 737//1246 665//1246 658//1246
f 713//1247 552//1247 551//1247
f 803//1248 754//1248 744//1248
f 715//1249 769//1249 612//1249
f 713//1250 715//1250 612//1250
f 721//1069 804//1069 718//1069
f 805//34 723//34 620//34
f 806//1251 724//1251 725//1251
f 807//1252 806//1252 725//1252
f 772//1117 808//1117 725//1117
f 808//1005 807//1005 725//1005
f 806//34 809//34 724//34
f 809//34 774//34 724//34
f 775//1253 810//1253 776//1253
f 811//1254 729//1254 639//1254
f 777//1005 811//1005 639//1005
f 780//1255 811//1255 642//1255
f 811//1005 812//1005 642//1005
f 812//1005 778//1005 642//1005
f 813//34 779//34 729//34
f 733//34 814//34 780//34
f 784//1124 815//1124 660//1124
f 785//1005 816//1005 666//1005
f 817//1256 667//1256 666//1256
f 818//1005 787//1005 786//1005
f 817//34 819//34 667//34
f 819//1124 788//1124 667//1124
f 817//1257 786//1257 672//1257
f 820//34 817//34 672//34
f 789//34 820//34 672//34
f 821//1258 599//1258 768//1258
f 700//1259 743//1259 600//1259
f 822//1260 712//1260 767//1260
f 823//1261 555//1261 716//1261
f 824//1262 823//1262 716//1262
f 825//1263 713//1263 551//1263
f 765//1264 826//1264 742//1264
f 826//1265 756//1265 742//1265
f 791//1266 596//1266 599//1266
f 756//1267 827//1267 793//1267
f 736//1268 733//1268 645//1268
f 826//1269 827//1269 756//1269
f 547//1270 823//1270 764//1270
f 802//1271 751//1271 749//1271
f 778//1272 775//1272 633//1272
f 731//1273 778//1273 633//1273
f 768//1274 763//1274 766//1274
f 758//1275 768//1275 766//1275
f 771//1276 620//1276 718//1276
f 771//1277 718//1277 722//1277
f 718//985 804//985 722//985
f 804//1278 757//1278 722//1278
f 771//34 805//34 620//34
f 770//1279 828//1279 771//1279
f 776//1280 806//1280 807//1280
f 776//1281 807//1281 773//1281
f 807//985 829//985 773//985
f 829//1215 727//1215 773//1215
f 776//34 830//34 806//34
f 830//34 809//34 806//34
f 810//1124 830//1124 776//1124
f 777//1005 831//1005 811//1005
f 831//1005 812//1005 811//1005
f 814//34 813//34 780//34
f 813//34 729//34 780//34
f 729//1282 811//1282 780//1282
f 654//1283 651//1283 652//1283
f 781//1005 832//1005 652//1005
f 832//1005 654//1005 652//1005
f 832//1005 782//1005 654//1005
f 833//1124 783//1124 651//1124
f 815//34 651//34 660//34
f 651//1284 654//1284 660//1284
f 816//1005 786//1005 666//1005
f 786//1285 817//1285 666//1285
f 834//34 819//34 817//34
f 820//34 834//34 817//34
f 715//1286 824//1286 716//1286
f 790//1287 825//1287 551//1287
f 835//1288 795//1288 794//1288
f 793//1289 803//1289 744//1289
f 803//1290 836//1290 754//1290
f 798//1291 740//1291 745//1291
f 671//1292 797//1292 590//1292
f 804//1293 769//1293 714//1293
f 757//1294 804//1294 714//1294
f 822//1295 758//1295 712//1295
f 837//1296 794//1296 764//1296
f 802//1297 747//1297 751//1297
f 790//1298 838//1298 825//1298
f 828//1299 805//1299 771//1299
f 808//1057 829//1057 807//1057
f 815//20 833//20 651//20
f 816//1005 818//1005 786//1005
f 839//1300 840//1300 803//1300
f 840//1301 836//1301 803//1301
f 838//1302 824//1302 825//1302
f 838//1303 823//1303 824//1303
f 790//1304 544//1304 543//1304
f 603//1305 790//1305 543//1305
f 824//1306 715//1306 825//1306
f 715//1307 713//1307 825//1307
f 728//1308 640//1308 632//1308
f 769//1309 721//1309 717//1309
f 839//1310 803//1310 793//1310
f 604//1311 547//1311 605//1311
f 547//1312 549//1312 605//1312
f 841//1313 764//1313 823//1313
f 754//1314 790//1314 603//1314
f 841//1315 838//1315 836//1315
f 838//1316 754//1316 836//1316
f 838//1317 790//1317 754//1317
f 795//1318 822//1318 767//1318
f 842//1319 826//1319 700//1319
f 826//1320 743//1320 700//1320
f 826//1321 765//1321 743//1321
f 840//1322 843//1322 836//1322
f 721//1323 720//1323 717//1323
f 827//1324 839//1324 793//1324
f 804//1325 721//1325 769//1325
f 836//1326 843//1326 841//1326
f 841//1327 837//1327 764//1327
f 844//1328 768//1328 758//1328
f 761//1329 845//1329 701//1329
f 845//1330 700//1330 701//1330
f 797//1069 846//1069 796//1069
f 847//1057 681//1057 678//1057
f 848//34 798//34 746//34
f 849//1331 690//1331 800//1331
f 849//34 850//34 690//34
f 850//34 697//34 690//34
f 838//1332 841//1332 823//1332
f 606//1333 548//1333 604//1333
f 548//1334 547//1334 604//1334
f 555//1335 547//1335 550//1335
f 555//1336 823//1336 547//1336
f 723//1337 726//1337 623//1337
f 788//1338 797//1338 671//1338
f 821//1339 791//1339 599//1339
f 839//1340 851//1340 840//1340
f 736//1341 782//1341 733//1341
f 727//1342 828//1342 770//1342
f 728//1343 730//1343 640//1343
f 772//1344 726//1344 723//1344
f 805//1345 772//1345 723//1345
f 808//1346 772//1346 805//1346
f 852//1347 835//1347 794//1347
f 732//1348 735//1348 734//1348
f 853//1349 839//1349 827//1349
f 798//1350 799//1350 740//1350
f 828//1351 808//1351 805//1351
f 840//1352 854//1352 843//1352
f 822//1353 844//1353 758//1353
f 843//1354 855//1354 841//1354
f 842//1355 856//1355 826//1355
f 856//1356 827//1356 826//1356
f 853//1357 851//1357 839//1357
f 727//1358 829//1358 828//1358
f 837//1359 852//1359 794//1359
f 774//1360 730//1360 728//1360
f 841//1361 855//1361 837//1361
f 844//1362 821//1362 768//1362
f 846//1117 857//1117 796//1117
f 748//1363 858//1363 678//1363
f 858//1005 847//1005 678//1005
f 859//34 848//34 746//34
f 747//1279 860//1279 748//1279
f 860//20 861//20 748//20
f 861//1364 858//1364 748//1364
f 862//1005 802//1005 801//1005
f 863//34 850//34 849//34
f 760//1365 864//1365 750//1365
f 854//1366 855//1366 843//1366
f 681//1367 789//1367 674//1367
f 865//1368 759//1368 697//1368
f 850//1369 865//1369 697//1369
f 762//1370 864//1370 760//1370
f 865//34 866//34 759//34
f 866//34 761//34 759//34
f 792//1371 864//1371 762//1371
f 867//1372 854//1372 840//1372
f 851//1373 867//1373 840//1373
f 778//1374 810//1374 775//1374
f 868//1375 852//1375 837//1375
f 829//1376 808//1376 828//1376
f 821//1377 869//1377 791//1377
f 778//1378 812//1378 810//1378
f 870//1379 842//1379 700//1379
f 777//1380 730//1380 774//1380
f 871//1381 822//1381 795//1381
f 835//1382 871//1382 795//1382
f 845//1383 870//1383 700//1383
f 779//1384 735//1384 732//1384
f 848//1385 799//1385 798//1385
f 853//1386 867//1386 851//1386
f 788//1387 846//1387 797//1387
f 782//1388 814//1388 733//1388
f 856//1389 853//1389 827//1389
f 872//1390 868//1390 837//1390
f 855//1391 872//1391 837//1391
f 787//1392 738//1392 668//1392
f 761//1393 866//1393 845//1393
f 866//1394 873//1394 845//1394
f 869//1395 792//1395 791//1395
f 874//1396 864//1396 792//1396
f 869//1397 874//1397 792//1397
f 871//1398 844//1398 822//1398
f 809//1399 777//1399 774//1399
f 810//1400 812//1400 830//1400
f 867//1401 875//1401 854//1401
f 861//1402 746//1402 796//1402
f 876//1117 847//1117 858//1117
f 861//34 859//34 746//34
f 877//1005 801//1005 800//1005
f 799//1005 877//1005 800//1005
f 801//1403 849//1403 800//1403
f 849//1404 801//1404 750//1404
f 864//1405 878//1405 750//1405
f 878//34 849//34 750//34
f 781//1406 735//1406 779//1406
f 853//1407 879//1407 867//1407
f 812//1408 831//1408 830//1408
f 831//1409 777//1409 809//1409
f 830//1410 831//1410 809//1410
f 787//1411 784//1411 738//1411
f 785//1412 665//1412 737//1412
f 875//1413 855//1413 854//1413
f 856//1414 879//1414 853//1414
f 861//1415 796//1415 858//1415
f 796//985 876//985 858//985
f 860//20 859//20 861//20
f 878//34 863//34 849//34
f 783//1416 785//1416 737//1416
f 879//1417 875//1417 867//1417
f 857//1057 876//1057 796//1057
f 877//1005 862//1005 801//1005
f 880//1418 871//1418 835//1418
f 852//1419 880//1419 835//1419
f 881//1420 844//1420 871//1420
f 845//1421 873//1421 870//1421
f 882//1422 865//1422 850//1422
f 863//1423 882//1423 850//1423
f 882//34 883//34 865//34
f 883//34 866//34 865//34
f 874//1424 878//1424 864//1424
f 875//1425 872//1425 855//1425
f 813//1426 781//1426 779//1426
f 681//1427 847//1427 789//1427
f 787//1428 815//1428 784//1428
f 832//1429 813//1429 814//1429
f 866//1430 883//1430 873//1430
f 869//1431 884//1431 874//1431
f 832//1432 781//1432 813//1432
f 879//1433 885//1433 875//1433
f 886//1434 881//1434 871//1434
f 880//1435 886//1435 871//1435
f 868//1436 880//1436 852//1436
f 782//1437 832//1437 814//1437
f 887//1438 870//1438 873//1438
f 888//1439 844//1439 881//1439
f 885//1440 872//1440 875//1440
f 889//1441 880//1441 868//1441
f 818//1442 815//1442 787//1442
f 888//1443 821//1443 844//1443
f 847//1444 820//1444 789//1444
f 885//1445 889//1445 872//1445
f 872//1446 889//1446 868//1446
f 890//1447 886//1447 880//1447
f 802//1448 860//1448 747//1448
f 862//1449 860//1449 802//1449
f 870//1450 856//1450 842//1450
f 870//1451 891//1451 856//1451
f 819//1452 846//1452 788//1452
f 816//1453 785//1453 783//1453
f 819//1454 857//1454 846//1454
f 883//1455 892//1455 873//1455
f 892//1456 893//1456 873//1456
f 894//1457 884//1457 869//1457
f 895//1458 894//1458 869//1458
f 833//1459 816//1459 783//1459
f 859//1460 799//1460 848//1460
f 877//1461 799//1461 859//1461
f 821//1462 895//1462 869//1462
f 893//1463 887//1463 873//1463
f 884//1464 882//1464 863//1464
f 878//1465 884//1465 863//1465
f 884//1466 892//1466 882//1466
f 892//1467 883//1467 882//1467
f 884//1468 878//1468 874//1468
f 856//1469 885//1469 879//1469
f 896//1470 881//1470 886//1470
f 890//1471 896//1471 886//1471
f 891//1472 885//1472 856//1472
f 889//1473 890//1473 880//1473
f 847//1474 834//1474 820//1474
f 818//1475 833//1475 815//1475
f 888//1476 895//1476 821//1476
f 876//1477 834//1477 847//1477
f 818//1478 816//1478 833//1478
f 894//1479 893//1479 892//1479
f 895//1480 893//1480 894//1480
f 894//1481 892//1481 884//1481
f 881//1482 896//1482 888//1482
f 885//1483 897//1483 889//1483
f 857//1484 819//1484 834//1484
f 876//1485 857//1485 834//1485
f 897//1486 890//1486 889//1486
f 898//1487 888//1487 896//1487
f 888//1488 893//1488 895//1488
f 860//1489 877//1489 859//1489
f 891//1490 897//1490 885//1490
f 877//1491 860//1491 862//1491
f 893//1492 888//1492 887//1492
f 898//1493 887//1493 888//1493
f 897//1494 896//1494 890//1494
f 887//1495 891//1495 870//1495
f 887//1496 897//1496 891//1496
f 898//1497 897//1497 887//1497
f 897//1498 898//1498 896//1498
f 899//1499 900//1499 901//1499
f 900//1500 902//1500 901//1500
f 902//1501 903//1501 901//1501
f 900//1502 904//1502 902//1502
f 902//1503 905//1503 903//1503
f 903//1504 906//1504 901//1504
f 907//1505 904//1505 900//1505
f 899//1506 908//1506 900//1506
f 908//1507 907//1507 900//1507
f 909//1508 910//1508 911//1508
f 909//1509 912//1509 910//1509
f 912//1005 913//1005 910//1005
f 903//1510 914//1510 906//1510
f 904//1511 905//1511 902//1511
f 915//34 909//34 911//34
f 916//34 915//34 911//34
f 905//1512 917//1512 903//1512
f 901//1513 908//1513 899//1513
f 918//1514 914//1514 903//1514
f 919//1515 920//1515 921//1515
f 922//1516 907//1516 908//1516
f 923//1517 919//1517 921//1517
f 924//1126 923//1126 921//1126
f 914//1518 925//1518 926//1518
f 927//34 928//34 926//34
f 925//1519 927//1519 926//1519
f 929//34 920//34 919//34
f 930//34 929//34 919//34
f 931//1240 924//1240 921//1240
f 932//1005 933//1005 934//1005
f 933//1005 935//1005 934//1005
f 936//1520 914//1520 926//1520
f 928//34 936//34 926//34
f 914//1521 918//1521 925//1521
f 937//1522 927//1522 925//1522
f 909//1523 938//1523 912//1523
f 939//1005 913//1005 912//1005
f 915//34 938//34 909//34
f 922//1524 940//1524 907//1524
f 917//1525 918//1525 903//1525
f 941//1526 942//1526 934//1526
f 942//1527 943//1527 934//1527
f 935//986 941//986 934//986
f 944//1528 905//1528 904//1528
f 920//1529 931//1529 921//1529
f 945//1530 946//1530 907//1530
f 946//1531 904//1531 907//1531
f 914//1532 947//1532 906//1532
f 934//1533 948//1533 932//1533
f 949//1534 924//1534 931//1534
f 950//1535 918//1535 917//1535
f 943//1536 948//1536 934//1536
f 927//1537 951//1537 928//1537
f 944//1538 952//1538 905//1538
f 953//1539 922//1539 908//1539
f 946//1540 954//1540 904//1540
f 940//1541 945//1541 907//1541
f 955//1542 911//1542 910//1542
f 956//1543 953//1543 908//1543
f 901//1544 956//1544 908//1544
f 936//1545 947//1545 914//1545
f 905//1546 950//1546 917//1546
f 955//34 916//34 911//34
f 957//34 958//34 951//34
f 959//1547 928//1547 951//1547
f 958//1548 959//1548 951//1548
f 927//1549 960//1549 951//1549
f 961//34 957//34 951//34
f 960//34 961//34 951//34
f 959//34 936//34 928//34
f 937//1550 960//1550 927//1550
f 962//1005 933//1005 932//1005
f 963//34 964//34 943//34
f 965//1551 947//1551 936//1551
f 959//34 965//34 936//34
f 918//1552 966//1552 925//1552
f 966//1553 937//1553 925//1553
f 952//1554 950//1554 905//1554
f 967//1555 968//1555 969//1555
f 970//1005 971//1005 969//1005
f 972//1005 973//1005 969//1005
f 974//1005 975//1005 969//1005
f 973//1005 974//1005 969//1005
f 968//1005 972//1005 969//1005
f 975//1005 976//1005 969//1005
f 976//1005 970//1005 969//1005
f 977//1556 978//1556 971//1556
f 978//1557 969//1557 971//1557
f 964//34 948//34 943//34
f 979//1558 944//1558 904//1558
f 954//1559 979//1559 904//1559
f 980//1240 949//1240 931//1240
f 981//1560 922//1560 953//1560
f 982//1561 919//1561 923//1561
f 948//1562 983//1562 932//1562
f 942//1563 963//1563 943//1563
f 984//1564 912//1564 938//1564
f 915//34 985//34 938//34
f 984//1005 939//1005 912//1005
f 978//1565 986//1565 969//1565
f 987//1566 988//1566 971//1566
f 988//1567 977//1567 971//1567
f 970//1005 987//1005 971//1005
f 989//1568 952//1568 944//1568
f 982//34 930//34 919//34
f 924//1005 990//1005 923//1005
f 947//1569 901//1569 906//1569
f 991//1570 955//1570 910//1570
f 913//1005 991//1005 910//1005
f 947//1571 956//1571 901//1571
f 983//1572 962//1572 932//1572
f 964//1009 983//1009 948//1009
f 992//1573 959//1573 958//1573
f 937//1574 993//1574 960//1574
f 993//34 961//34 960//34
f 992//34 965//34 959//34
f 994//1575 981//1575 953//1575
f 941//1576 995//1576 942//1576
f 996//1577 940//1577 922//1577
f 986//1578 997//1578 969//1578
f 997//1579 967//1579 969//1579
f 998//1580 995//1580 941//1580
f 935//1005 998//1005 941//1005
f 965//1581 999//1581 947//1581
f 979//1582 989//1582 944//1582
f 995//1217 963//1217 942//1217
f 940//1583 1000//1583 945//1583
f 913//1005 1001//1005 991//1005
f 1002//1584 984//1584 938//1584
f 985//34 1002//34 938//34
f 1003//1585 931//1585 920//1585
f 929//34 1003//34 920//34
f 1004//1005 933//1005 962//1005
f 1005//1009 1006//1009 978//1009
f 1006//1586 986//1586 978//1586
f 977//34 1007//34 978//34
f 1007//34 1008//34 978//34
f 1008//34 1009//34 978//34
f 1009//34 1010//34 978//34
f 1010//34 1005//34 978//34
f 1011//34 1007//34 977//34
f 988//34 1011//34 977//34
f 956//1587 1012//1587 953//1587
f 1012//1588 994//1588 953//1588
f 1013//1589 918//1589 950//1589
f 1014//1590 982//1590 923//1590
f 1015//1591 937//1591 966//1591
f 1016//1005 1017//1005 1018//1005
f 981//1592 996//1592 922//1592
f 1003//1593 1019//1593 931//1593
f 1020//1594 1000//1594 940//1594
f 1021//1595 989//1595 979//1595
f 1018//1596 1022//1596 1016//1596
f 1017//1005 1023//1005 1018//1005
f 1022//1597 1024//1597 1016//1597
f 1025//1598 995//1598 998//1598
f 1019//1599 980//1599 931//1599
f 996//1600 1020//1600 940//1600
f 1026//1601 988//1601 987//1601
f 1027//1602 1028//1602 1018//1602
f 1023//1599 1027//1599 1018//1599
f 945//1603 1029//1603 946//1603
f 1000//1604 1029//1604 945//1604
f 1030//1605 996//1605 981//1605
f 1029//1606 954//1606 946//1606
f 957//34 1031//34 958//34
f 1015//1607 993//1607 937//1607
f 1006//1608 997//1608 986//1608
f 1032//1609 955//1609 991//1609
f 1033//1610 1034//1610 962//1610
f 1034//1005 1004//1005 962//1005
f 990//1058 1014//1058 923//1058
f 1024//1611 1035//1611 1016//1611
f 1035//1005 1036//1005 1016//1005
f 1036//1005 1017//1005 1016//1005
f 1032//1612 916//1612 955//1612
f 1037//1613 981//1613 994//1613
f 1028//1614 1022//1614 1018//1614
f 952//1615 1038//1615 950//1615
f 1039//1616 989//1616 1021//1616
f 983//1617 1033//1617 962//1617
f 989//1618 1038//1618 952//1618
f 947//1619 1012//1619 956//1619
f 1026//1620 1011//1620 988//1620
f 916//1621 924//1621 915//1621
f 1025//34 963//34 995//34
f 1024//1622 1040//1622 1035//1622
f 1041//1623 979//1623 954//1623
f 1029//1624 1041//1624 954//1624
f 1013//1625 966//1625 918//1625
f 964//1009 1033//1009 983//1009
f 1014//1626 1042//1626 982//1626
f 1042//34 930//34 982//34
f 949//1627 915//1627 924//1627
f 939//1628 957//1628 913//1628
f 961//1629 913//1629 957//1629
f 1043//34 1044//34 1022//34
f 1028//1620 1043//1620 1022//1620
f 1044//34 1024//34 1022//34
f 1039//1630 1038//1630 989//1630
f 1045//1631 1046//1631 1047//1631
f 1046//1632 1048//1632 1047//1632
f 1049//1633 1037//1633 994//1633
f 1012//1634 1049//1634 994//1634
f 1050//1635 1028//1635 1027//1635
f 1051//1240 1048//1240 1046//1240
f 1045//1636 1052//1636 1046//1636
f 1053//1637 916//1637 1032//1637
f 1040//1638 1054//1638 1035//1638
f 1054//1117 1036//1117 1035//1117
f 1055//1639 999//1639 965//1639
f 992//34 1055//34 965//34
f 966//1640 1013//1640 1015//1640
f 1013//1641 1056//1641 1015//1641
f 1056//1642 1057//1642 1015//1642
f 1037//1643 1058//1643 981//1643
f 1058//1644 1030//1644 981//1644
f 1038//1645 1059//1645 950//1645
f 999//1646 1012//1646 947//1646
f 1044//1620 1040//1620 1024//1620
f 1003//1647 1060//1647 1019//1647
f 1060//1005 980//1005 1019//1005
f 985//1648 915//1648 949//1648
f 980//1649 985//1649 949//1649
f 916//1650 990//1650 924//1650
f 1031//1651 957//1651 939//1651
f 961//1652 1001//1652 913//1652
f 1041//1653 1021//1653 979//1653
f 1030//1654 1020//1654 996//1654
f 1052//1655 1061//1655 1046//1655
f 1002//1656 1062//1656 984//1656
f 1063//1005 939//1005 984//1005
f 1062//1657 1063//1657 984//1657
f 1006//1658 967//1658 997//1658
f 1064//1659 1054//1659 1040//1659
f 1031//34 1065//34 958//34
f 1066//1660 992//1660 958//1660
f 1065//1661 1066//1661 958//1661
f 1015//1662 1067//1662 993//1662
f 1068//34 961//34 993//34
f 1067//34 1068//34 993//34
f 1066//34 1055//34 992//34
f 1057//1663 1067//1663 1015//1663
f 1069//1664 1032//1664 991//1664
f 1001//1665 1069//1665 991//1665
f 1029//1666 1070//1666 1041//1666
f 1059//1667 1013//1667 950//1667
f 1049//1668 1071//1668 1037//1668
f 987//1669 1072//1669 1026//1669
f 1073//1670 1020//1670 1030//1670
f 1074//1671 1039//1671 1021//1671
f 1075//1672 1045//1672 1047//1672
f 1044//1673 1064//1673 1040//1673
f 1076//1674 1070//1674 1029//1674
f 1077//1675 1032//1675 1069//1675
f 1078//1240 1051//1240 1046//1240
f 1079//359 1080//359 1081//359
f 1082//359 1079//359 1081//359
f 1083//1676 1082//1676 1081//1676
f 1080//359 1084//359 1081//359
f 1085//1677 1083//1677 1081//1677
f 1084//1678 1085//1678 1081//1678
f 1086//359 1079//359 1082//359
f 1087//359 1086//359 1082//359
f 1088//1679 1087//1679 1082//1679
f 1083//1680 1088//1680 1082//1680
f 1079//34 1089//34 1080//34
f 1089//1681 1090//1681 1080//1681
f 1090//1682 1084//1682 1080//1682
f 1086//1683 1091//1683 1079//1683
f 1091//1684 1089//1684 1079//1684
f 1090//1685 1092//1685 1084//1685
f 1092//1686 1093//1686 1084//1686
f 1094//1687 1091//1687 1086//1687
f 1093//1688 1085//1688 1084//1688
f 1090//1689 1095//1689 1092//1689
f 1096//1690 1094//1690 1086//1690
f 1087//359 1096//359 1086//359
f 1097//1691 1096//1691 1087//1691
f 1088//1692 1097//1692 1087//1692
f 1095//1693 1098//1693 1092//1693
f 1099//1694 1100//1694 1096//1694
f 1100//1695 1094//1695 1096//1695
f 1097//1696 1099//1696 1096//1696
f 1101//1697 1093//1697 1092//1697
f 1098//1698 1101//1698 1092//1698
f 1095//1699 1102//1699 1098//1699
f 1102//1700 1103//1700 1098//1700
f 1103//1701 1104//1701 1098//1701
f 1105//1702 1106//1702 1099//1702
f 1106//1703 1100//1703 1099//1703
f 1104//1704 1101//1704 1098//1704
f 1097//1705 1105//1705 1099//1705
f 1102//1706 1107//1706 1103//1706
f 1097//1707 1108//1707 1105//1707
f 1103//1708 1109//1708 1104//1708
f 1107//1709 1110//1709 1103//1709
f 1110//359 1109//359 1103//359
f 1108//1710 1111//1710 1105//1710
f 1111//1711 1106//1711 1105//1711
f 1110//359 1112//359 1109//359
f 1112//1712 1113//1712 1109//1712
f 1113//1713 1104//1713 1109//1713
f 1114//1714 1108//1714 1115//1714
f 1107//1715 1116//1715 1110//1715
f 1116//1716 1117//1716 1110//1716
f 1117//359 1112//359 1110//359
f 1114//1717 1118//1717 1108//1717
f 1118//1718 1111//1718 1108//1718
f 1117//762 1119//762 1112//762
f 1119//1719 1120//1719 1112//1719
f 1120//1720 1113//1720 1112//1720
f 1115//1721 1121//1721 1114//1721
f 1121//1722 1122//1722 1114//1722
f 1116//1716 1123//1716 1117//1716
f 1123//1723 1124//1723 1117//1723
f 1124//1724 1119//1724 1117//1724
f 1122//1725 1125//1725 1114//1725
f 1125//1726 1118//1726 1114//1726
f 1121//1727 1126//1727 1122//1727
f 1123//1728 1127//1728 1124//1728
f 1126//1729 1128//1729 1122//1729
f 1128//1730 1125//1730 1122//1730
f 1124//1731 1129//1731 1119//1731
f 1129//1732 1120//1732 1119//1732
f 1121//1733 1130//1733 1126//1733
f 1127//1734 1129//1734 1124//1734
f 1130//1735 1128//1735 1126//1735
f 1127//1736 1131//1736 1129//1736
f 1131//1737 1130//1737 1129//1737
f 1131//1738 1128//1738 1130//1738
f 1132//1739 1120//1739 1129//1739
f 1130//1740 1132//1740 1129//1740
f 1121//1741 1132//1741 1130//1741
f 1071//1742 1058//1742 1037//1742
f 1133//1743 1000//1743 1020//1743
f 1050//20 1043//20 1028//20
f 1134//1744 1042//1744 1014//1744
f 990//1126 1134//1126 1014//1126
f 1135//1745 1060//1745 1003//1745
f 929//34 1135//34 1003//34
f 970//1746 1072//1746 987//1746
f 964//34 1136//34 1033//34
f 1046//1747 1061//1747 1078//1747
f 1137//1563 1052//1563 1045//1563
f 1006//1748 968//1748 967//1748
f 1138//1749 1137//1749 1045//1749
f 1058//1750 1139//1750 1030//1750
f 1139//1751 1073//1751 1030//1751
f 1140//1752 1133//1752 1020//1752
f 1141//1534 1142//1534 1143//1534
f 1144//1753 1145//1753 1143//1753
f 1142//1754 1144//1754 1143//1754
f 1146//1755 1075//1755 1047//1755
f 1048//1756 1146//1756 1047//1756
f 1000//1757 1076//1757 1029//1757
f 1147//1758 1148//1758 1143//1758
f 1149//1759 1141//1759 1143//1759
f 1148//1005 1150//1005 1143//1005
f 1150//1126 1149//1126 1143//1126
f 1151//1760 1062//1760 1002//1760
f 985//1761 1151//1761 1002//1761
f 1048//1005 1152//1005 1146//1005
f 1153//1762 1147//1762 1143//1762
f 1137//1763 1061//1763 1052//1763
f 1075//1764 1138//1764 1045//1764
f 1053//1765 990//1765 916//1765
f 1063//1766 1031//1766 939//1766
f 1068//1767 1001//1767 961//1767
f 1154//1768 1059//1768 1038//1768
f 1155//1769 1154//1769 1038//1769
f 1073//1770 1140//1770 1020//1770
f 1133//1771 1076//1771 1000//1771
f 1156//1772 1049//1772 1012//1772
f 1157//1773 1156//1773 1012//1773
f 1158//1774 1159//1774 1049//1774
f 1159//1775 1071//1775 1049//1775
f 1160//1776 1074//1776 1021//1776
f 1041//1777 1160//1777 1021//1777
f 1156//1778 1158//1778 1049//1778
f 1161//1779 1155//1779 1038//1779
f 1162//1780 1058//1780 1071//1780
f 1157//1781 1163//1781 1156//1781
f 1039//1782 1161//1782 1038//1782
f 1070//1783 1160//1783 1041//1783
f 1164//1784 1165//1784 1085//1784
f 1085//1785 1165//1785 1083//1785
f 1166//1786 1088//1786 1083//1786
f 1088//1787 1166//1787 1167//1787
f 1093//1788 1164//1788 1085//1788
f 1101//1789 1168//1789 1093//1789
f 1167//1790 1097//1790 1088//1790
f 1169//1791 1097//1791 1167//1791
f 1104//1792 1170//1792 1101//1792
f 1170//1793 1168//1793 1101//1793
f 1170//1794 1104//1794 1113//1794
f 1171//1795 1108//1795 1097//1795
f 1171//1796 1115//1796 1108//1796
f 1171//1797 1172//1797 1115//1797
f 1120//1798 1173//1798 1113//1798
f 1172//1799 1174//1799 1115//1799
f 1174//1800 1121//1800 1115//1800
f 1175//1801 1121//1801 1174//1801
f 1175//1802 1132//1802 1121//1802
f 1132//1803 1076//1803 1120//1803
f 1097//1804 1169//1804 1171//1804
f 1083//1805 1176//1805 1166//1805
f 1093//1806 1177//1806 1164//1806
f 1170//1807 1178//1807 1168//1807
f 1179//1808 1172//1808 1171//1808
f 1168//1809 1177//1809 1093//1809
f 1132//1810 1070//1810 1076//1810
f 1180//1811 1176//1811 1083//1811
f 1181//1812 1167//1812 1166//1812
f 1182//1813 1026//1813 1072//1813
f 1165//1814 1180//1814 1083//1814
f 1145//1815 1153//1815 1143//1815
f 1183//1816 1062//1816 1151//1816
f 1133//1817 1120//1817 1076//1817
f 1162//1818 1184//1818 1058//1818
f 1184//1819 1139//1819 1058//1819
f 1178//1820 1185//1820 1168//1820
f 1186//1821 1050//1821 1027//1821
f 1023//1599 1186//1599 1027//1599
f 1187//34 963//34 1025//34
f 1173//1822 1133//1822 1140//1822
f 1074//1823 1161//1823 1039//1823
f 1188//1824 1166//1824 1176//1824
f 1188//1825 1189//1825 1166//1825
f 1167//1826 1190//1826 1169//1826
f 1191//1827 1192//1827 1172//1827
f 1192//1828 1174//1828 1172//1828
f 1133//1829 1173//1829 1120//1829
f 1175//1830 1070//1830 1132//1830
f 1193//1831 1194//1831 1153//1831
f 1195//34 1193//34 1153//34
f 1139//1832 1196//1832 1073//1832
f 1182//1124 1011//1124 1026//1124
f 1197//1833 1113//1833 1173//1833
f 1164//1834 1198//1834 1165//1834
f 1198//1835 1199//1835 1165//1835
f 1180//1836 1188//1836 1176//1836
f 1177//1837 1200//1837 1164//1837
f 1200//1838 1198//1838 1164//1838
f 1201//1839 1189//1839 1188//1839
f 1201//1840 1166//1840 1189//1840
f 1202//1841 1181//1841 1166//1841
f 1201//1842 1202//1842 1166//1842
f 1202//1843 1203//1843 1181//1843
f 1168//1844 1204//1844 1177//1844
f 1204//1845 1200//1845 1177//1845
f 1203//1846 1167//1846 1181//1846
f 1203//1847 1205//1847 1167//1847
f 1205//1848 1190//1848 1167//1848
f 1185//1849 1204//1849 1168//1849
f 1178//1850 1206//1850 1185//1850
f 1190//1851 1207//1851 1169//1851
f 1170//1852 1206//1852 1178//1852
f 1208//1853 1206//1853 1170//1853
f 1207//1854 1171//1854 1169//1854
f 1207//1855 1209//1855 1171//1855
f 1209//1856 1179//1856 1171//1856
f 1210//1857 1211//1857 1179//1857
f 1209//1858 1210//1858 1179//1858
f 1211//1859 1172//1859 1179//1859
f 1211//1860 1212//1860 1172//1860
f 1212//1861 1191//1861 1172//1861
f 1213//1862 1192//1862 1191//1862
f 1213//1863 1174//1863 1192//1863
f 1214//1864 1215//1864 1174//1864
f 1213//1865 1214//1865 1174//1865
f 1214//1866 1216//1866 1215//1866
f 1175//1867 1174//1867 1215//1867
f 1217//1868 1131//1868 1145//1868
f 1218//1869 1013//1869 1059//1869
f 1219//1870 1220//1870 1055//1870
f 1220//1871 999//1871 1055//1871
f 1066//1872 1219//1872 1055//1872
f 1013//1873 1221//1873 1056//1873
f 1217//1874 1145//1874 1144//1874
f 999//1875 1157//1875 1012//1875
f 1222//1876 1050//1876 1186//1876
f 1223//1877 1066//1877 1065//1877
f 1223//1878 1219//1878 1066//1878
f 1153//1879 1194//1879 1147//1879
f 1224//1880 1025//1880 998//1880
f 935//1005 1224//1005 998//1005
f 1225//34 1043//34 1050//34
f 1128//1881 1131//1881 1217//1881
f 1226//1882 1227//1882 1228//1882
f 1089//1883 1226//1883 1228//1883
f 1090//1884 1089//1884 1228//1884
f 1227//1885 1229//1885 1228//1885
f 1229//1886 1230//1886 1228//1886
f 1230//1887 1090//1887 1228//1887
f 1231//1888 1232//1888 1226//1888
f 1232//1889 1233//1889 1226//1889
f 1233//1890 1227//1890 1226//1890
f 1089//431 1231//431 1226//431
f 1091//431 1231//431 1089//431
f 1229//1891 1234//1891 1230//1891
f 1234//1892 1235//1892 1230//1892
f 1095//431 1090//431 1230//431
f 1235//431 1095//431 1230//431
f 1236//1893 1237//1893 1231//1893
f 1237//1894 1232//1894 1231//1894
f 1091//431 1236//431 1231//431
f 1094//431 1236//431 1091//431
f 1234//1895 1238//1895 1235//1895
f 1238//1896 1239//1896 1235//1896
f 1239//431 1095//431 1235//431
f 1240//1897 1241//1897 1236//1897
f 1241//1898 1237//1898 1236//1898
f 1094//431 1240//431 1236//431
f 1238//1899 1242//1899 1239//1899
f 1242//1900 1243//1900 1239//1900
f 1102//431 1095//431 1239//431
f 1243//431 1102//431 1239//431
f 1244//1901 1245//1901 1240//1901
f 1245//1902 1241//1902 1240//1902
f 1094//431 1244//431 1240//431
f 1100//431 1244//431 1094//431
f 1243//431 1107//431 1102//431
f 1106//431 1246//431 1100//431
f 1246//431 1244//431 1100//431
f 1242//1903 1247//1903 1243//1903
f 1247//1904 1248//1904 1243//1904
f 1248//431 1107//431 1243//431
f 1246//1905 1249//1905 1244//1905
f 1249//1906 1245//1906 1244//1906
f 1250//431 1246//431 1106//431
f 1247//1907 1251//1907 1248//1907
f 1250//1908 1252//1908 1246//1908
f 1252//1909 1249//1909 1246//1909
f 1251//1910 1253//1910 1248//1910
f 1253//431 1107//431 1248//431
f 1254//1911 1255//1911 1253//1911
f 1255//1912 1256//1912 1253//1912
f 1256//1913 1257//1913 1253//1913
f 1251//1914 1254//1914 1253//1914
f 1116//431 1107//431 1253//431
f 1257//1915 1116//1915 1253//1915
f 1258//1916 1252//1916 1250//1916
f 1259//1917 1258//1917 1250//1917
f 1106//431 1259//431 1250//431
f 1111//431 1259//431 1106//431
f 1123//1918 1116//1918 1257//1918
f 1260//1919 1123//1919 1257//1919
f 1261//1920 1258//1920 1259//1920
f 1262//1920 1261//1920 1259//1920
f 1111//431 1262//431 1259//431
f 1118//431 1262//431 1111//431
f 1260//1921 1127//1921 1123//1921
f 1125//1922 1263//1922 1118//1922
f 1263//431 1262//431 1118//431
f 1264//1923 1261//1923 1262//1923
f 1263//1924 1264//1924 1262//1924
f 1265//1925 1264//1925 1263//1925
f 1125//1926 1265//1926 1263//1926
f 1260//1927 1266//1927 1145//1927
f 1266//1928 1267//1928 1145//1928
f 1141//1929 1137//1929 1142//1929
f 1138//1930 1142//1930 1137//1930
f 1044//1931 1043//1931 1048//1931
f 1007//1932 1023//1932 1017//1932
f 1008//1933 1007//1933 1017//1933
f 963//1934 975//1934 964//1934
f 930//1935 935//1935 933//1935
f 929//1936 930//1936 933//1936
f 1140//1937 1197//1937 1173//1937
f 1131//1938 1260//1938 1145//1938
f 1127//1939 1260//1939 1131//1939
f 1142//1940 1268//1940 1144//1940
f 1269//1941 1270//1941 1183//1941
f 1271//1942 1208//1942 1170//1942
f 1069//1943 1272//1943 1077//1943
f 1061//1944 1273//1944 1078//1944
f 1274//1945 1272//1945 1069//1945
f 1275//1946 1071//1946 1159//1946
f 1170//1947 1113//1947 1271//1947
f 1113//1948 1197//1948 1271//1948
f 1270//1949 1062//1949 1183//1949
f 1276//1950 1161//1950 1074//1950
f 1156//1951 1269//1951 1158//1951
f 1196//1952 1140//1952 1073//1952
f 1163//1953 1159//1953 1158//1953
f 1051//1954 1044//1954 1048//1954
f 963//1955 976//1955 975//1955
f 1151//1956 1269//1956 1183//1956
f 1272//1957 1277//1957 1059//1957
f 1275//1958 1162//1958 1071//1958
f 1154//1959 1272//1959 1059//1959
f 1257//1960 1278//1960 1260//1960
f 1260//1961 1278//1961 1266//1961
f 1268//1962 1217//1962 1144//1962
f 1184//1963 1196//1963 1139//1963
f 1279//1964 1060//1964 1135//1964
f 1128//1965 1265//1965 1125//1965
f 1137//1966 1273//1966 1061//1966
f 1277//1967 1154//1967 1059//1967
f 1224//1968 1280//1968 1025//1968
f 1194//1969 1148//1969 1147//1969
f 1279//1005 980//1005 1060//1005
f 1005//1970 968//1970 1006//1970
f 1222//1971 1225//1971 1050//1971
f 1064//1972 1281//1972 1054//1972
f 1197//1973 1140//1973 1196//1973
f 1282//1974 1074//1974 1160//1974
f 1280//34 1187//34 1025//34
f 1044//1124 1283//1124 1064//1124
f 1283//1620 1281//1620 1064//1620
f 1193//1975 1148//1975 1194//1975
f 1282//1976 1276//1976 1074//1976
f 1154//1977 1218//1977 1059//1977
f 1273//1978 1284//1978 1078//1978
f 1284//1979 1051//1979 1078//1979
f 1215//1980 1070//1980 1175//1980
f 1285//1981 1267//1981 1266//1981
f 1128//1982 1217//1982 1286//1982
f 1287//1983 1156//1983 1163//1983
f 1267//1984 1153//1984 1145//1984
f 1288//1985 1286//1985 1217//1985
f 1043//1986 1152//1986 1048//1986
f 1036//1987 1008//1987 1017//1987
f 974//1988 964//1988 975//1988
f 1004//1989 929//1989 933//1989
f 1289//1990 1182//1990 1072//1990
f 1221//1991 1013//1991 1218//1991
f 1278//1992 1285//1992 1266//1992
f 1272//1993 1290//1993 1077//1993
f 1290//1994 1032//1994 1077//1994
f 1291//1995 1196//1995 1184//1995
f 1215//1996 1292//1996 1070//1996
f 1292//1997 1160//1997 1070//1997
f 1293//1998 1269//1998 1151//1998
f 1163//1999 1294//1999 1159//1999
f 1294//2000 1275//2000 1159//2000
f 1295//2001 1289//2001 1072//2001
f 970//2002 1295//2002 1072//2002
f 1296//34 930//34 1042//34
f 1297//2003 1162//2003 1275//2003
f 1287//2004 1163//2004 1158//2004
f 1157//2005 1298//2005 1163//2005
f 1298//2006 1294//2006 1163//2006
f 1291//2007 1197//2007 1196//2007
f 1001//2008 1299//2008 1069//2008
f 1300//2009 1032//2009 1290//2009
f 1292//2010 1282//2010 1160//2010
f 1297//2011 1301//2011 1162//2011
f 1301//2012 1184//2012 1162//2012
f 1281//2013 1302//2013 1054//2013
f 1302//1126 1036//1126 1054//1126
f 1303//2014 1293//2014 1151//2014
f 1304//2015 1303//2015 1151//2015
f 985//2016 1304//2016 1151//2016
f 1286//2017 1265//2017 1128//2017
f 1220//2018 1157//2018 999//2018
f 1305//2019 1075//2019 1146//2019
f 1306//2020 1305//2020 1146//2020
f 1152//1057 1306//1057 1146//1057
f 1270//2021 1293//2021 1062//2021
f 1307//2022 1034//2022 1033//2022
f 1136//34 1307//34 1033//34
f 1308//2023 1062//2023 1293//2023
f 1155//2024 1309//2024 1154//2024
f 1289//2025 1011//2025 1182//2025
f 1310//2026 1288//2026 1217//2026
f 1300//2027 1274//2027 1069//2027
f 1299//2028 1300//2028 1069//2028
f 1300//2029 1053//2029 1032//2029
f 1311//2030 1309//2030 1155//2030
f 1310//2031 1217//2031 1268//2031
f 1290//2032 1274//2032 1300//2032
f 1301//2033 1291//2033 1184//2033
f 1161//2034 1311//2034 1155//2034
f 1312//2035 1157//2035 1220//2035
f 1313//2036 1153//2036 1267//2036
f 1313//34 1195//34 1153//34
f 1138//2037 1314//2037 1142//2037
f 1314//2038 1268//2038 1142//2038
f 1283//2039 1044//2039 1051//2039
f 1225//2040 1152//2040 1043//2040
f 1315//2041 1023//2041 1007//2041
f 1011//34 1315//34 1007//34
f 1136//2042 964//2042 974//2042
f 963//2043 1316//2043 976//2043
f 1316//1005 970//1005 976//1005
f 1187//2044 1316//2044 963//2044
f 1317//2045 1042//2045 1134//2045
f 1309//2046 1218//2046 1154//2046
f 1031//34 1318//34 1065//34
f 1318//2047 1223//2047 1065//2047
f 1056//2048 1319//2048 1057//2048
f 1319//2049 1067//2049 1057//2049
f 1276//2050 1311//2050 1161//2050
f 1305//2051 1138//2051 1075//2051
f 1256//2052 1285//2052 1278//2052
f 1269//2053 1287//2053 1158//2053
f 1320//2054 1276//2054 1282//2054
f 1292//2055 1320//2055 1282//2055
f 1165//2056 1227//2056 1180//2056
f 1221//2057 1321//2057 1056//2057
f 1321//2058 1319//2058 1056//2058
f 1304//2059 985//2059 980//2059
f 1322//2060 1304//2060 980//2060
f 1279//1005 1322//1005 980//1005
f 1308//1005 1323//1005 1063//1005
f 1062//2061 1308//2061 1063//2061
f 1324//2062 1031//2062 1063//2062
f 1323//2063 1324//2063 1063//2063
f 1324//34 1318//34 1031//34
f 1325//2064 1311//2064 1276//2064
f 1005//2065 972//2065 968//2065
f 1303//2066 1308//2066 1293//2066
f 1156//2067 1287//2067 1269//2067
f 1154//2068 1277//2068 1272//2068
f 1199//2069 1180//2069 1165//2069
f 1326//2070 1321//2070 1221//2070
f 1327//2071 1188//2071 1180//2071
f 929//34 1328//34 1135//34
f 1307//2072 1329//2072 1034//2072
f 1330//1005 1004//1005 1034//1005
f 1329//1126 1330//1126 1034//1126
f 1152//1045 1331//1045 1306//1045
f 1320//2073 1325//2073 1276//2073
f 1332//2074 1300//2074 1299//2074
f 1332//2075 1053//2075 1300//2075
f 990//1069 1317//1069 1134//1069
f 1333//2076 1042//2076 1317//2076
f 1293//2077 1270//2077 1269//2077
f 1274//2078 1290//2078 1272//2078
f 1137//34 1334//34 1273//34
f 1333//1216 1296//1216 1042//1216
f 1335//1005 1036//1005 1302//1005
f 1257//2079 1256//2079 1278//2079
f 1336//2080 1197//2080 1291//2080
f 1199//2081 1327//2081 1180//2081
f 1292//2082 1337//2082 1320//2082
f 1312//2083 1298//2083 1157//2083
f 1338//2084 1229//2084 1227//2084
f 1334//2085 1137//2085 1141//2085
f 1339//1599 1340//1599 1314//1599
f 1340//2086 1268//2086 1314//2086
f 1341//2087 1314//2087 1138//2087
f 1305//2088 1341//2088 1138//2088
f 1225//2089 1331//2089 1152//2089
f 1342//2090 1008//2090 1036//2090
f 1335//2091 1342//2091 1036//2091
f 1315//2092 1343//2092 1023//2092
f 1343//1057 1186//1057 1023//1057
f 1342//34 1009//34 1008//34
f 1344//2093 1136//2093 974//2093
f 973//1005 1344//1005 974//1005
f 1328//2094 929//2094 1004//2094
f 1330//2095 1328//2095 1004//2095
f 1296//2096 935//2096 930//2096
f 1233//2097 1338//2097 1227//2097
f 1216//2098 1292//2098 1215//2098
f 1345//2099 1275//2099 1294//2099
f 1345//2100 1297//2100 1275//2100
f 1312//2101 1346//2101 1298//2101
f 1346//2102 1294//2102 1298//2102
f 1216//2103 1337//2103 1292//2103
f 1345//2104 1347//2104 1297//2104
f 1347//2105 1301//2105 1297//2105
f 1347//2106 1336//2106 1301//2106
f 1336//2107 1291//2107 1301//2107
f 1336//2108 1271//2108 1197//2108
f 970//2109 1348//2109 1295//2109
f 1349//2110 1222//2110 1186//2110
f 1343//1534 1349//1534 1186//1534
f 1010//2111 972//2111 1005//2111
f 1193//2112 1150//2112 1148//2112
f 1319//2113 1326//2113 1067//2113
f 1350//34 1068//34 1067//34
f 1326//2114 1350//2114 1067//2114
f 1351//2115 1219//2115 1223//2115
f 1318//2116 1351//2116 1223//2116
f 1053//2117 1352//2117 990//2117
f 1352//1058 1317//1058 990//1058
f 1353//2118 1352//2118 1053//2118
f 1332//34 1353//34 1053//34
f 1354//1005 1299//1005 1001//1005
f 1068//2117 1354//2117 1001//2117
f 1350//2118 1354//2118 1068//2118
f 1355//2119 1264//2119 1265//2119
f 1340//2120 1310//2120 1268//2120
f 1010//2121 1356//2121 972//2121
f 1356//2122 973//2122 972//2122
f 1357//2123 1279//2123 1135//2123
f 1328//34 1357//34 1135//34
f 1358//2124 1311//2124 1325//2124
f 1340//2125 1359//2125 1310//2125
f 1360//1126 1267//1126 1285//1126
f 1346//2126 1345//2126 1294//2126
f 1361//1005 1267//1005 1360//1005
f 1359//2127 1288//2127 1310//2127
f 1286//2128 1355//2128 1265//2128
f 1361//2129 1313//2129 1267//2129
f 1362//34 1195//34 1313//34
f 1363//2130 1334//2130 1141//2130
f 1149//1005 1363//1005 1141//1005
f 1341//2131 1339//2131 1314//2131
f 1364//2132 1283//2132 1051//2132
f 1284//1005 1364//1005 1051//1005
f 1365//34 1009//34 1342//34
f 1366//2133 1136//2133 1344//2133
f 1367//1005 970//1005 1316//1005
f 1366//34 1307//34 1136//34
f 1296//2134 1368//2134 935//2134
f 1368//1005 1224//1005 935//1005
f 1320//2135 1358//2135 1325//2135
f 1351//2136 1220//2136 1219//2136
f 1326//2137 1319//2137 1321//2137
f 1337//2138 1358//2138 1320//2138
f 1369//2139 1333//2139 1317//2139
f 1311//2140 1370//2140 1309//2140
f 1369//2141 1296//2141 1333//2141
f 1369//2142 1371//2142 1224//2142
f 1371//2143 1280//2143 1224//2143
f 1358//2144 1371//2144 1311//2144
f 1348//2145 1289//2145 1295//2145
f 1348//2146 1011//2146 1289//2146
f 1372//2147 1373//2147 1358//2147
f 1374//2148 1305//2148 1306//2148
f 1375//2149 1374//2149 1306//2149
f 1374//2150 1341//2150 1305//2150
f 1337//2151 1372//2151 1358//2151
f 1288//2152 1359//2152 1286//2152
f 1359//2153 1355//2153 1286//2153
f 1338//2154 1234//2154 1229//2154
f 1338//2155 1376//2155 1234//2155
f 1252//2156 1377//2156 1249//2156
f 1258//2157 1377//2157 1252//2157
f 1258//2158 1378//2158 1377//2158
f 1261//2159 1378//2159 1258//2159
f 1264//2160 1378//2160 1261//2160
f 1379//2161 1271//2161 1336//2161
f 1380//2162 1379//2162 1336//2162
f 1347//2163 1380//2163 1336//2163
f 1256//2164 1360//2164 1285//2164
f 1381//2165 1380//2165 1347//2165
f 1345//2166 1381//2166 1347//2166
f 1382//2167 1302//2167 1281//2167
f 1382//1005 1335//1005 1302//1005
f 1383//2168 1381//2168 1345//2168
f 1346//2169 1383//2169 1345//2169
f 1384//2170 1383//2170 1346//2170
f 1312//2171 1384//2171 1346//2171
f 1195//2172 1150//2172 1193//2172
f 1149//359 1150//359 1195//359
f 1362//2173 1149//2173 1195//2173
f 1340//2174 1339//2174 1359//2174
f 1339//2175 1385//2175 1359//2175
f 1386//1005 1363//1005 1149//1005
f 1362//131 1386//131 1149//131
f 1009//2176 1356//2176 1010//2176
f 973//2177 1356//2177 1009//2177
f 1365//131 973//131 1009//131
f 1348//2178 970//2178 1011//2178
f 970//2179 1387//2179 1011//2179
f 1387//2180 1315//2180 1011//2180
f 1365//131 1388//131 973//131
f 1388//1005 1344//1005 973//1005
f 1367//2181 1387//2181 970//2181
f 1389//2182 1332//2182 1299//2182
f 1354//2183 1389//2183 1299//2183
f 1390//2184 1369//2184 1317//2184
f 1352//2185 1390//2185 1317//2185
f 1368//2186 1369//2186 1224//2186
f 1371//2187 1187//2187 1280//2187
f 1343//2188 1387//2188 1349//2188
f 1387//2189 1375//2189 1349//2189
f 1375//2190 1222//2190 1349//2190
f 1375//2191 1225//2191 1222//2191
f 1331//2192 1375//2192 1306//2192
f 1391//2193 1284//2193 1273//2193
f 1334//20 1391//20 1273//20
f 1255//2194 1360//2194 1256//2194
f 1392//1005 1364//1005 1284//1005
f 1391//2195 1392//2195 1284//2195
f 1393//2196 1382//2196 1281//2196
f 1283//34 1393//34 1281//34
f 1366//2197 1394//2197 1307//2197
f 1394//2198 1329//2198 1307//2198
f 1394//1005 1330//1005 1329//1005
f 1395//2199 1279//2199 1357//2199
f 1395//2200 1322//2200 1279//2200
f 1396//1005 1323//1005 1308//1005
f 1303//2201 1396//2201 1308//2201
f 1395//2202 1396//2202 1303//2202
f 1304//2203 1395//2203 1303//2203
f 1389//2204 1221//2204 1218//2204
f 1309//2205 1389//2205 1218//2205
f 1338//2206 1233//2206 1376//2206
f 1233//2207 1397//2207 1376//2207
f 1398//2208 1399//2208 1376//2208
f 1397//2209 1398//2209 1376//2209
f 1400//2210 1397//2210 1233//2210
f 1401//2211 1400//2211 1233//2211
f 1234//2212 1376//2212 1399//2212
f 1232//2213 1401//2213 1233//2213
f 1398//2214 1234//2214 1399//2214
f 1398//2215 1402//2215 1234//2215
f 1402//2216 1238//2216 1234//2216
f 1403//2217 1401//2217 1232//2217
f 1237//2218 1403//2218 1232//2218
f 1402//2219 1404//2219 1238//2219
f 1404//2220 1242//2220 1238//2220
f 1241//2221 1403//2221 1237//2221
f 1405//2222 1403//2222 1241//2222
f 1404//2223 1406//2223 1242//2223
f 1407//2224 1247//2224 1242//2224
f 1406//2225 1407//2225 1242//2225
f 1408//2226 1405//2226 1241//2226
f 1245//2227 1408//2227 1241//2227
f 1409//2228 1408//2228 1245//2228
f 1249//2229 1409//2229 1245//2229
f 1407//2230 1251//2230 1247//2230
f 1377//2231 1409//2231 1249//2231
f 1378//2232 1214//2232 1377//2232
f 1378//2233 1264//2233 1214//2233
f 1395//2234 1384//2234 1312//2234
f 1351//2235 1312//2235 1220//2235
f 1255//2236 1254//2236 1410//2236
f 1214//2237 1212//2237 1377//2237
f 1264//2238 1355//2238 1214//2238
f 1380//2239 1411//2239 1410//2239
f 1379//2240 1380//2240 1410//2240
f 1411//2241 1360//2241 1410//2241
f 1360//431 1255//431 1410//431
f 1385//2242 1372//2242 1355//2242
f 1359//2243 1385//2243 1355//2243
f 1380//2244 1412//2244 1411//2244
f 1362//431 1361//431 1360//431
f 1391//431 1362//431 1360//431
f 1411//431 1391//431 1360//431
f 1362//2245 1313//2245 1361//2245
f 1391//431 1386//431 1362//431
f 1339//2246 1374//2246 1385//2246
f 1374//2247 1413//2247 1385//2247
f 1391//431 1363//431 1386//431
f 1391//2248 1334//2248 1363//2248
f 1341//2249 1374//2249 1339//2249
f 1375//2250 1413//2250 1374//2250
f 1411//431 1392//431 1391//431
f 1412//2251 1414//2251 1411//2251
f 1414//431 1392//431 1411//431
f 1393//431 1364//431 1392//431
f 1414//431 1393//431 1392//431
f 1393//2252 1283//2252 1364//2252
f 1225//2253 1375//2253 1331//2253
f 1414//431 1382//431 1393//431
f 1387//2254 1413//2254 1375//2254
f 1365//2255 1335//2255 1382//2255
f 1388//431 1365//431 1382//431
f 1414//431 1388//431 1382//431
f 1365//2256 1342//2256 1335//2256
f 1315//2257 1387//2257 1343//2257
f 1371//2258 1373//2258 1387//2258
f 1373//2259 1413//2259 1387//2259
f 1367//2260 1371//2260 1387//2260
f 1412//2261 1415//2261 1414//2261
f 1415//2262 1394//2262 1414//2262
f 1366//359 1388//359 1414//359
f 1394//431 1366//431 1414//431
f 1366//2263 1344//2263 1388//2263
f 1187//2264 1367//2264 1316//2264
f 1187//2265 1371//2265 1367//2265
f 1357//2266 1330//2266 1394//2266
f 1415//2267 1357//2267 1394//2267
f 1357//2268 1328//2268 1330//2268
f 1296//2269 1369//2269 1368//2269
f 1415//2270 1395//2270 1357//2270
f 1384//2271 1395//2271 1415//2271
f 1390//2272 1370//2272 1369//2272
f 1370//2273 1371//2273 1369//2273
f 1395//2274 1304//2274 1322//2274
f 1353//2275 1390//2275 1352//2275
f 1353//2276 1332//2276 1390//2276
f 1389//2277 1390//2277 1332//2277
f 1395//2278 1312//2278 1396//2278
f 1318//2279 1323//2279 1396//2279
f 1351//2280 1318//2280 1396//2280
f 1312//2281 1351//2281 1396//2281
f 1318//2282 1324//2282 1323//2282
f 1350//2283 1389//2283 1354//2283
f 1350//2284 1326//2284 1389//2284
f 1326//2285 1221//2285 1389//2285
f 1373//2286 1371//2286 1358//2286
f 1371//2287 1370//2287 1311//2287
f 1370//2288 1389//2288 1309//2288
f 1216//2289 1355//2289 1337//2289
f 1355//2290 1372//2290 1337//2290
f 1379//2291 1410//2291 1271//2291
f 1377//2292 1212//2292 1211//2292
f 1213//2293 1191//2293 1212//2293
f 1212//2294 1214//2294 1213//2294
f 1216//2295 1214//2295 1355//2295
f 1380//2296 1381//2296 1412//2296
f 1373//2297 1372//2297 1385//2297
f 1413//2298 1373//2298 1385//2298
f 1381//2299 1415//2299 1412//2299
f 1381//2300 1383//2300 1415//2300
f 1383//2301 1384//2301 1415//2301
f 1370//2302 1390//2302 1389//2302
f 1208//2303 1410//2303 1254//2303
f 1208//2304 1271//2304 1410//2304
f 1188//2305 1202//2305 1201//2305
f 1403//2306 1203//2306 1202//2306
f 1204//2307 1404//2307 1200//2307
f 1403//2308 1205//2308 1203//2308
f 1207//2309 1190//2309 1205//2309
f 1208//2310 1407//2310 1206//2310
f 1409//2311 1210//2311 1209//2311
f 1409//2312 1211//2312 1210//2312
f 1211//2313 1409//2313 1377//2313
f 1397//2314 1327//2314 1199//2314
f 1398//2315 1397//2315 1199//2315
f 1198//2316 1398//2316 1199//2316
f 1397//2317 1400//2317 1327//2317
f 1400//2318 1188//2318 1327//2318
f 1200//2319 1402//2319 1198//2319
f 1402//2320 1398//2320 1198//2320
f 1400//2321 1401//2321 1188//2321
f 1401//2322 1202//2322 1188//2322
f 1404//2323 1402//2323 1200//2323
f 1401//2324 1403//2324 1202//2324
f 1185//2325 1406//2325 1204//2325
f 1406//2326 1404//2326 1204//2326
f 1403//2327 1405//2327 1205//2327
f 1405//2328 1207//2328 1205//2328
f 1206//2329 1407//2329 1185//2329
f 1407//2330 1406//2330 1185//2330
f 1405//2331 1408//2331 1207//2331
f 1408//2332 1209//2332 1207//2332
f 1408//2333 1409//2333 1209//2333
f 1251//2334 1407//2334 1208//2334
f 1254//2335 1251//2335 1208//2335
